rate=1Mbps 
payload_length=50 
chirp_index=0 
output_width=6 
sample_index,tx_real_signed,tx_imag_signed,tx_valid,tx_done,fifo_overflow
0,0,0,1,0,0
1,-1,1,1,0,0
2,-2,4,1,0,0
3,6,6,1,0,0
4,9,-5,1,0,0
5,-4,-14,1,0,0
6,-18,0,1,0,0
7,-9,19,1,0,0
8,13,17,1,0,0
9,21,-3,1,0,0
10,7,-19,1,0,0
11,-13,-15,1,0,0
12,-21,3,1,0,0
13,-12,18,1,0,0
14,6,22,1,0,0
15,19,11,1,0,0
16,21,-5,1,0,0
17,11,-17,1,0,0
18,-4,-20,1,0,0
19,-15,-15,1,0,0
20,-21,-3,1,0,0
21,-20,8,1,0,0
22,-13,17,1,0,0
23,-5,21,1,0,0
24,4,22,1,0,0
25,11,19,1,0,0
26,16,14,1,0,0
27,19,9,1,0,0
28,21,5,1,0,0
29,21,1,1,0,0
30,21,-3,1,0,0
31,20,-4,1,0,0
32,18,-4,1,0,0
33,14,-4,1,0,0
34,11,-3,1,0,0
35,7,-1,1,0,0
36,3,1,1,0,0
37,1,1,1,0,0
38,0,0,1,0,0
39,1,1,1,0,0
40,3,1,1,0,0
41,7,-1,1,0,0
42,11,-3,1,0,0
43,14,-4,1,0,0
44,18,-4,1,0,0
45,20,-4,1,0,0
46,21,-3,1,0,0
47,21,1,1,0,0
48,21,5,1,0,0
49,19,9,1,0,0
50,16,14,1,0,0
51,11,19,1,0,0
52,4,22,1,0,0
53,-5,21,1,0,0
54,-13,17,1,0,0
55,-20,8,1,0,0
56,-21,-3,1,0,0
57,-15,-15,1,0,0
58,-4,-20,1,0,0
59,11,-17,1,0,0
60,21,-5,1,0,0
61,19,11,1,0,0
62,6,22,1,0,0
63,-12,18,1,0,0
64,-21,3,1,0,0
65,-13,-15,1,0,0
66,7,-19,1,0,0
67,21,-3,1,0,0
68,13,17,1,0,0
69,-9,19,1,0,0
70,-18,0,1,0,0
71,-4,-14,1,0,0
72,9,-5,1,0,0
73,6,6,1,0,0
74,-2,4,1,0,0
75,-1,1,1,0,0
76,0,0,1,0,0
77,0,0,1,0,0
78,3,-1,1,0,0
79,5,7,1,0,0
80,-6,10,1,0,0
81,-15,-3,1,0,0
82,-1,-17,1,0,0
83,18,-8,1,0,0
84,16,14,1,0,0
85,-4,22,1,0,0
86,-20,8,1,0,0
87,-16,-12,1,0,0
88,2,-20,1,0,0
89,17,-11,1,0,0
90,21,7,1,0,0
91,10,20,1,0,0
92,-6,22,1,0,0
93,-18,12,1,0,0
94,-21,-3,1,0,0
95,-15,-15,1,0,0
96,-4,-20,1,0,0
97,7,-19,1,0,0
98,16,-12,1,0,0
99,20,-4,1,0,0
100,21,5,1,0,0
101,18,12,1,0,0
102,13,17,1,0,0
103,8,20,1,0,0
104,4,22,1,0,0
105,0,22,1,0,0
106,-4,22,1,0,0
107,-5,21,1,0,0
108,-5,19,1,0,0
109,-5,15,1,0,0
110,-4,12,1,0,0
111,-2,8,1,0,0
112,0,4,1,0,0
113,0,2,1,0,0
114,0,0,1,0,0
115,0,2,1,0,0
116,0,4,1,0,0
117,-2,8,1,0,0
118,-4,12,1,0,0
119,-5,15,1,0,0
120,-5,19,1,0,0
121,-5,21,1,0,0
122,-4,22,1,0,0
123,0,22,1,0,0
124,4,22,1,0,0
125,8,20,1,0,0
126,13,17,1,0,0
127,18,12,1,0,0
128,21,5,1,0,0
129,20,-4,1,0,0
130,16,-12,1,0,0
131,7,-19,1,0,0
132,-4,-20,1,0,0
133,-15,-15,1,0,0
134,-21,-3,1,0,0
135,-18,12,1,0,0
136,-6,22,1,0,0
137,10,20,1,0,0
138,21,7,1,0,0
139,17,-11,1,0,0
140,2,-20,1,0,0
141,-16,-12,1,0,0
142,-20,8,1,0,0
143,-4,22,1,0,0
144,16,14,1,0,0
145,18,-8,1,0,0
146,-1,-17,1,0,0
147,-15,-3,1,0,0
148,-6,10,1,0,0
149,5,7,1,0,0
150,3,-1,1,0,0
151,0,0,1,0,0
152,0,0,1,0,0
153,0,0,1,0,0
154,0,0,1,0,0
155,0,0,1,0,0
156,0,0,1,0,0
157,0,0,1,0,0
158,0,0,1,0,0
159,0,0,1,0,0
160,0,0,1,0,0
161,0,0,1,0,0
162,0,0,1,0,0
163,1,-1,1,0,0
164,2,-4,1,0,0
165,-6,-6,1,0,0
166,-9,5,1,0,0
167,4,14,1,0,0
168,18,0,1,0,0
169,9,-19,1,0,0
170,-13,-17,1,0,0
171,-21,3,1,0,0
172,-7,19,1,0,0
173,13,15,1,0,0
174,21,-3,1,0,0
175,12,-18,1,0,0
176,-6,-22,1,0,0
177,-19,-11,1,0,0
178,-21,5,1,0,0
179,-11,17,1,0,0
180,4,20,1,0,0
181,15,15,1,0,0
182,21,3,1,0,0
183,20,-8,1,0,0
184,13,-17,1,0,0
185,5,-21,1,0,0
186,-4,-22,1,0,0
187,-11,-19,1,0,0
188,-16,-14,1,0,0
189,-19,-9,1,0,0
190,-21,-5,1,0,0
191,-21,-1,1,0,0
192,-21,3,1,0,0
193,-20,4,1,0,0
194,-18,4,1,0,0
195,-14,4,1,0,0
196,-11,3,1,0,0
197,-7,1,1,0,0
198,-3,-1,1,0,0
199,-1,-1,1,0,0
200,0,0,1,0,0
201,-1,-1,1,0,0
202,-3,-1,1,0,0
203,-7,1,1,0,0
204,-11,3,1,0,0
205,-14,4,1,0,0
206,-18,4,1,0,0
207,-20,4,1,0,0
208,-21,3,1,0,0
209,-21,-1,1,0,0
210,-21,-5,1,0,0
211,-19,-9,1,0,0
212,-16,-14,1,0,0
213,-11,-19,1,0,0
214,-4,-22,1,0,0
215,5,-21,1,0,0
216,13,-17,1,0,0
217,20,-8,1,0,0
218,21,3,1,0,0
219,15,15,1,0,0
220,4,20,1,0,0
221,-11,17,1,0,0
222,-21,5,1,0,0
223,-19,-11,1,0,0
224,-6,-22,1,0,0
225,12,-18,1,0,0
226,21,-3,1,0,0
227,13,15,1,0,0
228,-7,19,1,0,0
229,-21,3,1,0,0
230,-13,-17,1,0,0
231,9,-19,1,0,0
232,18,0,1,0,0
233,4,14,1,0,0
234,-9,5,1,0,0
235,-6,-6,1,0,0
236,2,-4,1,0,0
237,1,-1,1,0,0
238,0,0,1,0,0
239,0,0,1,0,0
240,-3,1,1,0,0
241,-5,-7,1,0,0
242,6,-10,1,0,0
243,15,3,1,0,0
244,1,17,1,0,0
245,-18,8,1,0,0
246,-16,-14,1,0,0
247,4,-22,1,0,0
248,20,-8,1,0,0
249,16,12,1,0,0
250,-2,20,1,0,0
251,-17,11,1,0,0
252,-21,-7,1,0,0
253,-10,-20,1,0,0
254,6,-22,1,0,0
255,18,-12,1,0,0
256,21,3,1,0,0
257,15,15,1,0,0
258,4,20,1,0,0
259,-7,19,1,0,0
260,-16,12,1,0,0
261,-20,4,1,0,0
262,-21,-5,1,0,0
263,-18,-12,1,0,0
264,-13,-17,1,0,0
265,-8,-20,1,0,0
266,-4,-22,1,0,0
267,0,-22,1,0,0
268,4,-22,1,0,0
269,5,-21,1,0,0
270,5,-19,1,0,0
271,5,-15,1,0,0
272,4,-12,1,0,0
273,2,-8,1,0,0
274,0,-4,1,0,0
275,0,-2,1,0,0
276,0,0,1,0,0
277,0,-2,1,0,0
278,0,-4,1,0,0
279,2,-8,1,0,0
280,4,-12,1,0,0
281,5,-15,1,0,0
282,5,-19,1,0,0
283,5,-21,1,0,0
284,4,-22,1,0,0
285,0,-22,1,0,0
286,-4,-22,1,0,0
287,-8,-20,1,0,0
288,-13,-17,1,0,0
289,-18,-12,1,0,0
290,-21,-5,1,0,0
291,-20,4,1,0,0
292,-16,12,1,0,0
293,-7,19,1,0,0
294,4,20,1,0,0
295,15,15,1,0,0
296,21,3,1,0,0
297,18,-12,1,0,0
298,6,-22,1,0,0
299,-10,-20,1,0,0
300,-21,-7,1,0,0
301,-17,11,1,0,0
302,-2,20,1,0,0
303,16,12,1,0,0
304,20,-8,1,0,0
305,4,-22,1,0,0
306,-16,-14,1,0,0
307,-18,8,1,0,0
308,1,17,1,0,0
309,15,3,1,0,0
310,6,-10,1,0,0
311,-5,-7,1,0,0
312,-3,1,1,0,0
313,0,0,1,0,0
314,0,0,1,0,0
315,0,0,1,0,0
316,0,0,1,0,0
317,0,0,1,0,0
318,0,0,1,0,0
319,0,0,1,0,0
320,0,0,1,0,0
321,0,0,1,0,0
322,0,0,1,0,0
323,0,0,1,0,0
324,0,0,1,0,0
325,0,0,1,0,0
326,0,0,1,0,0
327,0,0,1,0,0
328,0,0,1,0,0
329,0,0,1,0,0
330,0,0,1,0,0
331,0,0,1,0,0
332,0,0,1,0,0
333,0,0,1,0,0
334,0,0,1,0,0
335,0,0,1,0,0
336,0,0,1,0,0
337,0,0,1,0,0
338,0,0,1,0,0
339,0,0,1,0,0
340,0,0,1,0,0
341,0,0,1,0,0
342,0,0,1,0,0
343,0,0,1,0,0
344,0,0,1,0,0
345,0,0,1,0,0
346,0,0,1,0,0
347,0,0,1,0,0
348,0,0,1,0,0
349,0,0,1,0,0
350,0,0,1,0,0
351,0,0,1,0,0
352,0,0,1,0,0
353,0,0,1,0,0
354,0,0,1,0,0
355,0,0,1,0,0
356,0,0,1,0,0
357,0,0,1,0,0
358,0,0,1,0,0
359,0,0,1,0,0
360,0,0,1,0,0
361,0,0,1,0,0
362,0,0,1,0,0
363,0,0,1,0,0
364,0,0,1,0,0
365,0,0,1,0,0
366,0,0,1,0,0
367,0,0,1,0,0
368,0,0,1,0,0
369,0,0,1,0,0
370,0,0,1,0,0
371,0,0,1,0,0
372,0,0,1,0,0
373,0,0,1,0,0
374,0,0,1,0,0
375,0,0,1,0,0
376,0,0,1,0,0
377,0,0,1,0,0
378,0,0,1,0,0
379,0,0,1,0,0
380,0,0,1,0,0
381,0,0,1,0,0
382,0,0,1,0,0
383,0,0,1,0,0
384,0,0,1,0,0
385,-1,1,1,0,0
386,-2,4,1,0,0
387,6,6,1,0,0
388,9,-5,1,0,0
389,-4,-14,1,0,0
390,-18,0,1,0,0
391,-9,19,1,0,0
392,13,17,1,0,0
393,21,-3,1,0,0
394,7,-19,1,0,0
395,-13,-15,1,0,0
396,-21,3,1,0,0
397,-12,18,1,0,0
398,6,22,1,0,0
399,19,11,1,0,0
400,21,-5,1,0,0
401,11,-17,1,0,0
402,-4,-20,1,0,0
403,-15,-15,1,0,0
404,-21,-3,1,0,0
405,-20,8,1,0,0
406,-13,17,1,0,0
407,-5,21,1,0,0
408,4,22,1,0,0
409,11,19,1,0,0
410,16,14,1,0,0
411,19,9,1,0,0
412,21,5,1,0,0
413,21,1,1,0,0
414,21,-3,1,0,0
415,20,-4,1,0,0
416,18,-4,1,0,0
417,14,-4,1,0,0
418,11,-3,1,0,0
419,7,-1,1,0,0
420,3,1,1,0,0
421,1,1,1,0,0
422,0,0,1,0,0
423,1,1,1,0,0
424,3,1,1,0,0
425,7,-1,1,0,0
426,11,-3,1,0,0
427,14,-4,1,0,0
428,18,-4,1,0,0
429,20,-4,1,0,0
430,21,-3,1,0,0
431,21,1,1,0,0
432,21,5,1,0,0
433,19,9,1,0,0
434,16,14,1,0,0
435,11,19,1,0,0
436,4,22,1,0,0
437,-5,21,1,0,0
438,-13,17,1,0,0
439,-20,8,1,0,0
440,-21,-3,1,0,0
441,-15,-15,1,0,0
442,-4,-20,1,0,0
443,11,-17,1,0,0
444,21,-5,1,0,0
445,19,11,1,0,0
446,6,22,1,0,0
447,-12,18,1,0,0
448,-21,3,1,0,0
449,-13,-15,1,0,0
450,7,-19,1,0,0
451,21,-3,1,0,0
452,13,17,1,0,0
453,-9,19,1,0,0
454,-18,0,1,0,0
455,-4,-14,1,0,0
456,9,-5,1,0,0
457,6,6,1,0,0
458,-2,4,1,0,0
459,-1,1,1,0,0
460,0,0,1,0,0
461,0,0,1,0,0
462,3,-1,1,0,0
463,5,7,1,0,0
464,-6,10,1,0,0
465,-15,-3,1,0,0
466,-1,-17,1,0,0
467,18,-8,1,0,0
468,16,14,1,0,0
469,-4,22,1,0,0
470,-20,8,1,0,0
471,-16,-12,1,0,0
472,2,-20,1,0,0
473,17,-11,1,0,0
474,21,7,1,0,0
475,10,20,1,0,0
476,-6,22,1,0,0
477,-18,12,1,0,0
478,-21,-3,1,0,0
479,-15,-15,1,0,0
480,-4,-20,1,0,0
481,7,-19,1,0,0
482,16,-12,1,0,0
483,20,-4,1,0,0
484,21,5,1,0,0
485,18,12,1,0,0
486,13,17,1,0,0
487,8,20,1,0,0
488,4,22,1,0,0
489,0,22,1,0,0
490,-4,22,1,0,0
491,-5,21,1,0,0
492,-5,19,1,0,0
493,-5,15,1,0,0
494,-4,12,1,0,0
495,-2,8,1,0,0
496,0,4,1,0,0
497,0,2,1,0,0
498,0,0,1,0,0
499,0,2,1,0,0
500,0,4,1,0,0
501,-2,8,1,0,0
502,-4,12,1,0,0
503,-5,15,1,0,0
504,-5,19,1,0,0
505,-5,21,1,0,0
506,-4,22,1,0,0
507,0,22,1,0,0
508,4,22,1,0,0
509,8,20,1,0,0
510,13,17,1,0,0
511,18,12,1,0,0
512,21,5,1,0,0
513,20,-4,1,0,0
514,16,-12,1,0,0
515,7,-19,1,0,0
516,-4,-20,1,0,0
517,-15,-15,1,0,0
518,-21,-3,1,0,0
519,-18,12,1,0,0
520,-6,22,1,0,0
521,10,20,1,0,0
522,21,7,1,0,0
523,17,-11,1,0,0
524,2,-20,1,0,0
525,-16,-12,1,0,0
526,-20,8,1,0,0
527,-4,22,1,0,0
528,16,14,1,0,0
529,18,-8,1,0,0
530,-1,-17,1,0,0
531,-15,-3,1,0,0
532,-6,10,1,0,0
533,5,7,1,0,0
534,3,-1,1,0,0
535,0,0,1,0,0
536,0,0,1,0,0
537,0,0,1,0,0
538,0,0,1,0,0
539,0,0,1,0,0
540,0,0,1,0,0
541,0,0,1,0,0
542,0,0,1,0,0
543,0,0,1,0,0
544,0,0,1,0,0
545,0,0,1,0,0
546,0,0,1,0,0
547,1,-1,1,0,0
548,2,-4,1,0,0
549,-6,-6,1,0,0
550,-9,5,1,0,0
551,4,14,1,0,0
552,18,0,1,0,0
553,9,-19,1,0,0
554,-13,-17,1,0,0
555,-21,3,1,0,0
556,-7,19,1,0,0
557,13,15,1,0,0
558,21,-3,1,0,0
559,12,-18,1,0,0
560,-6,-22,1,0,0
561,-19,-11,1,0,0
562,-21,5,1,0,0
563,-11,17,1,0,0
564,4,20,1,0,0
565,15,15,1,0,0
566,21,3,1,0,0
567,20,-8,1,0,0
568,13,-17,1,0,0
569,5,-21,1,0,0
570,-4,-22,1,0,0
571,-11,-19,1,0,0
572,-16,-14,1,0,0
573,-19,-9,1,0,0
574,-21,-5,1,0,0
575,-21,-1,1,0,0
576,-21,3,1,0,0
577,-20,4,1,0,0
578,-18,4,1,0,0
579,-14,4,1,0,0
580,-11,3,1,0,0
581,-7,1,1,0,0
582,-3,-1,1,0,0
583,-1,-1,1,0,0
584,0,0,1,0,0
585,-1,-1,1,0,0
586,-3,-1,1,0,0
587,-7,1,1,0,0
588,-11,3,1,0,0
589,-14,4,1,0,0
590,-18,4,1,0,0
591,-20,4,1,0,0
592,-21,3,1,0,0
593,-21,-1,1,0,0
594,-21,-5,1,0,0
595,-19,-9,1,0,0
596,-16,-14,1,0,0
597,-11,-19,1,0,0
598,-4,-22,1,0,0
599,5,-21,1,0,0
600,13,-17,1,0,0
601,20,-8,1,0,0
602,21,3,1,0,0
603,15,15,1,0,0
604,4,20,1,0,0
605,-11,17,1,0,0
606,-21,5,1,0,0
607,-19,-11,1,0,0
608,-6,-22,1,0,0
609,12,-18,1,0,0
610,21,-3,1,0,0
611,13,15,1,0,0
612,-7,19,1,0,0
613,-21,3,1,0,0
614,-13,-17,1,0,0
615,9,-19,1,0,0
616,18,0,1,0,0
617,4,14,1,0,0
618,-9,5,1,0,0
619,-6,-6,1,0,0
620,2,-4,1,0,0
621,1,-1,1,0,0
622,0,0,1,0,0
623,0,0,1,0,0
624,-3,1,1,0,0
625,-5,-7,1,0,0
626,6,-10,1,0,0
627,15,3,1,0,0
628,1,17,1,0,0
629,-18,8,1,0,0
630,-16,-14,1,0,0
631,4,-22,1,0,0
632,20,-8,1,0,0
633,16,12,1,0,0
634,-2,20,1,0,0
635,-17,11,1,0,0
636,-21,-7,1,0,0
637,-10,-20,1,0,0
638,6,-22,1,0,0
639,18,-12,1,0,0
640,21,3,1,0,0
641,15,15,1,0,0
642,4,20,1,0,0
643,-7,19,1,0,0
644,-16,12,1,0,0
645,-20,4,1,0,0
646,-21,-5,1,0,0
647,-18,-12,1,0,0
648,-13,-17,1,0,0
649,-8,-20,1,0,0
650,-4,-22,1,0,0
651,0,-22,1,0,0
652,4,-22,1,0,0
653,5,-21,1,0,0
654,5,-19,1,0,0
655,5,-15,1,0,0
656,4,-12,1,0,0
657,2,-8,1,0,0
658,0,-4,1,0,0
659,0,-2,1,0,0
660,0,0,1,0,0
661,0,-2,1,0,0
662,0,-4,1,0,0
663,2,-8,1,0,0
664,4,-12,1,0,0
665,5,-15,1,0,0
666,5,-19,1,0,0
667,5,-21,1,0,0
668,4,-22,1,0,0
669,0,-22,1,0,0
670,-4,-22,1,0,0
671,-8,-20,1,0,0
672,-13,-17,1,0,0
673,-18,-12,1,0,0
674,-21,-5,1,0,0
675,-20,4,1,0,0
676,-16,12,1,0,0
677,-7,19,1,0,0
678,4,20,1,0,0
679,15,15,1,0,0
680,21,3,1,0,0
681,18,-12,1,0,0
682,6,-22,1,0,0
683,-10,-20,1,0,0
684,-21,-7,1,0,0
685,-17,11,1,0,0
686,-2,20,1,0,0
687,16,12,1,0,0
688,20,-8,1,0,0
689,4,-22,1,0,0
690,-16,-14,1,0,0
691,-18,8,1,0,0
692,1,17,1,0,0
693,15,3,1,0,0
694,6,-10,1,0,0
695,-5,-7,1,0,0
696,-3,1,1,0,0
697,0,0,1,0,0
698,0,0,1,0,0
699,0,0,1,0,0
700,0,0,1,0,0
701,0,0,1,0,0
702,0,0,1,0,0
703,0,0,1,0,0
704,0,0,1,0,0
705,0,0,1,0,0
706,0,0,1,0,0
707,0,0,1,0,0
708,0,0,1,0,0
709,0,0,1,0,0
710,0,0,1,0,0
711,0,0,1,0,0
712,0,0,1,0,0
713,0,0,1,0,0
714,0,0,1,0,0
715,0,0,1,0,0
716,0,0,1,0,0
717,0,0,1,0,0
718,0,0,1,0,0
719,0,0,1,0,0
720,0,0,1,0,0
721,0,0,1,0,0
722,0,0,1,0,0
723,0,0,1,0,0
724,0,0,1,0,0
725,0,0,1,0,0
726,0,0,1,0,0
727,0,0,1,0,0
728,0,0,1,0,0
729,0,0,1,0,0
730,0,0,1,0,0
731,0,0,1,0,0
732,0,0,1,0,0
733,0,0,1,0,0
734,0,0,1,0,0
735,0,0,1,0,0
736,0,0,1,0,0
737,0,0,1,0,0
738,0,0,1,0,0
739,0,0,1,0,0
740,0,0,1,0,0
741,0,0,1,0,0
742,0,0,1,0,0
743,0,0,1,0,0
744,0,0,1,0,0
745,0,0,1,0,0
746,0,0,1,0,0
747,0,0,1,0,0
748,0,0,1,0,0
749,0,0,1,0,0
750,0,0,1,0,0
751,0,0,1,0,0
752,0,0,1,0,0
753,0,0,1,0,0
754,0,0,1,0,0
755,0,0,1,0,0
756,0,0,1,0,0
757,0,0,1,0,0
758,0,0,1,0,0
759,0,0,1,0,0
760,0,0,1,0,0
761,0,0,1,0,0
762,0,0,1,0,0
763,0,0,1,0,0
764,0,0,1,0,0
765,0,0,1,0,0
766,0,0,1,0,0
767,0,0,1,0,0
768,0,0,1,0,0
769,-1,1,1,0,0
770,-2,4,1,0,0
771,6,6,1,0,0
772,9,-5,1,0,0
773,-4,-14,1,0,0
774,-18,0,1,0,0
775,-9,19,1,0,0
776,13,17,1,0,0
777,21,-3,1,0,0
778,7,-19,1,0,0
779,-13,-15,1,0,0
780,-21,3,1,0,0
781,-12,18,1,0,0
782,6,22,1,0,0
783,19,11,1,0,0
784,21,-5,1,0,0
785,11,-17,1,0,0
786,-4,-20,1,0,0
787,-15,-15,1,0,0
788,-21,-3,1,0,0
789,-20,8,1,0,0
790,-13,17,1,0,0
791,-5,21,1,0,0
792,4,22,1,0,0
793,11,19,1,0,0
794,16,14,1,0,0
795,19,9,1,0,0
796,21,5,1,0,0
797,21,1,1,0,0
798,21,-3,1,0,0
799,20,-4,1,0,0
800,18,-4,1,0,0
801,14,-4,1,0,0
802,11,-3,1,0,0
803,7,-1,1,0,0
804,3,1,1,0,0
805,1,1,1,0,0
806,0,0,1,0,0
807,1,1,1,0,0
808,3,1,1,0,0
809,7,-1,1,0,0
810,11,-3,1,0,0
811,14,-4,1,0,0
812,18,-4,1,0,0
813,20,-4,1,0,0
814,21,-3,1,0,0
815,21,1,1,0,0
816,21,5,1,0,0
817,19,9,1,0,0
818,16,14,1,0,0
819,11,19,1,0,0
820,4,22,1,0,0
821,-5,21,1,0,0
822,-13,17,1,0,0
823,-20,8,1,0,0
824,-21,-3,1,0,0
825,-15,-15,1,0,0
826,-4,-20,1,0,0
827,11,-17,1,0,0
828,21,-5,1,0,0
829,19,11,1,0,0
830,6,22,1,0,0
831,-12,18,1,0,0
832,-21,3,1,0,0
833,-13,-15,1,0,0
834,7,-19,1,0,0
835,21,-3,1,0,0
836,13,17,1,0,0
837,-9,19,1,0,0
838,-18,0,1,0,0
839,-4,-14,1,0,0
840,9,-5,1,0,0
841,6,6,1,0,0
842,-2,4,1,0,0
843,-1,1,1,0,0
844,0,0,1,0,0
845,0,0,1,0,0
846,3,-1,1,0,0
847,5,7,1,0,0
848,-6,10,1,0,0
849,-15,-3,1,0,0
850,-1,-17,1,0,0
851,18,-8,1,0,0
852,16,14,1,0,0
853,-4,22,1,0,0
854,-20,8,1,0,0
855,-16,-12,1,0,0
856,2,-20,1,0,0
857,17,-11,1,0,0
858,21,7,1,0,0
859,10,20,1,0,0
860,-6,22,1,0,0
861,-18,12,1,0,0
862,-21,-3,1,0,0
863,-15,-15,1,0,0
864,-4,-20,1,0,0
865,7,-19,1,0,0
866,16,-12,1,0,0
867,20,-4,1,0,0
868,21,5,1,0,0
869,18,12,1,0,0
870,13,17,1,0,0
871,8,20,1,0,0
872,4,22,1,0,0
873,0,22,1,0,0
874,-4,22,1,0,0
875,-5,21,1,0,0
876,-5,19,1,0,0
877,-5,15,1,0,0
878,-4,12,1,0,0
879,-2,8,1,0,0
880,0,4,1,0,0
881,0,2,1,0,0
882,0,0,1,0,0
883,0,2,1,0,0
884,0,4,1,0,0
885,-2,8,1,0,0
886,-4,12,1,0,0
887,-5,15,1,0,0
888,-5,19,1,0,0
889,-5,21,1,0,0
890,-4,22,1,0,0
891,0,22,1,0,0
892,4,22,1,0,0
893,8,20,1,0,0
894,13,17,1,0,0
895,18,12,1,0,0
896,21,5,1,0,0
897,20,-4,1,0,0
898,16,-12,1,0,0
899,7,-19,1,0,0
900,-4,-20,1,0,0
901,-15,-15,1,0,0
902,-21,-3,1,0,0
903,-18,12,1,0,0
904,-6,22,1,0,0
905,10,20,1,0,0
906,21,7,1,0,0
907,17,-11,1,0,0
908,2,-20,1,0,0
909,-16,-12,1,0,0
910,-20,8,1,0,0
911,-4,22,1,0,0
912,16,14,1,0,0
913,18,-8,1,0,0
914,-1,-17,1,0,0
915,-15,-3,1,0,0
916,-6,10,1,0,0
917,5,7,1,0,0
918,3,-1,1,0,0
919,0,0,1,0,0
920,0,0,1,0,0
921,0,0,1,0,0
922,0,0,1,0,0
923,0,0,1,0,0
924,0,0,1,0,0
925,0,0,1,0,0
926,0,0,1,0,0
927,0,0,1,0,0
928,0,0,1,0,0
929,0,0,1,0,0
930,0,0,1,0,0
931,1,-1,1,0,0
932,2,-4,1,0,0
933,-6,-6,1,0,0
934,-9,5,1,0,0
935,4,14,1,0,0
936,18,0,1,0,0
937,9,-19,1,0,0
938,-13,-17,1,0,0
939,-21,3,1,0,0
940,-7,19,1,0,0
941,13,15,1,0,0
942,21,-3,1,0,0
943,12,-18,1,0,0
944,-6,-22,1,0,0
945,-19,-11,1,0,0
946,-21,5,1,0,0
947,-11,17,1,0,0
948,4,20,1,0,0
949,15,15,1,0,0
950,21,3,1,0,0
951,20,-8,1,0,0
952,13,-17,1,0,0
953,5,-21,1,0,0
954,-4,-22,1,0,0
955,-11,-19,1,0,0
956,-16,-14,1,0,0
957,-19,-9,1,0,0
958,-21,-5,1,0,0
959,-21,-1,1,0,0
960,-21,3,1,0,0
961,-20,4,1,0,0
962,-18,4,1,0,0
963,-14,4,1,0,0
964,-11,3,1,0,0
965,-7,1,1,0,0
966,-3,-1,1,0,0
967,-1,-1,1,0,0
968,0,0,1,0,0
969,-1,-1,1,0,0
970,-3,-1,1,0,0
971,-7,1,1,0,0
972,-11,3,1,0,0
973,-14,4,1,0,0
974,-18,4,1,0,0
975,-20,4,1,0,0
976,-21,3,1,0,0
977,-21,-1,1,0,0
978,-21,-5,1,0,0
979,-19,-9,1,0,0
980,-16,-14,1,0,0
981,-11,-19,1,0,0
982,-4,-22,1,0,0
983,5,-21,1,0,0
984,13,-17,1,0,0
985,20,-8,1,0,0
986,21,3,1,0,0
987,15,15,1,0,0
988,4,20,1,0,0
989,-11,17,1,0,0
990,-21,5,1,0,0
991,-19,-11,1,0,0
992,-6,-22,1,0,0
993,12,-18,1,0,0
994,21,-3,1,0,0
995,13,15,1,0,0
996,-7,19,1,0,0
997,-21,3,1,0,0
998,-13,-17,1,0,0
999,9,-19,1,0,0
1000,18,0,1,0,0
1001,4,14,1,0,0
1002,-9,5,1,0,0
1003,-6,-6,1,0,0
1004,2,-4,1,0,0
1005,1,-1,1,0,0
1006,0,0,1,0,0
1007,0,0,1,0,0
1008,-3,1,1,0,0
1009,-5,-7,1,0,0
1010,6,-10,1,0,0
1011,15,3,1,0,0
1012,1,17,1,0,0
1013,-18,8,1,0,0
1014,-16,-14,1,0,0
1015,4,-22,1,0,0
1016,20,-8,1,0,0
1017,16,12,1,0,0
1018,-2,20,1,0,0
1019,-17,11,1,0,0
1020,-21,-7,1,0,0
1021,-10,-20,1,0,0
1022,6,-22,1,0,0
1023,18,-12,1,0,0
1024,21,3,1,0,0
1025,15,15,1,0,0
1026,4,20,1,0,0
1027,-7,19,1,0,0
1028,-16,12,1,0,0
1029,-20,4,1,0,0
1030,-21,-5,1,0,0
1031,-18,-12,1,0,0
1032,-13,-17,1,0,0
1033,-8,-20,1,0,0
1034,-4,-22,1,0,0
1035,0,-22,1,0,0
1036,4,-22,1,0,0
1037,5,-21,1,0,0
1038,5,-19,1,0,0
1039,5,-15,1,0,0
1040,4,-12,1,0,0
1041,2,-8,1,0,0
1042,0,-4,1,0,0
1043,0,-2,1,0,0
1044,0,0,1,0,0
1045,0,-2,1,0,0
1046,0,-4,1,0,0
1047,2,-8,1,0,0
1048,4,-12,1,0,0
1049,5,-15,1,0,0
1050,5,-19,1,0,0
1051,5,-21,1,0,0
1052,4,-22,1,0,0
1053,0,-22,1,0,0
1054,-4,-22,1,0,0
1055,-8,-20,1,0,0
1056,-13,-17,1,0,0
1057,-18,-12,1,0,0
1058,-21,-5,1,0,0
1059,-20,4,1,0,0
1060,-16,12,1,0,0
1061,-7,19,1,0,0
1062,4,20,1,0,0
1063,15,15,1,0,0
1064,21,3,1,0,0
1065,18,-12,1,0,0
1066,6,-22,1,0,0
1067,-10,-20,1,0,0
1068,-21,-7,1,0,0
1069,-17,11,1,0,0
1070,-2,20,1,0,0
1071,16,12,1,0,0
1072,20,-8,1,0,0
1073,4,-22,1,0,0
1074,-16,-14,1,0,0
1075,-18,8,1,0,0
1076,1,17,1,0,0
1077,15,3,1,0,0
1078,6,-10,1,0,0
1079,-5,-7,1,0,0
1080,-3,1,1,0,0
1081,0,0,1,0,0
1082,0,0,1,0,0
1083,0,0,1,0,0
1084,0,0,1,0,0
1085,0,0,1,0,0
1086,0,0,1,0,0
1087,0,0,1,0,0
1088,0,0,1,0,0
1089,0,0,1,0,0
1090,0,0,1,0,0
1091,0,0,1,0,0
1092,0,0,1,0,0
1093,0,0,1,0,0
1094,0,0,1,0,0
1095,0,0,1,0,0
1096,0,0,1,0,0
1097,0,0,1,0,0
1098,0,0,1,0,0
1099,0,0,1,0,0
1100,0,0,1,0,0
1101,0,0,1,0,0
1102,0,0,1,0,0
1103,0,0,1,0,0
1104,0,0,1,0,0
1105,0,0,1,0,0
1106,0,0,1,0,0
1107,0,0,1,0,0
1108,0,0,1,0,0
1109,0,0,1,0,0
1110,0,0,1,0,0
1111,0,0,1,0,0
1112,0,0,1,0,0
1113,0,0,1,0,0
1114,0,0,1,0,0
1115,0,0,1,0,0
1116,0,0,1,0,0
1117,0,0,1,0,0
1118,0,0,1,0,0
1119,0,0,1,0,0
1120,0,0,1,0,0
1121,0,0,1,0,0
1122,0,0,1,0,0
1123,0,0,1,0,0
1124,0,0,1,0,0
1125,0,0,1,0,0
1126,0,0,1,0,0
1127,0,0,1,0,0
1128,0,0,1,0,0
1129,0,0,1,0,0
1130,0,0,1,0,0
1131,0,0,1,0,0
1132,0,0,1,0,0
1133,0,0,1,0,0
1134,0,0,1,0,0
1135,0,0,1,0,0
1136,0,0,1,0,0
1137,0,0,1,0,0
1138,0,0,1,0,0
1139,0,0,1,0,0
1140,0,0,1,0,0
1141,0,0,1,0,0
1142,0,0,1,0,0
1143,0,0,1,0,0
1144,0,0,1,0,0
1145,0,0,1,0,0
1146,0,0,1,0,0
1147,0,0,1,0,0
1148,0,0,1,0,0
1149,0,0,1,0,0
1150,0,0,1,0,0
1151,0,0,1,0,0
1152,0,0,1,0,0
1153,-1,1,1,0,0
1154,-2,4,1,0,0
1155,6,6,1,0,0
1156,9,-5,1,0,0
1157,-4,-14,1,0,0
1158,-18,0,1,0,0
1159,-9,19,1,0,0
1160,13,17,1,0,0
1161,21,-3,1,0,0
1162,7,-19,1,0,0
1163,-13,-15,1,0,0
1164,-21,3,1,0,0
1165,-12,18,1,0,0
1166,6,22,1,0,0
1167,19,11,1,0,0
1168,21,-5,1,0,0
1169,11,-17,1,0,0
1170,-4,-20,1,0,0
1171,-15,-15,1,0,0
1172,-21,-3,1,0,0
1173,-20,8,1,0,0
1174,-13,17,1,0,0
1175,-5,21,1,0,0
1176,4,22,1,0,0
1177,11,19,1,0,0
1178,16,14,1,0,0
1179,19,9,1,0,0
1180,21,5,1,0,0
1181,21,1,1,0,0
1182,21,-3,1,0,0
1183,20,-4,1,0,0
1184,18,-4,1,0,0
1185,14,-4,1,0,0
1186,11,-3,1,0,0
1187,7,-1,1,0,0
1188,3,1,1,0,0
1189,1,1,1,0,0
1190,0,0,1,0,0
1191,1,1,1,0,0
1192,3,1,1,0,0
1193,7,-1,1,0,0
1194,11,-3,1,0,0
1195,14,-4,1,0,0
1196,18,-4,1,0,0
1197,20,-4,1,0,0
1198,21,-3,1,0,0
1199,21,1,1,0,0
1200,21,5,1,0,0
1201,19,9,1,0,0
1202,16,14,1,0,0
1203,11,19,1,0,0
1204,4,22,1,0,0
1205,-5,21,1,0,0
1206,-13,17,1,0,0
1207,-20,8,1,0,0
1208,-21,-3,1,0,0
1209,-15,-15,1,0,0
1210,-4,-20,1,0,0
1211,11,-17,1,0,0
1212,21,-5,1,0,0
1213,19,11,1,0,0
1214,6,22,1,0,0
1215,-12,18,1,0,0
1216,-21,3,1,0,0
1217,-13,-15,1,0,0
1218,7,-19,1,0,0
1219,21,-3,1,0,0
1220,13,17,1,0,0
1221,-9,19,1,0,0
1222,-18,0,1,0,0
1223,-4,-14,1,0,0
1224,9,-5,1,0,0
1225,6,6,1,0,0
1226,-2,4,1,0,0
1227,-1,1,1,0,0
1228,0,0,1,0,0
1229,0,0,1,0,0
1230,3,-1,1,0,0
1231,5,7,1,0,0
1232,-6,10,1,0,0
1233,-15,-3,1,0,0
1234,-1,-17,1,0,0
1235,18,-8,1,0,0
1236,16,14,1,0,0
1237,-4,22,1,0,0
1238,-20,8,1,0,0
1239,-16,-12,1,0,0
1240,2,-20,1,0,0
1241,17,-11,1,0,0
1242,21,7,1,0,0
1243,10,20,1,0,0
1244,-6,22,1,0,0
1245,-18,12,1,0,0
1246,-21,-3,1,0,0
1247,-15,-15,1,0,0
1248,-4,-20,1,0,0
1249,7,-19,1,0,0
1250,16,-12,1,0,0
1251,20,-4,1,0,0
1252,21,5,1,0,0
1253,18,12,1,0,0
1254,13,17,1,0,0
1255,8,20,1,0,0
1256,4,22,1,0,0
1257,0,22,1,0,0
1258,-4,22,1,0,0
1259,-5,21,1,0,0
1260,-5,19,1,0,0
1261,-5,15,1,0,0
1262,-4,12,1,0,0
1263,-2,8,1,0,0
1264,0,4,1,0,0
1265,0,2,1,0,0
1266,0,0,1,0,0
1267,0,2,1,0,0
1268,0,4,1,0,0
1269,-2,8,1,0,0
1270,-4,12,1,0,0
1271,-5,15,1,0,0
1272,-5,19,1,0,0
1273,-5,21,1,0,0
1274,-4,22,1,0,0
1275,0,22,1,0,0
1276,4,22,1,0,0
1277,8,20,1,0,0
1278,13,17,1,0,0
1279,18,12,1,0,0
1280,21,5,1,0,0
1281,20,-4,1,0,0
1282,16,-12,1,0,0
1283,7,-19,1,0,0
1284,-4,-20,1,0,0
1285,-15,-15,1,0,0
1286,-21,-3,1,0,0
1287,-18,12,1,0,0
1288,-6,22,1,0,0
1289,10,20,1,0,0
1290,21,7,1,0,0
1291,17,-11,1,0,0
1292,2,-20,1,0,0
1293,-16,-12,1,0,0
1294,-20,8,1,0,0
1295,-4,22,1,0,0
1296,16,14,1,0,0
1297,18,-8,1,0,0
1298,-1,-17,1,0,0
1299,-15,-3,1,0,0
1300,-6,10,1,0,0
1301,5,7,1,0,0
1302,3,-1,1,0,0
1303,0,0,1,0,0
1304,0,0,1,0,0
1305,0,0,1,0,0
1306,0,0,1,0,0
1307,0,0,1,0,0
1308,0,0,1,0,0
1309,0,0,1,0,0
1310,0,0,1,0,0
1311,0,0,1,0,0
1312,0,0,1,0,0
1313,0,0,1,0,0
1314,0,0,1,0,0
1315,1,-1,1,0,0
1316,2,-4,1,0,0
1317,-6,-6,1,0,0
1318,-9,5,1,0,0
1319,4,14,1,0,0
1320,18,0,1,0,0
1321,9,-19,1,0,0
1322,-13,-17,1,0,0
1323,-21,3,1,0,0
1324,-7,19,1,0,0
1325,13,15,1,0,0
1326,21,-3,1,0,0
1327,12,-18,1,0,0
1328,-6,-22,1,0,0
1329,-19,-11,1,0,0
1330,-21,5,1,0,0
1331,-11,17,1,0,0
1332,4,20,1,0,0
1333,15,15,1,0,0
1334,21,3,1,0,0
1335,20,-8,1,0,0
1336,13,-17,1,0,0
1337,5,-21,1,0,0
1338,-4,-22,1,0,0
1339,-11,-19,1,0,0
1340,-16,-14,1,0,0
1341,-19,-9,1,0,0
1342,-21,-5,1,0,0
1343,-21,-1,1,0,0
1344,-21,3,1,0,0
1345,-20,4,1,0,0
1346,-18,4,1,0,0
1347,-14,4,1,0,0
1348,-11,3,1,0,0
1349,-7,1,1,0,0
1350,-3,-1,1,0,0
1351,-1,-1,1,0,0
1352,0,0,1,0,0
1353,-1,-1,1,0,0
1354,-3,-1,1,0,0
1355,-7,1,1,0,0
1356,-11,3,1,0,0
1357,-14,4,1,0,0
1358,-18,4,1,0,0
1359,-20,4,1,0,0
1360,-21,3,1,0,0
1361,-21,-1,1,0,0
1362,-21,-5,1,0,0
1363,-19,-9,1,0,0
1364,-16,-14,1,0,0
1365,-11,-19,1,0,0
1366,-4,-22,1,0,0
1367,5,-21,1,0,0
1368,13,-17,1,0,0
1369,20,-8,1,0,0
1370,21,3,1,0,0
1371,15,15,1,0,0
1372,4,20,1,0,0
1373,-11,17,1,0,0
1374,-21,5,1,0,0
1375,-19,-11,1,0,0
1376,-6,-22,1,0,0
1377,12,-18,1,0,0
1378,21,-3,1,0,0
1379,13,15,1,0,0
1380,-7,19,1,0,0
1381,-21,3,1,0,0
1382,-13,-17,1,0,0
1383,9,-19,1,0,0
1384,18,0,1,0,0
1385,4,14,1,0,0
1386,-9,5,1,0,0
1387,-6,-6,1,0,0
1388,2,-4,1,0,0
1389,1,-1,1,0,0
1390,0,0,1,0,0
1391,0,0,1,0,0
1392,-3,1,1,0,0
1393,-5,-7,1,0,0
1394,6,-10,1,0,0
1395,15,3,1,0,0
1396,1,17,1,0,0
1397,-18,8,1,0,0
1398,-16,-14,1,0,0
1399,4,-22,1,0,0
1400,20,-8,1,0,0
1401,16,12,1,0,0
1402,-2,20,1,0,0
1403,-17,11,1,0,0
1404,-21,-7,1,0,0
1405,-10,-20,1,0,0
1406,6,-22,1,0,0
1407,18,-12,1,0,0
1408,21,3,1,0,0
1409,15,15,1,0,0
1410,4,20,1,0,0
1411,-7,19,1,0,0
1412,-16,12,1,0,0
1413,-20,4,1,0,0
1414,-21,-5,1,0,0
1415,-18,-12,1,0,0
1416,-13,-17,1,0,0
1417,-8,-20,1,0,0
1418,-4,-22,1,0,0
1419,0,-22,1,0,0
1420,4,-22,1,0,0
1421,5,-21,1,0,0
1422,5,-19,1,0,0
1423,5,-15,1,0,0
1424,4,-12,1,0,0
1425,2,-8,1,0,0
1426,0,-4,1,0,0
1427,0,-2,1,0,0
1428,0,0,1,0,0
1429,0,-2,1,0,0
1430,0,-4,1,0,0
1431,2,-8,1,0,0
1432,4,-12,1,0,0
1433,5,-15,1,0,0
1434,5,-19,1,0,0
1435,5,-21,1,0,0
1436,4,-22,1,0,0
1437,0,-22,1,0,0
1438,-4,-22,1,0,0
1439,-8,-20,1,0,0
1440,-13,-17,1,0,0
1441,-18,-12,1,0,0
1442,-21,-5,1,0,0
1443,-20,4,1,0,0
1444,-16,12,1,0,0
1445,-7,19,1,0,0
1446,4,20,1,0,0
1447,15,15,1,0,0
1448,21,3,1,0,0
1449,18,-12,1,0,0
1450,6,-22,1,0,0
1451,-10,-20,1,0,0
1452,-21,-7,1,0,0
1453,-17,11,1,0,0
1454,-2,20,1,0,0
1455,16,12,1,0,0
1456,20,-8,1,0,0
1457,4,-22,1,0,0
1458,-16,-14,1,0,0
1459,-18,8,1,0,0
1460,1,17,1,0,0
1461,15,3,1,0,0
1462,6,-10,1,0,0
1463,-5,-7,1,0,0
1464,-3,1,1,0,0
1465,0,0,1,0,0
1466,0,0,1,0,0
1467,0,0,1,0,0
1468,0,0,1,0,0
1469,0,0,1,0,0
1470,0,0,1,0,0
1471,0,0,1,0,0
1472,0,0,1,0,0
1473,0,0,1,0,0
1474,0,0,1,0,0
1475,0,0,1,0,0
1476,0,0,1,0,0
1477,0,0,1,0,0
1478,0,0,1,0,0
1479,0,0,1,0,0
1480,0,0,1,0,0
1481,0,0,1,0,0
1482,0,0,1,0,0
1483,0,0,1,0,0
1484,0,0,1,0,0
1485,0,0,1,0,0
1486,0,0,1,0,0
1487,0,0,1,0,0
1488,0,0,1,0,0
1489,0,0,1,0,0
1490,0,0,1,0,0
1491,0,0,1,0,0
1492,0,0,1,0,0
1493,0,0,1,0,0
1494,0,0,1,0,0
1495,0,0,1,0,0
1496,0,0,1,0,0
1497,0,0,1,0,0
1498,0,0,1,0,0
1499,0,0,1,0,0
1500,0,0,1,0,0
1501,0,0,1,0,0
1502,0,0,1,0,0
1503,0,0,1,0,0
1504,0,0,1,0,0
1505,0,0,1,0,0
1506,0,0,1,0,0
1507,0,0,1,0,0
1508,0,0,1,0,0
1509,0,0,1,0,0
1510,0,0,1,0,0
1511,0,0,1,0,0
1512,0,0,1,0,0
1513,0,0,1,0,0
1514,0,0,1,0,0
1515,0,0,1,0,0
1516,0,0,1,0,0
1517,0,0,1,0,0
1518,0,0,1,0,0
1519,0,0,1,0,0
1520,0,0,1,0,0
1521,0,0,1,0,0
1522,0,0,1,0,0
1523,0,0,1,0,0
1524,0,0,1,0,0
1525,0,0,1,0,0
1526,0,0,1,0,0
1527,0,0,1,0,0
1528,0,0,1,0,0
1529,0,0,1,0,0
1530,0,0,1,0,0
1531,0,0,1,0,0
1532,0,0,1,0,0
1533,0,0,1,0,0
1534,0,0,1,0,0
1535,0,0,1,0,0
1536,0,0,1,0,0
1537,1,-1,1,0,0
1538,2,-4,1,0,0
1539,-6,-6,1,0,0
1540,-9,5,1,0,0
1541,4,14,1,0,0
1542,18,0,1,0,0
1543,9,-19,1,0,0
1544,-13,-17,1,0,0
1545,-21,3,1,0,0
1546,-7,19,1,0,0
1547,13,15,1,0,0
1548,21,-3,1,0,0
1549,12,-18,1,0,0
1550,-6,-22,1,0,0
1551,-19,-11,1,0,0
1552,-21,5,1,0,0
1553,-11,17,1,0,0
1554,4,20,1,0,0
1555,15,15,1,0,0
1556,21,3,1,0,0
1557,20,-8,1,0,0
1558,13,-17,1,0,0
1559,5,-21,1,0,0
1560,-4,-22,1,0,0
1561,-11,-19,1,0,0
1562,-16,-14,1,0,0
1563,-19,-9,1,0,0
1564,-21,-5,1,0,0
1565,-21,-1,1,0,0
1566,-21,3,1,0,0
1567,-20,4,1,0,0
1568,-18,4,1,0,0
1569,-14,4,1,0,0
1570,-11,3,1,0,0
1571,-7,1,1,0,0
1572,-3,-1,1,0,0
1573,-1,-1,1,0,0
1574,0,0,1,0,0
1575,1,1,1,0,0
1576,3,1,1,0,0
1577,7,-1,1,0,0
1578,11,-3,1,0,0
1579,14,-4,1,0,0
1580,18,-4,1,0,0
1581,20,-4,1,0,0
1582,21,-3,1,0,0
1583,21,1,1,0,0
1584,21,5,1,0,0
1585,19,9,1,0,0
1586,16,14,1,0,0
1587,11,19,1,0,0
1588,4,22,1,0,0
1589,-5,21,1,0,0
1590,-13,17,1,0,0
1591,-20,8,1,0,0
1592,-21,-3,1,0,0
1593,-15,-15,1,0,0
1594,-4,-20,1,0,0
1595,11,-17,1,0,0
1596,21,-5,1,0,0
1597,19,11,1,0,0
1598,6,22,1,0,0
1599,-12,18,1,0,0
1600,-21,3,1,0,0
1601,-13,-15,1,0,0
1602,7,-19,1,0,0
1603,21,-3,1,0,0
1604,13,17,1,0,0
1605,-9,19,1,0,0
1606,-18,0,1,0,0
1607,-4,-14,1,0,0
1608,9,-5,1,0,0
1609,6,6,1,0,0
1610,-2,4,1,0,0
1611,-1,1,1,0,0
1612,0,0,1,0,0
1613,0,0,1,0,0
1614,3,-1,1,0,0
1615,5,7,1,0,0
1616,-6,10,1,0,0
1617,-15,-3,1,0,0
1618,-1,-17,1,0,0
1619,18,-8,1,0,0
1620,16,14,1,0,0
1621,-4,22,1,0,0
1622,-20,8,1,0,0
1623,-16,-12,1,0,0
1624,2,-20,1,0,0
1625,17,-11,1,0,0
1626,21,7,1,0,0
1627,10,20,1,0,0
1628,-6,22,1,0,0
1629,-18,12,1,0,0
1630,-21,-3,1,0,0
1631,-15,-15,1,0,0
1632,-4,-20,1,0,0
1633,7,-19,1,0,0
1634,16,-12,1,0,0
1635,20,-4,1,0,0
1636,21,5,1,0,0
1637,18,12,1,0,0
1638,13,17,1,0,0
1639,8,20,1,0,0
1640,4,22,1,0,0
1641,0,22,1,0,0
1642,-4,22,1,0,0
1643,-5,21,1,0,0
1644,-5,19,1,0,0
1645,-5,15,1,0,0
1646,-4,12,1,0,0
1647,-2,8,1,0,0
1648,0,4,1,0,0
1649,0,2,1,0,0
1650,0,0,1,0,0
1651,0,2,1,0,0
1652,0,4,1,0,0
1653,-2,8,1,0,0
1654,-4,12,1,0,0
1655,-5,15,1,0,0
1656,-5,19,1,0,0
1657,-5,21,1,0,0
1658,-4,22,1,0,0
1659,0,22,1,0,0
1660,4,22,1,0,0
1661,8,20,1,0,0
1662,13,17,1,0,0
1663,18,12,1,0,0
1664,21,5,1,0,0
1665,20,-4,1,0,0
1666,16,-12,1,0,0
1667,7,-19,1,0,0
1668,-4,-20,1,0,0
1669,-15,-15,1,0,0
1670,-21,-3,1,0,0
1671,-18,12,1,0,0
1672,-6,22,1,0,0
1673,10,20,1,0,0
1674,21,7,1,0,0
1675,17,-11,1,0,0
1676,2,-20,1,0,0
1677,-16,-12,1,0,0
1678,-20,8,1,0,0
1679,-4,22,1,0,0
1680,16,14,1,0,0
1681,18,-8,1,0,0
1682,-1,-17,1,0,0
1683,-15,-3,1,0,0
1684,-6,10,1,0,0
1685,5,7,1,0,0
1686,3,-1,1,0,0
1687,0,0,1,0,0
1688,0,0,1,0,0
1689,0,0,1,0,0
1690,0,0,1,0,0
1691,0,0,1,0,0
1692,0,0,1,0,0
1693,0,0,1,0,0
1694,0,0,1,0,0
1695,0,0,1,0,0
1696,0,0,1,0,0
1697,0,0,1,0,0
1698,0,0,1,0,0
1699,1,-1,1,0,0
1700,2,-4,1,0,0
1701,-6,-6,1,0,0
1702,-9,5,1,0,0
1703,4,14,1,0,0
1704,18,0,1,0,0
1705,9,-19,1,0,0
1706,-13,-17,1,0,0
1707,-21,3,1,0,0
1708,-7,19,1,0,0
1709,13,15,1,0,0
1710,21,-3,1,0,0
1711,12,-18,1,0,0
1712,-6,-22,1,0,0
1713,-19,-11,1,0,0
1714,-21,5,1,0,0
1715,-11,17,1,0,0
1716,4,20,1,0,0
1717,15,15,1,0,0
1718,21,3,1,0,0
1719,20,-8,1,0,0
1720,13,-17,1,0,0
1721,5,-21,1,0,0
1722,-4,-22,1,0,0
1723,-11,-19,1,0,0
1724,-16,-14,1,0,0
1725,-19,-9,1,0,0
1726,-21,-5,1,0,0
1727,-21,-1,1,0,0
1728,-21,3,1,0,0
1729,-20,4,1,0,0
1730,-18,4,1,0,0
1731,-14,4,1,0,0
1732,-11,3,1,0,0
1733,-7,1,1,0,0
1734,-3,-1,1,0,0
1735,-1,-1,1,0,0
1736,0,0,1,0,0
1737,-1,-1,1,0,0
1738,-3,-1,1,0,0
1739,-7,1,1,0,0
1740,-11,3,1,0,0
1741,-14,4,1,0,0
1742,-18,4,1,0,0
1743,-20,4,1,0,0
1744,-21,3,1,0,0
1745,-21,-1,1,0,0
1746,-21,-5,1,0,0
1747,-19,-9,1,0,0
1748,-16,-14,1,0,0
1749,-11,-19,1,0,0
1750,-4,-22,1,0,0
1751,5,-21,1,0,0
1752,13,-17,1,0,0
1753,20,-8,1,0,0
1754,21,3,1,0,0
1755,15,15,1,0,0
1756,4,20,1,0,0
1757,-11,17,1,0,0
1758,-21,5,1,0,0
1759,-19,-11,1,0,0
1760,-6,-22,1,0,0
1761,12,-18,1,0,0
1762,21,-3,1,0,0
1763,13,15,1,0,0
1764,-7,19,1,0,0
1765,-21,3,1,0,0
1766,-13,-17,1,0,0
1767,9,-19,1,0,0
1768,18,0,1,0,0
1769,4,14,1,0,0
1770,-9,5,1,0,0
1771,-6,-6,1,0,0
1772,2,-4,1,0,0
1773,1,-1,1,0,0
1774,0,0,1,0,0
1775,0,0,1,0,0
1776,3,-1,1,0,0
1777,5,7,1,0,0
1778,-6,10,1,0,0
1779,-15,-3,1,0,0
1780,-1,-17,1,0,0
1781,18,-8,1,0,0
1782,16,14,1,0,0
1783,-4,22,1,0,0
1784,-20,8,1,0,0
1785,-16,-12,1,0,0
1786,2,-20,1,0,0
1787,17,-11,1,0,0
1788,21,7,1,0,0
1789,10,20,1,0,0
1790,-6,22,1,0,0
1791,-18,12,1,0,0
1792,-21,-3,1,0,0
1793,-15,-15,1,0,0
1794,-4,-20,1,0,0
1795,7,-19,1,0,0
1796,16,-12,1,0,0
1797,20,-4,1,0,0
1798,21,5,1,0,0
1799,18,12,1,0,0
1800,13,17,1,0,0
1801,8,20,1,0,0
1802,4,22,1,0,0
1803,0,22,1,0,0
1804,-4,22,1,0,0
1805,-5,21,1,0,0
1806,-5,19,1,0,0
1807,-5,15,1,0,0
1808,-4,12,1,0,0
1809,-2,8,1,0,0
1810,0,4,1,0,0
1811,0,2,1,0,0
1812,0,0,1,0,0
1813,0,2,1,0,0
1814,0,4,1,0,0
1815,-2,8,1,0,0
1816,-4,12,1,0,0
1817,-5,15,1,0,0
1818,-5,19,1,0,0
1819,-5,21,1,0,0
1820,-4,22,1,0,0
1821,0,22,1,0,0
1822,4,22,1,0,0
1823,8,20,1,0,0
1824,13,17,1,0,0
1825,18,12,1,0,0
1826,21,5,1,0,0
1827,20,-4,1,0,0
1828,16,-12,1,0,0
1829,7,-19,1,0,0
1830,-4,-20,1,0,0
1831,-15,-15,1,0,0
1832,-21,-3,1,0,0
1833,-18,12,1,0,0
1834,-6,22,1,0,0
1835,10,20,1,0,0
1836,21,7,1,0,0
1837,17,-11,1,0,0
1838,2,-20,1,0,0
1839,-16,-12,1,0,0
1840,-20,8,1,0,0
1841,-4,22,1,0,0
1842,16,14,1,0,0
1843,18,-8,1,0,0
1844,-1,-17,1,0,0
1845,-15,-3,1,0,0
1846,-6,10,1,0,0
1847,5,7,1,0,0
1848,3,-1,1,0,0
1849,0,0,1,0,0
1850,0,0,1,0,0
1851,0,0,1,0,0
1852,0,0,1,0,0
1853,0,0,1,0,0
1854,0,0,1,0,0
1855,0,0,1,0,0
1856,0,0,1,0,0
1857,0,0,1,0,0
1858,0,0,1,0,0
1859,0,0,1,0,0
1860,0,0,1,0,0
1861,0,0,1,0,0
1862,0,0,1,0,0
1863,0,0,1,0,0
1864,0,0,1,0,0
1865,0,0,1,0,0
1866,0,0,1,0,0
1867,0,0,1,0,0
1868,0,0,1,0,0
1869,0,0,1,0,0
1870,0,0,1,0,0
1871,0,0,1,0,0
1872,0,0,1,0,0
1873,0,0,1,0,0
1874,0,0,1,0,0
1875,0,0,1,0,0
1876,0,0,1,0,0
1877,0,0,1,0,0
1878,0,0,1,0,0
1879,0,0,1,0,0
1880,0,0,1,0,0
1881,0,0,1,0,0
1882,0,0,1,0,0
1883,0,0,1,0,0
1884,0,0,1,0,0
1885,0,0,1,0,0
1886,0,0,1,0,0
1887,0,0,1,0,0
1888,0,0,1,0,0
1889,0,0,1,0,0
1890,0,0,1,0,0
1891,0,0,1,0,0
1892,0,0,1,0,0
1893,0,0,1,0,0
1894,0,0,1,0,0
1895,0,0,1,0,0
1896,0,0,1,0,0
1897,0,0,1,0,0
1898,0,0,1,0,0
1899,0,0,1,0,0
1900,0,0,1,0,0
1901,0,0,1,0,0
1902,0,0,1,0,0
1903,0,0,1,0,0
1904,0,0,1,0,0
1905,0,0,1,0,0
1906,0,0,1,0,0
1907,0,0,1,0,0
1908,0,0,1,0,0
1909,0,0,1,0,0
1910,0,0,1,0,0
1911,0,0,1,0,0
1912,0,0,1,0,0
1913,0,0,1,0,0
1914,0,0,1,0,0
1915,0,0,1,0,0
1916,0,0,1,0,0
1917,0,0,1,0,0
1918,0,0,1,0,0
1919,0,0,1,0,0
1920,0,0,1,0,0
1921,-1,1,1,0,0
1922,-2,4,1,0,0
1923,6,6,1,0,0
1924,9,-5,1,0,0
1925,-4,-14,1,0,0
1926,-18,0,1,0,0
1927,-9,19,1,0,0
1928,13,17,1,0,0
1929,21,-3,1,0,0
1930,7,-19,1,0,0
1931,-13,-15,1,0,0
1932,-21,3,1,0,0
1933,-12,18,1,0,0
1934,6,22,1,0,0
1935,19,11,1,0,0
1936,21,-5,1,0,0
1937,11,-17,1,0,0
1938,-4,-20,1,0,0
1939,-15,-15,1,0,0
1940,-21,-3,1,0,0
1941,-20,8,1,0,0
1942,-13,17,1,0,0
1943,-5,21,1,0,0
1944,4,22,1,0,0
1945,11,19,1,0,0
1946,16,14,1,0,0
1947,19,9,1,0,0
1948,21,5,1,0,0
1949,21,1,1,0,0
1950,21,-3,1,0,0
1951,20,-4,1,0,0
1952,18,-4,1,0,0
1953,14,-4,1,0,0
1954,11,-3,1,0,0
1955,7,-1,1,0,0
1956,3,1,1,0,0
1957,1,1,1,0,0
1958,0,0,1,0,0
1959,-1,-1,1,0,0
1960,-3,-1,1,0,0
1961,-7,1,1,0,0
1962,-11,3,1,0,0
1963,-14,4,1,0,0
1964,-18,4,1,0,0
1965,-20,4,1,0,0
1966,-21,3,1,0,0
1967,-21,-1,1,0,0
1968,-21,-5,1,0,0
1969,-19,-9,1,0,0
1970,-16,-14,1,0,0
1971,-11,-19,1,0,0
1972,-4,-22,1,0,0
1973,5,-21,1,0,0
1974,13,-17,1,0,0
1975,20,-8,1,0,0
1976,21,3,1,0,0
1977,15,15,1,0,0
1978,4,20,1,0,0
1979,-11,17,1,0,0
1980,-21,5,1,0,0
1981,-19,-11,1,0,0
1982,-6,-22,1,0,0
1983,12,-18,1,0,0
1984,21,-3,1,0,0
1985,13,15,1,0,0
1986,-7,19,1,0,0
1987,-21,3,1,0,0
1988,-13,-17,1,0,0
1989,9,-19,1,0,0
1990,18,0,1,0,0
1991,4,14,1,0,0
1992,-9,5,1,0,0
1993,-6,-6,1,0,0
1994,2,-4,1,0,0
1995,1,-1,1,0,0
1996,0,0,1,0,0
1997,0,0,1,0,0
1998,3,-1,1,0,0
1999,5,7,1,0,0
2000,-6,10,1,0,0
2001,-15,-3,1,0,0
2002,-1,-17,1,0,0
2003,18,-8,1,0,0
2004,16,14,1,0,0
2005,-4,22,1,0,0
2006,-20,8,1,0,0
2007,-16,-12,1,0,0
2008,2,-20,1,0,0
2009,17,-11,1,0,0
2010,21,7,1,0,0
2011,10,20,1,0,0
2012,-6,22,1,0,0
2013,-18,12,1,0,0
2014,-21,-3,1,0,0
2015,-15,-15,1,0,0
2016,-4,-20,1,0,0
2017,7,-19,1,0,0
2018,16,-12,1,0,0
2019,20,-4,1,0,0
2020,21,5,1,0,0
2021,18,12,1,0,0
2022,13,17,1,0,0
2023,8,20,1,0,0
2024,4,22,1,0,0
2025,0,22,1,0,0
2026,-4,22,1,0,0
2027,-5,21,1,0,0
2028,-5,19,1,0,0
2029,-5,15,1,0,0
2030,-4,12,1,0,0
2031,-2,8,1,0,0
2032,0,4,1,0,0
2033,0,2,1,0,0
2034,0,0,1,0,0
2035,0,-2,1,0,0
2036,0,-4,1,0,0
2037,2,-8,1,0,0
2038,4,-12,1,0,0
2039,5,-15,1,0,0
2040,5,-19,1,0,0
2041,5,-21,1,0,0
2042,4,-22,1,0,0
2043,0,-22,1,0,0
2044,-4,-22,1,0,0
2045,-8,-20,1,0,0
2046,-13,-17,1,0,0
2047,-18,-12,1,0,0
2048,-21,-5,1,0,0
2049,-20,4,1,0,0
2050,-16,12,1,0,0
2051,-7,19,1,0,0
2052,4,20,1,0,0
2053,15,15,1,0,0
2054,21,3,1,0,0
2055,18,-12,1,0,0
2056,6,-22,1,0,0
2057,-10,-20,1,0,0
2058,-21,-7,1,0,0
2059,-17,11,1,0,0
2060,-2,20,1,0,0
2061,16,12,1,0,0
2062,20,-8,1,0,0
2063,4,-22,1,0,0
2064,-16,-14,1,0,0
2065,-18,8,1,0,0
2066,1,17,1,0,0
2067,15,3,1,0,0
2068,6,-10,1,0,0
2069,-5,-7,1,0,0
2070,-3,1,1,0,0
2071,0,0,1,0,0
2072,0,0,1,0,0
2073,0,0,1,0,0
2074,0,0,1,0,0
2075,0,0,1,0,0
2076,0,0,1,0,0
2077,0,0,1,0,0
2078,0,0,1,0,0
2079,0,0,1,0,0
2080,0,0,1,0,0
2081,0,0,1,0,0
2082,0,0,1,0,0
2083,1,-1,1,0,0
2084,2,-4,1,0,0
2085,-6,-6,1,0,0
2086,-9,5,1,0,0
2087,4,14,1,0,0
2088,18,0,1,0,0
2089,9,-19,1,0,0
2090,-13,-17,1,0,0
2091,-21,3,1,0,0
2092,-7,19,1,0,0
2093,13,15,1,0,0
2094,21,-3,1,0,0
2095,12,-18,1,0,0
2096,-6,-22,1,0,0
2097,-19,-11,1,0,0
2098,-21,5,1,0,0
2099,-11,17,1,0,0
2100,4,20,1,0,0
2101,15,15,1,0,0
2102,21,3,1,0,0
2103,20,-8,1,0,0
2104,13,-17,1,0,0
2105,5,-21,1,0,0
2106,-4,-22,1,0,0
2107,-11,-19,1,0,0
2108,-16,-14,1,0,0
2109,-19,-9,1,0,0
2110,-21,-5,1,0,0
2111,-21,-1,1,0,0
2112,-21,3,1,0,0
2113,-20,4,1,0,0
2114,-18,4,1,0,0
2115,-14,4,1,0,0
2116,-11,3,1,0,0
2117,-7,1,1,0,0
2118,-3,-1,1,0,0
2119,-1,-1,1,0,0
2120,0,0,1,0,0
2121,1,1,1,0,0
2122,3,1,1,0,0
2123,7,-1,1,0,0
2124,11,-3,1,0,0
2125,14,-4,1,0,0
2126,18,-4,1,0,0
2127,20,-4,1,0,0
2128,21,-3,1,0,0
2129,21,1,1,0,0
2130,21,5,1,0,0
2131,19,9,1,0,0
2132,16,14,1,0,0
2133,11,19,1,0,0
2134,4,22,1,0,0
2135,-5,21,1,0,0
2136,-13,17,1,0,0
2137,-20,8,1,0,0
2138,-21,-3,1,0,0
2139,-15,-15,1,0,0
2140,-4,-20,1,0,0
2141,11,-17,1,0,0
2142,21,-5,1,0,0
2143,19,11,1,0,0
2144,6,22,1,0,0
2145,-12,18,1,0,0
2146,-21,3,1,0,0
2147,-13,-15,1,0,0
2148,7,-19,1,0,0
2149,21,-3,1,0,0
2150,13,17,1,0,0
2151,-9,19,1,0,0
2152,-18,0,1,0,0
2153,-4,-14,1,0,0
2154,9,-5,1,0,0
2155,6,6,1,0,0
2156,-2,4,1,0,0
2157,-1,1,1,0,0
2158,0,0,1,0,0
2159,0,0,1,0,0
2160,3,-1,1,0,0
2161,5,7,1,0,0
2162,-6,10,1,0,0
2163,-15,-3,1,0,0
2164,-1,-17,1,0,0
2165,18,-8,1,0,0
2166,16,14,1,0,0
2167,-4,22,1,0,0
2168,-20,8,1,0,0
2169,-16,-12,1,0,0
2170,2,-20,1,0,0
2171,17,-11,1,0,0
2172,21,7,1,0,0
2173,10,20,1,0,0
2174,-6,22,1,0,0
2175,-18,12,1,0,0
2176,-21,-3,1,0,0
2177,-15,-15,1,0,0
2178,-4,-20,1,0,0
2179,7,-19,1,0,0
2180,16,-12,1,0,0
2181,20,-4,1,0,0
2182,21,5,1,0,0
2183,18,12,1,0,0
2184,13,17,1,0,0
2185,8,20,1,0,0
2186,4,22,1,0,0
2187,0,22,1,0,0
2188,-4,22,1,0,0
2189,-5,21,1,0,0
2190,-5,19,1,0,0
2191,-5,15,1,0,0
2192,-4,12,1,0,0
2193,-2,8,1,0,0
2194,0,4,1,0,0
2195,0,2,1,0,0
2196,0,0,1,0,0
2197,0,-2,1,0,0
2198,0,-4,1,0,0
2199,2,-8,1,0,0
2200,4,-12,1,0,0
2201,5,-15,1,0,0
2202,5,-19,1,0,0
2203,5,-21,1,0,0
2204,4,-22,1,0,0
2205,0,-22,1,0,0
2206,-4,-22,1,0,0
2207,-8,-20,1,0,0
2208,-13,-17,1,0,0
2209,-18,-12,1,0,0
2210,-21,-5,1,0,0
2211,-20,4,1,0,0
2212,-16,12,1,0,0
2213,-7,19,1,0,0
2214,4,20,1,0,0
2215,15,15,1,0,0
2216,21,3,1,0,0
2217,18,-12,1,0,0
2218,6,-22,1,0,0
2219,-10,-20,1,0,0
2220,-21,-7,1,0,0
2221,-17,11,1,0,0
2222,-2,20,1,0,0
2223,16,12,1,0,0
2224,20,-8,1,0,0
2225,4,-22,1,0,0
2226,-16,-14,1,0,0
2227,-18,8,1,0,0
2228,1,17,1,0,0
2229,15,3,1,0,0
2230,6,-10,1,0,0
2231,-5,-7,1,0,0
2232,-3,1,1,0,0
2233,0,0,1,0,0
2234,0,0,1,0,0
2235,0,0,1,0,0
2236,0,0,1,0,0
2237,0,0,1,0,0
2238,0,0,1,0,0
2239,0,0,1,0,0
2240,0,0,1,0,0
2241,0,0,1,0,0
2242,0,0,1,0,0
2243,0,0,1,0,0
2244,0,0,1,0,0
2245,0,0,1,0,0
2246,0,0,1,0,0
2247,0,0,1,0,0
2248,0,0,1,0,0
2249,0,0,1,0,0
2250,0,0,1,0,0
2251,0,0,1,0,0
2252,0,0,1,0,0
2253,0,0,1,0,0
2254,0,0,1,0,0
2255,0,0,1,0,0
2256,0,0,1,0,0
2257,0,0,1,0,0
2258,0,0,1,0,0
2259,0,0,1,0,0
2260,0,0,1,0,0
2261,0,0,1,0,0
2262,0,0,1,0,0
2263,0,0,1,0,0
2264,0,0,1,0,0
2265,0,0,1,0,0
2266,0,0,1,0,0
2267,0,0,1,0,0
2268,0,0,1,0,0
2269,0,0,1,0,0
2270,0,0,1,0,0
2271,0,0,1,0,0
2272,0,0,1,0,0
2273,0,0,1,0,0
2274,0,0,1,0,0
2275,0,0,1,0,0
2276,0,0,1,0,0
2277,0,0,1,0,0
2278,0,0,1,0,0
2279,0,0,1,0,0
2280,0,0,1,0,0
2281,0,0,1,0,0
2282,0,0,1,0,0
2283,0,0,1,0,0
2284,0,0,1,0,0
2285,0,0,1,0,0
2286,0,0,1,0,0
2287,0,0,1,0,0
2288,0,0,1,0,0
2289,0,0,1,0,0
2290,0,0,1,0,0
2291,0,0,1,0,0
2292,0,0,1,0,0
2293,0,0,1,0,0
2294,0,0,1,0,0
2295,0,0,1,0,0
2296,0,0,1,0,0
2297,0,0,1,0,0
2298,0,0,1,0,0
2299,0,0,1,0,0
2300,0,0,1,0,0
2301,0,0,1,0,0
2302,0,0,1,0,0
2303,0,0,1,0,0
2304,0,0,1,0,0
2305,-1,-1,1,0,0
2306,-4,-2,1,0,0
2307,-6,6,1,0,0
2308,5,9,1,0,0
2309,14,-4,1,0,0
2310,0,-18,1,0,0
2311,-19,-9,1,0,0
2312,-17,13,1,0,0
2313,3,21,1,0,0
2314,19,7,1,0,0
2315,15,-13,1,0,0
2316,-3,-21,1,0,0
2317,-18,-12,1,0,0
2318,-22,6,1,0,0
2319,-11,19,1,0,0
2320,5,21,1,0,0
2321,17,11,1,0,0
2322,20,-4,1,0,0
2323,15,-15,1,0,0
2324,3,-21,1,0,0
2325,-8,-20,1,0,0
2326,-17,-13,1,0,0
2327,-21,-5,1,0,0
2328,-22,4,1,0,0
2329,-19,11,1,0,0
2330,-14,16,1,0,0
2331,-9,19,1,0,0
2332,-5,21,1,0,0
2333,-1,21,1,0,0
2334,3,21,1,0,0
2335,4,20,1,0,0
2336,4,18,1,0,0
2337,4,14,1,0,0
2338,3,11,1,0,0
2339,1,7,1,0,0
2340,-1,3,1,0,0
2341,-1,1,1,0,0
2342,0,0,1,0,0
2343,1,-1,1,0,0
2344,1,-3,1,0,0
2345,-1,-7,1,0,0
2346,-3,-11,1,0,0
2347,-4,-14,1,0,0
2348,-4,-18,1,0,0
2349,-4,-20,1,0,0
2350,-3,-21,1,0,0
2351,1,-21,1,0,0
2352,5,-21,1,0,0
2353,9,-19,1,0,0
2354,14,-16,1,0,0
2355,19,-11,1,0,0
2356,22,-4,1,0,0
2357,21,5,1,0,0
2358,17,13,1,0,0
2359,8,20,1,0,0
2360,-3,21,1,0,0
2361,-15,15,1,0,0
2362,-20,4,1,0,0
2363,-17,-11,1,0,0
2364,-5,-21,1,0,0
2365,11,-19,1,0,0
2366,22,-6,1,0,0
2367,18,12,1,0,0
2368,3,21,1,0,0
2369,-15,13,1,0,0
2370,-19,-7,1,0,0
2371,-3,-21,1,0,0
2372,17,-13,1,0,0
2373,19,9,1,0,0
2374,0,18,1,0,0
2375,-14,4,1,0,0
2376,-5,-9,1,0,0
2377,6,-6,1,0,0
2378,4,2,1,0,0
2379,1,1,1,0,0
2380,0,0,1,0,0
2381,0,0,1,0,0
2382,-3,1,1,0,0
2383,-5,-7,1,0,0
2384,6,-10,1,0,0
2385,15,3,1,0,0
2386,1,17,1,0,0
2387,-18,8,1,0,0
2388,-16,-14,1,0,0
2389,4,-22,1,0,0
2390,20,-8,1,0,0
2391,16,12,1,0,0
2392,-2,20,1,0,0
2393,-17,11,1,0,0
2394,-21,-7,1,0,0
2395,-10,-20,1,0,0
2396,6,-22,1,0,0
2397,18,-12,1,0,0
2398,21,3,1,0,0
2399,15,15,1,0,0
2400,4,20,1,0,0
2401,-7,19,1,0,0
2402,-16,12,1,0,0
2403,-20,4,1,0,0
2404,-21,-5,1,0,0
2405,-18,-12,1,0,0
2406,-13,-17,1,0,0
2407,-8,-20,1,0,0
2408,-4,-22,1,0,0
2409,0,-22,1,0,0
2410,4,-22,1,0,0
2411,5,-21,1,0,0
2412,5,-19,1,0,0
2413,5,-15,1,0,0
2414,4,-12,1,0,0
2415,2,-8,1,0,0
2416,0,-4,1,0,0
2417,0,-2,1,0,0
2418,0,0,1,0,0
2419,0,2,1,0,0
2420,0,4,1,0,0
2421,-2,8,1,0,0
2422,-4,12,1,0,0
2423,-5,15,1,0,0
2424,-5,19,1,0,0
2425,-5,21,1,0,0
2426,-4,22,1,0,0
2427,0,22,1,0,0
2428,4,22,1,0,0
2429,8,20,1,0,0
2430,13,17,1,0,0
2431,18,12,1,0,0
2432,21,5,1,0,0
2433,20,-4,1,0,0
2434,16,-12,1,0,0
2435,7,-19,1,0,0
2436,-4,-20,1,0,0
2437,-15,-15,1,0,0
2438,-21,-3,1,0,0
2439,-18,12,1,0,0
2440,-6,22,1,0,0
2441,10,20,1,0,0
2442,21,7,1,0,0
2443,17,-11,1,0,0
2444,2,-20,1,0,0
2445,-16,-12,1,0,0
2446,-20,8,1,0,0
2447,-4,22,1,0,0
2448,16,14,1,0,0
2449,18,-8,1,0,0
2450,-1,-17,1,0,0
2451,-15,-3,1,0,0
2452,-6,10,1,0,0
2453,5,7,1,0,0
2454,3,-1,1,0,0
2455,0,0,1,0,0
2456,0,0,1,0,0
2457,0,0,1,0,0
2458,0,0,1,0,0
2459,0,0,1,0,0
2460,0,0,1,0,0
2461,0,0,1,0,0
2462,0,0,1,0,0
2463,0,0,1,0,0
2464,0,0,1,0,0
2465,0,0,1,0,0
2466,0,0,1,0,0
2467,-1,-1,1,0,0
2468,-4,-2,1,0,0
2469,-6,6,1,0,0
2470,5,9,1,0,0
2471,14,-4,1,0,0
2472,0,-18,1,0,0
2473,-19,-9,1,0,0
2474,-17,13,1,0,0
2475,3,21,1,0,0
2476,19,7,1,0,0
2477,15,-13,1,0,0
2478,-3,-21,1,0,0
2479,-18,-12,1,0,0
2480,-22,6,1,0,0
2481,-11,19,1,0,0
2482,5,21,1,0,0
2483,17,11,1,0,0
2484,20,-4,1,0,0
2485,15,-15,1,0,0
2486,3,-21,1,0,0
2487,-8,-20,1,0,0
2488,-17,-13,1,0,0
2489,-21,-5,1,0,0
2490,-22,4,1,0,0
2491,-19,11,1,0,0
2492,-14,16,1,0,0
2493,-9,19,1,0,0
2494,-5,21,1,0,0
2495,-1,21,1,0,0
2496,3,21,1,0,0
2497,4,20,1,0,0
2498,4,18,1,0,0
2499,4,14,1,0,0
2500,3,11,1,0,0
2501,1,7,1,0,0
2502,-1,3,1,0,0
2503,-1,1,1,0,0
2504,0,0,1,0,0
2505,1,-1,1,0,0
2506,1,-3,1,0,0
2507,-1,-7,1,0,0
2508,-3,-11,1,0,0
2509,-4,-14,1,0,0
2510,-4,-18,1,0,0
2511,-4,-20,1,0,0
2512,-3,-21,1,0,0
2513,1,-21,1,0,0
2514,5,-21,1,0,0
2515,9,-19,1,0,0
2516,14,-16,1,0,0
2517,19,-11,1,0,0
2518,22,-4,1,0,0
2519,21,5,1,0,0
2520,17,13,1,0,0
2521,8,20,1,0,0
2522,-3,21,1,0,0
2523,-15,15,1,0,0
2524,-20,4,1,0,0
2525,-17,-11,1,0,0
2526,-5,-21,1,0,0
2527,11,-19,1,0,0
2528,22,-6,1,0,0
2529,18,12,1,0,0
2530,3,21,1,0,0
2531,-15,13,1,0,0
2532,-19,-7,1,0,0
2533,-3,-21,1,0,0
2534,17,-13,1,0,0
2535,19,9,1,0,0
2536,0,18,1,0,0
2537,-14,4,1,0,0
2538,-5,-9,1,0,0
2539,6,-6,1,0,0
2540,4,2,1,0,0
2541,1,1,1,0,0
2542,0,0,1,0,0
2543,0,0,1,0,0
2544,3,-1,1,0,0
2545,5,7,1,0,0
2546,-6,10,1,0,0
2547,-15,-3,1,0,0
2548,-1,-17,1,0,0
2549,18,-8,1,0,0
2550,16,14,1,0,0
2551,-4,22,1,0,0
2552,-20,8,1,0,0
2553,-16,-12,1,0,0
2554,2,-20,1,0,0
2555,17,-11,1,0,0
2556,21,7,1,0,0
2557,10,20,1,0,0
2558,-6,22,1,0,0
2559,-18,12,1,0,0
2560,-21,-3,1,0,0
2561,-15,-15,1,0,0
2562,-4,-20,1,0,0
2563,7,-19,1,0,0
2564,16,-12,1,0,0
2565,20,-4,1,0,0
2566,21,5,1,0,0
2567,18,12,1,0,0
2568,13,17,1,0,0
2569,8,20,1,0,0
2570,4,22,1,0,0
2571,0,22,1,0,0
2572,-4,22,1,0,0
2573,-5,21,1,0,0
2574,-5,19,1,0,0
2575,-5,15,1,0,0
2576,-4,12,1,0,0
2577,-2,8,1,0,0
2578,0,4,1,0,0
2579,0,2,1,0,0
2580,0,0,1,0,0
2581,0,2,1,0,0
2582,0,4,1,0,0
2583,-2,8,1,0,0
2584,-4,12,1,0,0
2585,-5,15,1,0,0
2586,-5,19,1,0,0
2587,-5,21,1,0,0
2588,-4,22,1,0,0
2589,0,22,1,0,0
2590,4,22,1,0,0
2591,8,20,1,0,0
2592,13,17,1,0,0
2593,18,12,1,0,0
2594,21,5,1,0,0
2595,20,-4,1,0,0
2596,16,-12,1,0,0
2597,7,-19,1,0,0
2598,-4,-20,1,0,0
2599,-15,-15,1,0,0
2600,-21,-3,1,0,0
2601,-18,12,1,0,0
2602,-6,22,1,0,0
2603,10,20,1,0,0
2604,21,7,1,0,0
2605,17,-11,1,0,0
2606,2,-20,1,0,0
2607,-16,-12,1,0,0
2608,-20,8,1,0,0
2609,-4,22,1,0,0
2610,16,14,1,0,0
2611,18,-8,1,0,0
2612,-1,-17,1,0,0
2613,-15,-3,1,0,0
2614,-6,10,1,0,0
2615,5,7,1,0,0
2616,3,-1,1,0,0
2617,0,0,1,0,0
2618,0,0,1,0,0
2619,0,0,1,0,0
2620,0,0,1,0,0
2621,0,0,1,0,0
2622,0,0,1,0,0
2623,0,0,1,0,0
2624,0,0,1,0,0
2625,0,0,1,0,0
2626,0,0,1,0,0
2627,0,0,1,0,0
2628,0,0,1,0,0
2629,0,0,1,0,0
2630,0,0,1,0,0
2631,0,0,1,0,0
2632,0,0,1,0,0
2633,0,0,1,0,0
2634,0,0,1,0,0
2635,0,0,1,0,0
2636,0,0,1,0,0
2637,0,0,1,0,0
2638,0,0,1,0,0
2639,0,0,1,0,0
2640,0,0,1,0,0
2641,0,0,1,0,0
2642,0,0,1,0,0
2643,0,0,1,0,0
2644,0,0,1,0,0
2645,0,0,1,0,0
2646,0,0,1,0,0
2647,0,0,1,0,0
2648,0,0,1,0,0
2649,0,0,1,0,0
2650,0,0,1,0,0
2651,0,0,1,0,0
2652,0,0,1,0,0
2653,0,0,1,0,0
2654,0,0,1,0,0
2655,0,0,1,0,0
2656,0,0,1,0,0
2657,0,0,1,0,0
2658,0,0,1,0,0
2659,0,0,1,0,0
2660,0,0,1,0,0
2661,0,0,1,0,0
2662,0,0,1,0,0
2663,0,0,1,0,0
2664,0,0,1,0,0
2665,0,0,1,0,0
2666,0,0,1,0,0
2667,0,0,1,0,0
2668,0,0,1,0,0
2669,0,0,1,0,0
2670,0,0,1,0,0
2671,0,0,1,0,0
2672,0,0,1,0,0
2673,0,0,1,0,0
2674,0,0,1,0,0
2675,0,0,1,0,0
2676,0,0,1,0,0
2677,0,0,1,0,0
2678,0,0,1,0,0
2679,0,0,1,0,0
2680,0,0,1,0,0
2681,0,0,1,0,0
2682,0,0,1,0,0
2683,0,0,1,0,0
2684,0,0,1,0,0
2685,0,0,1,0,0
2686,0,0,1,0,0
2687,0,0,1,0,0
2688,0,0,1,0,0
2689,-1,-1,1,0,0
2690,-4,-2,1,0,0
2691,-6,6,1,0,0
2692,5,9,1,0,0
2693,14,-4,1,0,0
2694,0,-18,1,0,0
2695,-19,-9,1,0,0
2696,-17,13,1,0,0
2697,3,21,1,0,0
2698,19,7,1,0,0
2699,15,-13,1,0,0
2700,-3,-21,1,0,0
2701,-18,-12,1,0,0
2702,-22,6,1,0,0
2703,-11,19,1,0,0
2704,5,21,1,0,0
2705,17,11,1,0,0
2706,20,-4,1,0,0
2707,15,-15,1,0,0
2708,3,-21,1,0,0
2709,-8,-20,1,0,0
2710,-17,-13,1,0,0
2711,-21,-5,1,0,0
2712,-22,4,1,0,0
2713,-19,11,1,0,0
2714,-14,16,1,0,0
2715,-9,19,1,0,0
2716,-5,21,1,0,0
2717,-1,21,1,0,0
2718,3,21,1,0,0
2719,4,20,1,0,0
2720,4,18,1,0,0
2721,4,14,1,0,0
2722,3,11,1,0,0
2723,1,7,1,0,0
2724,-1,3,1,0,0
2725,-1,1,1,0,0
2726,0,0,1,0,0
2727,1,-1,1,0,0
2728,1,-3,1,0,0
2729,-1,-7,1,0,0
2730,-3,-11,1,0,0
2731,-4,-14,1,0,0
2732,-4,-18,1,0,0
2733,-4,-20,1,0,0
2734,-3,-21,1,0,0
2735,1,-21,1,0,0
2736,5,-21,1,0,0
2737,9,-19,1,0,0
2738,14,-16,1,0,0
2739,19,-11,1,0,0
2740,22,-4,1,0,0
2741,21,5,1,0,0
2742,17,13,1,0,0
2743,8,20,1,0,0
2744,-3,21,1,0,0
2745,-15,15,1,0,0
2746,-20,4,1,0,0
2747,-17,-11,1,0,0
2748,-5,-21,1,0,0
2749,11,-19,1,0,0
2750,22,-6,1,0,0
2751,18,12,1,0,0
2752,3,21,1,0,0
2753,-15,13,1,0,0
2754,-19,-7,1,0,0
2755,-3,-21,1,0,0
2756,17,-13,1,0,0
2757,19,9,1,0,0
2758,0,18,1,0,0
2759,-14,4,1,0,0
2760,-5,-9,1,0,0
2761,6,-6,1,0,0
2762,4,2,1,0,0
2763,1,1,1,0,0
2764,0,0,1,0,0
2765,0,0,1,0,0
2766,-3,1,1,0,0
2767,-5,-7,1,0,0
2768,6,-10,1,0,0
2769,15,3,1,0,0
2770,1,17,1,0,0
2771,-18,8,1,0,0
2772,-16,-14,1,0,0
2773,4,-22,1,0,0
2774,20,-8,1,0,0
2775,16,12,1,0,0
2776,-2,20,1,0,0
2777,-17,11,1,0,0
2778,-21,-7,1,0,0
2779,-10,-20,1,0,0
2780,6,-22,1,0,0
2781,18,-12,1,0,0
2782,21,3,1,0,0
2783,15,15,1,0,0
2784,4,20,1,0,0
2785,-7,19,1,0,0
2786,-16,12,1,0,0
2787,-20,4,1,0,0
2788,-21,-5,1,0,0
2789,-18,-12,1,0,0
2790,-13,-17,1,0,0
2791,-8,-20,1,0,0
2792,-4,-22,1,0,0
2793,0,-22,1,0,0
2794,4,-22,1,0,0
2795,5,-21,1,0,0
2796,5,-19,1,0,0
2797,5,-15,1,0,0
2798,4,-12,1,0,0
2799,2,-8,1,0,0
2800,0,-4,1,0,0
2801,0,-2,1,0,0
2802,0,0,1,0,0
2803,0,2,1,0,0
2804,0,4,1,0,0
2805,-2,8,1,0,0
2806,-4,12,1,0,0
2807,-5,15,1,0,0
2808,-5,19,1,0,0
2809,-5,21,1,0,0
2810,-4,22,1,0,0
2811,0,22,1,0,0
2812,4,22,1,0,0
2813,8,20,1,0,0
2814,13,17,1,0,0
2815,18,12,1,0,0
2816,21,5,1,0,0
2817,20,-4,1,0,0
2818,16,-12,1,0,0
2819,7,-19,1,0,0
2820,-4,-20,1,0,0
2821,-15,-15,1,0,0
2822,-21,-3,1,0,0
2823,-18,12,1,0,0
2824,-6,22,1,0,0
2825,10,20,1,0,0
2826,21,7,1,0,0
2827,17,-11,1,0,0
2828,2,-20,1,0,0
2829,-16,-12,1,0,0
2830,-20,8,1,0,0
2831,-4,22,1,0,0
2832,16,14,1,0,0
2833,18,-8,1,0,0
2834,-1,-17,1,0,0
2835,-15,-3,1,0,0
2836,-6,10,1,0,0
2837,5,7,1,0,0
2838,3,-1,1,0,0
2839,0,0,1,0,0
2840,0,0,1,0,0
2841,0,0,1,0,0
2842,0,0,1,0,0
2843,0,0,1,0,0
2844,0,0,1,0,0
2845,0,0,1,0,0
2846,0,0,1,0,0
2847,0,0,1,0,0
2848,0,0,1,0,0
2849,0,0,1,0,0
2850,0,0,1,0,0
2851,-1,-1,1,0,0
2852,-4,-2,1,0,0
2853,-6,6,1,0,0
2854,5,9,1,0,0
2855,14,-4,1,0,0
2856,0,-18,1,0,0
2857,-19,-9,1,0,0
2858,-17,13,1,0,0
2859,3,21,1,0,0
2860,19,7,1,0,0
2861,15,-13,1,0,0
2862,-3,-21,1,0,0
2863,-18,-12,1,0,0
2864,-22,6,1,0,0
2865,-11,19,1,0,0
2866,5,21,1,0,0
2867,17,11,1,0,0
2868,20,-4,1,0,0
2869,15,-15,1,0,0
2870,3,-21,1,0,0
2871,-8,-20,1,0,0
2872,-17,-13,1,0,0
2873,-21,-5,1,0,0
2874,-22,4,1,0,0
2875,-19,11,1,0,0
2876,-14,16,1,0,0
2877,-9,19,1,0,0
2878,-5,21,1,0,0
2879,-1,21,1,0,0
2880,3,21,1,0,0
2881,4,20,1,0,0
2882,4,18,1,0,0
2883,4,14,1,0,0
2884,3,11,1,0,0
2885,1,7,1,0,0
2886,-1,3,1,0,0
2887,-1,1,1,0,0
2888,0,0,1,0,0
2889,1,-1,1,0,0
2890,1,-3,1,0,0
2891,-1,-7,1,0,0
2892,-3,-11,1,0,0
2893,-4,-14,1,0,0
2894,-4,-18,1,0,0
2895,-4,-20,1,0,0
2896,-3,-21,1,0,0
2897,1,-21,1,0,0
2898,5,-21,1,0,0
2899,9,-19,1,0,0
2900,14,-16,1,0,0
2901,19,-11,1,0,0
2902,22,-4,1,0,0
2903,21,5,1,0,0
2904,17,13,1,0,0
2905,8,20,1,0,0
2906,-3,21,1,0,0
2907,-15,15,1,0,0
2908,-20,4,1,0,0
2909,-17,-11,1,0,0
2910,-5,-21,1,0,0
2911,11,-19,1,0,0
2912,22,-6,1,0,0
2913,18,12,1,0,0
2914,3,21,1,0,0
2915,-15,13,1,0,0
2916,-19,-7,1,0,0
2917,-3,-21,1,0,0
2918,17,-13,1,0,0
2919,19,9,1,0,0
2920,0,18,1,0,0
2921,-14,4,1,0,0
2922,-5,-9,1,0,0
2923,6,-6,1,0,0
2924,4,2,1,0,0
2925,1,1,1,0,0
2926,0,0,1,0,0
2927,0,0,1,0,0
2928,3,-1,1,0,0
2929,5,7,1,0,0
2930,-6,10,1,0,0
2931,-15,-3,1,0,0
2932,-1,-17,1,0,0
2933,18,-8,1,0,0
2934,16,14,1,0,0
2935,-4,22,1,0,0
2936,-20,8,1,0,0
2937,-16,-12,1,0,0
2938,2,-20,1,0,0
2939,17,-11,1,0,0
2940,21,7,1,0,0
2941,10,20,1,0,0
2942,-6,22,1,0,0
2943,-18,12,1,0,0
2944,-21,-3,1,0,0
2945,-15,-15,1,0,0
2946,-4,-20,1,0,0
2947,7,-19,1,0,0
2948,16,-12,1,0,0
2949,20,-4,1,0,0
2950,21,5,1,0,0
2951,18,12,1,0,0
2952,13,17,1,0,0
2953,8,20,1,0,0
2954,4,22,1,0,0
2955,0,22,1,0,0
2956,-4,22,1,0,0
2957,-5,21,1,0,0
2958,-5,19,1,0,0
2959,-5,15,1,0,0
2960,-4,12,1,0,0
2961,-2,8,1,0,0
2962,0,4,1,0,0
2963,0,2,1,0,0
2964,0,0,1,0,0
2965,0,2,1,0,0
2966,0,4,1,0,0
2967,-2,8,1,0,0
2968,-4,12,1,0,0
2969,-5,15,1,0,0
2970,-5,19,1,0,0
2971,-5,21,1,0,0
2972,-4,22,1,0,0
2973,0,22,1,0,0
2974,4,22,1,0,0
2975,8,20,1,0,0
2976,13,17,1,0,0
2977,18,12,1,0,0
2978,21,5,1,0,0
2979,20,-4,1,0,0
2980,16,-12,1,0,0
2981,7,-19,1,0,0
2982,-4,-20,1,0,0
2983,-15,-15,1,0,0
2984,-21,-3,1,0,0
2985,-18,12,1,0,0
2986,-6,22,1,0,0
2987,10,20,1,0,0
2988,21,7,1,0,0
2989,17,-11,1,0,0
2990,2,-20,1,0,0
2991,-16,-12,1,0,0
2992,-20,8,1,0,0
2993,-4,22,1,0,0
2994,16,14,1,0,0
2995,18,-8,1,0,0
2996,-1,-17,1,0,0
2997,-15,-3,1,0,0
2998,-6,10,1,0,0
2999,5,7,1,0,0
3000,3,-1,1,0,0
3001,0,0,1,0,0
3002,0,0,1,0,0
3003,0,0,1,0,0
3004,0,0,1,0,0
3005,0,0,1,0,0
3006,0,0,1,0,0
3007,0,0,1,0,0
3008,0,0,1,0,0
3009,0,0,1,0,0
3010,0,0,1,0,0
3011,0,0,1,0,0
3012,0,0,1,0,0
3013,0,0,1,0,0
3014,0,0,1,0,0
3015,0,0,1,0,0
3016,0,0,1,0,0
3017,0,0,1,0,0
3018,0,0,1,0,0
3019,0,0,1,0,0
3020,0,0,1,0,0
3021,0,0,1,0,0
3022,0,0,1,0,0
3023,0,0,1,0,0
3024,0,0,1,0,0
3025,0,0,1,0,0
3026,0,0,1,0,0
3027,0,0,1,0,0
3028,0,0,1,0,0
3029,0,0,1,0,0
3030,0,0,1,0,0
3031,0,0,1,0,0
3032,0,0,1,0,0
3033,0,0,1,0,0
3034,0,0,1,0,0
3035,0,0,1,0,0
3036,0,0,1,0,0
3037,0,0,1,0,0
3038,0,0,1,0,0
3039,0,0,1,0,0
3040,0,0,1,0,0
3041,0,0,1,0,0
3042,0,0,1,0,0
3043,0,0,1,0,0
3044,0,0,1,0,0
3045,0,0,1,0,0
3046,0,0,1,0,0
3047,0,0,1,0,0
3048,0,0,1,0,0
3049,0,0,1,0,0
3050,0,0,1,0,0
3051,0,0,1,0,0
3052,0,0,1,0,0
3053,0,0,1,0,0
3054,0,0,1,0,0
3055,0,0,1,0,0
3056,0,0,1,0,0
3057,0,0,1,0,0
3058,0,0,1,0,0
3059,0,0,1,0,0
3060,0,0,1,0,0
3061,0,0,1,0,0
3062,0,0,1,0,0
3063,0,0,1,0,0
3064,0,0,1,0,0
3065,0,0,1,0,0
3066,0,0,1,0,0
3067,0,0,1,0,0
3068,0,0,1,0,0
3069,0,0,1,0,0
3070,0,0,1,0,0
3071,0,0,1,0,0
3072,0,0,1,0,0
3073,-1,-1,1,0,0
3074,-4,-2,1,0,0
3075,-6,6,1,0,0
3076,5,9,1,0,0
3077,14,-4,1,0,0
3078,0,-18,1,0,0
3079,-19,-9,1,0,0
3080,-17,13,1,0,0
3081,3,21,1,0,0
3082,19,7,1,0,0
3083,15,-13,1,0,0
3084,-3,-21,1,0,0
3085,-18,-12,1,0,0
3086,-22,6,1,0,0
3087,-11,19,1,0,0
3088,5,21,1,0,0
3089,17,11,1,0,0
3090,20,-4,1,0,0
3091,15,-15,1,0,0
3092,3,-21,1,0,0
3093,-8,-20,1,0,0
3094,-17,-13,1,0,0
3095,-21,-5,1,0,0
3096,-22,4,1,0,0
3097,-19,11,1,0,0
3098,-14,16,1,0,0
3099,-9,19,1,0,0
3100,-5,21,1,0,0
3101,-1,21,1,0,0
3102,3,21,1,0,0
3103,4,20,1,0,0
3104,4,18,1,0,0
3105,4,14,1,0,0
3106,3,11,1,0,0
3107,1,7,1,0,0
3108,-1,3,1,0,0
3109,-1,1,1,0,0
3110,0,0,1,0,0
3111,1,-1,1,0,0
3112,1,-3,1,0,0
3113,-1,-7,1,0,0
3114,-3,-11,1,0,0
3115,-4,-14,1,0,0
3116,-4,-18,1,0,0
3117,-4,-20,1,0,0
3118,-3,-21,1,0,0
3119,1,-21,1,0,0
3120,5,-21,1,0,0
3121,9,-19,1,0,0
3122,14,-16,1,0,0
3123,19,-11,1,0,0
3124,22,-4,1,0,0
3125,21,5,1,0,0
3126,17,13,1,0,0
3127,8,20,1,0,0
3128,-3,21,1,0,0
3129,-15,15,1,0,0
3130,-20,4,1,0,0
3131,-17,-11,1,0,0
3132,-5,-21,1,0,0
3133,11,-19,1,0,0
3134,22,-6,1,0,0
3135,18,12,1,0,0
3136,3,21,1,0,0
3137,-15,13,1,0,0
3138,-19,-7,1,0,0
3139,-3,-21,1,0,0
3140,17,-13,1,0,0
3141,19,9,1,0,0
3142,0,18,1,0,0
3143,-14,4,1,0,0
3144,-5,-9,1,0,0
3145,6,-6,1,0,0
3146,4,2,1,0,0
3147,1,1,1,0,0
3148,0,0,1,0,0
3149,0,0,1,0,0
3150,-3,1,1,0,0
3151,-5,-7,1,0,0
3152,6,-10,1,0,0
3153,15,3,1,0,0
3154,1,17,1,0,0
3155,-18,8,1,0,0
3156,-16,-14,1,0,0
3157,4,-22,1,0,0
3158,20,-8,1,0,0
3159,16,12,1,0,0
3160,-2,20,1,0,0
3161,-17,11,1,0,0
3162,-21,-7,1,0,0
3163,-10,-20,1,0,0
3164,6,-22,1,0,0
3165,18,-12,1,0,0
3166,21,3,1,0,0
3167,15,15,1,0,0
3168,4,20,1,0,0
3169,-7,19,1,0,0
3170,-16,12,1,0,0
3171,-20,4,1,0,0
3172,-21,-5,1,0,0
3173,-18,-12,1,0,0
3174,-13,-17,1,0,0
3175,-8,-20,1,0,0
3176,-4,-22,1,0,0
3177,0,-22,1,0,0
3178,4,-22,1,0,0
3179,5,-21,1,0,0
3180,5,-19,1,0,0
3181,5,-15,1,0,0
3182,4,-12,1,0,0
3183,2,-8,1,0,0
3184,0,-4,1,0,0
3185,0,-2,1,0,0
3186,0,0,1,0,0
3187,0,-2,1,0,0
3188,0,-4,1,0,0
3189,2,-8,1,0,0
3190,4,-12,1,0,0
3191,5,-15,1,0,0
3192,5,-19,1,0,0
3193,5,-21,1,0,0
3194,4,-22,1,0,0
3195,0,-22,1,0,0
3196,-4,-22,1,0,0
3197,-8,-20,1,0,0
3198,-13,-17,1,0,0
3199,-18,-12,1,0,0
3200,-21,-5,1,0,0
3201,-20,4,1,0,0
3202,-16,12,1,0,0
3203,-7,19,1,0,0
3204,4,20,1,0,0
3205,15,15,1,0,0
3206,21,3,1,0,0
3207,18,-12,1,0,0
3208,6,-22,1,0,0
3209,-10,-20,1,0,0
3210,-21,-7,1,0,0
3211,-17,11,1,0,0
3212,-2,20,1,0,0
3213,16,12,1,0,0
3214,20,-8,1,0,0
3215,4,-22,1,0,0
3216,-16,-14,1,0,0
3217,-18,8,1,0,0
3218,1,17,1,0,0
3219,15,3,1,0,0
3220,6,-10,1,0,0
3221,-5,-7,1,0,0
3222,-3,1,1,0,0
3223,0,0,1,0,0
3224,0,0,1,0,0
3225,0,0,1,0,0
3226,0,0,1,0,0
3227,0,0,1,0,0
3228,0,0,1,0,0
3229,0,0,1,0,0
3230,0,0,1,0,0
3231,0,0,1,0,0
3232,0,0,1,0,0
3233,0,0,1,0,0
3234,0,0,1,0,0
3235,-1,-1,1,0,0
3236,-4,-2,1,0,0
3237,-6,6,1,0,0
3238,5,9,1,0,0
3239,14,-4,1,0,0
3240,0,-18,1,0,0
3241,-19,-9,1,0,0
3242,-17,13,1,0,0
3243,3,21,1,0,0
3244,19,7,1,0,0
3245,15,-13,1,0,0
3246,-3,-21,1,0,0
3247,-18,-12,1,0,0
3248,-22,6,1,0,0
3249,-11,19,1,0,0
3250,5,21,1,0,0
3251,17,11,1,0,0
3252,20,-4,1,0,0
3253,15,-15,1,0,0
3254,3,-21,1,0,0
3255,-8,-20,1,0,0
3256,-17,-13,1,0,0
3257,-21,-5,1,0,0
3258,-22,4,1,0,0
3259,-19,11,1,0,0
3260,-14,16,1,0,0
3261,-9,19,1,0,0
3262,-5,21,1,0,0
3263,-1,21,1,0,0
3264,3,21,1,0,0
3265,4,20,1,0,0
3266,4,18,1,0,0
3267,4,14,1,0,0
3268,3,11,1,0,0
3269,1,7,1,0,0
3270,-1,3,1,0,0
3271,-1,1,1,0,0
3272,0,0,1,0,0
3273,1,-1,1,0,0
3274,1,-3,1,0,0
3275,-1,-7,1,0,0
3276,-3,-11,1,0,0
3277,-4,-14,1,0,0
3278,-4,-18,1,0,0
3279,-4,-20,1,0,0
3280,-3,-21,1,0,0
3281,1,-21,1,0,0
3282,5,-21,1,0,0
3283,9,-19,1,0,0
3284,14,-16,1,0,0
3285,19,-11,1,0,0
3286,22,-4,1,0,0
3287,21,5,1,0,0
3288,17,13,1,0,0
3289,8,20,1,0,0
3290,-3,21,1,0,0
3291,-15,15,1,0,0
3292,-20,4,1,0,0
3293,-17,-11,1,0,0
3294,-5,-21,1,0,0
3295,11,-19,1,0,0
3296,22,-6,1,0,0
3297,18,12,1,0,0
3298,3,21,1,0,0
3299,-15,13,1,0,0
3300,-19,-7,1,0,0
3301,-3,-21,1,0,0
3302,17,-13,1,0,0
3303,19,9,1,0,0
3304,0,18,1,0,0
3305,-14,4,1,0,0
3306,-5,-9,1,0,0
3307,6,-6,1,0,0
3308,4,2,1,0,0
3309,1,1,1,0,0
3310,0,0,1,0,0
3311,0,0,1,0,0
3312,3,-1,1,0,0
3313,5,7,1,0,0
3314,-6,10,1,0,0
3315,-15,-3,1,0,0
3316,-1,-17,1,0,0
3317,18,-8,1,0,0
3318,16,14,1,0,0
3319,-4,22,1,0,0
3320,-20,8,1,0,0
3321,-16,-12,1,0,0
3322,2,-20,1,0,0
3323,17,-11,1,0,0
3324,21,7,1,0,0
3325,10,20,1,0,0
3326,-6,22,1,0,0
3327,-18,12,1,0,0
3328,-21,-3,1,0,0
3329,-15,-15,1,0,0
3330,-4,-20,1,0,0
3331,7,-19,1,0,0
3332,16,-12,1,0,0
3333,20,-4,1,0,0
3334,21,5,1,0,0
3335,18,12,1,0,0
3336,13,17,1,0,0
3337,8,20,1,0,0
3338,4,22,1,0,0
3339,0,22,1,0,0
3340,-4,22,1,0,0
3341,-5,21,1,0,0
3342,-5,19,1,0,0
3343,-5,15,1,0,0
3344,-4,12,1,0,0
3345,-2,8,1,0,0
3346,0,4,1,0,0
3347,0,2,1,0,0
3348,0,0,1,0,0
3349,0,-2,1,0,0
3350,0,-4,1,0,0
3351,2,-8,1,0,0
3352,4,-12,1,0,0
3353,5,-15,1,0,0
3354,5,-19,1,0,0
3355,5,-21,1,0,0
3356,4,-22,1,0,0
3357,0,-22,1,0,0
3358,-4,-22,1,0,0
3359,-8,-20,1,0,0
3360,-13,-17,1,0,0
3361,-18,-12,1,0,0
3362,-21,-5,1,0,0
3363,-20,4,1,0,0
3364,-16,12,1,0,0
3365,-7,19,1,0,0
3366,4,20,1,0,0
3367,15,15,1,0,0
3368,21,3,1,0,0
3369,18,-12,1,0,0
3370,6,-22,1,0,0
3371,-10,-20,1,0,0
3372,-21,-7,1,0,0
3373,-17,11,1,0,0
3374,-2,20,1,0,0
3375,16,12,1,0,0
3376,20,-8,1,0,0
3377,4,-22,1,0,0
3378,-16,-14,1,0,0
3379,-18,8,1,0,0
3380,1,17,1,0,0
3381,15,3,1,0,0
3382,6,-10,1,0,0
3383,-5,-7,1,0,0
3384,-3,1,1,0,0
3385,0,0,1,0,0
3386,0,0,1,0,0
3387,0,0,1,0,0
3388,0,0,1,0,0
3389,0,0,1,0,0
3390,0,0,1,0,0
3391,0,0,1,0,0
3392,0,0,1,0,0
3393,0,0,1,0,0
3394,0,0,1,0,0
3395,0,0,1,0,0
3396,0,0,1,0,0
3397,0,0,1,0,0
3398,0,0,1,0,0
3399,0,0,1,0,0
3400,0,0,1,0,0
3401,0,0,1,0,0
3402,0,0,1,0,0
3403,0,0,1,0,0
3404,0,0,1,0,0
3405,0,0,1,0,0
3406,0,0,1,0,0
3407,0,0,1,0,0
3408,0,0,1,0,0
3409,0,0,1,0,0
3410,0,0,1,0,0
3411,0,0,1,0,0
3412,0,0,1,0,0
3413,0,0,1,0,0
3414,0,0,1,0,0
3415,0,0,1,0,0
3416,0,0,1,0,0
3417,0,0,1,0,0
3418,0,0,1,0,0
3419,0,0,1,0,0
3420,0,0,1,0,0
3421,0,0,1,0,0
3422,0,0,1,0,0
3423,0,0,1,0,0
3424,0,0,1,0,0
3425,0,0,1,0,0
3426,0,0,1,0,0
3427,0,0,1,0,0
3428,0,0,1,0,0
3429,0,0,1,0,0
3430,0,0,1,0,0
3431,0,0,1,0,0
3432,0,0,1,0,0
3433,0,0,1,0,0
3434,0,0,1,0,0
3435,0,0,1,0,0
3436,0,0,1,0,0
3437,0,0,1,0,0
3438,0,0,1,0,0
3439,0,0,1,0,0
3440,0,0,1,0,0
3441,0,0,1,0,0
3442,0,0,1,0,0
3443,0,0,1,0,0
3444,0,0,1,0,0
3445,0,0,1,0,0
3446,0,0,1,0,0
3447,0,0,1,0,0
3448,0,0,1,0,0
3449,0,0,1,0,0
3450,0,0,1,0,0
3451,0,0,1,0,0
3452,0,0,1,0,0
3453,0,0,1,0,0
3454,0,0,1,0,0
3455,0,0,1,0,0
3456,0,0,1,0,0
3457,-1,1,1,0,0
3458,-2,4,1,0,0
3459,6,6,1,0,0
3460,9,-5,1,0,0
3461,-4,-14,1,0,0
3462,-18,0,1,0,0
3463,-9,19,1,0,0
3464,13,17,1,0,0
3465,21,-3,1,0,0
3466,7,-19,1,0,0
3467,-13,-15,1,0,0
3468,-21,3,1,0,0
3469,-12,18,1,0,0
3470,6,22,1,0,0
3471,19,11,1,0,0
3472,21,-5,1,0,0
3473,11,-17,1,0,0
3474,-4,-20,1,0,0
3475,-15,-15,1,0,0
3476,-21,-3,1,0,0
3477,-20,8,1,0,0
3478,-13,17,1,0,0
3479,-5,21,1,0,0
3480,4,22,1,0,0
3481,11,19,1,0,0
3482,16,14,1,0,0
3483,19,9,1,0,0
3484,21,5,1,0,0
3485,21,1,1,0,0
3486,21,-3,1,0,0
3487,20,-4,1,0,0
3488,18,-4,1,0,0
3489,14,-4,1,0,0
3490,11,-3,1,0,0
3491,7,-1,1,0,0
3492,3,1,1,0,0
3493,1,1,1,0,0
3494,0,0,1,0,0
3495,-1,-1,1,0,0
3496,-3,-1,1,0,0
3497,-7,1,1,0,0
3498,-11,3,1,0,0
3499,-14,4,1,0,0
3500,-18,4,1,0,0
3501,-20,4,1,0,0
3502,-21,3,1,0,0
3503,-21,-1,1,0,0
3504,-21,-5,1,0,0
3505,-19,-9,1,0,0
3506,-16,-14,1,0,0
3507,-11,-19,1,0,0
3508,-4,-22,1,0,0
3509,5,-21,1,0,0
3510,13,-17,1,0,0
3511,20,-8,1,0,0
3512,21,3,1,0,0
3513,15,15,1,0,0
3514,4,20,1,0,0
3515,-11,17,1,0,0
3516,-21,5,1,0,0
3517,-19,-11,1,0,0
3518,-6,-22,1,0,0
3519,12,-18,1,0,0
3520,21,-3,1,0,0
3521,13,15,1,0,0
3522,-7,19,1,0,0
3523,-21,3,1,0,0
3524,-13,-17,1,0,0
3525,9,-19,1,0,0
3526,18,0,1,0,0
3527,4,14,1,0,0
3528,-9,5,1,0,0
3529,-6,-6,1,0,0
3530,2,-4,1,0,0
3531,1,-1,1,0,0
3532,0,0,1,0,0
3533,0,0,1,0,0
3534,-3,1,1,0,0
3535,-5,-7,1,0,0
3536,6,-10,1,0,0
3537,15,3,1,0,0
3538,1,17,1,0,0
3539,-18,8,1,0,0
3540,-16,-14,1,0,0
3541,4,-22,1,0,0
3542,20,-8,1,0,0
3543,16,12,1,0,0
3544,-2,20,1,0,0
3545,-17,11,1,0,0
3546,-21,-7,1,0,0
3547,-10,-20,1,0,0
3548,6,-22,1,0,0
3549,18,-12,1,0,0
3550,21,3,1,0,0
3551,15,15,1,0,0
3552,4,20,1,0,0
3553,-7,19,1,0,0
3554,-16,12,1,0,0
3555,-20,4,1,0,0
3556,-21,-5,1,0,0
3557,-18,-12,1,0,0
3558,-13,-17,1,0,0
3559,-8,-20,1,0,0
3560,-4,-22,1,0,0
3561,0,-22,1,0,0
3562,4,-22,1,0,0
3563,5,-21,1,0,0
3564,5,-19,1,0,0
3565,5,-15,1,0,0
3566,4,-12,1,0,0
3567,2,-8,1,0,0
3568,0,-4,1,0,0
3569,0,-2,1,0,0
3570,0,0,1,0,0
3571,0,-2,1,0,0
3572,0,-4,1,0,0
3573,2,-8,1,0,0
3574,4,-12,1,0,0
3575,5,-15,1,0,0
3576,5,-19,1,0,0
3577,5,-21,1,0,0
3578,4,-22,1,0,0
3579,0,-22,1,0,0
3580,-4,-22,1,0,0
3581,-8,-20,1,0,0
3582,-13,-17,1,0,0
3583,-18,-12,1,0,0
3584,-21,-5,1,0,0
3585,-20,4,1,0,0
3586,-16,12,1,0,0
3587,-7,19,1,0,0
3588,4,20,1,0,0
3589,15,15,1,0,0
3590,21,3,1,0,0
3591,18,-12,1,0,0
3592,6,-22,1,0,0
3593,-10,-20,1,0,0
3594,-21,-7,1,0,0
3595,-17,11,1,0,0
3596,-2,20,1,0,0
3597,16,12,1,0,0
3598,20,-8,1,0,0
3599,4,-22,1,0,0
3600,-16,-14,1,0,0
3601,-18,8,1,0,0
3602,1,17,1,0,0
3603,15,3,1,0,0
3604,6,-10,1,0,0
3605,-5,-7,1,0,0
3606,-3,1,1,0,0
3607,0,0,1,0,0
3608,0,0,1,0,0
3609,0,0,1,0,0
3610,0,0,1,0,0
3611,0,0,1,0,0
3612,0,0,1,0,0
3613,0,0,1,0,0
3614,0,0,1,0,0
3615,0,0,1,0,0
3616,0,0,1,0,0
3617,0,0,1,0,0
3618,0,0,1,0,0
3619,-1,1,1,0,0
3620,-2,4,1,0,0
3621,6,6,1,0,0
3622,9,-5,1,0,0
3623,-4,-14,1,0,0
3624,-18,0,1,0,0
3625,-9,19,1,0,0
3626,13,17,1,0,0
3627,21,-3,1,0,0
3628,7,-19,1,0,0
3629,-13,-15,1,0,0
3630,-21,3,1,0,0
3631,-12,18,1,0,0
3632,6,22,1,0,0
3633,19,11,1,0,0
3634,21,-5,1,0,0
3635,11,-17,1,0,0
3636,-4,-20,1,0,0
3637,-15,-15,1,0,0
3638,-21,-3,1,0,0
3639,-20,8,1,0,0
3640,-13,17,1,0,0
3641,-5,21,1,0,0
3642,4,22,1,0,0
3643,11,19,1,0,0
3644,16,14,1,0,0
3645,19,9,1,0,0
3646,21,5,1,0,0
3647,21,1,1,0,0
3648,21,-3,1,0,0
3649,20,-4,1,0,0
3650,18,-4,1,0,0
3651,14,-4,1,0,0
3652,11,-3,1,0,0
3653,7,-1,1,0,0
3654,3,1,1,0,0
3655,1,1,1,0,0
3656,0,0,1,0,0
3657,-1,-1,1,0,0
3658,-3,-1,1,0,0
3659,-7,1,1,0,0
3660,-11,3,1,0,0
3661,-14,4,1,0,0
3662,-18,4,1,0,0
3663,-20,4,1,0,0
3664,-21,3,1,0,0
3665,-21,-1,1,0,0
3666,-21,-5,1,0,0
3667,-19,-9,1,0,0
3668,-16,-14,1,0,0
3669,-11,-19,1,0,0
3670,-4,-22,1,0,0
3671,5,-21,1,0,0
3672,13,-17,1,0,0
3673,20,-8,1,0,0
3674,21,3,1,0,0
3675,15,15,1,0,0
3676,4,20,1,0,0
3677,-11,17,1,0,0
3678,-21,5,1,0,0
3679,-19,-11,1,0,0
3680,-6,-22,1,0,0
3681,12,-18,1,0,0
3682,21,-3,1,0,0
3683,13,15,1,0,0
3684,-7,19,1,0,0
3685,-21,3,1,0,0
3686,-13,-17,1,0,0
3687,9,-19,1,0,0
3688,18,0,1,0,0
3689,4,14,1,0,0
3690,-9,5,1,0,0
3691,-6,-6,1,0,0
3692,2,-4,1,0,0
3693,1,-1,1,0,0
3694,0,0,1,0,0
3695,0,0,1,0,0
3696,1,3,1,0,0
3697,-7,5,1,0,0
3698,-10,-6,1,0,0
3699,3,-15,1,0,0
3700,17,-1,1,0,0
3701,8,18,1,0,0
3702,-14,16,1,0,0
3703,-22,-4,1,0,0
3704,-8,-20,1,0,0
3705,12,-16,1,0,0
3706,20,2,1,0,0
3707,11,17,1,0,0
3708,-7,21,1,0,0
3709,-20,10,1,0,0
3710,-22,-6,1,0,0
3711,-12,-18,1,0,0
3712,3,-21,1,0,0
3713,15,-15,1,0,0
3714,20,-4,1,0,0
3715,19,7,1,0,0
3716,12,16,1,0,0
3717,4,20,1,0,0
3718,-5,21,1,0,0
3719,-12,18,1,0,0
3720,-17,13,1,0,0
3721,-20,8,1,0,0
3722,-22,4,1,0,0
3723,-22,0,1,0,0
3724,-22,-4,1,0,0
3725,-21,-5,1,0,0
3726,-19,-5,1,0,0
3727,-15,-5,1,0,0
3728,-12,-4,1,0,0
3729,-8,-2,1,0,0
3730,-4,0,1,0,0
3731,-2,0,1,0,0
3732,0,0,1,0,0
3733,2,0,1,0,0
3734,4,0,1,0,0
3735,8,2,1,0,0
3736,12,4,1,0,0
3737,15,5,1,0,0
3738,19,5,1,0,0
3739,21,5,1,0,0
3740,22,4,1,0,0
3741,22,0,1,0,0
3742,22,-4,1,0,0
3743,20,-8,1,0,0
3744,17,-13,1,0,0
3745,12,-18,1,0,0
3746,5,-21,1,0,0
3747,-4,-20,1,0,0
3748,-12,-16,1,0,0
3749,-19,-7,1,0,0
3750,-20,4,1,0,0
3751,-15,15,1,0,0
3752,-3,21,1,0,0
3753,12,18,1,0,0
3754,22,6,1,0,0
3755,20,-10,1,0,0
3756,7,-21,1,0,0
3757,-11,-17,1,0,0
3758,-20,-2,1,0,0
3759,-12,16,1,0,0
3760,8,20,1,0,0
3761,22,4,1,0,0
3762,14,-16,1,0,0
3763,-8,-18,1,0,0
3764,-17,1,1,0,0
3765,-3,15,1,0,0
3766,10,6,1,0,0
3767,7,-5,1,0,0
3768,-1,-3,1,0,0
3769,0,0,1,0,0
3770,0,0,1,0,0
3771,0,0,1,0,0
3772,0,0,1,0,0
3773,0,0,1,0,0
3774,0,0,1,0,0
3775,0,0,1,0,0
3776,0,0,1,0,0
3777,0,0,1,0,0
3778,0,0,1,0,0
3779,0,0,1,0,0
3780,0,0,1,0,0
3781,0,0,1,0,0
3782,0,0,1,0,0
3783,0,0,1,0,0
3784,0,0,1,0,0
3785,0,0,1,0,0
3786,0,0,1,0,0
3787,0,0,1,0,0
3788,0,0,1,0,0
3789,0,0,1,0,0
3790,0,0,1,0,0
3791,0,0,1,0,0
3792,0,0,1,0,0
3793,0,0,1,0,0
3794,0,0,1,0,0
3795,0,0,1,0,0
3796,0,0,1,0,0
3797,0,0,1,0,0
3798,0,0,1,0,0
3799,0,0,1,0,0
3800,0,0,1,0,0
3801,0,0,1,0,0
3802,0,0,1,0,0
3803,0,0,1,0,0
3804,0,0,1,0,0
3805,0,0,1,0,0
3806,0,0,1,0,0
3807,0,0,1,0,0
3808,0,0,1,0,0
3809,0,0,1,0,0
3810,0,0,1,0,0
3811,0,0,1,0,0
3812,0,0,1,0,0
3813,0,0,1,0,0
3814,0,0,1,0,0
3815,0,0,1,0,0
3816,0,0,1,0,0
3817,0,0,1,0,0
3818,0,0,1,0,0
3819,0,0,1,0,0
3820,0,0,1,0,0
3821,0,0,1,0,0
3822,0,0,1,0,0
3823,0,0,1,0,0
3824,0,0,1,0,0
3825,0,0,1,0,0
3826,0,0,1,0,0
3827,0,0,1,0,0
3828,0,0,1,0,0
3829,0,0,1,0,0
3830,0,0,1,0,0
3831,0,0,1,0,0
3832,0,0,1,0,0
3833,0,0,1,0,0
3834,0,0,1,0,0
3835,0,0,1,0,0
3836,0,0,1,0,0
3837,0,0,1,0,0
3838,0,0,1,0,0
3839,0,0,1,0,0
3840,0,0,1,0,0
3841,-1,1,1,0,0
3842,-2,4,1,0,0
3843,6,6,1,0,0
3844,9,-5,1,0,0
3845,-4,-14,1,0,0
3846,-18,0,1,0,0
3847,-9,19,1,0,0
3848,13,17,1,0,0
3849,21,-3,1,0,0
3850,7,-19,1,0,0
3851,-13,-15,1,0,0
3852,-21,3,1,0,0
3853,-12,18,1,0,0
3854,6,22,1,0,0
3855,19,11,1,0,0
3856,21,-5,1,0,0
3857,11,-17,1,0,0
3858,-4,-20,1,0,0
3859,-15,-15,1,0,0
3860,-21,-3,1,0,0
3861,-20,8,1,0,0
3862,-13,17,1,0,0
3863,-5,21,1,0,0
3864,4,22,1,0,0
3865,11,19,1,0,0
3866,16,14,1,0,0
3867,19,9,1,0,0
3868,21,5,1,0,0
3869,21,1,1,0,0
3870,21,-3,1,0,0
3871,20,-4,1,0,0
3872,18,-4,1,0,0
3873,14,-4,1,0,0
3874,11,-3,1,0,0
3875,7,-1,1,0,0
3876,3,1,1,0,0
3877,1,1,1,0,0
3878,0,0,1,0,0
3879,-1,-1,1,0,0
3880,-3,-1,1,0,0
3881,-7,1,1,0,0
3882,-11,3,1,0,0
3883,-14,4,1,0,0
3884,-18,4,1,0,0
3885,-20,4,1,0,0
3886,-21,3,1,0,0
3887,-21,-1,1,0,0
3888,-21,-5,1,0,0
3889,-19,-9,1,0,0
3890,-16,-14,1,0,0
3891,-11,-19,1,0,0
3892,-4,-22,1,0,0
3893,5,-21,1,0,0
3894,13,-17,1,0,0
3895,20,-8,1,0,0
3896,21,3,1,0,0
3897,15,15,1,0,0
3898,4,20,1,0,0
3899,-11,17,1,0,0
3900,-21,5,1,0,0
3901,-19,-11,1,0,0
3902,-6,-22,1,0,0
3903,12,-18,1,0,0
3904,21,-3,1,0,0
3905,13,15,1,0,0
3906,-7,19,1,0,0
3907,-21,3,1,0,0
3908,-13,-17,1,0,0
3909,9,-19,1,0,0
3910,18,0,1,0,0
3911,4,14,1,0,0
3912,-9,5,1,0,0
3913,-6,-6,1,0,0
3914,2,-4,1,0,0
3915,1,-1,1,0,0
3916,0,0,1,0,0
3917,0,0,1,0,0
3918,-1,-3,1,0,0
3919,7,-5,1,0,0
3920,10,6,1,0,0
3921,-3,15,1,0,0
3922,-17,1,1,0,0
3923,-8,-18,1,0,0
3924,14,-16,1,0,0
3925,22,4,1,0,0
3926,8,20,1,0,0
3927,-12,16,1,0,0
3928,-20,-2,1,0,0
3929,-11,-17,1,0,0
3930,7,-21,1,0,0
3931,20,-10,1,0,0
3932,22,6,1,0,0
3933,12,18,1,0,0
3934,-3,21,1,0,0
3935,-15,15,1,0,0
3936,-20,4,1,0,0
3937,-19,-7,1,0,0
3938,-12,-16,1,0,0
3939,-4,-20,1,0,0
3940,5,-21,1,0,0
3941,12,-18,1,0,0
3942,17,-13,1,0,0
3943,20,-8,1,0,0
3944,22,-4,1,0,0
3945,22,0,1,0,0
3946,22,4,1,0,0
3947,21,5,1,0,0
3948,19,5,1,0,0
3949,15,5,1,0,0
3950,12,4,1,0,0
3951,8,2,1,0,0
3952,4,0,1,0,0
3953,2,0,1,0,0
3954,0,0,1,0,0
3955,2,0,1,0,0
3956,4,0,1,0,0
3957,8,2,1,0,0
3958,12,4,1,0,0
3959,15,5,1,0,0
3960,19,5,1,0,0
3961,21,5,1,0,0
3962,22,4,1,0,0
3963,22,0,1,0,0
3964,22,-4,1,0,0
3965,20,-8,1,0,0
3966,17,-13,1,0,0
3967,12,-18,1,0,0
3968,5,-21,1,0,0
3969,-4,-20,1,0,0
3970,-12,-16,1,0,0
3971,-19,-7,1,0,0
3972,-20,4,1,0,0
3973,-15,15,1,0,0
3974,-3,21,1,0,0
3975,12,18,1,0,0
3976,22,6,1,0,0
3977,20,-10,1,0,0
3978,7,-21,1,0,0
3979,-11,-17,1,0,0
3980,-20,-2,1,0,0
3981,-12,16,1,0,0
3982,8,20,1,0,0
3983,22,4,1,0,0
3984,14,-16,1,0,0
3985,-8,-18,1,0,0
3986,-17,1,1,0,0
3987,-3,15,1,0,0
3988,10,6,1,0,0
3989,7,-5,1,0,0
3990,-1,-3,1,0,0
3991,0,0,1,0,0
3992,0,0,1,0,0
3993,0,0,1,0,0
3994,0,0,1,0,0
3995,0,0,1,0,0
3996,0,0,1,0,0
3997,0,0,1,0,0
3998,0,0,1,0,0
3999,0,0,1,0,0
4000,0,0,1,0,0
4001,0,0,1,0,0
4002,0,0,1,0,0
4003,-1,-1,1,0,0
4004,-4,-2,1,0,0
4005,-6,6,1,0,0
4006,5,9,1,0,0
4007,14,-4,1,0,0
4008,0,-18,1,0,0
4009,-19,-9,1,0,0
4010,-17,13,1,0,0
4011,3,21,1,0,0
4012,19,7,1,0,0
4013,15,-13,1,0,0
4014,-3,-21,1,0,0
4015,-18,-12,1,0,0
4016,-22,6,1,0,0
4017,-11,19,1,0,0
4018,5,21,1,0,0
4019,17,11,1,0,0
4020,20,-4,1,0,0
4021,15,-15,1,0,0
4022,3,-21,1,0,0
4023,-8,-20,1,0,0
4024,-17,-13,1,0,0
4025,-21,-5,1,0,0
4026,-22,4,1,0,0
4027,-19,11,1,0,0
4028,-14,16,1,0,0
4029,-9,19,1,0,0
4030,-5,21,1,0,0
4031,-1,21,1,0,0
4032,3,21,1,0,0
4033,4,20,1,0,0
4034,4,18,1,0,0
4035,4,14,1,0,0
4036,3,11,1,0,0
4037,1,7,1,0,0
4038,-1,3,1,0,0
4039,-1,1,1,0,0
4040,0,0,1,0,0
4041,1,-1,1,0,0
4042,1,-3,1,0,0
4043,-1,-7,1,0,0
4044,-3,-11,1,0,0
4045,-4,-14,1,0,0
4046,-4,-18,1,0,0
4047,-4,-20,1,0,0
4048,-3,-21,1,0,0
4049,1,-21,1,0,0
4050,5,-21,1,0,0
4051,9,-19,1,0,0
4052,14,-16,1,0,0
4053,19,-11,1,0,0
4054,22,-4,1,0,0
4055,21,5,1,0,0
4056,17,13,1,0,0
4057,8,20,1,0,0
4058,-3,21,1,0,0
4059,-15,15,1,0,0
4060,-20,4,1,0,0
4061,-17,-11,1,0,0
4062,-5,-21,1,0,0
4063,11,-19,1,0,0
4064,22,-6,1,0,0
4065,18,12,1,0,0
4066,3,21,1,0,0
4067,-15,13,1,0,0
4068,-19,-7,1,0,0
4069,-3,-21,1,0,0
4070,17,-13,1,0,0
4071,19,9,1,0,0
4072,0,18,1,0,0
4073,-14,4,1,0,0
4074,-5,-9,1,0,0
4075,6,-6,1,0,0
4076,4,2,1,0,0
4077,1,1,1,0,0
4078,0,0,1,0,0
4079,0,0,1,0,0
4080,1,3,1,0,0
4081,-7,5,1,0,0
4082,-10,-6,1,0,0
4083,3,-15,1,0,0
4084,17,-1,1,0,0
4085,8,18,1,0,0
4086,-14,16,1,0,0
4087,-22,-4,1,0,0
4088,-8,-20,1,0,0
4089,12,-16,1,0,0
4090,20,2,1,0,0
4091,11,17,1,0,0
4092,-7,21,1,0,0
4093,-20,10,1,0,0
4094,-22,-6,1,0,0
4095,-12,-18,1,0,0
4096,3,-21,1,0,0
4097,15,-15,1,0,0
4098,20,-4,1,0,0
4099,19,7,1,0,0
4100,12,16,1,0,0
4101,4,20,1,0,0
4102,-5,21,1,0,0
4103,-12,18,1,0,0
4104,-17,13,1,0,0
4105,-20,8,1,0,0
4106,-22,4,1,0,0
4107,-22,0,1,0,0
4108,-22,-4,1,0,0
4109,-21,-5,1,0,0
4110,-19,-5,1,0,0
4111,-15,-5,1,0,0
4112,-12,-4,1,0,0
4113,-8,-2,1,0,0
4114,-4,0,1,0,0
4115,-2,0,1,0,0
4116,0,0,1,0,0
4117,2,0,1,0,0
4118,4,0,1,0,0
4119,8,2,1,0,0
4120,12,4,1,0,0
4121,15,5,1,0,0
4122,19,5,1,0,0
4123,21,5,1,0,0
4124,22,4,1,0,0
4125,22,0,1,0,0
4126,22,-4,1,0,0
4127,20,-8,1,0,0
4128,17,-13,1,0,0
4129,12,-18,1,0,0
4130,5,-21,1,0,0
4131,-4,-20,1,0,0
4132,-12,-16,1,0,0
4133,-19,-7,1,0,0
4134,-20,4,1,0,0
4135,-15,15,1,0,0
4136,-3,21,1,0,0
4137,12,18,1,0,0
4138,22,6,1,0,0
4139,20,-10,1,0,0
4140,7,-21,1,0,0
4141,-11,-17,1,0,0
4142,-20,-2,1,0,0
4143,-12,16,1,0,0
4144,8,20,1,0,0
4145,22,4,1,0,0
4146,14,-16,1,0,0
4147,-8,-18,1,0,0
4148,-17,1,1,0,0
4149,-3,15,1,0,0
4150,10,6,1,0,0
4151,7,-5,1,0,0
4152,-1,-3,1,0,0
4153,0,0,1,0,0
4154,0,0,1,0,0
4155,0,0,1,0,0
4156,0,0,1,0,0
4157,0,0,1,0,0
4158,0,0,1,0,0
4159,0,0,1,0,0
4160,0,0,1,0,0
4161,0,0,1,0,0
4162,0,0,1,0,0
4163,0,0,1,0,0
4164,0,0,1,0,0
4165,0,0,1,0,0
4166,0,0,1,0,0
4167,0,0,1,0,0
4168,0,0,1,0,0
4169,0,0,1,0,0
4170,0,0,1,0,0
4171,0,0,1,0,0
4172,0,0,1,0,0
4173,0,0,1,0,0
4174,0,0,1,0,0
4175,0,0,1,0,0
4176,0,0,1,0,0
4177,0,0,1,0,0
4178,0,0,1,0,0
4179,0,0,1,0,0
4180,0,0,1,0,0
4181,0,0,1,0,0
4182,0,0,1,0,0
4183,0,0,1,0,0
4184,0,0,1,0,0
4185,0,0,1,0,0
4186,0,0,1,0,0
4187,0,0,1,0,0
4188,0,0,1,0,0
4189,0,0,1,0,0
4190,0,0,1,0,0
4191,0,0,1,0,0
4192,0,0,1,0,0
4193,0,0,1,0,0
4194,0,0,1,0,0
4195,0,0,1,0,0
4196,0,0,1,0,0
4197,0,0,1,0,0
4198,0,0,1,0,0
4199,0,0,1,0,0
4200,0,0,1,0,0
4201,0,0,1,0,0
4202,0,0,1,0,0
4203,0,0,1,0,0
4204,0,0,1,0,0
4205,0,0,1,0,0
4206,0,0,1,0,0
4207,0,0,1,0,0
4208,0,0,1,0,0
4209,0,0,1,0,0
4210,0,0,1,0,0
4211,0,0,1,0,0
4212,0,0,1,0,0
4213,0,0,1,0,0
4214,0,0,1,0,0
4215,0,0,1,0,0
4216,0,0,1,0,0
4217,0,0,1,0,0
4218,0,0,1,0,0
4219,0,0,1,0,0
4220,0,0,1,0,0
4221,0,0,1,0,0
4222,0,0,1,0,0
4223,0,0,1,0,0
4224,0,0,1,0,0
4225,1,1,1,0,0
4226,4,2,1,0,0
4227,6,-6,1,0,0
4228,-5,-9,1,0,0
4229,-14,4,1,0,0
4230,0,18,1,0,0
4231,19,9,1,0,0
4232,17,-13,1,0,0
4233,-3,-21,1,0,0
4234,-19,-7,1,0,0
4235,-15,13,1,0,0
4236,3,21,1,0,0
4237,18,12,1,0,0
4238,22,-6,1,0,0
4239,11,-19,1,0,0
4240,-5,-21,1,0,0
4241,-17,-11,1,0,0
4242,-20,4,1,0,0
4243,-15,15,1,0,0
4244,-3,21,1,0,0
4245,8,20,1,0,0
4246,17,13,1,0,0
4247,21,5,1,0,0
4248,22,-4,1,0,0
4249,19,-11,1,0,0
4250,14,-16,1,0,0
4251,9,-19,1,0,0
4252,5,-21,1,0,0
4253,1,-21,1,0,0
4254,-3,-21,1,0,0
4255,-4,-20,1,0,0
4256,-4,-18,1,0,0
4257,-4,-14,1,0,0
4258,-3,-11,1,0,0
4259,-1,-7,1,0,0
4260,1,-3,1,0,0
4261,1,-1,1,0,0
4262,0,0,1,0,0
4263,-1,1,1,0,0
4264,-1,3,1,0,0
4265,1,7,1,0,0
4266,3,11,1,0,0
4267,4,14,1,0,0
4268,4,18,1,0,0
4269,4,20,1,0,0
4270,3,21,1,0,0
4271,-1,21,1,0,0
4272,-5,21,1,0,0
4273,-9,19,1,0,0
4274,-14,16,1,0,0
4275,-19,11,1,0,0
4276,-22,4,1,0,0
4277,-21,-5,1,0,0
4278,-17,-13,1,0,0
4279,-8,-20,1,0,0
4280,3,-21,1,0,0
4281,15,-15,1,0,0
4282,20,-4,1,0,0
4283,17,11,1,0,0
4284,5,21,1,0,0
4285,-11,19,1,0,0
4286,-22,6,1,0,0
4287,-18,-12,1,0,0
4288,-3,-21,1,0,0
4289,15,-13,1,0,0
4290,19,7,1,0,0
4291,3,21,1,0,0
4292,-17,13,1,0,0
4293,-19,-9,1,0,0
4294,0,-18,1,0,0
4295,14,-4,1,0,0
4296,5,9,1,0,0
4297,-6,6,1,0,0
4298,-4,-2,1,0,0
4299,-1,-1,1,0,0
4300,0,0,1,0,0
4301,0,0,1,0,0
4302,3,-1,1,0,0
4303,5,7,1,0,0
4304,-6,10,1,0,0
4305,-15,-3,1,0,0
4306,-1,-17,1,0,0
4307,18,-8,1,0,0
4308,16,14,1,0,0
4309,-4,22,1,0,0
4310,-20,8,1,0,0
4311,-16,-12,1,0,0
4312,2,-20,1,0,0
4313,17,-11,1,0,0
4314,21,7,1,0,0
4315,10,20,1,0,0
4316,-6,22,1,0,0
4317,-18,12,1,0,0
4318,-21,-3,1,0,0
4319,-15,-15,1,0,0
4320,-4,-20,1,0,0
4321,7,-19,1,0,0
4322,16,-12,1,0,0
4323,20,-4,1,0,0
4324,21,5,1,0,0
4325,18,12,1,0,0
4326,13,17,1,0,0
4327,8,20,1,0,0
4328,4,22,1,0,0
4329,0,22,1,0,0
4330,-4,22,1,0,0
4331,-5,21,1,0,0
4332,-5,19,1,0,0
4333,-5,15,1,0,0
4334,-4,12,1,0,0
4335,-2,8,1,0,0
4336,0,4,1,0,0
4337,0,2,1,0,0
4338,0,0,1,0,0
4339,2,0,1,0,0
4340,4,0,1,0,0
4341,8,2,1,0,0
4342,12,4,1,0,0
4343,15,5,1,0,0
4344,19,5,1,0,0
4345,21,5,1,0,0
4346,22,4,1,0,0
4347,22,0,1,0,0
4348,22,-4,1,0,0
4349,20,-8,1,0,0
4350,17,-13,1,0,0
4351,12,-18,1,0,0
4352,5,-21,1,0,0
4353,-4,-20,1,0,0
4354,-12,-16,1,0,0
4355,-19,-7,1,0,0
4356,-20,4,1,0,0
4357,-15,15,1,0,0
4358,-3,21,1,0,0
4359,12,18,1,0,0
4360,22,6,1,0,0
4361,20,-10,1,0,0
4362,7,-21,1,0,0
4363,-11,-17,1,0,0
4364,-20,-2,1,0,0
4365,-12,16,1,0,0
4366,8,20,1,0,0
4367,22,4,1,0,0
4368,14,-16,1,0,0
4369,-8,-18,1,0,0
4370,-17,1,1,0,0
4371,-3,15,1,0,0
4372,10,6,1,0,0
4373,7,-5,1,0,0
4374,-1,-3,1,0,0
4375,0,0,1,0,0
4376,0,0,1,0,0
4377,0,0,1,0,0
4378,0,0,1,0,0
4379,0,0,1,0,0
4380,0,0,1,0,0
4381,0,0,1,0,0
4382,0,0,1,0,0
4383,0,0,1,0,0
4384,0,0,1,0,0
4385,0,0,1,0,0
4386,0,0,1,0,0
4387,1,1,1,0,0
4388,4,2,1,0,0
4389,6,-6,1,0,0
4390,-5,-9,1,0,0
4391,-14,4,1,0,0
4392,0,18,1,0,0
4393,19,9,1,0,0
4394,17,-13,1,0,0
4395,-3,-21,1,0,0
4396,-19,-7,1,0,0
4397,-15,13,1,0,0
4398,3,21,1,0,0
4399,18,12,1,0,0
4400,22,-6,1,0,0
4401,11,-19,1,0,0
4402,-5,-21,1,0,0
4403,-17,-11,1,0,0
4404,-20,4,1,0,0
4405,-15,15,1,0,0
4406,-3,21,1,0,0
4407,8,20,1,0,0
4408,17,13,1,0,0
4409,21,5,1,0,0
4410,22,-4,1,0,0
4411,19,-11,1,0,0
4412,14,-16,1,0,0
4413,9,-19,1,0,0
4414,5,-21,1,0,0
4415,1,-21,1,0,0
4416,-3,-21,1,0,0
4417,-4,-20,1,0,0
4418,-4,-18,1,0,0
4419,-4,-14,1,0,0
4420,-3,-11,1,0,0
4421,-1,-7,1,0,0
4422,1,-3,1,0,0
4423,1,-1,1,0,0
4424,0,0,1,0,0
4425,-1,1,1,0,0
4426,-1,3,1,0,0
4427,1,7,1,0,0
4428,3,11,1,0,0
4429,4,14,1,0,0
4430,4,18,1,0,0
4431,4,20,1,0,0
4432,3,21,1,0,0
4433,-1,21,1,0,0
4434,-5,21,1,0,0
4435,-9,19,1,0,0
4436,-14,16,1,0,0
4437,-19,11,1,0,0
4438,-22,4,1,0,0
4439,-21,-5,1,0,0
4440,-17,-13,1,0,0
4441,-8,-20,1,0,0
4442,3,-21,1,0,0
4443,15,-15,1,0,0
4444,20,-4,1,0,0
4445,17,11,1,0,0
4446,5,21,1,0,0
4447,-11,19,1,0,0
4448,-22,6,1,0,0
4449,-18,-12,1,0,0
4450,-3,-21,1,0,0
4451,15,-13,1,0,0
4452,19,7,1,0,0
4453,3,21,1,0,0
4454,-17,13,1,0,0
4455,-19,-9,1,0,0
4456,0,-18,1,0,0
4457,14,-4,1,0,0
4458,5,9,1,0,0
4459,-6,6,1,0,0
4460,-4,-2,1,0,0
4461,-1,-1,1,0,0
4462,0,0,1,0,0
4463,0,0,1,0,0
4464,1,3,1,0,0
4465,-7,5,1,0,0
4466,-10,-6,1,0,0
4467,3,-15,1,0,0
4468,17,-1,1,0,0
4469,8,18,1,0,0
4470,-14,16,1,0,0
4471,-22,-4,1,0,0
4472,-8,-20,1,0,0
4473,12,-16,1,0,0
4474,20,2,1,0,0
4475,11,17,1,0,0
4476,-7,21,1,0,0
4477,-20,10,1,0,0
4478,-22,-6,1,0,0
4479,-12,-18,1,0,0
4480,3,-21,1,0,0
4481,15,-15,1,0,0
4482,20,-4,1,0,0
4483,19,7,1,0,0
4484,12,16,1,0,0
4485,4,20,1,0,0
4486,-5,21,1,0,0
4487,-12,18,1,0,0
4488,-17,13,1,0,0
4489,-20,8,1,0,0
4490,-22,4,1,0,0
4491,-22,0,1,0,0
4492,-22,-4,1,0,0
4493,-21,-5,1,0,0
4494,-19,-5,1,0,0
4495,-15,-5,1,0,0
4496,-12,-4,1,0,0
4497,-8,-2,1,0,0
4498,-4,0,1,0,0
4499,-2,0,1,0,0
4500,0,0,1,0,0
4501,0,2,1,0,0
4502,0,4,1,0,0
4503,-2,8,1,0,0
4504,-4,12,1,0,0
4505,-5,15,1,0,0
4506,-5,19,1,0,0
4507,-5,21,1,0,0
4508,-4,22,1,0,0
4509,0,22,1,0,0
4510,4,22,1,0,0
4511,8,20,1,0,0
4512,13,17,1,0,0
4513,18,12,1,0,0
4514,21,5,1,0,0
4515,20,-4,1,0,0
4516,16,-12,1,0,0
4517,7,-19,1,0,0
4518,-4,-20,1,0,0
4519,-15,-15,1,0,0
4520,-21,-3,1,0,0
4521,-18,12,1,0,0
4522,-6,22,1,0,0
4523,10,20,1,0,0
4524,21,7,1,0,0
4525,17,-11,1,0,0
4526,2,-20,1,0,0
4527,-16,-12,1,0,0
4528,-20,8,1,0,0
4529,-4,22,1,0,0
4530,16,14,1,0,0
4531,18,-8,1,0,0
4532,-1,-17,1,0,0
4533,-15,-3,1,0,0
4534,-6,10,1,0,0
4535,5,7,1,0,0
4536,3,-1,1,0,0
4537,0,0,1,0,0
4538,0,0,1,0,0
4539,0,0,1,0,0
4540,0,0,1,0,0
4541,0,0,1,0,0
4542,0,0,1,0,0
4543,0,0,1,0,0
4544,0,0,1,0,0
4545,0,0,1,0,0
4546,0,0,1,0,0
4547,0,0,1,0,0
4548,0,0,1,0,0
4549,0,0,1,0,0
4550,0,0,1,0,0
4551,0,0,1,0,0
4552,0,0,1,0,0
4553,0,0,1,0,0
4554,0,0,1,0,0
4555,0,0,1,0,0
4556,0,0,1,0,0
4557,0,0,1,0,0
4558,0,0,1,0,0
4559,0,0,1,0,0
4560,0,0,1,0,0
4561,0,0,1,0,0
4562,0,0,1,0,0
4563,0,0,1,0,0
4564,0,0,1,0,0
4565,0,0,1,0,0
4566,0,0,1,0,0
4567,0,0,1,0,0
4568,0,0,1,0,0
4569,0,0,1,0,0
4570,0,0,1,0,0
4571,0,0,1,0,0
4572,0,0,1,0,0
4573,0,0,1,0,0
4574,0,0,1,0,0
4575,0,0,1,0,0
4576,0,0,1,0,0
4577,0,0,1,0,0
4578,0,0,1,0,0
4579,0,0,1,0,0
4580,0,0,1,0,0
4581,0,0,1,0,0
4582,0,0,1,0,0
4583,0,0,1,0,0
4584,0,0,1,0,0
4585,0,0,1,0,0
4586,0,0,1,0,0
4587,0,0,1,0,0
4588,0,0,1,0,0
4589,0,0,1,0,0
4590,0,0,1,0,0
4591,0,0,1,0,0
4592,0,0,1,0,0
4593,0,0,1,0,0
4594,0,0,1,0,0
4595,0,0,1,0,0
4596,0,0,1,0,0
4597,0,0,1,0,0
4598,0,0,1,0,0
4599,0,0,1,0,0
4600,0,0,1,0,0
4601,0,0,1,0,0
4602,0,0,1,0,0
4603,0,0,1,0,0
4604,0,0,1,0,0
4605,0,0,1,0,0
4606,0,0,1,0,0
4607,0,0,1,0,0
4608,0,0,1,0,0
4609,1,1,1,0,0
4610,4,2,1,0,0
4611,6,-6,1,0,0
4612,-5,-9,1,0,0
4613,-14,4,1,0,0
4614,0,18,1,0,0
4615,19,9,1,0,0
4616,17,-13,1,0,0
4617,-3,-21,1,0,0
4618,-19,-7,1,0,0
4619,-15,13,1,0,0
4620,3,21,1,0,0
4621,18,12,1,0,0
4622,22,-6,1,0,0
4623,11,-19,1,0,0
4624,-5,-21,1,0,0
4625,-17,-11,1,0,0
4626,-20,4,1,0,0
4627,-15,15,1,0,0
4628,-3,21,1,0,0
4629,8,20,1,0,0
4630,17,13,1,0,0
4631,21,5,1,0,0
4632,22,-4,1,0,0
4633,19,-11,1,0,0
4634,14,-16,1,0,0
4635,9,-19,1,0,0
4636,5,-21,1,0,0
4637,1,-21,1,0,0
4638,-3,-21,1,0,0
4639,-4,-20,1,0,0
4640,-4,-18,1,0,0
4641,-4,-14,1,0,0
4642,-3,-11,1,0,0
4643,-1,-7,1,0,0
4644,1,-3,1,0,0
4645,1,-1,1,0,0
4646,0,0,1,0,0
4647,-1,1,1,0,0
4648,-1,3,1,0,0
4649,1,7,1,0,0
4650,3,11,1,0,0
4651,4,14,1,0,0
4652,4,18,1,0,0
4653,4,20,1,0,0
4654,3,21,1,0,0
4655,-1,21,1,0,0
4656,-5,21,1,0,0
4657,-9,19,1,0,0
4658,-14,16,1,0,0
4659,-19,11,1,0,0
4660,-22,4,1,0,0
4661,-21,-5,1,0,0
4662,-17,-13,1,0,0
4663,-8,-20,1,0,0
4664,3,-21,1,0,0
4665,15,-15,1,0,0
4666,20,-4,1,0,0
4667,17,11,1,0,0
4668,5,21,1,0,0
4669,-11,19,1,0,0
4670,-22,6,1,0,0
4671,-18,-12,1,0,0
4672,-3,-21,1,0,0
4673,15,-13,1,0,0
4674,19,7,1,0,0
4675,3,21,1,0,0
4676,-17,13,1,0,0
4677,-19,-9,1,0,0
4678,0,-18,1,0,0
4679,14,-4,1,0,0
4680,5,9,1,0,0
4681,-6,6,1,0,0
4682,-4,-2,1,0,0
4683,-1,-1,1,0,0
4684,0,0,1,0,0
4685,0,0,1,0,0
4686,-1,-3,1,0,0
4687,7,-5,1,0,0
4688,10,6,1,0,0
4689,-3,15,1,0,0
4690,-17,1,1,0,0
4691,-8,-18,1,0,0
4692,14,-16,1,0,0
4693,22,4,1,0,0
4694,8,20,1,0,0
4695,-12,16,1,0,0
4696,-20,-2,1,0,0
4697,-11,-17,1,0,0
4698,7,-21,1,0,0
4699,20,-10,1,0,0
4700,22,6,1,0,0
4701,12,18,1,0,0
4702,-3,21,1,0,0
4703,-15,15,1,0,0
4704,-20,4,1,0,0
4705,-19,-7,1,0,0
4706,-12,-16,1,0,0
4707,-4,-20,1,0,0
4708,5,-21,1,0,0
4709,12,-18,1,0,0
4710,17,-13,1,0,0
4711,20,-8,1,0,0
4712,22,-4,1,0,0
4713,22,0,1,0,0
4714,22,4,1,0,0
4715,21,5,1,0,0
4716,19,5,1,0,0
4717,15,5,1,0,0
4718,12,4,1,0,0
4719,8,2,1,0,0
4720,4,0,1,0,0
4721,2,0,1,0,0
4722,0,0,1,0,0
4723,-2,0,1,0,0
4724,-4,0,1,0,0
4725,-8,-2,1,0,0
4726,-12,-4,1,0,0
4727,-15,-5,1,0,0
4728,-19,-5,1,0,0
4729,-21,-5,1,0,0
4730,-22,-4,1,0,0
4731,-22,0,1,0,0
4732,-22,4,1,0,0
4733,-20,8,1,0,0
4734,-17,13,1,0,0
4735,-12,18,1,0,0
4736,-5,21,1,0,0
4737,4,20,1,0,0
4738,12,16,1,0,0
4739,19,7,1,0,0
4740,20,-4,1,0,0
4741,15,-15,1,0,0
4742,3,-21,1,0,0
4743,-12,-18,1,0,0
4744,-22,-6,1,0,0
4745,-20,10,1,0,0
4746,-7,21,1,0,0
4747,11,17,1,0,0
4748,20,2,1,0,0
4749,12,-16,1,0,0
4750,-8,-20,1,0,0
4751,-22,-4,1,0,0
4752,-14,16,1,0,0
4753,8,18,1,0,0
4754,17,-1,1,0,0
4755,3,-15,1,0,0
4756,-10,-6,1,0,0
4757,-7,5,1,0,0
4758,1,3,1,0,0
4759,0,0,1,0,0
4760,0,0,1,0,0
4761,0,0,1,0,0
4762,0,0,1,0,0
4763,0,0,1,0,0
4764,0,0,1,0,0
4765,0,0,1,0,0
4766,0,0,1,0,0
4767,0,0,1,0,0
4768,0,0,1,0,0
4769,0,0,1,0,0
4770,0,0,1,0,0
4771,1,-1,1,0,0
4772,2,-4,1,0,0
4773,-6,-6,1,0,0
4774,-9,5,1,0,0
4775,4,14,1,0,0
4776,18,0,1,0,0
4777,9,-19,1,0,0
4778,-13,-17,1,0,0
4779,-21,3,1,0,0
4780,-7,19,1,0,0
4781,13,15,1,0,0
4782,21,-3,1,0,0
4783,12,-18,1,0,0
4784,-6,-22,1,0,0
4785,-19,-11,1,0,0
4786,-21,5,1,0,0
4787,-11,17,1,0,0
4788,4,20,1,0,0
4789,15,15,1,0,0
4790,21,3,1,0,0
4791,20,-8,1,0,0
4792,13,-17,1,0,0
4793,5,-21,1,0,0
4794,-4,-22,1,0,0
4795,-11,-19,1,0,0
4796,-16,-14,1,0,0
4797,-19,-9,1,0,0
4798,-21,-5,1,0,0
4799,-21,-1,1,0,0
4800,-21,3,1,0,0
4801,-20,4,1,0,0
4802,-18,4,1,0,0
4803,-14,4,1,0,0
4804,-11,3,1,0,0
4805,-7,1,1,0,0
4806,-3,-1,1,0,0
4807,-1,-1,1,0,0
4808,0,0,1,0,0
4809,1,1,1,0,0
4810,3,1,1,0,0
4811,7,-1,1,0,0
4812,11,-3,1,0,0
4813,14,-4,1,0,0
4814,18,-4,1,0,0
4815,20,-4,1,0,0
4816,21,-3,1,0,0
4817,21,1,1,0,0
4818,21,5,1,0,0
4819,19,9,1,0,0
4820,16,14,1,0,0
4821,11,19,1,0,0
4822,4,22,1,0,0
4823,-5,21,1,0,0
4824,-13,17,1,0,0
4825,-20,8,1,0,0
4826,-21,-3,1,0,0
4827,-15,-15,1,0,0
4828,-4,-20,1,0,0
4829,11,-17,1,0,0
4830,21,-5,1,0,0
4831,19,11,1,0,0
4832,6,22,1,0,0
4833,-12,18,1,0,0
4834,-21,3,1,0,0
4835,-13,-15,1,0,0
4836,7,-19,1,0,0
4837,21,-3,1,0,0
4838,13,17,1,0,0
4839,-9,19,1,0,0
4840,-18,0,1,0,0
4841,-4,-14,1,0,0
4842,9,-5,1,0,0
4843,6,6,1,0,0
4844,-2,4,1,0,0
4845,-1,1,1,0,0
4846,0,0,1,0,0
4847,0,0,1,0,0
4848,1,3,1,0,0
4849,-7,5,1,0,0
4850,-10,-6,1,0,0
4851,3,-15,1,0,0
4852,17,-1,1,0,0
4853,8,18,1,0,0
4854,-14,16,1,0,0
4855,-22,-4,1,0,0
4856,-8,-20,1,0,0
4857,12,-16,1,0,0
4858,20,2,1,0,0
4859,11,17,1,0,0
4860,-7,21,1,0,0
4861,-20,10,1,0,0
4862,-22,-6,1,0,0
4863,-12,-18,1,0,0
4864,3,-21,1,0,0
4865,15,-15,1,0,0
4866,20,-4,1,0,0
4867,19,7,1,0,0
4868,12,16,1,0,0
4869,4,20,1,0,0
4870,-5,21,1,0,0
4871,-12,18,1,0,0
4872,-17,13,1,0,0
4873,-20,8,1,0,0
4874,-22,4,1,0,0
4875,-22,0,1,0,0
4876,-22,-4,1,0,0
4877,-21,-5,1,0,0
4878,-19,-5,1,0,0
4879,-15,-5,1,0,0
4880,-12,-4,1,0,0
4881,-8,-2,1,0,0
4882,-4,0,1,0,0
4883,-2,0,1,0,0
4884,0,0,1,0,0
4885,-2,0,1,0,0
4886,-4,0,1,0,0
4887,-8,-2,1,0,0
4888,-12,-4,1,0,0
4889,-15,-5,1,0,0
4890,-19,-5,1,0,0
4891,-21,-5,1,0,0
4892,-22,-4,1,0,0
4893,-22,0,1,0,0
4894,-22,4,1,0,0
4895,-20,8,1,0,0
4896,-17,13,1,0,0
4897,-12,18,1,0,0
4898,-5,21,1,0,0
4899,4,20,1,0,0
4900,12,16,1,0,0
4901,19,7,1,0,0
4902,20,-4,1,0,0
4903,15,-15,1,0,0
4904,3,-21,1,0,0
4905,-12,-18,1,0,0
4906,-22,-6,1,0,0
4907,-20,10,1,0,0
4908,-7,21,1,0,0
4909,11,17,1,0,0
4910,20,2,1,0,0
4911,12,-16,1,0,0
4912,-8,-20,1,0,0
4913,-22,-4,1,0,0
4914,-14,16,1,0,0
4915,8,18,1,0,0
4916,17,-1,1,0,0
4917,3,-15,1,0,0
4918,-10,-6,1,0,0
4919,-7,5,1,0,0
4920,1,3,1,0,0
4921,0,0,1,0,0
4922,0,0,1,0,0
4923,0,0,1,0,0
4924,0,0,1,0,0
4925,0,0,1,0,0
4926,0,0,1,0,0
4927,0,0,1,0,0
4928,0,0,1,0,0
4929,0,0,1,0,0
4930,0,0,1,0,0
4931,0,0,1,0,0
4932,0,0,1,0,0
4933,0,0,1,0,0
4934,0,0,1,0,0
4935,0,0,1,0,0
4936,0,0,1,0,0
4937,0,0,1,0,0
4938,0,0,1,0,0
4939,0,0,1,0,0
4940,0,0,1,0,0
4941,0,0,1,0,0
4942,0,0,1,0,0
4943,0,0,1,0,0
4944,0,0,1,0,0
4945,0,0,1,0,0
4946,0,0,1,0,0
4947,0,0,1,0,0
4948,0,0,1,0,0
4949,0,0,1,0,0
4950,0,0,1,0,0
4951,0,0,1,0,0
4952,0,0,1,0,0
4953,0,0,1,0,0
4954,0,0,1,0,0
4955,0,0,1,0,0
4956,0,0,1,0,0
4957,0,0,1,0,0
4958,0,0,1,0,0
4959,0,0,1,0,0
4960,0,0,1,0,0
4961,0,0,1,0,0
4962,0,0,1,0,0
4963,0,0,1,0,0
4964,0,0,1,0,0
4965,0,0,1,0,0
4966,0,0,1,0,0
4967,0,0,1,0,0
4968,0,0,1,0,0
4969,0,0,1,0,0
4970,0,0,1,0,0
4971,0,0,1,0,0
4972,0,0,1,0,0
4973,0,0,1,0,0
4974,0,0,1,0,0
4975,0,0,1,0,0
4976,0,0,1,0,0
4977,0,0,1,0,0
4978,0,0,1,0,0
4979,0,0,1,0,0
4980,0,0,1,0,0
4981,0,0,1,0,0
4982,0,0,1,0,0
4983,0,0,1,0,0
4984,0,0,1,0,0
4985,0,0,1,0,0
4986,0,0,1,0,0
4987,0,0,1,0,0
4988,0,0,1,0,0
4989,0,0,1,0,0
4990,0,0,1,0,0
4991,0,0,1,0,0
4992,0,0,1,0,0
4993,1,-1,1,0,0
4994,2,-4,1,0,0
4995,-6,-6,1,0,0
4996,-9,5,1,0,0
4997,4,14,1,0,0
4998,18,0,1,0,0
4999,9,-19,1,0,0
5000,-13,-17,1,0,0
5001,-21,3,1,0,0
5002,-7,19,1,0,0
5003,13,15,1,0,0
5004,21,-3,1,0,0
5005,12,-18,1,0,0
5006,-6,-22,1,0,0
5007,-19,-11,1,0,0
5008,-21,5,1,0,0
5009,-11,17,1,0,0
5010,4,20,1,0,0
5011,15,15,1,0,0
5012,21,3,1,0,0
5013,20,-8,1,0,0
5014,13,-17,1,0,0
5015,5,-21,1,0,0
5016,-4,-22,1,0,0
5017,-11,-19,1,0,0
5018,-16,-14,1,0,0
5019,-19,-9,1,0,0
5020,-21,-5,1,0,0
5021,-21,-1,1,0,0
5022,-21,3,1,0,0
5023,-20,4,1,0,0
5024,-18,4,1,0,0
5025,-14,4,1,0,0
5026,-11,3,1,0,0
5027,-7,1,1,0,0
5028,-3,-1,1,0,0
5029,-1,-1,1,0,0
5030,0,0,1,0,0
5031,1,1,1,0,0
5032,3,1,1,0,0
5033,7,-1,1,0,0
5034,11,-3,1,0,0
5035,14,-4,1,0,0
5036,18,-4,1,0,0
5037,20,-4,1,0,0
5038,21,-3,1,0,0
5039,21,1,1,0,0
5040,21,5,1,0,0
5041,19,9,1,0,0
5042,16,14,1,0,0
5043,11,19,1,0,0
5044,4,22,1,0,0
5045,-5,21,1,0,0
5046,-13,17,1,0,0
5047,-20,8,1,0,0
5048,-21,-3,1,0,0
5049,-15,-15,1,0,0
5050,-4,-20,1,0,0
5051,11,-17,1,0,0
5052,21,-5,1,0,0
5053,19,11,1,0,0
5054,6,22,1,0,0
5055,-12,18,1,0,0
5056,-21,3,1,0,0
5057,-13,-15,1,0,0
5058,7,-19,1,0,0
5059,21,-3,1,0,0
5060,13,17,1,0,0
5061,-9,19,1,0,0
5062,-18,0,1,0,0
5063,-4,-14,1,0,0
5064,9,-5,1,0,0
5065,6,6,1,0,0
5066,-2,4,1,0,0
5067,-1,1,1,0,0
5068,0,0,1,0,0
5069,0,0,1,0,0
5070,-3,1,1,0,0
5071,-5,-7,1,0,0
5072,6,-10,1,0,0
5073,15,3,1,0,0
5074,1,17,1,0,0
5075,-18,8,1,0,0
5076,-16,-14,1,0,0
5077,4,-22,1,0,0
5078,20,-8,1,0,0
5079,16,12,1,0,0
5080,-2,20,1,0,0
5081,-17,11,1,0,0
5082,-21,-7,1,0,0
5083,-10,-20,1,0,0
5084,6,-22,1,0,0
5085,18,-12,1,0,0
5086,21,3,1,0,0
5087,15,15,1,0,0
5088,4,20,1,0,0
5089,-7,19,1,0,0
5090,-16,12,1,0,0
5091,-20,4,1,0,0
5092,-21,-5,1,0,0
5093,-18,-12,1,0,0
5094,-13,-17,1,0,0
5095,-8,-20,1,0,0
5096,-4,-22,1,0,0
5097,0,-22,1,0,0
5098,4,-22,1,0,0
5099,5,-21,1,0,0
5100,5,-19,1,0,0
5101,5,-15,1,0,0
5102,4,-12,1,0,0
5103,2,-8,1,0,0
5104,0,-4,1,0,0
5105,0,-2,1,0,0
5106,0,0,1,0,0
5107,-2,0,1,0,0
5108,-4,0,1,0,0
5109,-8,-2,1,0,0
5110,-12,-4,1,0,0
5111,-15,-5,1,0,0
5112,-19,-5,1,0,0
5113,-21,-5,1,0,0
5114,-22,-4,1,0,0
5115,-22,0,1,0,0
5116,-22,4,1,0,0
5117,-20,8,1,0,0
5118,-17,13,1,0,0
5119,-12,18,1,0,0
5120,-5,21,1,0,0
5121,4,20,1,0,0
5122,12,16,1,0,0
5123,19,7,1,0,0
5124,20,-4,1,0,0
5125,15,-15,1,0,0
5126,3,-21,1,0,0
5127,-12,-18,1,0,0
5128,-22,-6,1,0,0
5129,-20,10,1,0,0
5130,-7,21,1,0,0
5131,11,17,1,0,0
5132,20,2,1,0,0
5133,12,-16,1,0,0
5134,-8,-20,1,0,0
5135,-22,-4,1,0,0
5136,-14,16,1,0,0
5137,8,18,1,0,0
5138,17,-1,1,0,0
5139,3,-15,1,0,0
5140,-10,-6,1,0,0
5141,-7,5,1,0,0
5142,1,3,1,0,0
5143,0,0,1,0,0
5144,0,0,1,0,0
5145,0,0,1,0,0
5146,0,0,1,0,0
5147,0,0,1,0,0
5148,0,0,1,0,0
5149,0,0,1,0,0
5150,0,0,1,0,0
5151,0,0,1,0,0
5152,0,0,1,0,0
5153,0,0,1,0,0
5154,0,0,1,0,0
5155,1,-1,1,0,0
5156,2,-4,1,0,0
5157,-6,-6,1,0,0
5158,-9,5,1,0,0
5159,4,14,1,0,0
5160,18,0,1,0,0
5161,9,-19,1,0,0
5162,-13,-17,1,0,0
5163,-21,3,1,0,0
5164,-7,19,1,0,0
5165,13,15,1,0,0
5166,21,-3,1,0,0
5167,12,-18,1,0,0
5168,-6,-22,1,0,0
5169,-19,-11,1,0,0
5170,-21,5,1,0,0
5171,-11,17,1,0,0
5172,4,20,1,0,0
5173,15,15,1,0,0
5174,21,3,1,0,0
5175,20,-8,1,0,0
5176,13,-17,1,0,0
5177,5,-21,1,0,0
5178,-4,-22,1,0,0
5179,-11,-19,1,0,0
5180,-16,-14,1,0,0
5181,-19,-9,1,0,0
5182,-21,-5,1,0,0
5183,-21,-1,1,0,0
5184,-21,3,1,0,0
5185,-20,4,1,0,0
5186,-18,4,1,0,0
5187,-14,4,1,0,0
5188,-11,3,1,0,0
5189,-7,1,1,0,0
5190,-3,-1,1,0,0
5191,-1,-1,1,0,0
5192,0,0,1,0,0
5193,1,1,1,0,0
5194,3,1,1,0,0
5195,7,-1,1,0,0
5196,11,-3,1,0,0
5197,14,-4,1,0,0
5198,18,-4,1,0,0
5199,20,-4,1,0,0
5200,21,-3,1,0,0
5201,21,1,1,0,0
5202,21,5,1,0,0
5203,19,9,1,0,0
5204,16,14,1,0,0
5205,11,19,1,0,0
5206,4,22,1,0,0
5207,-5,21,1,0,0
5208,-13,17,1,0,0
5209,-20,8,1,0,0
5210,-21,-3,1,0,0
5211,-15,-15,1,0,0
5212,-4,-20,1,0,0
5213,11,-17,1,0,0
5214,21,-5,1,0,0
5215,19,11,1,0,0
5216,6,22,1,0,0
5217,-12,18,1,0,0
5218,-21,3,1,0,0
5219,-13,-15,1,0,0
5220,7,-19,1,0,0
5221,21,-3,1,0,0
5222,13,17,1,0,0
5223,-9,19,1,0,0
5224,-18,0,1,0,0
5225,-4,-14,1,0,0
5226,9,-5,1,0,0
5227,6,6,1,0,0
5228,-2,4,1,0,0
5229,-1,1,1,0,0
5230,0,0,1,0,0
5231,0,0,1,0,0
5232,-3,1,1,0,0
5233,-5,-7,1,0,0
5234,6,-10,1,0,0
5235,15,3,1,0,0
5236,1,17,1,0,0
5237,-18,8,1,0,0
5238,-16,-14,1,0,0
5239,4,-22,1,0,0
5240,20,-8,1,0,0
5241,16,12,1,0,0
5242,-2,20,1,0,0
5243,-17,11,1,0,0
5244,-21,-7,1,0,0
5245,-10,-20,1,0,0
5246,6,-22,1,0,0
5247,18,-12,1,0,0
5248,21,3,1,0,0
5249,15,15,1,0,0
5250,4,20,1,0,0
5251,-7,19,1,0,0
5252,-16,12,1,0,0
5253,-20,4,1,0,0
5254,-21,-5,1,0,0
5255,-18,-12,1,0,0
5256,-13,-17,1,0,0
5257,-8,-20,1,0,0
5258,-4,-22,1,0,0
5259,0,-22,1,0,0
5260,4,-22,1,0,0
5261,5,-21,1,0,0
5262,5,-19,1,0,0
5263,5,-15,1,0,0
5264,4,-12,1,0,0
5265,2,-8,1,0,0
5266,0,-4,1,0,0
5267,0,-2,1,0,0
5268,0,0,1,0,0
5269,0,2,1,0,0
5270,0,4,1,0,0
5271,-2,8,1,0,0
5272,-4,12,1,0,0
5273,-5,15,1,0,0
5274,-5,19,1,0,0
5275,-5,21,1,0,0
5276,-4,22,1,0,0
5277,0,22,1,0,0
5278,4,22,1,0,0
5279,8,20,1,0,0
5280,13,17,1,0,0
5281,18,12,1,0,0
5282,21,5,1,0,0
5283,20,-4,1,0,0
5284,16,-12,1,0,0
5285,7,-19,1,0,0
5286,-4,-20,1,0,0
5287,-15,-15,1,0,0
5288,-21,-3,1,0,0
5289,-18,12,1,0,0
5290,-6,22,1,0,0
5291,10,20,1,0,0
5292,21,7,1,0,0
5293,17,-11,1,0,0
5294,2,-20,1,0,0
5295,-16,-12,1,0,0
5296,-20,8,1,0,0
5297,-4,22,1,0,0
5298,16,14,1,0,0
5299,18,-8,1,0,0
5300,-1,-17,1,0,0
5301,-15,-3,1,0,0
5302,-6,10,1,0,0
5303,5,7,1,0,0
5304,3,-1,1,0,0
5305,0,0,1,0,0
5306,0,0,1,0,0
5307,0,0,1,0,0
5308,0,0,1,0,0
5309,0,0,1,0,0
5310,0,0,1,0,0
5311,0,0,1,0,0
5312,0,0,1,0,0
5313,0,0,1,0,0
5314,0,0,1,0,0
5315,0,0,1,0,0
5316,0,0,1,0,0
5317,0,0,1,0,0
5318,0,0,1,0,0
5319,0,0,1,0,0
5320,0,0,1,0,0
5321,0,0,1,0,0
5322,0,0,1,0,0
5323,0,0,1,0,0
5324,0,0,1,0,0
5325,0,0,1,0,0
5326,0,0,1,0,0
5327,0,0,1,0,0
5328,0,0,1,0,0
5329,0,0,1,0,0
5330,0,0,1,0,0
5331,0,0,1,0,0
5332,0,0,1,0,0
5333,0,0,1,0,0
5334,0,0,1,0,0
5335,0,0,1,0,0
5336,0,0,1,0,0
5337,0,0,1,0,0
5338,0,0,1,0,0
5339,0,0,1,0,0
5340,0,0,1,0,0
5341,0,0,1,0,0
5342,0,0,1,0,0
5343,0,0,1,0,0
5344,0,0,1,0,0
5345,0,0,1,0,0
5346,0,0,1,0,0
5347,0,0,1,0,0
5348,0,0,1,0,0
5349,0,0,1,0,0
5350,0,0,1,0,0
5351,0,0,1,0,0
5352,0,0,1,0,0
5353,0,0,1,0,0
5354,0,0,1,0,0
5355,0,0,1,0,0
5356,0,0,1,0,0
5357,0,0,1,0,0
5358,0,0,1,0,0
5359,0,0,1,0,0
5360,0,0,1,0,0
5361,0,0,1,0,0
5362,0,0,1,0,0
5363,0,0,1,0,0
5364,0,0,1,0,0
5365,0,0,1,0,0
5366,0,0,1,0,0
5367,0,0,1,0,0
5368,0,0,1,0,0
5369,0,0,1,0,0
5370,0,0,1,0,0
5371,0,0,1,0,0
5372,0,0,1,0,0
5373,0,0,1,0,0
5374,0,0,1,0,0
5375,0,0,1,0,0
5376,0,0,1,0,0
5377,1,-1,1,0,0
5378,2,-4,1,0,0
5379,-6,-6,1,0,0
5380,-9,5,1,0,0
5381,4,14,1,0,0
5382,18,0,1,0,0
5383,9,-19,1,0,0
5384,-13,-17,1,0,0
5385,-21,3,1,0,0
5386,-7,19,1,0,0
5387,13,15,1,0,0
5388,21,-3,1,0,0
5389,12,-18,1,0,0
5390,-6,-22,1,0,0
5391,-19,-11,1,0,0
5392,-21,5,1,0,0
5393,-11,17,1,0,0
5394,4,20,1,0,0
5395,15,15,1,0,0
5396,21,3,1,0,0
5397,20,-8,1,0,0
5398,13,-17,1,0,0
5399,5,-21,1,0,0
5400,-4,-22,1,0,0
5401,-11,-19,1,0,0
5402,-16,-14,1,0,0
5403,-19,-9,1,0,0
5404,-21,-5,1,0,0
5405,-21,-1,1,0,0
5406,-21,3,1,0,0
5407,-20,4,1,0,0
5408,-18,4,1,0,0
5409,-14,4,1,0,0
5410,-11,3,1,0,0
5411,-7,1,1,0,0
5412,-3,-1,1,0,0
5413,-1,-1,1,0,0
5414,0,0,1,0,0
5415,1,1,1,0,0
5416,3,1,1,0,0
5417,7,-1,1,0,0
5418,11,-3,1,0,0
5419,14,-4,1,0,0
5420,18,-4,1,0,0
5421,20,-4,1,0,0
5422,21,-3,1,0,0
5423,21,1,1,0,0
5424,21,5,1,0,0
5425,19,9,1,0,0
5426,16,14,1,0,0
5427,11,19,1,0,0
5428,4,22,1,0,0
5429,-5,21,1,0,0
5430,-13,17,1,0,0
5431,-20,8,1,0,0
5432,-21,-3,1,0,0
5433,-15,-15,1,0,0
5434,-4,-20,1,0,0
5435,11,-17,1,0,0
5436,21,-5,1,0,0
5437,19,11,1,0,0
5438,6,22,1,0,0
5439,-12,18,1,0,0
5440,-21,3,1,0,0
5441,-13,-15,1,0,0
5442,7,-19,1,0,0
5443,21,-3,1,0,0
5444,13,17,1,0,0
5445,-9,19,1,0,0
5446,-18,0,1,0,0
5447,-4,-14,1,0,0
5448,9,-5,1,0,0
5449,6,6,1,0,0
5450,-2,4,1,0,0
5451,-1,1,1,0,0
5452,0,0,1,0,0
5453,0,0,1,0,0
5454,3,-1,1,0,0
5455,5,7,1,0,0
5456,-6,10,1,0,0
5457,-15,-3,1,0,0
5458,-1,-17,1,0,0
5459,18,-8,1,0,0
5460,16,14,1,0,0
5461,-4,22,1,0,0
5462,-20,8,1,0,0
5463,-16,-12,1,0,0
5464,2,-20,1,0,0
5465,17,-11,1,0,0
5466,21,7,1,0,0
5467,10,20,1,0,0
5468,-6,22,1,0,0
5469,-18,12,1,0,0
5470,-21,-3,1,0,0
5471,-15,-15,1,0,0
5472,-4,-20,1,0,0
5473,7,-19,1,0,0
5474,16,-12,1,0,0
5475,20,-4,1,0,0
5476,21,5,1,0,0
5477,18,12,1,0,0
5478,13,17,1,0,0
5479,8,20,1,0,0
5480,4,22,1,0,0
5481,0,22,1,0,0
5482,-4,22,1,0,0
5483,-5,21,1,0,0
5484,-5,19,1,0,0
5485,-5,15,1,0,0
5486,-4,12,1,0,0
5487,-2,8,1,0,0
5488,0,4,1,0,0
5489,0,2,1,0,0
5490,0,0,1,0,0
5491,2,0,1,0,0
5492,4,0,1,0,0
5493,8,2,1,0,0
5494,12,4,1,0,0
5495,15,5,1,0,0
5496,19,5,1,0,0
5497,21,5,1,0,0
5498,22,4,1,0,0
5499,22,0,1,0,0
5500,22,-4,1,0,0
5501,20,-8,1,0,0
5502,17,-13,1,0,0
5503,12,-18,1,0,0
5504,5,-21,1,0,0
5505,-4,-20,1,0,0
5506,-12,-16,1,0,0
5507,-19,-7,1,0,0
5508,-20,4,1,0,0
5509,-15,15,1,0,0
5510,-3,21,1,0,0
5511,12,18,1,0,0
5512,22,6,1,0,0
5513,20,-10,1,0,0
5514,7,-21,1,0,0
5515,-11,-17,1,0,0
5516,-20,-2,1,0,0
5517,-12,16,1,0,0
5518,8,20,1,0,0
5519,22,4,1,0,0
5520,14,-16,1,0,0
5521,-8,-18,1,0,0
5522,-17,1,1,0,0
5523,-3,15,1,0,0
5524,10,6,1,0,0
5525,7,-5,1,0,0
5526,-1,-3,1,0,0
5527,0,0,1,0,0
5528,0,0,1,0,0
5529,0,0,1,0,0
5530,0,0,1,0,0
5531,0,0,1,0,0
5532,0,0,1,0,0
5533,0,0,1,0,0
5534,0,0,1,0,0
5535,0,0,1,0,0
5536,0,0,1,0,0
5537,0,0,1,0,0
5538,0,0,1,0,0
5539,-1,-1,1,0,0
5540,-4,-2,1,0,0
5541,-6,6,1,0,0
5542,5,9,1,0,0
5543,14,-4,1,0,0
5544,0,-18,1,0,0
5545,-19,-9,1,0,0
5546,-17,13,1,0,0
5547,3,21,1,0,0
5548,19,7,1,0,0
5549,15,-13,1,0,0
5550,-3,-21,1,0,0
5551,-18,-12,1,0,0
5552,-22,6,1,0,0
5553,-11,19,1,0,0
5554,5,21,1,0,0
5555,17,11,1,0,0
5556,20,-4,1,0,0
5557,15,-15,1,0,0
5558,3,-21,1,0,0
5559,-8,-20,1,0,0
5560,-17,-13,1,0,0
5561,-21,-5,1,0,0
5562,-22,4,1,0,0
5563,-19,11,1,0,0
5564,-14,16,1,0,0
5565,-9,19,1,0,0
5566,-5,21,1,0,0
5567,-1,21,1,0,0
5568,3,21,1,0,0
5569,4,20,1,0,0
5570,4,18,1,0,0
5571,4,14,1,0,0
5572,3,11,1,0,0
5573,1,7,1,0,0
5574,-1,3,1,0,0
5575,-1,1,1,0,0
5576,0,0,1,0,0
5577,1,-1,1,0,0
5578,1,-3,1,0,0
5579,-1,-7,1,0,0
5580,-3,-11,1,0,0
5581,-4,-14,1,0,0
5582,-4,-18,1,0,0
5583,-4,-20,1,0,0
5584,-3,-21,1,0,0
5585,1,-21,1,0,0
5586,5,-21,1,0,0
5587,9,-19,1,0,0
5588,14,-16,1,0,0
5589,19,-11,1,0,0
5590,22,-4,1,0,0
5591,21,5,1,0,0
5592,17,13,1,0,0
5593,8,20,1,0,0
5594,-3,21,1,0,0
5595,-15,15,1,0,0
5596,-20,4,1,0,0
5597,-17,-11,1,0,0
5598,-5,-21,1,0,0
5599,11,-19,1,0,0
5600,22,-6,1,0,0
5601,18,12,1,0,0
5602,3,21,1,0,0
5603,-15,13,1,0,0
5604,-19,-7,1,0,0
5605,-3,-21,1,0,0
5606,17,-13,1,0,0
5607,19,9,1,0,0
5608,0,18,1,0,0
5609,-14,4,1,0,0
5610,-5,-9,1,0,0
5611,6,-6,1,0,0
5612,4,2,1,0,0
5613,1,1,1,0,0
5614,0,0,1,0,0
5615,0,0,1,0,0
5616,-3,1,1,0,0
5617,-5,-7,1,0,0
5618,6,-10,1,0,0
5619,15,3,1,0,0
5620,1,17,1,0,0
5621,-18,8,1,0,0
5622,-16,-14,1,0,0
5623,4,-22,1,0,0
5624,20,-8,1,0,0
5625,16,12,1,0,0
5626,-2,20,1,0,0
5627,-17,11,1,0,0
5628,-21,-7,1,0,0
5629,-10,-20,1,0,0
5630,6,-22,1,0,0
5631,18,-12,1,0,0
5632,21,3,1,0,0
5633,15,15,1,0,0
5634,4,20,1,0,0
5635,-7,19,1,0,0
5636,-16,12,1,0,0
5637,-20,4,1,0,0
5638,-21,-5,1,0,0
5639,-18,-12,1,0,0
5640,-13,-17,1,0,0
5641,-8,-20,1,0,0
5642,-4,-22,1,0,0
5643,0,-22,1,0,0
5644,4,-22,1,0,0
5645,5,-21,1,0,0
5646,5,-19,1,0,0
5647,5,-15,1,0,0
5648,4,-12,1,0,0
5649,2,-8,1,0,0
5650,0,-4,1,0,0
5651,0,-2,1,0,0
5652,0,0,1,0,0
5653,2,0,1,0,0
5654,4,0,1,0,0
5655,8,2,1,0,0
5656,12,4,1,0,0
5657,15,5,1,0,0
5658,19,5,1,0,0
5659,21,5,1,0,0
5660,22,4,1,0,0
5661,22,0,1,0,0
5662,22,-4,1,0,0
5663,20,-8,1,0,0
5664,17,-13,1,0,0
5665,12,-18,1,0,0
5666,5,-21,1,0,0
5667,-4,-20,1,0,0
5668,-12,-16,1,0,0
5669,-19,-7,1,0,0
5670,-20,4,1,0,0
5671,-15,15,1,0,0
5672,-3,21,1,0,0
5673,12,18,1,0,0
5674,22,6,1,0,0
5675,20,-10,1,0,0
5676,7,-21,1,0,0
5677,-11,-17,1,0,0
5678,-20,-2,1,0,0
5679,-12,16,1,0,0
5680,8,20,1,0,0
5681,22,4,1,0,0
5682,14,-16,1,0,0
5683,-8,-18,1,0,0
5684,-17,1,1,0,0
5685,-3,15,1,0,0
5686,10,6,1,0,0
5687,7,-5,1,0,0
5688,-1,-3,1,0,0
5689,0,0,1,0,0
5690,0,0,1,0,0
5691,0,0,1,0,0
5692,0,0,1,0,0
5693,0,0,1,0,0
5694,0,0,1,0,0
5695,0,0,1,0,0
5696,0,0,1,0,0
5697,0,0,1,0,0
5698,0,0,1,0,0
5699,0,0,1,0,0
5700,0,0,1,0,0
5701,0,0,1,0,0
5702,0,0,1,0,0
5703,0,0,1,0,0
5704,0,0,1,0,0
5705,0,0,1,0,0
5706,0,0,1,0,0
5707,0,0,1,0,0
5708,0,0,1,0,0
5709,0,0,1,0,0
5710,0,0,1,0,0
5711,0,0,1,0,0
5712,0,0,1,0,0
5713,0,0,1,0,0
5714,0,0,1,0,0
5715,0,0,1,0,0
5716,0,0,1,0,0
5717,0,0,1,0,0
5718,0,0,1,0,0
5719,0,0,1,0,0
5720,0,0,1,0,0
5721,0,0,1,0,0
5722,0,0,1,0,0
5723,0,0,1,0,0
5724,0,0,1,0,0
5725,0,0,1,0,0
5726,0,0,1,0,0
5727,0,0,1,0,0
5728,0,0,1,0,0
5729,0,0,1,0,0
5730,0,0,1,0,0
5731,0,0,1,0,0
5732,0,0,1,0,0
5733,0,0,1,0,0
5734,0,0,1,0,0
5735,0,0,1,0,0
5736,0,0,1,0,0
5737,0,0,1,0,0
5738,0,0,1,0,0
5739,0,0,1,0,0
5740,0,0,1,0,0
5741,0,0,1,0,0
5742,0,0,1,0,0
5743,0,0,1,0,0
5744,0,0,1,0,0
5745,0,0,1,0,0
5746,0,0,1,0,0
5747,0,0,1,0,0
5748,0,0,1,0,0
5749,0,0,1,0,0
5750,0,0,1,0,0
5751,0,0,1,0,0
5752,0,0,1,0,0
5753,0,0,1,0,0
5754,0,0,1,0,0
5755,0,0,1,0,0
5756,0,0,1,0,0
5757,0,0,1,0,0
5758,0,0,1,0,0
5759,0,0,1,0,0
5760,0,0,1,0,0
5761,1,-1,1,0,0
5762,2,-4,1,0,0
5763,-6,-6,1,0,0
5764,-9,5,1,0,0
5765,4,14,1,0,0
5766,18,0,1,0,0
5767,9,-19,1,0,0
5768,-13,-17,1,0,0
5769,-21,3,1,0,0
5770,-7,19,1,0,0
5771,13,15,1,0,0
5772,21,-3,1,0,0
5773,12,-18,1,0,0
5774,-6,-22,1,0,0
5775,-19,-11,1,0,0
5776,-21,5,1,0,0
5777,-11,17,1,0,0
5778,4,20,1,0,0
5779,15,15,1,0,0
5780,21,3,1,0,0
5781,20,-8,1,0,0
5782,13,-17,1,0,0
5783,5,-21,1,0,0
5784,-4,-22,1,0,0
5785,-11,-19,1,0,0
5786,-16,-14,1,0,0
5787,-19,-9,1,0,0
5788,-21,-5,1,0,0
5789,-21,-1,1,0,0
5790,-21,3,1,0,0
5791,-20,4,1,0,0
5792,-18,4,1,0,0
5793,-14,4,1,0,0
5794,-11,3,1,0,0
5795,-7,1,1,0,0
5796,-3,-1,1,0,0
5797,-1,-1,1,0,0
5798,0,0,1,0,0
5799,1,1,1,0,0
5800,3,1,1,0,0
5801,7,-1,1,0,0
5802,11,-3,1,0,0
5803,14,-4,1,0,0
5804,18,-4,1,0,0
5805,20,-4,1,0,0
5806,21,-3,1,0,0
5807,21,1,1,0,0
5808,21,5,1,0,0
5809,19,9,1,0,0
5810,16,14,1,0,0
5811,11,19,1,0,0
5812,4,22,1,0,0
5813,-5,21,1,0,0
5814,-13,17,1,0,0
5815,-20,8,1,0,0
5816,-21,-3,1,0,0
5817,-15,-15,1,0,0
5818,-4,-20,1,0,0
5819,11,-17,1,0,0
5820,21,-5,1,0,0
5821,19,11,1,0,0
5822,6,22,1,0,0
5823,-12,18,1,0,0
5824,-21,3,1,0,0
5825,-13,-15,1,0,0
5826,7,-19,1,0,0
5827,21,-3,1,0,0
5828,13,17,1,0,0
5829,-9,19,1,0,0
5830,-18,0,1,0,0
5831,-4,-14,1,0,0
5832,9,-5,1,0,0
5833,6,6,1,0,0
5834,-2,4,1,0,0
5835,-1,1,1,0,0
5836,0,0,1,0,0
5837,0,0,1,0,0
5838,-3,1,1,0,0
5839,-5,-7,1,0,0
5840,6,-10,1,0,0
5841,15,3,1,0,0
5842,1,17,1,0,0
5843,-18,8,1,0,0
5844,-16,-14,1,0,0
5845,4,-22,1,0,0
5846,20,-8,1,0,0
5847,16,12,1,0,0
5848,-2,20,1,0,0
5849,-17,11,1,0,0
5850,-21,-7,1,0,0
5851,-10,-20,1,0,0
5852,6,-22,1,0,0
5853,18,-12,1,0,0
5854,21,3,1,0,0
5855,15,15,1,0,0
5856,4,20,1,0,0
5857,-7,19,1,0,0
5858,-16,12,1,0,0
5859,-20,4,1,0,0
5860,-21,-5,1,0,0
5861,-18,-12,1,0,0
5862,-13,-17,1,0,0
5863,-8,-20,1,0,0
5864,-4,-22,1,0,0
5865,0,-22,1,0,0
5866,4,-22,1,0,0
5867,5,-21,1,0,0
5868,5,-19,1,0,0
5869,5,-15,1,0,0
5870,4,-12,1,0,0
5871,2,-8,1,0,0
5872,0,-4,1,0,0
5873,0,-2,1,0,0
5874,0,0,1,0,0
5875,2,0,1,0,0
5876,4,0,1,0,0
5877,8,2,1,0,0
5878,12,4,1,0,0
5879,15,5,1,0,0
5880,19,5,1,0,0
5881,21,5,1,0,0
5882,22,4,1,0,0
5883,22,0,1,0,0
5884,22,-4,1,0,0
5885,20,-8,1,0,0
5886,17,-13,1,0,0
5887,12,-18,1,0,0
5888,5,-21,1,0,0
5889,-4,-20,1,0,0
5890,-12,-16,1,0,0
5891,-19,-7,1,0,0
5892,-20,4,1,0,0
5893,-15,15,1,0,0
5894,-3,21,1,0,0
5895,12,18,1,0,0
5896,22,6,1,0,0
5897,20,-10,1,0,0
5898,7,-21,1,0,0
5899,-11,-17,1,0,0
5900,-20,-2,1,0,0
5901,-12,16,1,0,0
5902,8,20,1,0,0
5903,22,4,1,0,0
5904,14,-16,1,0,0
5905,-8,-18,1,0,0
5906,-17,1,1,0,0
5907,-3,15,1,0,0
5908,10,6,1,0,0
5909,7,-5,1,0,0
5910,-1,-3,1,0,0
5911,0,0,1,0,0
5912,0,0,1,0,0
5913,0,0,1,0,0
5914,0,0,1,0,0
5915,0,0,1,0,0
5916,0,0,1,0,0
5917,0,0,1,0,0
5918,0,0,1,0,0
5919,0,0,1,0,0
5920,0,0,1,0,0
5921,0,0,1,0,0
5922,0,0,1,0,0
5923,1,-1,1,0,0
5924,2,-4,1,0,0
5925,-6,-6,1,0,0
5926,-9,5,1,0,0
5927,4,14,1,0,0
5928,18,0,1,0,0
5929,9,-19,1,0,0
5930,-13,-17,1,0,0
5931,-21,3,1,0,0
5932,-7,19,1,0,0
5933,13,15,1,0,0
5934,21,-3,1,0,0
5935,12,-18,1,0,0
5936,-6,-22,1,0,0
5937,-19,-11,1,0,0
5938,-21,5,1,0,0
5939,-11,17,1,0,0
5940,4,20,1,0,0
5941,15,15,1,0,0
5942,21,3,1,0,0
5943,20,-8,1,0,0
5944,13,-17,1,0,0
5945,5,-21,1,0,0
5946,-4,-22,1,0,0
5947,-11,-19,1,0,0
5948,-16,-14,1,0,0
5949,-19,-9,1,0,0
5950,-21,-5,1,0,0
5951,-21,-1,1,0,0
5952,-21,3,1,0,0
5953,-20,4,1,0,0
5954,-18,4,1,0,0
5955,-14,4,1,0,0
5956,-11,3,1,0,0
5957,-7,1,1,0,0
5958,-3,-1,1,0,0
5959,-1,-1,1,0,0
5960,0,0,1,0,0
5961,1,1,1,0,0
5962,3,1,1,0,0
5963,7,-1,1,0,0
5964,11,-3,1,0,0
5965,14,-4,1,0,0
5966,18,-4,1,0,0
5967,20,-4,1,0,0
5968,21,-3,1,0,0
5969,21,1,1,0,0
5970,21,5,1,0,0
5971,19,9,1,0,0
5972,16,14,1,0,0
5973,11,19,1,0,0
5974,4,22,1,0,0
5975,-5,21,1,0,0
5976,-13,17,1,0,0
5977,-20,8,1,0,0
5978,-21,-3,1,0,0
5979,-15,-15,1,0,0
5980,-4,-20,1,0,0
5981,11,-17,1,0,0
5982,21,-5,1,0,0
5983,19,11,1,0,0
5984,6,22,1,0,0
5985,-12,18,1,0,0
5986,-21,3,1,0,0
5987,-13,-15,1,0,0
5988,7,-19,1,0,0
5989,21,-3,1,0,0
5990,13,17,1,0,0
5991,-9,19,1,0,0
5992,-18,0,1,0,0
5993,-4,-14,1,0,0
5994,9,-5,1,0,0
5995,6,6,1,0,0
5996,-2,4,1,0,0
5997,-1,1,1,0,0
5998,0,0,1,0,0
5999,0,0,1,0,0
6000,3,-1,1,0,0
6001,5,7,1,0,0
6002,-6,10,1,0,0
6003,-15,-3,1,0,0
6004,-1,-17,1,0,0
6005,18,-8,1,0,0
6006,16,14,1,0,0
6007,-4,22,1,0,0
6008,-20,8,1,0,0
6009,-16,-12,1,0,0
6010,2,-20,1,0,0
6011,17,-11,1,0,0
6012,21,7,1,0,0
6013,10,20,1,0,0
6014,-6,22,1,0,0
6015,-18,12,1,0,0
6016,-21,-3,1,0,0
6017,-15,-15,1,0,0
6018,-4,-20,1,0,0
6019,7,-19,1,0,0
6020,16,-12,1,0,0
6021,20,-4,1,0,0
6022,21,5,1,0,0
6023,18,12,1,0,0
6024,13,17,1,0,0
6025,8,20,1,0,0
6026,4,22,1,0,0
6027,0,22,1,0,0
6028,-4,22,1,0,0
6029,-5,21,1,0,0
6030,-5,19,1,0,0
6031,-5,15,1,0,0
6032,-4,12,1,0,0
6033,-2,8,1,0,0
6034,0,4,1,0,0
6035,0,2,1,0,0
6036,0,0,1,0,0
6037,-2,0,1,0,0
6038,-4,0,1,0,0
6039,-8,-2,1,0,0
6040,-12,-4,1,0,0
6041,-15,-5,1,0,0
6042,-19,-5,1,0,0
6043,-21,-5,1,0,0
6044,-22,-4,1,0,0
6045,-22,0,1,0,0
6046,-22,4,1,0,0
6047,-20,8,1,0,0
6048,-17,13,1,0,0
6049,-12,18,1,0,0
6050,-5,21,1,0,0
6051,4,20,1,0,0
6052,12,16,1,0,0
6053,19,7,1,0,0
6054,20,-4,1,0,0
6055,15,-15,1,0,0
6056,3,-21,1,0,0
6057,-12,-18,1,0,0
6058,-22,-6,1,0,0
6059,-20,10,1,0,0
6060,-7,21,1,0,0
6061,11,17,1,0,0
6062,20,2,1,0,0
6063,12,-16,1,0,0
6064,-8,-20,1,0,0
6065,-22,-4,1,0,0
6066,-14,16,1,0,0
6067,8,18,1,0,0
6068,17,-1,1,0,0
6069,3,-15,1,0,0
6070,-10,-6,1,0,0
6071,-7,5,1,0,0
6072,1,3,1,0,0
6073,0,0,1,0,0
6074,0,0,1,0,0
6075,0,0,1,0,0
6076,0,0,1,0,0
6077,0,0,1,0,0
6078,0,0,1,0,0
6079,0,0,1,0,0
6080,0,0,1,0,0
6081,0,0,1,0,0
6082,0,0,1,0,0
6083,0,0,1,0,0
6084,0,0,1,0,0
6085,0,0,1,0,0
6086,0,0,1,0,0
6087,0,0,1,0,0
6088,0,0,1,0,0
6089,0,0,1,0,0
6090,0,0,1,0,0
6091,0,0,1,0,0
6092,0,0,1,0,0
6093,0,0,1,0,0
6094,0,0,1,0,0
6095,0,0,1,0,0
6096,0,0,1,0,0
6097,0,0,1,0,0
6098,0,0,1,0,0
6099,0,0,1,0,0
6100,0,0,1,0,0
6101,0,0,1,0,0
6102,0,0,1,0,0
6103,0,0,1,0,0
6104,0,0,1,0,0
6105,0,0,1,0,0
6106,0,0,1,0,0
6107,0,0,1,0,0
6108,0,0,1,0,0
6109,0,0,1,0,0
6110,0,0,1,0,0
6111,0,0,1,0,0
6112,0,0,1,0,0
6113,0,0,1,0,0
6114,0,0,1,0,0
6115,0,0,1,0,0
6116,0,0,1,0,0
6117,0,0,1,0,0
6118,0,0,1,0,0
6119,0,0,1,0,0
6120,0,0,1,0,0
6121,0,0,1,0,0
6122,0,0,1,0,0
6123,0,0,1,0,0
6124,0,0,1,0,0
6125,0,0,1,0,0
6126,0,0,1,0,0
6127,0,0,1,0,0
6128,0,0,1,0,0
6129,0,0,1,0,0
6130,0,0,1,0,0
6131,0,0,1,0,0
6132,0,0,1,0,0
6133,0,0,1,0,0
6134,0,0,1,0,0
6135,0,0,1,0,0
6136,0,0,1,0,0
6137,0,0,1,0,0
6138,0,0,1,0,0
6139,0,0,1,0,0
6140,0,0,1,0,0
6141,0,0,1,0,0
6142,0,0,1,0,0
6143,0,0,1,0,0
6144,0,0,1,0,0
6145,1,-1,1,0,0
6146,2,-4,1,0,0
6147,-6,-6,1,0,0
6148,-9,5,1,0,0
6149,4,14,1,0,0
6150,18,0,1,0,0
6151,9,-19,1,0,0
6152,-13,-17,1,0,0
6153,-21,3,1,0,0
6154,-7,19,1,0,0
6155,13,15,1,0,0
6156,21,-3,1,0,0
6157,12,-18,1,0,0
6158,-6,-22,1,0,0
6159,-19,-11,1,0,0
6160,-21,5,1,0,0
6161,-11,17,1,0,0
6162,4,20,1,0,0
6163,15,15,1,0,0
6164,21,3,1,0,0
6165,20,-8,1,0,0
6166,13,-17,1,0,0
6167,5,-21,1,0,0
6168,-4,-22,1,0,0
6169,-11,-19,1,0,0
6170,-16,-14,1,0,0
6171,-19,-9,1,0,0
6172,-21,-5,1,0,0
6173,-21,-1,1,0,0
6174,-21,3,1,0,0
6175,-20,4,1,0,0
6176,-18,4,1,0,0
6177,-14,4,1,0,0
6178,-11,3,1,0,0
6179,-7,1,1,0,0
6180,-3,-1,1,0,0
6181,-1,-1,1,0,0
6182,0,0,1,0,0
6183,1,1,1,0,0
6184,3,1,1,0,0
6185,7,-1,1,0,0
6186,11,-3,1,0,0
6187,14,-4,1,0,0
6188,18,-4,1,0,0
6189,20,-4,1,0,0
6190,21,-3,1,0,0
6191,21,1,1,0,0
6192,21,5,1,0,0
6193,19,9,1,0,0
6194,16,14,1,0,0
6195,11,19,1,0,0
6196,4,22,1,0,0
6197,-5,21,1,0,0
6198,-13,17,1,0,0
6199,-20,8,1,0,0
6200,-21,-3,1,0,0
6201,-15,-15,1,0,0
6202,-4,-20,1,0,0
6203,11,-17,1,0,0
6204,21,-5,1,0,0
6205,19,11,1,0,0
6206,6,22,1,0,0
6207,-12,18,1,0,0
6208,-21,3,1,0,0
6209,-13,-15,1,0,0
6210,7,-19,1,0,0
6211,21,-3,1,0,0
6212,13,17,1,0,0
6213,-9,19,1,0,0
6214,-18,0,1,0,0
6215,-4,-14,1,0,0
6216,9,-5,1,0,0
6217,6,6,1,0,0
6218,-2,4,1,0,0
6219,-1,1,1,0,0
6220,0,0,1,0,0
6221,0,0,1,0,0
6222,-3,1,1,0,0
6223,-5,-7,1,0,0
6224,6,-10,1,0,0
6225,15,3,1,0,0
6226,1,17,1,0,0
6227,-18,8,1,0,0
6228,-16,-14,1,0,0
6229,4,-22,1,0,0
6230,20,-8,1,0,0
6231,16,12,1,0,0
6232,-2,20,1,0,0
6233,-17,11,1,0,0
6234,-21,-7,1,0,0
6235,-10,-20,1,0,0
6236,6,-22,1,0,0
6237,18,-12,1,0,0
6238,21,3,1,0,0
6239,15,15,1,0,0
6240,4,20,1,0,0
6241,-7,19,1,0,0
6242,-16,12,1,0,0
6243,-20,4,1,0,0
6244,-21,-5,1,0,0
6245,-18,-12,1,0,0
6246,-13,-17,1,0,0
6247,-8,-20,1,0,0
6248,-4,-22,1,0,0
6249,0,-22,1,0,0
6250,4,-22,1,0,0
6251,5,-21,1,0,0
6252,5,-19,1,0,0
6253,5,-15,1,0,0
6254,4,-12,1,0,0
6255,2,-8,1,0,0
6256,0,-4,1,0,0
6257,0,-2,1,0,0
6258,0,0,1,0,0
6259,2,0,1,0,0
6260,4,0,1,0,0
6261,8,2,1,0,0
6262,12,4,1,0,0
6263,15,5,1,0,0
6264,19,5,1,0,0
6265,21,5,1,0,0
6266,22,4,1,0,0
6267,22,0,1,0,0
6268,22,-4,1,0,0
6269,20,-8,1,0,0
6270,17,-13,1,0,0
6271,12,-18,1,0,0
6272,5,-21,1,0,0
6273,-4,-20,1,0,0
6274,-12,-16,1,0,0
6275,-19,-7,1,0,0
6276,-20,4,1,0,0
6277,-15,15,1,0,0
6278,-3,21,1,0,0
6279,12,18,1,0,0
6280,22,6,1,0,0
6281,20,-10,1,0,0
6282,7,-21,1,0,0
6283,-11,-17,1,0,0
6284,-20,-2,1,0,0
6285,-12,16,1,0,0
6286,8,20,1,0,0
6287,22,4,1,0,0
6288,14,-16,1,0,0
6289,-8,-18,1,0,0
6290,-17,1,1,0,0
6291,-3,15,1,0,0
6292,10,6,1,0,0
6293,7,-5,1,0,0
6294,-1,-3,1,0,0
6295,0,0,1,0,0
6296,0,0,1,0,0
6297,0,0,1,0,0
6298,0,0,1,0,0
6299,0,0,1,0,0
6300,0,0,1,0,0
6301,0,0,1,0,0
6302,0,0,1,0,0
6303,0,0,1,0,0
6304,0,0,1,0,0
6305,0,0,1,0,0
6306,0,0,1,0,0
6307,-1,1,1,0,0
6308,-2,4,1,0,0
6309,6,6,1,0,0
6310,9,-5,1,0,0
6311,-4,-14,1,0,0
6312,-18,0,1,0,0
6313,-9,19,1,0,0
6314,13,17,1,0,0
6315,21,-3,1,0,0
6316,7,-19,1,0,0
6317,-13,-15,1,0,0
6318,-21,3,1,0,0
6319,-12,18,1,0,0
6320,6,22,1,0,0
6321,19,11,1,0,0
6322,21,-5,1,0,0
6323,11,-17,1,0,0
6324,-4,-20,1,0,0
6325,-15,-15,1,0,0
6326,-21,-3,1,0,0
6327,-20,8,1,0,0
6328,-13,17,1,0,0
6329,-5,21,1,0,0
6330,4,22,1,0,0
6331,11,19,1,0,0
6332,16,14,1,0,0
6333,19,9,1,0,0
6334,21,5,1,0,0
6335,21,1,1,0,0
6336,21,-3,1,0,0
6337,20,-4,1,0,0
6338,18,-4,1,0,0
6339,14,-4,1,0,0
6340,11,-3,1,0,0
6341,7,-1,1,0,0
6342,3,1,1,0,0
6343,1,1,1,0,0
6344,0,0,1,0,0
6345,-1,-1,1,0,0
6346,-3,-1,1,0,0
6347,-7,1,1,0,0
6348,-11,3,1,0,0
6349,-14,4,1,0,0
6350,-18,4,1,0,0
6351,-20,4,1,0,0
6352,-21,3,1,0,0
6353,-21,-1,1,0,0
6354,-21,-5,1,0,0
6355,-19,-9,1,0,0
6356,-16,-14,1,0,0
6357,-11,-19,1,0,0
6358,-4,-22,1,0,0
6359,5,-21,1,0,0
6360,13,-17,1,0,0
6361,20,-8,1,0,0
6362,21,3,1,0,0
6363,15,15,1,0,0
6364,4,20,1,0,0
6365,-11,17,1,0,0
6366,-21,5,1,0,0
6367,-19,-11,1,0,0
6368,-6,-22,1,0,0
6369,12,-18,1,0,0
6370,21,-3,1,0,0
6371,13,15,1,0,0
6372,-7,19,1,0,0
6373,-21,3,1,0,0
6374,-13,-17,1,0,0
6375,9,-19,1,0,0
6376,18,0,1,0,0
6377,4,14,1,0,0
6378,-9,5,1,0,0
6379,-6,-6,1,0,0
6380,2,-4,1,0,0
6381,1,-1,1,0,0
6382,0,0,1,0,0
6383,0,0,1,0,0
6384,3,-1,1,0,0
6385,5,7,1,0,0
6386,-6,10,1,0,0
6387,-15,-3,1,0,0
6388,-1,-17,1,0,0
6389,18,-8,1,0,0
6390,16,14,1,0,0
6391,-4,22,1,0,0
6392,-20,8,1,0,0
6393,-16,-12,1,0,0
6394,2,-20,1,0,0
6395,17,-11,1,0,0
6396,21,7,1,0,0
6397,10,20,1,0,0
6398,-6,22,1,0,0
6399,-18,12,1,0,0
6400,-21,-3,1,0,0
6401,-15,-15,1,0,0
6402,-4,-20,1,0,0
6403,7,-19,1,0,0
6404,16,-12,1,0,0
6405,20,-4,1,0,0
6406,21,5,1,0,0
6407,18,12,1,0,0
6408,13,17,1,0,0
6409,8,20,1,0,0
6410,4,22,1,0,0
6411,0,22,1,0,0
6412,-4,22,1,0,0
6413,-5,21,1,0,0
6414,-5,19,1,0,0
6415,-5,15,1,0,0
6416,-4,12,1,0,0
6417,-2,8,1,0,0
6418,0,4,1,0,0
6419,0,2,1,0,0
6420,0,0,1,0,0
6421,2,0,1,0,0
6422,4,0,1,0,0
6423,8,2,1,0,0
6424,12,4,1,0,0
6425,15,5,1,0,0
6426,19,5,1,0,0
6427,21,5,1,0,0
6428,22,4,1,0,0
6429,22,0,1,0,0
6430,22,-4,1,0,0
6431,20,-8,1,0,0
6432,17,-13,1,0,0
6433,12,-18,1,0,0
6434,5,-21,1,0,0
6435,-4,-20,1,0,0
6436,-12,-16,1,0,0
6437,-19,-7,1,0,0
6438,-20,4,1,0,0
6439,-15,15,1,0,0
6440,-3,21,1,0,0
6441,12,18,1,0,0
6442,22,6,1,0,0
6443,20,-10,1,0,0
6444,7,-21,1,0,0
6445,-11,-17,1,0,0
6446,-20,-2,1,0,0
6447,-12,16,1,0,0
6448,8,20,1,0,0
6449,22,4,1,0,0
6450,14,-16,1,0,0
6451,-8,-18,1,0,0
6452,-17,1,1,0,0
6453,-3,15,1,0,0
6454,10,6,1,0,0
6455,7,-5,1,0,0
6456,-1,-3,1,0,0
6457,0,0,1,0,0
6458,0,0,1,0,0
6459,0,0,1,0,0
6460,0,0,1,0,0
6461,0,0,1,0,0
6462,0,0,1,0,0
6463,0,0,1,0,0
6464,0,0,1,0,0
6465,0,0,1,0,0
6466,0,0,1,0,0
6467,0,0,1,0,0
6468,0,0,1,0,0
6469,0,0,1,0,0
6470,0,0,1,0,0
6471,0,0,1,0,0
6472,0,0,1,0,0
6473,0,0,1,0,0
6474,0,0,1,0,0
6475,0,0,1,0,0
6476,0,0,1,0,0
6477,0,0,1,0,0
6478,0,0,1,0,0
6479,0,0,1,0,0
6480,0,0,1,0,0
6481,0,0,1,0,0
6482,0,0,1,0,0
6483,0,0,1,0,0
6484,0,0,1,0,0
6485,0,0,1,0,0
6486,0,0,1,0,0
6487,0,0,1,0,0
6488,0,0,1,0,0
6489,0,0,1,0,0
6490,0,0,1,0,0
6491,0,0,1,0,0
6492,0,0,1,0,0
6493,0,0,1,0,0
6494,0,0,1,0,0
6495,0,0,1,0,0
6496,0,0,1,0,0
6497,0,0,1,0,0
6498,0,0,1,0,0
6499,0,0,1,0,0
6500,0,0,1,0,0
6501,0,0,1,0,0
6502,0,0,1,0,0
6503,0,0,1,0,0
6504,0,0,1,0,0
6505,0,0,1,0,0
6506,0,0,1,0,0
6507,0,0,1,0,0
6508,0,0,1,0,0
6509,0,0,1,0,0
6510,0,0,1,0,0
6511,0,0,1,0,0
6512,0,0,1,0,0
6513,0,0,1,0,0
6514,0,0,1,0,0
6515,0,0,1,0,0
6516,0,0,1,0,0
6517,0,0,1,0,0
6518,0,0,1,0,0
6519,0,0,1,0,0
6520,0,0,1,0,0
6521,0,0,1,0,0
6522,0,0,1,0,0
6523,0,0,1,0,0
6524,0,0,1,0,0
6525,0,0,1,0,0
6526,0,0,1,0,0
6527,0,0,1,0,0
6528,0,0,1,0,0
6529,1,1,1,0,0
6530,4,2,1,0,0
6531,6,-6,1,0,0
6532,-5,-9,1,0,0
6533,-14,4,1,0,0
6534,0,18,1,0,0
6535,19,9,1,0,0
6536,17,-13,1,0,0
6537,-3,-21,1,0,0
6538,-19,-7,1,0,0
6539,-15,13,1,0,0
6540,3,21,1,0,0
6541,18,12,1,0,0
6542,22,-6,1,0,0
6543,11,-19,1,0,0
6544,-5,-21,1,0,0
6545,-17,-11,1,0,0
6546,-20,4,1,0,0
6547,-15,15,1,0,0
6548,-3,21,1,0,0
6549,8,20,1,0,0
6550,17,13,1,0,0
6551,21,5,1,0,0
6552,22,-4,1,0,0
6553,19,-11,1,0,0
6554,14,-16,1,0,0
6555,9,-19,1,0,0
6556,5,-21,1,0,0
6557,1,-21,1,0,0
6558,-3,-21,1,0,0
6559,-4,-20,1,0,0
6560,-4,-18,1,0,0
6561,-4,-14,1,0,0
6562,-3,-11,1,0,0
6563,-1,-7,1,0,0
6564,1,-3,1,0,0
6565,1,-1,1,0,0
6566,0,0,1,0,0
6567,-1,1,1,0,0
6568,-1,3,1,0,0
6569,1,7,1,0,0
6570,3,11,1,0,0
6571,4,14,1,0,0
6572,4,18,1,0,0
6573,4,20,1,0,0
6574,3,21,1,0,0
6575,-1,21,1,0,0
6576,-5,21,1,0,0
6577,-9,19,1,0,0
6578,-14,16,1,0,0
6579,-19,11,1,0,0
6580,-22,4,1,0,0
6581,-21,-5,1,0,0
6582,-17,-13,1,0,0
6583,-8,-20,1,0,0
6584,3,-21,1,0,0
6585,15,-15,1,0,0
6586,20,-4,1,0,0
6587,17,11,1,0,0
6588,5,21,1,0,0
6589,-11,19,1,0,0
6590,-22,6,1,0,0
6591,-18,-12,1,0,0
6592,-3,-21,1,0,0
6593,15,-13,1,0,0
6594,19,7,1,0,0
6595,3,21,1,0,0
6596,-17,13,1,0,0
6597,-19,-9,1,0,0
6598,0,-18,1,0,0
6599,14,-4,1,0,0
6600,5,9,1,0,0
6601,-6,6,1,0,0
6602,-4,-2,1,0,0
6603,-1,-1,1,0,0
6604,0,0,1,0,0
6605,0,0,1,0,0
6606,3,-1,1,0,0
6607,5,7,1,0,0
6608,-6,10,1,0,0
6609,-15,-3,1,0,0
6610,-1,-17,1,0,0
6611,18,-8,1,0,0
6612,16,14,1,0,0
6613,-4,22,1,0,0
6614,-20,8,1,0,0
6615,-16,-12,1,0,0
6616,2,-20,1,0,0
6617,17,-11,1,0,0
6618,21,7,1,0,0
6619,10,20,1,0,0
6620,-6,22,1,0,0
6621,-18,12,1,0,0
6622,-21,-3,1,0,0
6623,-15,-15,1,0,0
6624,-4,-20,1,0,0
6625,7,-19,1,0,0
6626,16,-12,1,0,0
6627,20,-4,1,0,0
6628,21,5,1,0,0
6629,18,12,1,0,0
6630,13,17,1,0,0
6631,8,20,1,0,0
6632,4,22,1,0,0
6633,0,22,1,0,0
6634,-4,22,1,0,0
6635,-5,21,1,0,0
6636,-5,19,1,0,0
6637,-5,15,1,0,0
6638,-4,12,1,0,0
6639,-2,8,1,0,0
6640,0,4,1,0,0
6641,0,2,1,0,0
6642,0,0,1,0,0
6643,2,0,1,0,0
6644,4,0,1,0,0
6645,8,2,1,0,0
6646,12,4,1,0,0
6647,15,5,1,0,0
6648,19,5,1,0,0
6649,21,5,1,0,0
6650,22,4,1,0,0
6651,22,0,1,0,0
6652,22,-4,1,0,0
6653,20,-8,1,0,0
6654,17,-13,1,0,0
6655,12,-18,1,0,0
6656,5,-21,1,0,0
6657,-4,-20,1,0,0
6658,-12,-16,1,0,0
6659,-19,-7,1,0,0
6660,-20,4,1,0,0
6661,-15,15,1,0,0
6662,-3,21,1,0,0
6663,12,18,1,0,0
6664,22,6,1,0,0
6665,20,-10,1,0,0
6666,7,-21,1,0,0
6667,-11,-17,1,0,0
6668,-20,-2,1,0,0
6669,-12,16,1,0,0
6670,8,20,1,0,0
6671,22,4,1,0,0
6672,14,-16,1,0,0
6673,-8,-18,1,0,0
6674,-17,1,1,0,0
6675,-3,15,1,0,0
6676,10,6,1,0,0
6677,7,-5,1,0,0
6678,-1,-3,1,0,0
6679,0,0,1,0,0
6680,0,0,1,0,0
6681,0,0,1,0,0
6682,0,0,1,0,0
6683,0,0,1,0,0
6684,0,0,1,0,0
6685,0,0,1,0,0
6686,0,0,1,0,0
6687,0,0,1,0,0
6688,0,0,1,0,0
6689,0,0,1,0,0
6690,0,0,1,0,0
6691,1,1,1,0,0
6692,4,2,1,0,0
6693,6,-6,1,0,0
6694,-5,-9,1,0,0
6695,-14,4,1,0,0
6696,0,18,1,0,0
6697,19,9,1,0,0
6698,17,-13,1,0,0
6699,-3,-21,1,0,0
6700,-19,-7,1,0,0
6701,-15,13,1,0,0
6702,3,21,1,0,0
6703,18,12,1,0,0
6704,22,-6,1,0,0
6705,11,-19,1,0,0
6706,-5,-21,1,0,0
6707,-17,-11,1,0,0
6708,-20,4,1,0,0
6709,-15,15,1,0,0
6710,-3,21,1,0,0
6711,8,20,1,0,0
6712,17,13,1,0,0
6713,21,5,1,0,0
6714,22,-4,1,0,0
6715,19,-11,1,0,0
6716,14,-16,1,0,0
6717,9,-19,1,0,0
6718,5,-21,1,0,0
6719,1,-21,1,0,0
6720,-3,-21,1,0,0
6721,-4,-20,1,0,0
6722,-4,-18,1,0,0
6723,-4,-14,1,0,0
6724,-3,-11,1,0,0
6725,-1,-7,1,0,0
6726,1,-3,1,0,0
6727,1,-1,1,0,0
6728,0,0,1,0,0
6729,-1,1,1,0,0
6730,-1,3,1,0,0
6731,1,7,1,0,0
6732,3,11,1,0,0
6733,4,14,1,0,0
6734,4,18,1,0,0
6735,4,20,1,0,0
6736,3,21,1,0,0
6737,-1,21,1,0,0
6738,-5,21,1,0,0
6739,-9,19,1,0,0
6740,-14,16,1,0,0
6741,-19,11,1,0,0
6742,-22,4,1,0,0
6743,-21,-5,1,0,0
6744,-17,-13,1,0,0
6745,-8,-20,1,0,0
6746,3,-21,1,0,0
6747,15,-15,1,0,0
6748,20,-4,1,0,0
6749,17,11,1,0,0
6750,5,21,1,0,0
6751,-11,19,1,0,0
6752,-22,6,1,0,0
6753,-18,-12,1,0,0
6754,-3,-21,1,0,0
6755,15,-13,1,0,0
6756,19,7,1,0,0
6757,3,21,1,0,0
6758,-17,13,1,0,0
6759,-19,-9,1,0,0
6760,0,-18,1,0,0
6761,14,-4,1,0,0
6762,5,9,1,0,0
6763,-6,6,1,0,0
6764,-4,-2,1,0,0
6765,-1,-1,1,0,0
6766,0,0,1,0,0
6767,0,0,1,0,0
6768,-1,-3,1,0,0
6769,7,-5,1,0,0
6770,10,6,1,0,0
6771,-3,15,1,0,0
6772,-17,1,1,0,0
6773,-8,-18,1,0,0
6774,14,-16,1,0,0
6775,22,4,1,0,0
6776,8,20,1,0,0
6777,-12,16,1,0,0
6778,-20,-2,1,0,0
6779,-11,-17,1,0,0
6780,7,-21,1,0,0
6781,20,-10,1,0,0
6782,22,6,1,0,0
6783,12,18,1,0,0
6784,-3,21,1,0,0
6785,-15,15,1,0,0
6786,-20,4,1,0,0
6787,-19,-7,1,0,0
6788,-12,-16,1,0,0
6789,-4,-20,1,0,0
6790,5,-21,1,0,0
6791,12,-18,1,0,0
6792,17,-13,1,0,0
6793,20,-8,1,0,0
6794,22,-4,1,0,0
6795,22,0,1,0,0
6796,22,4,1,0,0
6797,21,5,1,0,0
6798,19,5,1,0,0
6799,15,5,1,0,0
6800,12,4,1,0,0
6801,8,2,1,0,0
6802,4,0,1,0,0
6803,2,0,1,0,0
6804,0,0,1,0,0
6805,2,0,1,0,0
6806,4,0,1,0,0
6807,8,2,1,0,0
6808,12,4,1,0,0
6809,15,5,1,0,0
6810,19,5,1,0,0
6811,21,5,1,0,0
6812,22,4,1,0,0
6813,22,0,1,0,0
6814,22,-4,1,0,0
6815,20,-8,1,0,0
6816,17,-13,1,0,0
6817,12,-18,1,0,0
6818,5,-21,1,0,0
6819,-4,-20,1,0,0
6820,-12,-16,1,0,0
6821,-19,-7,1,0,0
6822,-20,4,1,0,0
6823,-15,15,1,0,0
6824,-3,21,1,0,0
6825,12,18,1,0,0
6826,22,6,1,0,0
6827,20,-10,1,0,0
6828,7,-21,1,0,0
6829,-11,-17,1,0,0
6830,-20,-2,1,0,0
6831,-12,16,1,0,0
6832,8,20,1,0,0
6833,22,4,1,0,0
6834,14,-16,1,0,0
6835,-8,-18,1,0,0
6836,-17,1,1,0,0
6837,-3,15,1,0,0
6838,10,6,1,0,0
6839,7,-5,1,0,0
6840,-1,-3,1,0,0
6841,0,0,1,0,0
6842,0,0,1,0,0
6843,0,0,1,0,0
6844,0,0,1,0,0
6845,0,0,1,0,0
6846,0,0,1,0,0
6847,0,0,1,0,0
6848,0,0,1,0,0
6849,0,0,1,0,0
6850,0,0,1,0,0
6851,0,0,1,0,0
6852,0,0,1,0,0
6853,0,0,1,0,0
6854,0,0,1,0,0
6855,0,0,1,0,0
6856,0,0,1,0,0
6857,0,0,1,0,0
6858,0,0,1,0,0
6859,0,0,1,0,0
6860,0,0,1,0,0
6861,0,0,1,0,0
6862,0,0,1,0,0
6863,0,0,1,0,0
6864,0,0,1,0,0
6865,0,0,1,0,0
6866,0,0,1,0,0
6867,0,0,1,0,0
6868,0,0,1,0,0
6869,0,0,1,0,0
6870,0,0,1,0,0
6871,0,0,1,0,0
6872,0,0,1,0,0
6873,0,0,1,0,0
6874,0,0,1,0,0
6875,0,0,1,0,0
6876,0,0,1,0,0
6877,0,0,1,0,0
6878,0,0,1,0,0
6879,0,0,1,0,0
6880,0,0,1,0,0
6881,0,0,1,0,0
6882,0,0,1,0,0
6883,0,0,1,0,0
6884,0,0,1,0,0
6885,0,0,1,0,0
6886,0,0,1,0,0
6887,0,0,1,0,0
6888,0,0,1,0,0
6889,0,0,1,0,0
6890,0,0,1,0,0
6891,0,0,1,0,0
6892,0,0,1,0,0
6893,0,0,1,0,0
6894,0,0,1,0,0
6895,0,0,1,0,0
6896,0,0,1,0,0
6897,0,0,1,0,0
6898,0,0,1,0,0
6899,0,0,1,0,0
6900,0,0,1,0,0
6901,0,0,1,0,0
6902,0,0,1,0,0
6903,0,0,1,0,0
6904,0,0,1,0,0
6905,0,0,1,0,0
6906,0,0,1,0,0
6907,0,0,1,0,0
6908,0,0,1,0,0
6909,0,0,1,0,0
6910,0,0,1,0,0
6911,0,0,1,0,0
6912,0,0,1,0,0
6913,-1,1,1,0,0
6914,-2,4,1,0,0
6915,6,6,1,0,0
6916,9,-5,1,0,0
6917,-4,-14,1,0,0
6918,-18,0,1,0,0
6919,-9,19,1,0,0
6920,13,17,1,0,0
6921,21,-3,1,0,0
6922,7,-19,1,0,0
6923,-13,-15,1,0,0
6924,-21,3,1,0,0
6925,-12,18,1,0,0
6926,6,22,1,0,0
6927,19,11,1,0,0
6928,21,-5,1,0,0
6929,11,-17,1,0,0
6930,-4,-20,1,0,0
6931,-15,-15,1,0,0
6932,-21,-3,1,0,0
6933,-20,8,1,0,0
6934,-13,17,1,0,0
6935,-5,21,1,0,0
6936,4,22,1,0,0
6937,11,19,1,0,0
6938,16,14,1,0,0
6939,19,9,1,0,0
6940,21,5,1,0,0
6941,21,1,1,0,0
6942,21,-3,1,0,0
6943,20,-4,1,0,0
6944,18,-4,1,0,0
6945,14,-4,1,0,0
6946,11,-3,1,0,0
6947,7,-1,1,0,0
6948,3,1,1,0,0
6949,1,1,1,0,0
6950,0,0,1,0,0
6951,-1,-1,1,0,0
6952,-3,-1,1,0,0
6953,-7,1,1,0,0
6954,-11,3,1,0,0
6955,-14,4,1,0,0
6956,-18,4,1,0,0
6957,-20,4,1,0,0
6958,-21,3,1,0,0
6959,-21,-1,1,0,0
6960,-21,-5,1,0,0
6961,-19,-9,1,0,0
6962,-16,-14,1,0,0
6963,-11,-19,1,0,0
6964,-4,-22,1,0,0
6965,5,-21,1,0,0
6966,13,-17,1,0,0
6967,20,-8,1,0,0
6968,21,3,1,0,0
6969,15,15,1,0,0
6970,4,20,1,0,0
6971,-11,17,1,0,0
6972,-21,5,1,0,0
6973,-19,-11,1,0,0
6974,-6,-22,1,0,0
6975,12,-18,1,0,0
6976,21,-3,1,0,0
6977,13,15,1,0,0
6978,-7,19,1,0,0
6979,-21,3,1,0,0
6980,-13,-17,1,0,0
6981,9,-19,1,0,0
6982,18,0,1,0,0
6983,4,14,1,0,0
6984,-9,5,1,0,0
6985,-6,-6,1,0,0
6986,2,-4,1,0,0
6987,1,-1,1,0,0
6988,0,0,1,0,0
6989,0,0,1,0,0
6990,1,3,1,0,0
6991,-7,5,1,0,0
6992,-10,-6,1,0,0
6993,3,-15,1,0,0
6994,17,-1,1,0,0
6995,8,18,1,0,0
6996,-14,16,1,0,0
6997,-22,-4,1,0,0
6998,-8,-20,1,0,0
6999,12,-16,1,0,0
7000,20,2,1,0,0
7001,11,17,1,0,0
7002,-7,21,1,0,0
7003,-20,10,1,0,0
7004,-22,-6,1,0,0
7005,-12,-18,1,0,0
7006,3,-21,1,0,0
7007,15,-15,1,0,0
7008,20,-4,1,0,0
7009,19,7,1,0,0
7010,12,16,1,0,0
7011,4,20,1,0,0
7012,-5,21,1,0,0
7013,-12,18,1,0,0
7014,-17,13,1,0,0
7015,-20,8,1,0,0
7016,-22,4,1,0,0
7017,-22,0,1,0,0
7018,-22,-4,1,0,0
7019,-21,-5,1,0,0
7020,-19,-5,1,0,0
7021,-15,-5,1,0,0
7022,-12,-4,1,0,0
7023,-8,-2,1,0,0
7024,-4,0,1,0,0
7025,-2,0,1,0,0
7026,0,0,1,0,0
7027,2,0,1,0,0
7028,4,0,1,0,0
7029,8,2,1,0,0
7030,12,4,1,0,0
7031,15,5,1,0,0
7032,19,5,1,0,0
7033,21,5,1,0,0
7034,22,4,1,0,0
7035,22,0,1,0,0
7036,22,-4,1,0,0
7037,20,-8,1,0,0
7038,17,-13,1,0,0
7039,12,-18,1,0,0
7040,5,-21,1,0,0
7041,-4,-20,1,0,0
7042,-12,-16,1,0,0
7043,-19,-7,1,0,0
7044,-20,4,1,0,0
7045,-15,15,1,0,0
7046,-3,21,1,0,0
7047,12,18,1,0,0
7048,22,6,1,0,0
7049,20,-10,1,0,0
7050,7,-21,1,0,0
7051,-11,-17,1,0,0
7052,-20,-2,1,0,0
7053,-12,16,1,0,0
7054,8,20,1,0,0
7055,22,4,1,0,0
7056,14,-16,1,0,0
7057,-8,-18,1,0,0
7058,-17,1,1,0,0
7059,-3,15,1,0,0
7060,10,6,1,0,0
7061,7,-5,1,0,0
7062,-1,-3,1,0,0
7063,0,0,1,0,0
7064,0,0,1,0,0
7065,0,0,1,0,0
7066,0,0,1,0,0
7067,0,0,1,0,0
7068,0,0,1,0,0
7069,0,0,1,0,0
7070,0,0,1,0,0
7071,0,0,1,0,0
7072,0,0,1,0,0
7073,0,0,1,0,0
7074,0,0,1,0,0
7075,-1,1,1,0,0
7076,-2,4,1,0,0
7077,6,6,1,0,0
7078,9,-5,1,0,0
7079,-4,-14,1,0,0
7080,-18,0,1,0,0
7081,-9,19,1,0,0
7082,13,17,1,0,0
7083,21,-3,1,0,0
7084,7,-19,1,0,0
7085,-13,-15,1,0,0
7086,-21,3,1,0,0
7087,-12,18,1,0,0
7088,6,22,1,0,0
7089,19,11,1,0,0
7090,21,-5,1,0,0
7091,11,-17,1,0,0
7092,-4,-20,1,0,0
7093,-15,-15,1,0,0
7094,-21,-3,1,0,0
7095,-20,8,1,0,0
7096,-13,17,1,0,0
7097,-5,21,1,0,0
7098,4,22,1,0,0
7099,11,19,1,0,0
7100,16,14,1,0,0
7101,19,9,1,0,0
7102,21,5,1,0,0
7103,21,1,1,0,0
7104,21,-3,1,0,0
7105,20,-4,1,0,0
7106,18,-4,1,0,0
7107,14,-4,1,0,0
7108,11,-3,1,0,0
7109,7,-1,1,0,0
7110,3,1,1,0,0
7111,1,1,1,0,0
7112,0,0,1,0,0
7113,-1,-1,1,0,0
7114,-3,-1,1,0,0
7115,-7,1,1,0,0
7116,-11,3,1,0,0
7117,-14,4,1,0,0
7118,-18,4,1,0,0
7119,-20,4,1,0,0
7120,-21,3,1,0,0
7121,-21,-1,1,0,0
7122,-21,-5,1,0,0
7123,-19,-9,1,0,0
7124,-16,-14,1,0,0
7125,-11,-19,1,0,0
7126,-4,-22,1,0,0
7127,5,-21,1,0,0
7128,13,-17,1,0,0
7129,20,-8,1,0,0
7130,21,3,1,0,0
7131,15,15,1,0,0
7132,4,20,1,0,0
7133,-11,17,1,0,0
7134,-21,5,1,0,0
7135,-19,-11,1,0,0
7136,-6,-22,1,0,0
7137,12,-18,1,0,0
7138,21,-3,1,0,0
7139,13,15,1,0,0
7140,-7,19,1,0,0
7141,-21,3,1,0,0
7142,-13,-17,1,0,0
7143,9,-19,1,0,0
7144,18,0,1,0,0
7145,4,14,1,0,0
7146,-9,5,1,0,0
7147,-6,-6,1,0,0
7148,2,-4,1,0,0
7149,1,-1,1,0,0
7150,0,0,1,0,0
7151,0,0,1,0,0
7152,3,-1,1,0,0
7153,5,7,1,0,0
7154,-6,10,1,0,0
7155,-15,-3,1,0,0
7156,-1,-17,1,0,0
7157,18,-8,1,0,0
7158,16,14,1,0,0
7159,-4,22,1,0,0
7160,-20,8,1,0,0
7161,-16,-12,1,0,0
7162,2,-20,1,0,0
7163,17,-11,1,0,0
7164,21,7,1,0,0
7165,10,20,1,0,0
7166,-6,22,1,0,0
7167,-18,12,1,0,0
7168,-21,-3,1,0,0
7169,-15,-15,1,0,0
7170,-4,-20,1,0,0
7171,7,-19,1,0,0
7172,16,-12,1,0,0
7173,20,-4,1,0,0
7174,21,5,1,0,0
7175,18,12,1,0,0
7176,13,17,1,0,0
7177,8,20,1,0,0
7178,4,22,1,0,0
7179,0,22,1,0,0
7180,-4,22,1,0,0
7181,-5,21,1,0,0
7182,-5,19,1,0,0
7183,-5,15,1,0,0
7184,-4,12,1,0,0
7185,-2,8,1,0,0
7186,0,4,1,0,0
7187,0,2,1,0,0
7188,0,0,1,0,0
7189,2,0,1,0,0
7190,4,0,1,0,0
7191,8,2,1,0,0
7192,12,4,1,0,0
7193,15,5,1,0,0
7194,19,5,1,0,0
7195,21,5,1,0,0
7196,22,4,1,0,0
7197,22,0,1,0,0
7198,22,-4,1,0,0
7199,20,-8,1,0,0
7200,17,-13,1,0,0
7201,12,-18,1,0,0
7202,5,-21,1,0,0
7203,-4,-20,1,0,0
7204,-12,-16,1,0,0
7205,-19,-7,1,0,0
7206,-20,4,1,0,0
7207,-15,15,1,0,0
7208,-3,21,1,0,0
7209,12,18,1,0,0
7210,22,6,1,0,0
7211,20,-10,1,0,0
7212,7,-21,1,0,0
7213,-11,-17,1,0,0
7214,-20,-2,1,0,0
7215,-12,16,1,0,0
7216,8,20,1,0,0
7217,22,4,1,0,0
7218,14,-16,1,0,0
7219,-8,-18,1,0,0
7220,-17,1,1,0,0
7221,-3,15,1,0,0
7222,10,6,1,0,0
7223,7,-5,1,0,0
7224,-1,-3,1,0,0
7225,0,0,1,0,0
7226,0,0,1,0,0
7227,0,0,1,0,0
7228,0,0,1,0,0
7229,0,0,1,0,0
7230,0,0,1,0,0
7231,0,0,1,0,0
7232,0,0,1,0,0
7233,0,0,1,0,0
7234,0,0,1,0,0
7235,0,0,1,0,0
7236,0,0,1,0,0
7237,0,0,1,0,0
7238,0,0,1,0,0
7239,0,0,1,0,0
7240,0,0,1,0,0
7241,0,0,1,0,0
7242,0,0,1,0,0
7243,0,0,1,0,0
7244,0,0,1,0,0
7245,0,0,1,0,0
7246,0,0,1,0,0
7247,0,0,1,0,0
7248,0,0,1,0,0
7249,0,0,1,0,0
7250,0,0,1,0,0
7251,0,0,1,0,0
7252,0,0,1,0,0
7253,0,0,1,0,0
7254,0,0,1,0,0
7255,0,0,1,0,0
7256,0,0,1,0,0
7257,0,0,1,0,0
7258,0,0,1,0,0
7259,0,0,1,0,0
7260,0,0,1,0,0
7261,0,0,1,0,0
7262,0,0,1,0,0
7263,0,0,1,0,0
7264,0,0,1,0,0
7265,0,0,1,0,0
7266,0,0,1,0,0
7267,0,0,1,0,0
7268,0,0,1,0,0
7269,0,0,1,0,0
7270,0,0,1,0,0
7271,0,0,1,0,0
7272,0,0,1,0,0
7273,0,0,1,0,0
7274,0,0,1,0,0
7275,0,0,1,0,0
7276,0,0,1,0,0
7277,0,0,1,0,0
7278,0,0,1,0,0
7279,0,0,1,0,0
7280,0,0,1,0,0
7281,0,0,1,0,0
7282,0,0,1,0,0
7283,0,0,1,0,0
7284,0,0,1,0,0
7285,0,0,1,0,0
7286,0,0,1,0,0
7287,0,0,1,0,0
7288,0,0,1,0,0
7289,0,0,1,0,0
7290,0,0,1,0,0
7291,0,0,1,0,0
7292,0,0,1,0,0
7293,0,0,1,0,0
7294,0,0,1,0,0
7295,0,0,1,0,0
7296,0,0,1,0,0
7297,1,-1,1,0,0
7298,2,-4,1,0,0
7299,-6,-6,1,0,0
7300,-9,5,1,0,0
7301,4,14,1,0,0
7302,18,0,1,0,0
7303,9,-19,1,0,0
7304,-13,-17,1,0,0
7305,-21,3,1,0,0
7306,-7,19,1,0,0
7307,13,15,1,0,0
7308,21,-3,1,0,0
7309,12,-18,1,0,0
7310,-6,-22,1,0,0
7311,-19,-11,1,0,0
7312,-21,5,1,0,0
7313,-11,17,1,0,0
7314,4,20,1,0,0
7315,15,15,1,0,0
7316,21,3,1,0,0
7317,20,-8,1,0,0
7318,13,-17,1,0,0
7319,5,-21,1,0,0
7320,-4,-22,1,0,0
7321,-11,-19,1,0,0
7322,-16,-14,1,0,0
7323,-19,-9,1,0,0
7324,-21,-5,1,0,0
7325,-21,-1,1,0,0
7326,-21,3,1,0,0
7327,-20,4,1,0,0
7328,-18,4,1,0,0
7329,-14,4,1,0,0
7330,-11,3,1,0,0
7331,-7,1,1,0,0
7332,-3,-1,1,0,0
7333,-1,-1,1,0,0
7334,0,0,1,0,0
7335,1,1,1,0,0
7336,3,1,1,0,0
7337,7,-1,1,0,0
7338,11,-3,1,0,0
7339,14,-4,1,0,0
7340,18,-4,1,0,0
7341,20,-4,1,0,0
7342,21,-3,1,0,0
7343,21,1,1,0,0
7344,21,5,1,0,0
7345,19,9,1,0,0
7346,16,14,1,0,0
7347,11,19,1,0,0
7348,4,22,1,0,0
7349,-5,21,1,0,0
7350,-13,17,1,0,0
7351,-20,8,1,0,0
7352,-21,-3,1,0,0
7353,-15,-15,1,0,0
7354,-4,-20,1,0,0
7355,11,-17,1,0,0
7356,21,-5,1,0,0
7357,19,11,1,0,0
7358,6,22,1,0,0
7359,-12,18,1,0,0
7360,-21,3,1,0,0
7361,-13,-15,1,0,0
7362,7,-19,1,0,0
7363,21,-3,1,0,0
7364,13,17,1,0,0
7365,-9,19,1,0,0
7366,-18,0,1,0,0
7367,-4,-14,1,0,0
7368,9,-5,1,0,0
7369,6,6,1,0,0
7370,-2,4,1,0,0
7371,-1,1,1,0,0
7372,0,0,1,0,0
7373,0,0,1,0,0
7374,-3,1,1,0,0
7375,-5,-7,1,0,0
7376,6,-10,1,0,0
7377,15,3,1,0,0
7378,1,17,1,0,0
7379,-18,8,1,0,0
7380,-16,-14,1,0,0
7381,4,-22,1,0,0
7382,20,-8,1,0,0
7383,16,12,1,0,0
7384,-2,20,1,0,0
7385,-17,11,1,0,0
7386,-21,-7,1,0,0
7387,-10,-20,1,0,0
7388,6,-22,1,0,0
7389,18,-12,1,0,0
7390,21,3,1,0,0
7391,15,15,1,0,0
7392,4,20,1,0,0
7393,-7,19,1,0,0
7394,-16,12,1,0,0
7395,-20,4,1,0,0
7396,-21,-5,1,0,0
7397,-18,-12,1,0,0
7398,-13,-17,1,0,0
7399,-8,-20,1,0,0
7400,-4,-22,1,0,0
7401,0,-22,1,0,0
7402,4,-22,1,0,0
7403,5,-21,1,0,0
7404,5,-19,1,0,0
7405,5,-15,1,0,0
7406,4,-12,1,0,0
7407,2,-8,1,0,0
7408,0,-4,1,0,0
7409,0,-2,1,0,0
7410,0,0,1,0,0
7411,0,2,1,0,0
7412,0,4,1,0,0
7413,-2,8,1,0,0
7414,-4,12,1,0,0
7415,-5,15,1,0,0
7416,-5,19,1,0,0
7417,-5,21,1,0,0
7418,-4,22,1,0,0
7419,0,22,1,0,0
7420,4,22,1,0,0
7421,8,20,1,0,0
7422,13,17,1,0,0
7423,18,12,1,0,0
7424,21,5,1,0,0
7425,20,-4,1,0,0
7426,16,-12,1,0,0
7427,7,-19,1,0,0
7428,-4,-20,1,0,0
7429,-15,-15,1,0,0
7430,-21,-3,1,0,0
7431,-18,12,1,0,0
7432,-6,22,1,0,0
7433,10,20,1,0,0
7434,21,7,1,0,0
7435,17,-11,1,0,0
7436,2,-20,1,0,0
7437,-16,-12,1,0,0
7438,-20,8,1,0,0
7439,-4,22,1,0,0
7440,16,14,1,0,0
7441,18,-8,1,0,0
7442,-1,-17,1,0,0
7443,-15,-3,1,0,0
7444,-6,10,1,0,0
7445,5,7,1,0,0
7446,3,-1,1,0,0
7447,0,0,1,0,0
7448,0,0,1,0,0
7449,0,0,1,0,0
7450,0,0,1,0,0
7451,0,0,1,0,0
7452,0,0,1,0,0
7453,0,0,1,0,0
7454,0,0,1,0,0
7455,0,0,1,0,0
7456,0,0,1,0,0
7457,0,0,1,0,0
7458,0,0,1,0,0
7459,1,-1,1,0,0
7460,2,-4,1,0,0
7461,-6,-6,1,0,0
7462,-9,5,1,0,0
7463,4,14,1,0,0
7464,18,0,1,0,0
7465,9,-19,1,0,0
7466,-13,-17,1,0,0
7467,-21,3,1,0,0
7468,-7,19,1,0,0
7469,13,15,1,0,0
7470,21,-3,1,0,0
7471,12,-18,1,0,0
7472,-6,-22,1,0,0
7473,-19,-11,1,0,0
7474,-21,5,1,0,0
7475,-11,17,1,0,0
7476,4,20,1,0,0
7477,15,15,1,0,0
7478,21,3,1,0,0
7479,20,-8,1,0,0
7480,13,-17,1,0,0
7481,5,-21,1,0,0
7482,-4,-22,1,0,0
7483,-11,-19,1,0,0
7484,-16,-14,1,0,0
7485,-19,-9,1,0,0
7486,-21,-5,1,0,0
7487,-21,-1,1,0,0
7488,-21,3,1,0,0
7489,-20,4,1,0,0
7490,-18,4,1,0,0
7491,-14,4,1,0,0
7492,-11,3,1,0,0
7493,-7,1,1,0,0
7494,-3,-1,1,0,0
7495,-1,-1,1,0,0
7496,0,0,1,0,0
7497,1,1,1,0,0
7498,3,1,1,0,0
7499,7,-1,1,0,0
7500,11,-3,1,0,0
7501,14,-4,1,0,0
7502,18,-4,1,0,0
7503,20,-4,1,0,0
7504,21,-3,1,0,0
7505,21,1,1,0,0
7506,21,5,1,0,0
7507,19,9,1,0,0
7508,16,14,1,0,0
7509,11,19,1,0,0
7510,4,22,1,0,0
7511,-5,21,1,0,0
7512,-13,17,1,0,0
7513,-20,8,1,0,0
7514,-21,-3,1,0,0
7515,-15,-15,1,0,0
7516,-4,-20,1,0,0
7517,11,-17,1,0,0
7518,21,-5,1,0,0
7519,19,11,1,0,0
7520,6,22,1,0,0
7521,-12,18,1,0,0
7522,-21,3,1,0,0
7523,-13,-15,1,0,0
7524,7,-19,1,0,0
7525,21,-3,1,0,0
7526,13,17,1,0,0
7527,-9,19,1,0,0
7528,-18,0,1,0,0
7529,-4,-14,1,0,0
7530,9,-5,1,0,0
7531,6,6,1,0,0
7532,-2,4,1,0,0
7533,-1,1,1,0,0
7534,0,0,1,0,0
7535,0,0,1,0,0
7536,-1,-3,1,0,0
7537,7,-5,1,0,0
7538,10,6,1,0,0
7539,-3,15,1,0,0
7540,-17,1,1,0,0
7541,-8,-18,1,0,0
7542,14,-16,1,0,0
7543,22,4,1,0,0
7544,8,20,1,0,0
7545,-12,16,1,0,0
7546,-20,-2,1,0,0
7547,-11,-17,1,0,0
7548,7,-21,1,0,0
7549,20,-10,1,0,0
7550,22,6,1,0,0
7551,12,18,1,0,0
7552,-3,21,1,0,0
7553,-15,15,1,0,0
7554,-20,4,1,0,0
7555,-19,-7,1,0,0
7556,-12,-16,1,0,0
7557,-4,-20,1,0,0
7558,5,-21,1,0,0
7559,12,-18,1,0,0
7560,17,-13,1,0,0
7561,20,-8,1,0,0
7562,22,-4,1,0,0
7563,22,0,1,0,0
7564,22,4,1,0,0
7565,21,5,1,0,0
7566,19,5,1,0,0
7567,15,5,1,0,0
7568,12,4,1,0,0
7569,8,2,1,0,0
7570,4,0,1,0,0
7571,2,0,1,0,0
7572,0,0,1,0,0
7573,0,2,1,0,0
7574,0,4,1,0,0
7575,-2,8,1,0,0
7576,-4,12,1,0,0
7577,-5,15,1,0,0
7578,-5,19,1,0,0
7579,-5,21,1,0,0
7580,-4,22,1,0,0
7581,0,22,1,0,0
7582,4,22,1,0,0
7583,8,20,1,0,0
7584,13,17,1,0,0
7585,18,12,1,0,0
7586,21,5,1,0,0
7587,20,-4,1,0,0
7588,16,-12,1,0,0
7589,7,-19,1,0,0
7590,-4,-20,1,0,0
7591,-15,-15,1,0,0
7592,-21,-3,1,0,0
7593,-18,12,1,0,0
7594,-6,22,1,0,0
7595,10,20,1,0,0
7596,21,7,1,0,0
7597,17,-11,1,0,0
7598,2,-20,1,0,0
7599,-16,-12,1,0,0
7600,-20,8,1,0,0
7601,-4,22,1,0,0
7602,16,14,1,0,0
7603,18,-8,1,0,0
7604,-1,-17,1,0,0
7605,-15,-3,1,0,0
7606,-6,10,1,0,0
7607,5,7,1,0,0
7608,3,-1,1,0,0
7609,0,0,1,0,0
7610,0,0,1,0,0
7611,0,0,1,0,0
7612,0,0,1,0,0
7613,0,0,1,0,0
7614,0,0,1,0,0
7615,0,0,1,0,0
7616,0,0,1,0,0
7617,0,0,1,0,0
7618,0,0,1,0,0
7619,0,0,1,0,0
7620,0,0,1,0,0
7621,0,0,1,0,0
7622,0,0,1,0,0
7623,0,0,1,0,0
7624,0,0,1,0,0
7625,0,0,1,0,0
7626,0,0,1,0,0
7627,0,0,1,0,0
7628,0,0,1,0,0
7629,0,0,1,0,0
7630,0,0,1,0,0
7631,0,0,1,0,0
7632,0,0,1,0,0
7633,0,0,1,0,0
7634,0,0,1,0,0
7635,0,0,1,0,0
7636,0,0,1,0,0
7637,0,0,1,0,0
7638,0,0,1,0,0
7639,0,0,1,0,0
7640,0,0,1,0,0
7641,0,0,1,0,0
7642,0,0,1,0,0
7643,0,0,1,0,0
7644,0,0,1,0,0
7645,0,0,1,0,0
7646,0,0,1,0,0
7647,0,0,1,0,0
7648,0,0,1,0,0
7649,0,0,1,0,0
7650,0,0,1,0,0
7651,0,0,1,0,0
7652,0,0,1,0,0
7653,0,0,1,0,0
7654,0,0,1,0,0
7655,0,0,1,0,0
7656,0,0,1,0,0
7657,0,0,1,0,0
7658,0,0,1,0,0
7659,0,0,1,0,0
7660,0,0,1,0,0
7661,0,0,1,0,0
7662,0,0,1,0,0
7663,0,0,1,0,0
7664,0,0,1,0,0
7665,0,0,1,0,0
7666,0,0,1,0,0
7667,0,0,1,0,0
7668,0,0,1,0,0
7669,0,0,1,0,0
7670,0,0,1,0,0
7671,0,0,1,0,0
7672,0,0,1,0,0
7673,0,0,1,0,0
7674,0,0,1,0,0
7675,0,0,1,0,0
7676,0,0,1,0,0
7677,0,0,1,0,0
7678,0,0,1,0,0
7679,0,0,1,0,0
7680,0,0,1,0,0
7681,1,1,1,0,0
7682,4,2,1,0,0
7683,6,-6,1,0,0
7684,-5,-9,1,0,0
7685,-14,4,1,0,0
7686,0,18,1,0,0
7687,19,9,1,0,0
7688,17,-13,1,0,0
7689,-3,-21,1,0,0
7690,-19,-7,1,0,0
7691,-15,13,1,0,0
7692,3,21,1,0,0
7693,18,12,1,0,0
7694,22,-6,1,0,0
7695,11,-19,1,0,0
7696,-5,-21,1,0,0
7697,-17,-11,1,0,0
7698,-20,4,1,0,0
7699,-15,15,1,0,0
7700,-3,21,1,0,0
7701,8,20,1,0,0
7702,17,13,1,0,0
7703,21,5,1,0,0
7704,22,-4,1,0,0
7705,19,-11,1,0,0
7706,14,-16,1,0,0
7707,9,-19,1,0,0
7708,5,-21,1,0,0
7709,1,-21,1,0,0
7710,-3,-21,1,0,0
7711,-4,-20,1,0,0
7712,-4,-18,1,0,0
7713,-4,-14,1,0,0
7714,-3,-11,1,0,0
7715,-1,-7,1,0,0
7716,1,-3,1,0,0
7717,1,-1,1,0,0
7718,0,0,1,0,0
7719,-1,1,1,0,0
7720,-1,3,1,0,0
7721,1,7,1,0,0
7722,3,11,1,0,0
7723,4,14,1,0,0
7724,4,18,1,0,0
7725,4,20,1,0,0
7726,3,21,1,0,0
7727,-1,21,1,0,0
7728,-5,21,1,0,0
7729,-9,19,1,0,0
7730,-14,16,1,0,0
7731,-19,11,1,0,0
7732,-22,4,1,0,0
7733,-21,-5,1,0,0
7734,-17,-13,1,0,0
7735,-8,-20,1,0,0
7736,3,-21,1,0,0
7737,15,-15,1,0,0
7738,20,-4,1,0,0
7739,17,11,1,0,0
7740,5,21,1,0,0
7741,-11,19,1,0,0
7742,-22,6,1,0,0
7743,-18,-12,1,0,0
7744,-3,-21,1,0,0
7745,15,-13,1,0,0
7746,19,7,1,0,0
7747,3,21,1,0,0
7748,-17,13,1,0,0
7749,-19,-9,1,0,0
7750,0,-18,1,0,0
7751,14,-4,1,0,0
7752,5,9,1,0,0
7753,-6,6,1,0,0
7754,-4,-2,1,0,0
7755,-1,-1,1,0,0
7756,0,0,1,0,0
7757,0,0,1,0,0
7758,1,3,1,0,0
7759,-7,5,1,0,0
7760,-10,-6,1,0,0
7761,3,-15,1,0,0
7762,17,-1,1,0,0
7763,8,18,1,0,0
7764,-14,16,1,0,0
7765,-22,-4,1,0,0
7766,-8,-20,1,0,0
7767,12,-16,1,0,0
7768,20,2,1,0,0
7769,11,17,1,0,0
7770,-7,21,1,0,0
7771,-20,10,1,0,0
7772,-22,-6,1,0,0
7773,-12,-18,1,0,0
7774,3,-21,1,0,0
7775,15,-15,1,0,0
7776,20,-4,1,0,0
7777,19,7,1,0,0
7778,12,16,1,0,0
7779,4,20,1,0,0
7780,-5,21,1,0,0
7781,-12,18,1,0,0
7782,-17,13,1,0,0
7783,-20,8,1,0,0
7784,-22,4,1,0,0
7785,-22,0,1,0,0
7786,-22,-4,1,0,0
7787,-21,-5,1,0,0
7788,-19,-5,1,0,0
7789,-15,-5,1,0,0
7790,-12,-4,1,0,0
7791,-8,-2,1,0,0
7792,-4,0,1,0,0
7793,-2,0,1,0,0
7794,0,0,1,0,0
7795,-2,0,1,0,0
7796,-4,0,1,0,0
7797,-8,-2,1,0,0
7798,-12,-4,1,0,0
7799,-15,-5,1,0,0
7800,-19,-5,1,0,0
7801,-21,-5,1,0,0
7802,-22,-4,1,0,0
7803,-22,0,1,0,0
7804,-22,4,1,0,0
7805,-20,8,1,0,0
7806,-17,13,1,0,0
7807,-12,18,1,0,0
7808,-5,21,1,0,0
7809,4,20,1,0,0
7810,12,16,1,0,0
7811,19,7,1,0,0
7812,20,-4,1,0,0
7813,15,-15,1,0,0
7814,3,-21,1,0,0
7815,-12,-18,1,0,0
7816,-22,-6,1,0,0
7817,-20,10,1,0,0
7818,-7,21,1,0,0
7819,11,17,1,0,0
7820,20,2,1,0,0
7821,12,-16,1,0,0
7822,-8,-20,1,0,0
7823,-22,-4,1,0,0
7824,-14,16,1,0,0
7825,8,18,1,0,0
7826,17,-1,1,0,0
7827,3,-15,1,0,0
7828,-10,-6,1,0,0
7829,-7,5,1,0,0
7830,1,3,1,0,0
7831,0,0,1,0,0
7832,0,0,1,0,0
7833,0,0,1,0,0
7834,0,0,1,0,0
7835,0,0,1,0,0
7836,0,0,1,0,0
7837,0,0,1,0,0
7838,0,0,1,0,0
7839,0,0,1,0,0
7840,0,0,1,0,0
7841,0,0,1,0,0
7842,0,0,1,0,0
7843,-1,1,1,0,0
7844,-2,4,1,0,0
7845,6,6,1,0,0
7846,9,-5,1,0,0
7847,-4,-14,1,0,0
7848,-18,0,1,0,0
7849,-9,19,1,0,0
7850,13,17,1,0,0
7851,21,-3,1,0,0
7852,7,-19,1,0,0
7853,-13,-15,1,0,0
7854,-21,3,1,0,0
7855,-12,18,1,0,0
7856,6,22,1,0,0
7857,19,11,1,0,0
7858,21,-5,1,0,0
7859,11,-17,1,0,0
7860,-4,-20,1,0,0
7861,-15,-15,1,0,0
7862,-21,-3,1,0,0
7863,-20,8,1,0,0
7864,-13,17,1,0,0
7865,-5,21,1,0,0
7866,4,22,1,0,0
7867,11,19,1,0,0
7868,16,14,1,0,0
7869,19,9,1,0,0
7870,21,5,1,0,0
7871,21,1,1,0,0
7872,21,-3,1,0,0
7873,20,-4,1,0,0
7874,18,-4,1,0,0
7875,14,-4,1,0,0
7876,11,-3,1,0,0
7877,7,-1,1,0,0
7878,3,1,1,0,0
7879,1,1,1,0,0
7880,0,0,1,0,0
7881,-1,-1,1,0,0
7882,-3,-1,1,0,0
7883,-7,1,1,0,0
7884,-11,3,1,0,0
7885,-14,4,1,0,0
7886,-18,4,1,0,0
7887,-20,4,1,0,0
7888,-21,3,1,0,0
7889,-21,-1,1,0,0
7890,-21,-5,1,0,0
7891,-19,-9,1,0,0
7892,-16,-14,1,0,0
7893,-11,-19,1,0,0
7894,-4,-22,1,0,0
7895,5,-21,1,0,0
7896,13,-17,1,0,0
7897,20,-8,1,0,0
7898,21,3,1,0,0
7899,15,15,1,0,0
7900,4,20,1,0,0
7901,-11,17,1,0,0
7902,-21,5,1,0,0
7903,-19,-11,1,0,0
7904,-6,-22,1,0,0
7905,12,-18,1,0,0
7906,21,-3,1,0,0
7907,13,15,1,0,0
7908,-7,19,1,0,0
7909,-21,3,1,0,0
7910,-13,-17,1,0,0
7911,9,-19,1,0,0
7912,18,0,1,0,0
7913,4,14,1,0,0
7914,-9,5,1,0,0
7915,-6,-6,1,0,0
7916,2,-4,1,0,0
7917,1,-1,1,0,0
7918,0,0,1,0,0
7919,0,0,1,0,0
7920,3,-1,1,0,0
7921,5,7,1,0,0
7922,-6,10,1,0,0
7923,-15,-3,1,0,0
7924,-1,-17,1,0,0
7925,18,-8,1,0,0
7926,16,14,1,0,0
7927,-4,22,1,0,0
7928,-20,8,1,0,0
7929,-16,-12,1,0,0
7930,2,-20,1,0,0
7931,17,-11,1,0,0
7932,21,7,1,0,0
7933,10,20,1,0,0
7934,-6,22,1,0,0
7935,-18,12,1,0,0
7936,-21,-3,1,0,0
7937,-15,-15,1,0,0
7938,-4,-20,1,0,0
7939,7,-19,1,0,0
7940,16,-12,1,0,0
7941,20,-4,1,0,0
7942,21,5,1,0,0
7943,18,12,1,0,0
7944,13,17,1,0,0
7945,8,20,1,0,0
7946,4,22,1,0,0
7947,0,22,1,0,0
7948,-4,22,1,0,0
7949,-5,21,1,0,0
7950,-5,19,1,0,0
7951,-5,15,1,0,0
7952,-4,12,1,0,0
7953,-2,8,1,0,0
7954,0,4,1,0,0
7955,0,2,1,0,0
7956,0,0,1,0,0
7957,-2,0,1,0,0
7958,-4,0,1,0,0
7959,-8,-2,1,0,0
7960,-12,-4,1,0,0
7961,-15,-5,1,0,0
7962,-19,-5,1,0,0
7963,-21,-5,1,0,0
7964,-22,-4,1,0,0
7965,-22,0,1,0,0
7966,-22,4,1,0,0
7967,-20,8,1,0,0
7968,-17,13,1,0,0
7969,-12,18,1,0,0
7970,-5,21,1,0,0
7971,4,20,1,0,0
7972,12,16,1,0,0
7973,19,7,1,0,0
7974,20,-4,1,0,0
7975,15,-15,1,0,0
7976,3,-21,1,0,0
7977,-12,-18,1,0,0
7978,-22,-6,1,0,0
7979,-20,10,1,0,0
7980,-7,21,1,0,0
7981,11,17,1,0,0
7982,20,2,1,0,0
7983,12,-16,1,0,0
7984,-8,-20,1,0,0
7985,-22,-4,1,0,0
7986,-14,16,1,0,0
7987,8,18,1,0,0
7988,17,-1,1,0,0
7989,3,-15,1,0,0
7990,-10,-6,1,0,0
7991,-7,5,1,0,0
7992,1,3,1,0,0
7993,0,0,1,0,0
7994,0,0,1,0,0
7995,0,0,1,0,0
7996,0,0,1,0,0
7997,0,0,1,0,0
7998,0,0,1,0,0
7999,0,0,1,0,0
8000,0,0,1,0,0
8001,0,0,1,0,0
8002,0,0,1,0,0
8003,0,0,1,0,0
8004,0,0,1,0,0
8005,0,0,1,0,0
8006,0,0,1,0,0
8007,0,0,1,0,0
8008,0,0,1,0,0
8009,0,0,1,0,0
8010,0,0,1,0,0
8011,0,0,1,0,0
8012,0,0,1,0,0
8013,0,0,1,0,0
8014,0,0,1,0,0
8015,0,0,1,0,0
8016,0,0,1,0,0
8017,0,0,1,0,0
8018,0,0,1,0,0
8019,0,0,1,0,0
8020,0,0,1,0,0
8021,0,0,1,0,0
8022,0,0,1,0,0
8023,0,0,1,0,0
8024,0,0,1,0,0
8025,0,0,1,0,0
8026,0,0,1,0,0
8027,0,0,1,0,0
8028,0,0,1,0,0
8029,0,0,1,0,0
8030,0,0,1,0,0
8031,0,0,1,0,0
8032,0,0,1,0,0
8033,0,0,1,0,0
8034,0,0,1,0,0
8035,0,0,1,0,0
8036,0,0,1,0,0
8037,0,0,1,0,0
8038,0,0,1,0,0
8039,0,0,1,0,0
8040,0,0,1,0,0
8041,0,0,1,0,0
8042,0,0,1,0,0
8043,0,0,1,0,0
8044,0,0,1,0,0
8045,0,0,1,0,0
8046,0,0,1,0,0
8047,0,0,1,0,0
8048,0,0,1,0,0
8049,0,0,1,0,0
8050,0,0,1,0,0
8051,0,0,1,0,0
8052,0,0,1,0,0
8053,0,0,1,0,0
8054,0,0,1,0,0
8055,0,0,1,0,0
8056,0,0,1,0,0
8057,0,0,1,0,0
8058,0,0,1,0,0
8059,0,0,1,0,0
8060,0,0,1,0,0
8061,0,0,1,0,0
8062,0,0,1,0,0
8063,0,0,1,0,0
8064,0,0,1,0,0
8065,-1,1,1,0,0
8066,-2,4,1,0,0
8067,6,6,1,0,0
8068,9,-5,1,0,0
8069,-4,-14,1,0,0
8070,-18,0,1,0,0
8071,-9,19,1,0,0
8072,13,17,1,0,0
8073,21,-3,1,0,0
8074,7,-19,1,0,0
8075,-13,-15,1,0,0
8076,-21,3,1,0,0
8077,-12,18,1,0,0
8078,6,22,1,0,0
8079,19,11,1,0,0
8080,21,-5,1,0,0
8081,11,-17,1,0,0
8082,-4,-20,1,0,0
8083,-15,-15,1,0,0
8084,-21,-3,1,0,0
8085,-20,8,1,0,0
8086,-13,17,1,0,0
8087,-5,21,1,0,0
8088,4,22,1,0,0
8089,11,19,1,0,0
8090,16,14,1,0,0
8091,19,9,1,0,0
8092,21,5,1,0,0
8093,21,1,1,0,0
8094,21,-3,1,0,0
8095,20,-4,1,0,0
8096,18,-4,1,0,0
8097,14,-4,1,0,0
8098,11,-3,1,0,0
8099,7,-1,1,0,0
8100,3,1,1,0,0
8101,1,1,1,0,0
8102,0,0,1,0,0
8103,-1,-1,1,0,0
8104,-3,-1,1,0,0
8105,-7,1,1,0,0
8106,-11,3,1,0,0
8107,-14,4,1,0,0
8108,-18,4,1,0,0
8109,-20,4,1,0,0
8110,-21,3,1,0,0
8111,-21,-1,1,0,0
8112,-21,-5,1,0,0
8113,-19,-9,1,0,0
8114,-16,-14,1,0,0
8115,-11,-19,1,0,0
8116,-4,-22,1,0,0
8117,5,-21,1,0,0
8118,13,-17,1,0,0
8119,20,-8,1,0,0
8120,21,3,1,0,0
8121,15,15,1,0,0
8122,4,20,1,0,0
8123,-11,17,1,0,0
8124,-21,5,1,0,0
8125,-19,-11,1,0,0
8126,-6,-22,1,0,0
8127,12,-18,1,0,0
8128,21,-3,1,0,0
8129,13,15,1,0,0
8130,-7,19,1,0,0
8131,-21,3,1,0,0
8132,-13,-17,1,0,0
8133,9,-19,1,0,0
8134,18,0,1,0,0
8135,4,14,1,0,0
8136,-9,5,1,0,0
8137,-6,-6,1,0,0
8138,2,-4,1,0,0
8139,1,-1,1,0,0
8140,0,0,1,0,0
8141,0,0,1,0,0
8142,-1,-3,1,0,0
8143,7,-5,1,0,0
8144,10,6,1,0,0
8145,-3,15,1,0,0
8146,-17,1,1,0,0
8147,-8,-18,1,0,0
8148,14,-16,1,0,0
8149,22,4,1,0,0
8150,8,20,1,0,0
8151,-12,16,1,0,0
8152,-20,-2,1,0,0
8153,-11,-17,1,0,0
8154,7,-21,1,0,0
8155,20,-10,1,0,0
8156,22,6,1,0,0
8157,12,18,1,0,0
8158,-3,21,1,0,0
8159,-15,15,1,0,0
8160,-20,4,1,0,0
8161,-19,-7,1,0,0
8162,-12,-16,1,0,0
8163,-4,-20,1,0,0
8164,5,-21,1,0,0
8165,12,-18,1,0,0
8166,17,-13,1,0,0
8167,20,-8,1,0,0
8168,22,-4,1,0,0
8169,22,0,1,0,0
8170,22,4,1,0,0
8171,21,5,1,0,0
8172,19,5,1,0,0
8173,15,5,1,0,0
8174,12,4,1,0,0
8175,8,2,1,0,0
8176,4,0,1,0,0
8177,2,0,1,0,0
8178,0,0,1,0,0
8179,0,-2,1,0,0
8180,0,-4,1,0,0
8181,2,-8,1,0,0
8182,4,-12,1,0,0
8183,5,-15,1,0,0
8184,5,-19,1,0,0
8185,5,-21,1,0,0
8186,4,-22,1,0,0
8187,0,-22,1,0,0
8188,-4,-22,1,0,0
8189,-8,-20,1,0,0
8190,-13,-17,1,0,0
8191,-18,-12,1,0,0
8192,-21,-5,1,0,0
8193,-20,4,1,0,0
8194,-16,12,1,0,0
8195,-7,19,1,0,0
8196,4,20,1,0,0
8197,15,15,1,0,0
8198,21,3,1,0,0
8199,18,-12,1,0,0
8200,6,-22,1,0,0
8201,-10,-20,1,0,0
8202,-21,-7,1,0,0
8203,-17,11,1,0,0
8204,-2,20,1,0,0
8205,16,12,1,0,0
8206,20,-8,1,0,0
8207,4,-22,1,0,0
8208,-16,-14,1,0,0
8209,-18,8,1,0,0
8210,1,17,1,0,0
8211,15,3,1,0,0
8212,6,-10,1,0,0
8213,-5,-7,1,0,0
8214,-3,1,1,0,0
8215,0,0,1,0,0
8216,0,0,1,0,0
8217,0,0,1,0,0
8218,0,0,1,0,0
8219,0,0,1,0,0
8220,0,0,1,0,0
8221,0,0,1,0,0
8222,0,0,1,0,0
8223,0,0,1,0,0
8224,0,0,1,0,0
8225,0,0,1,0,0
8226,0,0,1,0,0
8227,-1,1,1,0,0
8228,-2,4,1,0,0
8229,6,6,1,0,0
8230,9,-5,1,0,0
8231,-4,-14,1,0,0
8232,-18,0,1,0,0
8233,-9,19,1,0,0
8234,13,17,1,0,0
8235,21,-3,1,0,0
8236,7,-19,1,0,0
8237,-13,-15,1,0,0
8238,-21,3,1,0,0
8239,-12,18,1,0,0
8240,6,22,1,0,0
8241,19,11,1,0,0
8242,21,-5,1,0,0
8243,11,-17,1,0,0
8244,-4,-20,1,0,0
8245,-15,-15,1,0,0
8246,-21,-3,1,0,0
8247,-20,8,1,0,0
8248,-13,17,1,0,0
8249,-5,21,1,0,0
8250,4,22,1,0,0
8251,11,19,1,0,0
8252,16,14,1,0,0
8253,19,9,1,0,0
8254,21,5,1,0,0
8255,21,1,1,0,0
8256,21,-3,1,0,0
8257,20,-4,1,0,0
8258,18,-4,1,0,0
8259,14,-4,1,0,0
8260,11,-3,1,0,0
8261,7,-1,1,0,0
8262,3,1,1,0,0
8263,1,1,1,0,0
8264,0,0,1,0,0
8265,-1,-1,1,0,0
8266,-3,-1,1,0,0
8267,-7,1,1,0,0
8268,-11,3,1,0,0
8269,-14,4,1,0,0
8270,-18,4,1,0,0
8271,-20,4,1,0,0
8272,-21,3,1,0,0
8273,-21,-1,1,0,0
8274,-21,-5,1,0,0
8275,-19,-9,1,0,0
8276,-16,-14,1,0,0
8277,-11,-19,1,0,0
8278,-4,-22,1,0,0
8279,5,-21,1,0,0
8280,13,-17,1,0,0
8281,20,-8,1,0,0
8282,21,3,1,0,0
8283,15,15,1,0,0
8284,4,20,1,0,0
8285,-11,17,1,0,0
8286,-21,5,1,0,0
8287,-19,-11,1,0,0
8288,-6,-22,1,0,0
8289,12,-18,1,0,0
8290,21,-3,1,0,0
8291,13,15,1,0,0
8292,-7,19,1,0,0
8293,-21,3,1,0,0
8294,-13,-17,1,0,0
8295,9,-19,1,0,0
8296,18,0,1,0,0
8297,4,14,1,0,0
8298,-9,5,1,0,0
8299,-6,-6,1,0,0
8300,2,-4,1,0,0
8301,1,-1,1,0,0
8302,0,0,1,0,0
8303,0,0,1,0,0
8304,-1,-3,1,0,0
8305,7,-5,1,0,0
8306,10,6,1,0,0
8307,-3,15,1,0,0
8308,-17,1,1,0,0
8309,-8,-18,1,0,0
8310,14,-16,1,0,0
8311,22,4,1,0,0
8312,8,20,1,0,0
8313,-12,16,1,0,0
8314,-20,-2,1,0,0
8315,-11,-17,1,0,0
8316,7,-21,1,0,0
8317,20,-10,1,0,0
8318,22,6,1,0,0
8319,12,18,1,0,0
8320,-3,21,1,0,0
8321,-15,15,1,0,0
8322,-20,4,1,0,0
8323,-19,-7,1,0,0
8324,-12,-16,1,0,0
8325,-4,-20,1,0,0
8326,5,-21,1,0,0
8327,12,-18,1,0,0
8328,17,-13,1,0,0
8329,20,-8,1,0,0
8330,22,-4,1,0,0
8331,22,0,1,0,0
8332,22,4,1,0,0
8333,21,5,1,0,0
8334,19,5,1,0,0
8335,15,5,1,0,0
8336,12,4,1,0,0
8337,8,2,1,0,0
8338,4,0,1,0,0
8339,2,0,1,0,0
8340,0,0,1,0,0
8341,2,0,1,0,0
8342,4,0,1,0,0
8343,8,2,1,0,0
8344,12,4,1,0,0
8345,15,5,1,0,0
8346,19,5,1,0,0
8347,21,5,1,0,0
8348,22,4,1,0,0
8349,22,0,1,0,0
8350,22,-4,1,0,0
8351,20,-8,1,0,0
8352,17,-13,1,0,0
8353,12,-18,1,0,0
8354,5,-21,1,0,0
8355,-4,-20,1,0,0
8356,-12,-16,1,0,0
8357,-19,-7,1,0,0
8358,-20,4,1,0,0
8359,-15,15,1,0,0
8360,-3,21,1,0,0
8361,12,18,1,0,0
8362,22,6,1,0,0
8363,20,-10,1,0,0
8364,7,-21,1,0,0
8365,-11,-17,1,0,0
8366,-20,-2,1,0,0
8367,-12,16,1,0,0
8368,8,20,1,0,0
8369,22,4,1,0,0
8370,14,-16,1,0,0
8371,-8,-18,1,0,0
8372,-17,1,1,0,0
8373,-3,15,1,0,0
8374,10,6,1,0,0
8375,7,-5,1,0,0
8376,-1,-3,1,0,0
8377,0,0,1,0,0
8378,0,0,1,0,0
8379,0,0,1,0,0
8380,0,0,1,0,0
8381,0,0,1,0,0
8382,0,0,1,0,0
8383,0,0,1,0,0
8384,0,0,1,0,0
8385,0,0,1,0,0
8386,0,0,1,0,0
8387,0,0,1,0,0
8388,0,0,1,0,0
8389,0,0,1,0,0
8390,0,0,1,0,0
8391,0,0,1,0,0
8392,0,0,1,0,0
8393,0,0,1,0,0
8394,0,0,1,0,0
8395,0,0,1,0,0
8396,0,0,1,0,0
8397,0,0,1,0,0
8398,0,0,1,0,0
8399,0,0,1,0,0
8400,0,0,1,0,0
8401,0,0,1,0,0
8402,0,0,1,0,0
8403,0,0,1,0,0
8404,0,0,1,0,0
8405,0,0,1,0,0
8406,0,0,1,0,0
8407,0,0,1,0,0
8408,0,0,1,0,0
8409,0,0,1,0,0
8410,0,0,1,0,0
8411,0,0,1,0,0
8412,0,0,1,0,0
8413,0,0,1,0,0
8414,0,0,1,0,0
8415,0,0,1,0,0
8416,0,0,1,0,0
8417,0,0,1,0,0
8418,0,0,1,0,0
8419,0,0,1,0,0
8420,0,0,1,0,0
8421,0,0,1,0,0
8422,0,0,1,0,0
8423,0,0,1,0,0
8424,0,0,1,0,0
8425,0,0,1,0,0
8426,0,0,1,0,0
8427,0,0,1,0,0
8428,0,0,1,0,0
8429,0,0,1,0,0
8430,0,0,1,0,0
8431,0,0,1,0,0
8432,0,0,1,0,0
8433,0,0,1,0,0
8434,0,0,1,0,0
8435,0,0,1,0,0
8436,0,0,1,0,0
8437,0,0,1,0,0
8438,0,0,1,0,0
8439,0,0,1,0,0
8440,0,0,1,0,0
8441,0,0,1,0,0
8442,0,0,1,0,0
8443,0,0,1,0,0
8444,0,0,1,0,0
8445,0,0,1,0,0
8446,0,0,1,0,0
8447,0,0,1,0,0
8448,0,0,1,0,0
8449,-1,-1,1,0,0
8450,-4,-2,1,0,0
8451,-6,6,1,0,0
8452,5,9,1,0,0
8453,14,-4,1,0,0
8454,0,-18,1,0,0
8455,-19,-9,1,0,0
8456,-17,13,1,0,0
8457,3,21,1,0,0
8458,19,7,1,0,0
8459,15,-13,1,0,0
8460,-3,-21,1,0,0
8461,-18,-12,1,0,0
8462,-22,6,1,0,0
8463,-11,19,1,0,0
8464,5,21,1,0,0
8465,17,11,1,0,0
8466,20,-4,1,0,0
8467,15,-15,1,0,0
8468,3,-21,1,0,0
8469,-8,-20,1,0,0
8470,-17,-13,1,0,0
8471,-21,-5,1,0,0
8472,-22,4,1,0,0
8473,-19,11,1,0,0
8474,-14,16,1,0,0
8475,-9,19,1,0,0
8476,-5,21,1,0,0
8477,-1,21,1,0,0
8478,3,21,1,0,0
8479,4,20,1,0,0
8480,4,18,1,0,0
8481,4,14,1,0,0
8482,3,11,1,0,0
8483,1,7,1,0,0
8484,-1,3,1,0,0
8485,-1,1,1,0,0
8486,0,0,1,0,0
8487,1,-1,1,0,0
8488,1,-3,1,0,0
8489,-1,-7,1,0,0
8490,-3,-11,1,0,0
8491,-4,-14,1,0,0
8492,-4,-18,1,0,0
8493,-4,-20,1,0,0
8494,-3,-21,1,0,0
8495,1,-21,1,0,0
8496,5,-21,1,0,0
8497,9,-19,1,0,0
8498,14,-16,1,0,0
8499,19,-11,1,0,0
8500,22,-4,1,0,0
8501,21,5,1,0,0
8502,17,13,1,0,0
8503,8,20,1,0,0
8504,-3,21,1,0,0
8505,-15,15,1,0,0
8506,-20,4,1,0,0
8507,-17,-11,1,0,0
8508,-5,-21,1,0,0
8509,11,-19,1,0,0
8510,22,-6,1,0,0
8511,18,12,1,0,0
8512,3,21,1,0,0
8513,-15,13,1,0,0
8514,-19,-7,1,0,0
8515,-3,-21,1,0,0
8516,17,-13,1,0,0
8517,19,9,1,0,0
8518,0,18,1,0,0
8519,-14,4,1,0,0
8520,-5,-9,1,0,0
8521,6,-6,1,0,0
8522,4,2,1,0,0
8523,1,1,1,0,0
8524,0,0,1,0,0
8525,0,0,1,0,0
8526,1,3,1,0,0
8527,-7,5,1,0,0
8528,-10,-6,1,0,0
8529,3,-15,1,0,0
8530,17,-1,1,0,0
8531,8,18,1,0,0
8532,-14,16,1,0,0
8533,-22,-4,1,0,0
8534,-8,-20,1,0,0
8535,12,-16,1,0,0
8536,20,2,1,0,0
8537,11,17,1,0,0
8538,-7,21,1,0,0
8539,-20,10,1,0,0
8540,-22,-6,1,0,0
8541,-12,-18,1,0,0
8542,3,-21,1,0,0
8543,15,-15,1,0,0
8544,20,-4,1,0,0
8545,19,7,1,0,0
8546,12,16,1,0,0
8547,4,20,1,0,0
8548,-5,21,1,0,0
8549,-12,18,1,0,0
8550,-17,13,1,0,0
8551,-20,8,1,0,0
8552,-22,4,1,0,0
8553,-22,0,1,0,0
8554,-22,-4,1,0,0
8555,-21,-5,1,0,0
8556,-19,-5,1,0,0
8557,-15,-5,1,0,0
8558,-12,-4,1,0,0
8559,-8,-2,1,0,0
8560,-4,0,1,0,0
8561,-2,0,1,0,0
8562,0,0,1,0,0
8563,0,-2,1,0,0
8564,0,-4,1,0,0
8565,2,-8,1,0,0
8566,4,-12,1,0,0
8567,5,-15,1,0,0
8568,5,-19,1,0,0
8569,5,-21,1,0,0
8570,4,-22,1,0,0
8571,0,-22,1,0,0
8572,-4,-22,1,0,0
8573,-8,-20,1,0,0
8574,-13,-17,1,0,0
8575,-18,-12,1,0,0
8576,-21,-5,1,0,0
8577,-20,4,1,0,0
8578,-16,12,1,0,0
8579,-7,19,1,0,0
8580,4,20,1,0,0
8581,15,15,1,0,0
8582,21,3,1,0,0
8583,18,-12,1,0,0
8584,6,-22,1,0,0
8585,-10,-20,1,0,0
8586,-21,-7,1,0,0
8587,-17,11,1,0,0
8588,-2,20,1,0,0
8589,16,12,1,0,0
8590,20,-8,1,0,0
8591,4,-22,1,0,0
8592,-16,-14,1,0,0
8593,-18,8,1,0,0
8594,1,17,1,0,0
8595,15,3,1,0,0
8596,6,-10,1,0,0
8597,-5,-7,1,0,0
8598,-3,1,1,0,0
8599,0,0,1,0,0
8600,0,0,1,0,0
8601,0,0,1,0,0
8602,0,0,1,0,0
8603,0,0,1,0,0
8604,0,0,1,0,0
8605,0,0,1,0,0
8606,0,0,1,0,0
8607,0,0,1,0,0
8608,0,0,1,0,0
8609,0,0,1,0,0
8610,0,0,1,0,0
8611,1,-1,1,0,0
8612,2,-4,1,0,0
8613,-6,-6,1,0,0
8614,-9,5,1,0,0
8615,4,14,1,0,0
8616,18,0,1,0,0
8617,9,-19,1,0,0
8618,-13,-17,1,0,0
8619,-21,3,1,0,0
8620,-7,19,1,0,0
8621,13,15,1,0,0
8622,21,-3,1,0,0
8623,12,-18,1,0,0
8624,-6,-22,1,0,0
8625,-19,-11,1,0,0
8626,-21,5,1,0,0
8627,-11,17,1,0,0
8628,4,20,1,0,0
8629,15,15,1,0,0
8630,21,3,1,0,0
8631,20,-8,1,0,0
8632,13,-17,1,0,0
8633,5,-21,1,0,0
8634,-4,-22,1,0,0
8635,-11,-19,1,0,0
8636,-16,-14,1,0,0
8637,-19,-9,1,0,0
8638,-21,-5,1,0,0
8639,-21,-1,1,0,0
8640,-21,3,1,0,0
8641,-20,4,1,0,0
8642,-18,4,1,0,0
8643,-14,4,1,0,0
8644,-11,3,1,0,0
8645,-7,1,1,0,0
8646,-3,-1,1,0,0
8647,-1,-1,1,0,0
8648,0,0,1,0,0
8649,1,1,1,0,0
8650,3,1,1,0,0
8651,7,-1,1,0,0
8652,11,-3,1,0,0
8653,14,-4,1,0,0
8654,18,-4,1,0,0
8655,20,-4,1,0,0
8656,21,-3,1,0,0
8657,21,1,1,0,0
8658,21,5,1,0,0
8659,19,9,1,0,0
8660,16,14,1,0,0
8661,11,19,1,0,0
8662,4,22,1,0,0
8663,-5,21,1,0,0
8664,-13,17,1,0,0
8665,-20,8,1,0,0
8666,-21,-3,1,0,0
8667,-15,-15,1,0,0
8668,-4,-20,1,0,0
8669,11,-17,1,0,0
8670,21,-5,1,0,0
8671,19,11,1,0,0
8672,6,22,1,0,0
8673,-12,18,1,0,0
8674,-21,3,1,0,0
8675,-13,-15,1,0,0
8676,7,-19,1,0,0
8677,21,-3,1,0,0
8678,13,17,1,0,0
8679,-9,19,1,0,0
8680,-18,0,1,0,0
8681,-4,-14,1,0,0
8682,9,-5,1,0,0
8683,6,6,1,0,0
8684,-2,4,1,0,0
8685,-1,1,1,0,0
8686,0,0,1,0,0
8687,0,0,1,0,0
8688,3,-1,1,0,0
8689,5,7,1,0,0
8690,-6,10,1,0,0
8691,-15,-3,1,0,0
8692,-1,-17,1,0,0
8693,18,-8,1,0,0
8694,16,14,1,0,0
8695,-4,22,1,0,0
8696,-20,8,1,0,0
8697,-16,-12,1,0,0
8698,2,-20,1,0,0
8699,17,-11,1,0,0
8700,21,7,1,0,0
8701,10,20,1,0,0
8702,-6,22,1,0,0
8703,-18,12,1,0,0
8704,-21,-3,1,0,0
8705,-15,-15,1,0,0
8706,-4,-20,1,0,0
8707,7,-19,1,0,0
8708,16,-12,1,0,0
8709,20,-4,1,0,0
8710,21,5,1,0,0
8711,18,12,1,0,0
8712,13,17,1,0,0
8713,8,20,1,0,0
8714,4,22,1,0,0
8715,0,22,1,0,0
8716,-4,22,1,0,0
8717,-5,21,1,0,0
8718,-5,19,1,0,0
8719,-5,15,1,0,0
8720,-4,12,1,0,0
8721,-2,8,1,0,0
8722,0,4,1,0,0
8723,0,2,1,0,0
8724,0,0,1,0,0
8725,0,-2,1,0,0
8726,0,-4,1,0,0
8727,2,-8,1,0,0
8728,4,-12,1,0,0
8729,5,-15,1,0,0
8730,5,-19,1,0,0
8731,5,-21,1,0,0
8732,4,-22,1,0,0
8733,0,-22,1,0,0
8734,-4,-22,1,0,0
8735,-8,-20,1,0,0
8736,-13,-17,1,0,0
8737,-18,-12,1,0,0
8738,-21,-5,1,0,0
8739,-20,4,1,0,0
8740,-16,12,1,0,0
8741,-7,19,1,0,0
8742,4,20,1,0,0
8743,15,15,1,0,0
8744,21,3,1,0,0
8745,18,-12,1,0,0
8746,6,-22,1,0,0
8747,-10,-20,1,0,0
8748,-21,-7,1,0,0
8749,-17,11,1,0,0
8750,-2,20,1,0,0
8751,16,12,1,0,0
8752,20,-8,1,0,0
8753,4,-22,1,0,0
8754,-16,-14,1,0,0
8755,-18,8,1,0,0
8756,1,17,1,0,0
8757,15,3,1,0,0
8758,6,-10,1,0,0
8759,-5,-7,1,0,0
8760,-3,1,1,0,0
8761,0,0,1,0,0
8762,0,0,1,0,0
8763,0,0,1,0,0
8764,0,0,1,0,0
8765,0,0,1,0,0
8766,0,0,1,0,0
8767,0,0,1,0,0
8768,0,0,1,0,0
8769,0,0,1,0,0
8770,0,0,1,0,0
8771,0,0,1,0,0
8772,0,0,1,0,0
8773,0,0,1,0,0
8774,0,0,1,0,0
8775,0,0,1,0,0
8776,0,0,1,0,0
8777,0,0,1,0,0
8778,0,0,1,0,0
8779,0,0,1,0,0
8780,0,0,1,0,0
8781,0,0,1,0,0
8782,0,0,1,0,0
8783,0,0,1,0,0
8784,0,0,1,0,0
8785,0,0,1,0,0
8786,0,0,1,0,0
8787,0,0,1,0,0
8788,0,0,1,0,0
8789,0,0,1,0,0
8790,0,0,1,0,0
8791,0,0,1,0,0
8792,0,0,1,0,0
8793,0,0,1,0,0
8794,0,0,1,0,0
8795,0,0,1,0,0
8796,0,0,1,0,0
8797,0,0,1,0,0
8798,0,0,1,0,0
8799,0,0,1,0,0
8800,0,0,1,0,0
8801,0,0,1,0,0
8802,0,0,1,0,0
8803,0,0,1,0,0
8804,0,0,1,0,0
8805,0,0,1,0,0
8806,0,0,1,0,0
8807,0,0,1,0,0
8808,0,0,1,0,0
8809,0,0,1,0,0
8810,0,0,1,0,0
8811,0,0,1,0,0
8812,0,0,1,0,0
8813,0,0,1,0,0
8814,0,0,1,0,0
8815,0,0,1,0,0
8816,0,0,1,0,0
8817,0,0,1,0,0
8818,0,0,1,0,0
8819,0,0,1,0,0
8820,0,0,1,0,0
8821,0,0,1,0,0
8822,0,0,1,0,0
8823,0,0,1,0,0
8824,0,0,1,0,0
8825,0,0,1,0,0
8826,0,0,1,0,0
8827,0,0,1,0,0
8828,0,0,1,0,0
8829,0,0,1,0,0
8830,0,0,1,0,0
8831,0,0,1,0,0
8832,0,0,1,0,0
8833,1,1,1,0,0
8834,4,2,1,0,0
8835,6,-6,1,0,0
8836,-5,-9,1,0,0
8837,-14,4,1,0,0
8838,0,18,1,0,0
8839,19,9,1,0,0
8840,17,-13,1,0,0
8841,-3,-21,1,0,0
8842,-19,-7,1,0,0
8843,-15,13,1,0,0
8844,3,21,1,0,0
8845,18,12,1,0,0
8846,22,-6,1,0,0
8847,11,-19,1,0,0
8848,-5,-21,1,0,0
8849,-17,-11,1,0,0
8850,-20,4,1,0,0
8851,-15,15,1,0,0
8852,-3,21,1,0,0
8853,8,20,1,0,0
8854,17,13,1,0,0
8855,21,5,1,0,0
8856,22,-4,1,0,0
8857,19,-11,1,0,0
8858,14,-16,1,0,0
8859,9,-19,1,0,0
8860,5,-21,1,0,0
8861,1,-21,1,0,0
8862,-3,-21,1,0,0
8863,-4,-20,1,0,0
8864,-4,-18,1,0,0
8865,-4,-14,1,0,0
8866,-3,-11,1,0,0
8867,-1,-7,1,0,0
8868,1,-3,1,0,0
8869,1,-1,1,0,0
8870,0,0,1,0,0
8871,-1,1,1,0,0
8872,-1,3,1,0,0
8873,1,7,1,0,0
8874,3,11,1,0,0
8875,4,14,1,0,0
8876,4,18,1,0,0
8877,4,20,1,0,0
8878,3,21,1,0,0
8879,-1,21,1,0,0
8880,-5,21,1,0,0
8881,-9,19,1,0,0
8882,-14,16,1,0,0
8883,-19,11,1,0,0
8884,-22,4,1,0,0
8885,-21,-5,1,0,0
8886,-17,-13,1,0,0
8887,-8,-20,1,0,0
8888,3,-21,1,0,0
8889,15,-15,1,0,0
8890,20,-4,1,0,0
8891,17,11,1,0,0
8892,5,21,1,0,0
8893,-11,19,1,0,0
8894,-22,6,1,0,0
8895,-18,-12,1,0,0
8896,-3,-21,1,0,0
8897,15,-13,1,0,0
8898,19,7,1,0,0
8899,3,21,1,0,0
8900,-17,13,1,0,0
8901,-19,-9,1,0,0
8902,0,-18,1,0,0
8903,14,-4,1,0,0
8904,5,9,1,0,0
8905,-6,6,1,0,0
8906,-4,-2,1,0,0
8907,-1,-1,1,0,0
8908,0,0,1,0,0
8909,0,0,1,0,0
8910,1,3,1,0,0
8911,-7,5,1,0,0
8912,-10,-6,1,0,0
8913,3,-15,1,0,0
8914,17,-1,1,0,0
8915,8,18,1,0,0
8916,-14,16,1,0,0
8917,-22,-4,1,0,0
8918,-8,-20,1,0,0
8919,12,-16,1,0,0
8920,20,2,1,0,0
8921,11,17,1,0,0
8922,-7,21,1,0,0
8923,-20,10,1,0,0
8924,-22,-6,1,0,0
8925,-12,-18,1,0,0
8926,3,-21,1,0,0
8927,15,-15,1,0,0
8928,20,-4,1,0,0
8929,19,7,1,0,0
8930,12,16,1,0,0
8931,4,20,1,0,0
8932,-5,21,1,0,0
8933,-12,18,1,0,0
8934,-17,13,1,0,0
8935,-20,8,1,0,0
8936,-22,4,1,0,0
8937,-22,0,1,0,0
8938,-22,-4,1,0,0
8939,-21,-5,1,0,0
8940,-19,-5,1,0,0
8941,-15,-5,1,0,0
8942,-12,-4,1,0,0
8943,-8,-2,1,0,0
8944,-4,0,1,0,0
8945,-2,0,1,0,0
8946,0,0,1,0,0
8947,2,0,1,0,0
8948,4,0,1,0,0
8949,8,2,1,0,0
8950,12,4,1,0,0
8951,15,5,1,0,0
8952,19,5,1,0,0
8953,21,5,1,0,0
8954,22,4,1,0,0
8955,22,0,1,0,0
8956,22,-4,1,0,0
8957,20,-8,1,0,0
8958,17,-13,1,0,0
8959,12,-18,1,0,0
8960,5,-21,1,0,0
8961,-4,-20,1,0,0
8962,-12,-16,1,0,0
8963,-19,-7,1,0,0
8964,-20,4,1,0,0
8965,-15,15,1,0,0
8966,-3,21,1,0,0
8967,12,18,1,0,0
8968,22,6,1,0,0
8969,20,-10,1,0,0
8970,7,-21,1,0,0
8971,-11,-17,1,0,0
8972,-20,-2,1,0,0
8973,-12,16,1,0,0
8974,8,20,1,0,0
8975,22,4,1,0,0
8976,14,-16,1,0,0
8977,-8,-18,1,0,0
8978,-17,1,1,0,0
8979,-3,15,1,0,0
8980,10,6,1,0,0
8981,7,-5,1,0,0
8982,-1,-3,1,0,0
8983,0,0,1,0,0
8984,0,0,1,0,0
8985,0,0,1,0,0
8986,0,0,1,0,0
8987,0,0,1,0,0
8988,0,0,1,0,0
8989,0,0,1,0,0
8990,0,0,1,0,0
8991,0,0,1,0,0
8992,0,0,1,0,0
8993,0,0,1,0,0
8994,0,0,1,0,0
8995,1,1,1,0,0
8996,4,2,1,0,0
8997,6,-6,1,0,0
8998,-5,-9,1,0,0
8999,-14,4,1,0,0
9000,0,18,1,0,0
9001,19,9,1,0,0
9002,17,-13,1,0,0
9003,-3,-21,1,0,0
9004,-19,-7,1,0,0
9005,-15,13,1,0,0
9006,3,21,1,0,0
9007,18,12,1,0,0
9008,22,-6,1,0,0
9009,11,-19,1,0,0
9010,-5,-21,1,0,0
9011,-17,-11,1,0,0
9012,-20,4,1,0,0
9013,-15,15,1,0,0
9014,-3,21,1,0,0
9015,8,20,1,0,0
9016,17,13,1,0,0
9017,21,5,1,0,0
9018,22,-4,1,0,0
9019,19,-11,1,0,0
9020,14,-16,1,0,0
9021,9,-19,1,0,0
9022,5,-21,1,0,0
9023,1,-21,1,0,0
9024,-3,-21,1,0,0
9025,-4,-20,1,0,0
9026,-4,-18,1,0,0
9027,-4,-14,1,0,0
9028,-3,-11,1,0,0
9029,-1,-7,1,0,0
9030,1,-3,1,0,0
9031,1,-1,1,0,0
9032,0,0,1,0,0
9033,-1,1,1,0,0
9034,-1,3,1,0,0
9035,1,7,1,0,0
9036,3,11,1,0,0
9037,4,14,1,0,0
9038,4,18,1,0,0
9039,4,20,1,0,0
9040,3,21,1,0,0
9041,-1,21,1,0,0
9042,-5,21,1,0,0
9043,-9,19,1,0,0
9044,-14,16,1,0,0
9045,-19,11,1,0,0
9046,-22,4,1,0,0
9047,-21,-5,1,0,0
9048,-17,-13,1,0,0
9049,-8,-20,1,0,0
9050,3,-21,1,0,0
9051,15,-15,1,0,0
9052,20,-4,1,0,0
9053,17,11,1,0,0
9054,5,21,1,0,0
9055,-11,19,1,0,0
9056,-22,6,1,0,0
9057,-18,-12,1,0,0
9058,-3,-21,1,0,0
9059,15,-13,1,0,0
9060,19,7,1,0,0
9061,3,21,1,0,0
9062,-17,13,1,0,0
9063,-19,-9,1,0,0
9064,0,-18,1,0,0
9065,14,-4,1,0,0
9066,5,9,1,0,0
9067,-6,6,1,0,0
9068,-4,-2,1,0,0
9069,-1,-1,1,0,0
9070,0,0,1,0,0
9071,0,0,1,0,0
9072,-1,-3,1,0,0
9073,7,-5,1,0,0
9074,10,6,1,0,0
9075,-3,15,1,0,0
9076,-17,1,1,0,0
9077,-8,-18,1,0,0
9078,14,-16,1,0,0
9079,22,4,1,0,0
9080,8,20,1,0,0
9081,-12,16,1,0,0
9082,-20,-2,1,0,0
9083,-11,-17,1,0,0
9084,7,-21,1,0,0
9085,20,-10,1,0,0
9086,22,6,1,0,0
9087,12,18,1,0,0
9088,-3,21,1,0,0
9089,-15,15,1,0,0
9090,-20,4,1,0,0
9091,-19,-7,1,0,0
9092,-12,-16,1,0,0
9093,-4,-20,1,0,0
9094,5,-21,1,0,0
9095,12,-18,1,0,0
9096,17,-13,1,0,0
9097,20,-8,1,0,0
9098,22,-4,1,0,0
9099,22,0,1,0,0
9100,22,4,1,0,0
9101,21,5,1,0,0
9102,19,5,1,0,0
9103,15,5,1,0,0
9104,12,4,1,0,0
9105,8,2,1,0,0
9106,4,0,1,0,0
9107,2,0,1,0,0
9108,0,0,1,0,0
9109,0,-2,1,0,0
9110,0,-4,1,0,0
9111,2,-8,1,0,0
9112,4,-12,1,0,0
9113,5,-15,1,0,0
9114,5,-19,1,0,0
9115,5,-21,1,0,0
9116,4,-22,1,0,0
9117,0,-22,1,0,0
9118,-4,-22,1,0,0
9119,-8,-20,1,0,0
9120,-13,-17,1,0,0
9121,-18,-12,1,0,0
9122,-21,-5,1,0,0
9123,-20,4,1,0,0
9124,-16,12,1,0,0
9125,-7,19,1,0,0
9126,4,20,1,0,0
9127,15,15,1,0,0
9128,21,3,1,0,0
9129,18,-12,1,0,0
9130,6,-22,1,0,0
9131,-10,-20,1,0,0
9132,-21,-7,1,0,0
9133,-17,11,1,0,0
9134,-2,20,1,0,0
9135,16,12,1,0,0
9136,20,-8,1,0,0
9137,4,-22,1,0,0
9138,-16,-14,1,0,0
9139,-18,8,1,0,0
9140,1,17,1,0,0
9141,15,3,1,0,0
9142,6,-10,1,0,0
9143,-5,-7,1,0,0
9144,-3,1,1,0,0
9145,0,0,1,0,0
9146,0,0,1,0,0
9147,0,0,1,0,0
9148,0,0,1,0,0
9149,0,0,1,0,0
9150,0,0,1,0,0
9151,0,0,1,0,0
9152,0,0,1,0,0
9153,0,0,1,0,0
9154,0,0,1,0,0
9155,0,0,1,0,0
9156,0,0,1,0,0
9157,0,0,1,0,0
9158,0,0,1,0,0
9159,0,0,1,0,0
9160,0,0,1,0,0
9161,0,0,1,0,0
9162,0,0,1,0,0
9163,0,0,1,0,0
9164,0,0,1,0,0
9165,0,0,1,0,0
9166,0,0,1,0,0
9167,0,0,1,0,0
9168,0,0,1,0,0
9169,0,0,1,0,0
9170,0,0,1,0,0
9171,0,0,1,0,0
9172,0,0,1,0,0
9173,0,0,1,0,0
9174,0,0,1,0,0
9175,0,0,1,0,0
9176,0,0,1,0,0
9177,0,0,1,0,0
9178,0,0,1,0,0
9179,0,0,1,0,0
9180,0,0,1,0,0
9181,0,0,1,0,0
9182,0,0,1,0,0
9183,0,0,1,0,0
9184,0,0,1,0,0
9185,0,0,1,0,0
9186,0,0,1,0,0
9187,0,0,1,0,0
9188,0,0,1,0,0
9189,0,0,1,0,0
9190,0,0,1,0,0
9191,0,0,1,0,0
9192,0,0,1,0,0
9193,0,0,1,0,0
9194,0,0,1,0,0
9195,0,0,1,0,0
9196,0,0,1,0,0
9197,0,0,1,0,0
9198,0,0,1,0,0
9199,0,0,1,0,0
9200,0,0,1,0,0
9201,0,0,1,0,0
9202,0,0,1,0,0
9203,0,0,1,0,0
9204,0,0,1,0,0
9205,0,0,1,0,0
9206,0,0,1,0,0
9207,0,0,1,0,0
9208,0,0,1,0,0
9209,0,0,1,0,0
9210,0,0,1,0,0
9211,0,0,1,0,0
9212,0,0,1,0,0
9213,0,0,1,0,0
9214,0,0,1,0,0
9215,0,0,1,0,0
9216,0,0,1,0,0
9217,-1,1,1,0,0
9218,-2,4,1,0,0
9219,6,6,1,0,0
9220,9,-5,1,0,0
9221,-4,-14,1,0,0
9222,-18,0,1,0,0
9223,-9,19,1,0,0
9224,13,17,1,0,0
9225,21,-3,1,0,0
9226,7,-19,1,0,0
9227,-13,-15,1,0,0
9228,-21,3,1,0,0
9229,-12,18,1,0,0
9230,6,22,1,0,0
9231,19,11,1,0,0
9232,21,-5,1,0,0
9233,11,-17,1,0,0
9234,-4,-20,1,0,0
9235,-15,-15,1,0,0
9236,-21,-3,1,0,0
9237,-20,8,1,0,0
9238,-13,17,1,0,0
9239,-5,21,1,0,0
9240,4,22,1,0,0
9241,11,19,1,0,0
9242,16,14,1,0,0
9243,19,9,1,0,0
9244,21,5,1,0,0
9245,21,1,1,0,0
9246,21,-3,1,0,0
9247,20,-4,1,0,0
9248,18,-4,1,0,0
9249,14,-4,1,0,0
9250,11,-3,1,0,0
9251,7,-1,1,0,0
9252,3,1,1,0,0
9253,1,1,1,0,0
9254,0,0,1,0,0
9255,-1,-1,1,0,0
9256,-3,-1,1,0,0
9257,-7,1,1,0,0
9258,-11,3,1,0,0
9259,-14,4,1,0,0
9260,-18,4,1,0,0
9261,-20,4,1,0,0
9262,-21,3,1,0,0
9263,-21,-1,1,0,0
9264,-21,-5,1,0,0
9265,-19,-9,1,0,0
9266,-16,-14,1,0,0
9267,-11,-19,1,0,0
9268,-4,-22,1,0,0
9269,5,-21,1,0,0
9270,13,-17,1,0,0
9271,20,-8,1,0,0
9272,21,3,1,0,0
9273,15,15,1,0,0
9274,4,20,1,0,0
9275,-11,17,1,0,0
9276,-21,5,1,0,0
9277,-19,-11,1,0,0
9278,-6,-22,1,0,0
9279,12,-18,1,0,0
9280,21,-3,1,0,0
9281,13,15,1,0,0
9282,-7,19,1,0,0
9283,-21,3,1,0,0
9284,-13,-17,1,0,0
9285,9,-19,1,0,0
9286,18,0,1,0,0
9287,4,14,1,0,0
9288,-9,5,1,0,0
9289,-6,-6,1,0,0
9290,2,-4,1,0,0
9291,1,-1,1,0,0
9292,0,0,1,0,0
9293,0,0,1,0,0
9294,1,3,1,0,0
9295,-7,5,1,0,0
9296,-10,-6,1,0,0
9297,3,-15,1,0,0
9298,17,-1,1,0,0
9299,8,18,1,0,0
9300,-14,16,1,0,0
9301,-22,-4,1,0,0
9302,-8,-20,1,0,0
9303,12,-16,1,0,0
9304,20,2,1,0,0
9305,11,17,1,0,0
9306,-7,21,1,0,0
9307,-20,10,1,0,0
9308,-22,-6,1,0,0
9309,-12,-18,1,0,0
9310,3,-21,1,0,0
9311,15,-15,1,0,0
9312,20,-4,1,0,0
9313,19,7,1,0,0
9314,12,16,1,0,0
9315,4,20,1,0,0
9316,-5,21,1,0,0
9317,-12,18,1,0,0
9318,-17,13,1,0,0
9319,-20,8,1,0,0
9320,-22,4,1,0,0
9321,-22,0,1,0,0
9322,-22,-4,1,0,0
9323,-21,-5,1,0,0
9324,-19,-5,1,0,0
9325,-15,-5,1,0,0
9326,-12,-4,1,0,0
9327,-8,-2,1,0,0
9328,-4,0,1,0,0
9329,-2,0,1,0,0
9330,0,0,1,0,0
9331,0,2,1,0,0
9332,0,4,1,0,0
9333,-2,8,1,0,0
9334,-4,12,1,0,0
9335,-5,15,1,0,0
9336,-5,19,1,0,0
9337,-5,21,1,0,0
9338,-4,22,1,0,0
9339,0,22,1,0,0
9340,4,22,1,0,0
9341,8,20,1,0,0
9342,13,17,1,0,0
9343,18,12,1,0,0
9344,21,5,1,0,0
9345,20,-4,1,0,0
9346,16,-12,1,0,0
9347,7,-19,1,0,0
9348,-4,-20,1,0,0
9349,-15,-15,1,0,0
9350,-21,-3,1,0,0
9351,-18,12,1,0,0
9352,-6,22,1,0,0
9353,10,20,1,0,0
9354,21,7,1,0,0
9355,17,-11,1,0,0
9356,2,-20,1,0,0
9357,-16,-12,1,0,0
9358,-20,8,1,0,0
9359,-4,22,1,0,0
9360,16,14,1,0,0
9361,18,-8,1,0,0
9362,-1,-17,1,0,0
9363,-15,-3,1,0,0
9364,-6,10,1,0,0
9365,5,7,1,0,0
9366,3,-1,1,0,0
9367,0,0,1,0,0
9368,0,0,1,0,0
9369,0,0,1,0,0
9370,0,0,1,0,0
9371,0,0,1,0,0
9372,0,0,1,0,0
9373,0,0,1,0,0
9374,0,0,1,0,0
9375,0,0,1,0,0
9376,0,0,1,0,0
9377,0,0,1,0,0
9378,0,0,1,0,0
9379,1,1,1,0,0
9380,4,2,1,0,0
9381,6,-6,1,0,0
9382,-5,-9,1,0,0
9383,-14,4,1,0,0
9384,0,18,1,0,0
9385,19,9,1,0,0
9386,17,-13,1,0,0
9387,-3,-21,1,0,0
9388,-19,-7,1,0,0
9389,-15,13,1,0,0
9390,3,21,1,0,0
9391,18,12,1,0,0
9392,22,-6,1,0,0
9393,11,-19,1,0,0
9394,-5,-21,1,0,0
9395,-17,-11,1,0,0
9396,-20,4,1,0,0
9397,-15,15,1,0,0
9398,-3,21,1,0,0
9399,8,20,1,0,0
9400,17,13,1,0,0
9401,21,5,1,0,0
9402,22,-4,1,0,0
9403,19,-11,1,0,0
9404,14,-16,1,0,0
9405,9,-19,1,0,0
9406,5,-21,1,0,0
9407,1,-21,1,0,0
9408,-3,-21,1,0,0
9409,-4,-20,1,0,0
9410,-4,-18,1,0,0
9411,-4,-14,1,0,0
9412,-3,-11,1,0,0
9413,-1,-7,1,0,0
9414,1,-3,1,0,0
9415,1,-1,1,0,0
9416,0,0,1,0,0
9417,-1,1,1,0,0
9418,-1,3,1,0,0
9419,1,7,1,0,0
9420,3,11,1,0,0
9421,4,14,1,0,0
9422,4,18,1,0,0
9423,4,20,1,0,0
9424,3,21,1,0,0
9425,-1,21,1,0,0
9426,-5,21,1,0,0
9427,-9,19,1,0,0
9428,-14,16,1,0,0
9429,-19,11,1,0,0
9430,-22,4,1,0,0
9431,-21,-5,1,0,0
9432,-17,-13,1,0,0
9433,-8,-20,1,0,0
9434,3,-21,1,0,0
9435,15,-15,1,0,0
9436,20,-4,1,0,0
9437,17,11,1,0,0
9438,5,21,1,0,0
9439,-11,19,1,0,0
9440,-22,6,1,0,0
9441,-18,-12,1,0,0
9442,-3,-21,1,0,0
9443,15,-13,1,0,0
9444,19,7,1,0,0
9445,3,21,1,0,0
9446,-17,13,1,0,0
9447,-19,-9,1,0,0
9448,0,-18,1,0,0
9449,14,-4,1,0,0
9450,5,9,1,0,0
9451,-6,6,1,0,0
9452,-4,-2,1,0,0
9453,-1,-1,1,0,0
9454,0,0,1,0,0
9455,0,0,1,0,0
9456,3,-1,1,0,0
9457,5,7,1,0,0
9458,-6,10,1,0,0
9459,-15,-3,1,0,0
9460,-1,-17,1,0,0
9461,18,-8,1,0,0
9462,16,14,1,0,0
9463,-4,22,1,0,0
9464,-20,8,1,0,0
9465,-16,-12,1,0,0
9466,2,-20,1,0,0
9467,17,-11,1,0,0
9468,21,7,1,0,0
9469,10,20,1,0,0
9470,-6,22,1,0,0
9471,-18,12,1,0,0
9472,-21,-3,1,0,0
9473,-15,-15,1,0,0
9474,-4,-20,1,0,0
9475,7,-19,1,0,0
9476,16,-12,1,0,0
9477,20,-4,1,0,0
9478,21,5,1,0,0
9479,18,12,1,0,0
9480,13,17,1,0,0
9481,8,20,1,0,0
9482,4,22,1,0,0
9483,0,22,1,0,0
9484,-4,22,1,0,0
9485,-5,21,1,0,0
9486,-5,19,1,0,0
9487,-5,15,1,0,0
9488,-4,12,1,0,0
9489,-2,8,1,0,0
9490,0,4,1,0,0
9491,0,2,1,0,0
9492,0,0,1,0,0
9493,0,2,1,0,0
9494,0,4,1,0,0
9495,-2,8,1,0,0
9496,-4,12,1,0,0
9497,-5,15,1,0,0
9498,-5,19,1,0,0
9499,-5,21,1,0,0
9500,-4,22,1,0,0
9501,0,22,1,0,0
9502,4,22,1,0,0
9503,8,20,1,0,0
9504,13,17,1,0,0
9505,18,12,1,0,0
9506,21,5,1,0,0
9507,20,-4,1,0,0
9508,16,-12,1,0,0
9509,7,-19,1,0,0
9510,-4,-20,1,0,0
9511,-15,-15,1,0,0
9512,-21,-3,1,0,0
9513,-18,12,1,0,0
9514,-6,22,1,0,0
9515,10,20,1,0,0
9516,21,7,1,0,0
9517,17,-11,1,0,0
9518,2,-20,1,0,0
9519,-16,-12,1,0,0
9520,-20,8,1,0,0
9521,-4,22,1,0,0
9522,16,14,1,0,0
9523,18,-8,1,0,0
9524,-1,-17,1,0,0
9525,-15,-3,1,0,0
9526,-6,10,1,0,0
9527,5,7,1,0,0
9528,3,-1,1,0,0
9529,0,0,1,0,0
9530,0,0,1,0,0
9531,0,0,1,0,0
9532,0,0,1,0,0
9533,0,0,1,0,0
9534,0,0,1,0,0
9535,0,0,1,0,0
9536,0,0,1,0,0
9537,0,0,1,0,0
9538,0,0,1,0,0
9539,0,0,1,0,0
9540,0,0,1,0,0
9541,0,0,1,0,0
9542,0,0,1,0,0
9543,0,0,1,0,0
9544,0,0,1,0,0
9545,0,0,1,0,0
9546,0,0,1,0,0
9547,0,0,1,0,0
9548,0,0,1,0,0
9549,0,0,1,0,0
9550,0,0,1,0,0
9551,0,0,1,0,0
9552,0,0,1,0,0
9553,0,0,1,0,0
9554,0,0,1,0,0
9555,0,0,1,0,0
9556,0,0,1,0,0
9557,0,0,1,0,0
9558,0,0,1,0,0
9559,0,0,1,0,0
9560,0,0,1,0,0
9561,0,0,1,0,0
9562,0,0,1,0,0
9563,0,0,1,0,0
9564,0,0,1,0,0
9565,0,0,1,0,0
9566,0,0,1,0,0
9567,0,0,1,0,0
9568,0,0,1,0,0
9569,0,0,1,0,0
9570,0,0,1,0,0
9571,0,0,1,0,0
9572,0,0,1,0,0
9573,0,0,1,0,0
9574,0,0,1,0,0
9575,0,0,1,0,0
9576,0,0,1,0,0
9577,0,0,1,0,0
9578,0,0,1,0,0
9579,0,0,1,0,0
9580,0,0,1,0,0
9581,0,0,1,0,0
9582,0,0,1,0,0
9583,0,0,1,0,0
9584,0,0,1,0,0
9585,0,0,1,0,0
9586,0,0,1,0,0
9587,0,0,1,0,0
9588,0,0,1,0,0
9589,0,0,1,0,0
9590,0,0,1,0,0
9591,0,0,1,0,0
9592,0,0,1,0,0
9593,0,0,1,0,0
9594,0,0,1,0,0
9595,0,0,1,0,0
9596,0,0,1,0,0
9597,0,0,1,0,0
9598,0,0,1,0,0
9599,0,0,1,0,0
9600,0,0,1,0,0
9601,1,-1,1,0,0
9602,2,-4,1,0,0
9603,-6,-6,1,0,0
9604,-9,5,1,0,0
9605,4,14,1,0,0
9606,18,0,1,0,0
9607,9,-19,1,0,0
9608,-13,-17,1,0,0
9609,-21,3,1,0,0
9610,-7,19,1,0,0
9611,13,15,1,0,0
9612,21,-3,1,0,0
9613,12,-18,1,0,0
9614,-6,-22,1,0,0
9615,-19,-11,1,0,0
9616,-21,5,1,0,0
9617,-11,17,1,0,0
9618,4,20,1,0,0
9619,15,15,1,0,0
9620,21,3,1,0,0
9621,20,-8,1,0,0
9622,13,-17,1,0,0
9623,5,-21,1,0,0
9624,-4,-22,1,0,0
9625,-11,-19,1,0,0
9626,-16,-14,1,0,0
9627,-19,-9,1,0,0
9628,-21,-5,1,0,0
9629,-21,-1,1,0,0
9630,-21,3,1,0,0
9631,-20,4,1,0,0
9632,-18,4,1,0,0
9633,-14,4,1,0,0
9634,-11,3,1,0,0
9635,-7,1,1,0,0
9636,-3,-1,1,0,0
9637,-1,-1,1,0,0
9638,0,0,1,0,0
9639,1,1,1,0,0
9640,3,1,1,0,0
9641,7,-1,1,0,0
9642,11,-3,1,0,0
9643,14,-4,1,0,0
9644,18,-4,1,0,0
9645,20,-4,1,0,0
9646,21,-3,1,0,0
9647,21,1,1,0,0
9648,21,5,1,0,0
9649,19,9,1,0,0
9650,16,14,1,0,0
9651,11,19,1,0,0
9652,4,22,1,0,0
9653,-5,21,1,0,0
9654,-13,17,1,0,0
9655,-20,8,1,0,0
9656,-21,-3,1,0,0
9657,-15,-15,1,0,0
9658,-4,-20,1,0,0
9659,11,-17,1,0,0
9660,21,-5,1,0,0
9661,19,11,1,0,0
9662,6,22,1,0,0
9663,-12,18,1,0,0
9664,-21,3,1,0,0
9665,-13,-15,1,0,0
9666,7,-19,1,0,0
9667,21,-3,1,0,0
9668,13,17,1,0,0
9669,-9,19,1,0,0
9670,-18,0,1,0,0
9671,-4,-14,1,0,0
9672,9,-5,1,0,0
9673,6,6,1,0,0
9674,-2,4,1,0,0
9675,-1,1,1,0,0
9676,0,0,1,0,0
9677,0,0,1,0,0
9678,1,3,1,0,0
9679,-7,5,1,0,0
9680,-10,-6,1,0,0
9681,3,-15,1,0,0
9682,17,-1,1,0,0
9683,8,18,1,0,0
9684,-14,16,1,0,0
9685,-22,-4,1,0,0
9686,-8,-20,1,0,0
9687,12,-16,1,0,0
9688,20,2,1,0,0
9689,11,17,1,0,0
9690,-7,21,1,0,0
9691,-20,10,1,0,0
9692,-22,-6,1,0,0
9693,-12,-18,1,0,0
9694,3,-21,1,0,0
9695,15,-15,1,0,0
9696,20,-4,1,0,0
9697,19,7,1,0,0
9698,12,16,1,0,0
9699,4,20,1,0,0
9700,-5,21,1,0,0
9701,-12,18,1,0,0
9702,-17,13,1,0,0
9703,-20,8,1,0,0
9704,-22,4,1,0,0
9705,-22,0,1,0,0
9706,-22,-4,1,0,0
9707,-21,-5,1,0,0
9708,-19,-5,1,0,0
9709,-15,-5,1,0,0
9710,-12,-4,1,0,0
9711,-8,-2,1,0,0
9712,-4,0,1,0,0
9713,-2,0,1,0,0
9714,0,0,1,0,0
9715,-2,0,1,0,0
9716,-4,0,1,0,0
9717,-8,-2,1,0,0
9718,-12,-4,1,0,0
9719,-15,-5,1,0,0
9720,-19,-5,1,0,0
9721,-21,-5,1,0,0
9722,-22,-4,1,0,0
9723,-22,0,1,0,0
9724,-22,4,1,0,0
9725,-20,8,1,0,0
9726,-17,13,1,0,0
9727,-12,18,1,0,0
9728,-5,21,1,0,0
9729,4,20,1,0,0
9730,12,16,1,0,0
9731,19,7,1,0,0
9732,20,-4,1,0,0
9733,15,-15,1,0,0
9734,3,-21,1,0,0
9735,-12,-18,1,0,0
9736,-22,-6,1,0,0
9737,-20,10,1,0,0
9738,-7,21,1,0,0
9739,11,17,1,0,0
9740,20,2,1,0,0
9741,12,-16,1,0,0
9742,-8,-20,1,0,0
9743,-22,-4,1,0,0
9744,-14,16,1,0,0
9745,8,18,1,0,0
9746,17,-1,1,0,0
9747,3,-15,1,0,0
9748,-10,-6,1,0,0
9749,-7,5,1,0,0
9750,1,3,1,0,0
9751,0,0,1,0,0
9752,0,0,1,0,0
9753,0,0,1,0,0
9754,0,0,1,0,0
9755,0,0,1,0,0
9756,0,0,1,0,0
9757,0,0,1,0,0
9758,0,0,1,0,0
9759,0,0,1,0,0
9760,0,0,1,0,0
9761,0,0,1,0,0
9762,0,0,1,0,0
9763,1,-1,1,0,0
9764,2,-4,1,0,0
9765,-6,-6,1,0,0
9766,-9,5,1,0,0
9767,4,14,1,0,0
9768,18,0,1,0,0
9769,9,-19,1,0,0
9770,-13,-17,1,0,0
9771,-21,3,1,0,0
9772,-7,19,1,0,0
9773,13,15,1,0,0
9774,21,-3,1,0,0
9775,12,-18,1,0,0
9776,-6,-22,1,0,0
9777,-19,-11,1,0,0
9778,-21,5,1,0,0
9779,-11,17,1,0,0
9780,4,20,1,0,0
9781,15,15,1,0,0
9782,21,3,1,0,0
9783,20,-8,1,0,0
9784,13,-17,1,0,0
9785,5,-21,1,0,0
9786,-4,-22,1,0,0
9787,-11,-19,1,0,0
9788,-16,-14,1,0,0
9789,-19,-9,1,0,0
9790,-21,-5,1,0,0
9791,-21,-1,1,0,0
9792,-21,3,1,0,0
9793,-20,4,1,0,0
9794,-18,4,1,0,0
9795,-14,4,1,0,0
9796,-11,3,1,0,0
9797,-7,1,1,0,0
9798,-3,-1,1,0,0
9799,-1,-1,1,0,0
9800,0,0,1,0,0
9801,1,1,1,0,0
9802,3,1,1,0,0
9803,7,-1,1,0,0
9804,11,-3,1,0,0
9805,14,-4,1,0,0
9806,18,-4,1,0,0
9807,20,-4,1,0,0
9808,21,-3,1,0,0
9809,21,1,1,0,0
9810,21,5,1,0,0
9811,19,9,1,0,0
9812,16,14,1,0,0
9813,11,19,1,0,0
9814,4,22,1,0,0
9815,-5,21,1,0,0
9816,-13,17,1,0,0
9817,-20,8,1,0,0
9818,-21,-3,1,0,0
9819,-15,-15,1,0,0
9820,-4,-20,1,0,0
9821,11,-17,1,0,0
9822,21,-5,1,0,0
9823,19,11,1,0,0
9824,6,22,1,0,0
9825,-12,18,1,0,0
9826,-21,3,1,0,0
9827,-13,-15,1,0,0
9828,7,-19,1,0,0
9829,21,-3,1,0,0
9830,13,17,1,0,0
9831,-9,19,1,0,0
9832,-18,0,1,0,0
9833,-4,-14,1,0,0
9834,9,-5,1,0,0
9835,6,6,1,0,0
9836,-2,4,1,0,0
9837,-1,1,1,0,0
9838,0,0,1,0,0
9839,0,0,1,0,0
9840,3,-1,1,0,0
9841,5,7,1,0,0
9842,-6,10,1,0,0
9843,-15,-3,1,0,0
9844,-1,-17,1,0,0
9845,18,-8,1,0,0
9846,16,14,1,0,0
9847,-4,22,1,0,0
9848,-20,8,1,0,0
9849,-16,-12,1,0,0
9850,2,-20,1,0,0
9851,17,-11,1,0,0
9852,21,7,1,0,0
9853,10,20,1,0,0
9854,-6,22,1,0,0
9855,-18,12,1,0,0
9856,-21,-3,1,0,0
9857,-15,-15,1,0,0
9858,-4,-20,1,0,0
9859,7,-19,1,0,0
9860,16,-12,1,0,0
9861,20,-4,1,0,0
9862,21,5,1,0,0
9863,18,12,1,0,0
9864,13,17,1,0,0
9865,8,20,1,0,0
9866,4,22,1,0,0
9867,0,22,1,0,0
9868,-4,22,1,0,0
9869,-5,21,1,0,0
9870,-5,19,1,0,0
9871,-5,15,1,0,0
9872,-4,12,1,0,0
9873,-2,8,1,0,0
9874,0,4,1,0,0
9875,0,2,1,0,0
9876,0,0,1,0,0
9877,2,0,1,0,0
9878,4,0,1,0,0
9879,8,2,1,0,0
9880,12,4,1,0,0
9881,15,5,1,0,0
9882,19,5,1,0,0
9883,21,5,1,0,0
9884,22,4,1,0,0
9885,22,0,1,0,0
9886,22,-4,1,0,0
9887,20,-8,1,0,0
9888,17,-13,1,0,0
9889,12,-18,1,0,0
9890,5,-21,1,0,0
9891,-4,-20,1,0,0
9892,-12,-16,1,0,0
9893,-19,-7,1,0,0
9894,-20,4,1,0,0
9895,-15,15,1,0,0
9896,-3,21,1,0,0
9897,12,18,1,0,0
9898,22,6,1,0,0
9899,20,-10,1,0,0
9900,7,-21,1,0,0
9901,-11,-17,1,0,0
9902,-20,-2,1,0,0
9903,-12,16,1,0,0
9904,8,20,1,0,0
9905,22,4,1,0,0
9906,14,-16,1,0,0
9907,-8,-18,1,0,0
9908,-17,1,1,0,0
9909,-3,15,1,0,0
9910,10,6,1,0,0
9911,7,-5,1,0,0
9912,-1,-3,1,0,0
9913,0,0,1,0,0
9914,0,0,1,0,0
9915,0,0,1,0,0
9916,0,0,1,0,0
9917,0,0,1,0,0
9918,0,0,1,0,0
9919,0,0,1,0,0
9920,0,0,1,0,0
9921,0,0,1,0,0
9922,0,0,1,0,0
9923,0,0,1,0,0
9924,0,0,1,0,0
9925,0,0,1,0,0
9926,0,0,1,0,0
9927,0,0,1,0,0
9928,0,0,1,0,0
9929,0,0,1,0,0
9930,0,0,1,0,0
9931,0,0,1,0,0
9932,0,0,1,0,0
9933,0,0,1,0,0
9934,0,0,1,0,0
9935,0,0,1,0,0
9936,0,0,1,0,0
9937,0,0,1,0,0
9938,0,0,1,0,0
9939,0,0,1,0,0
9940,0,0,1,0,0
9941,0,0,1,0,0
9942,0,0,1,0,0
9943,0,0,1,0,0
9944,0,0,1,0,0
9945,0,0,1,0,0
9946,0,0,1,0,0
9947,0,0,1,0,0
9948,0,0,1,0,0
9949,0,0,1,0,0
9950,0,0,1,0,0
9951,0,0,1,0,0
9952,0,0,1,0,0
9953,0,0,1,0,0
9954,0,0,1,0,0
9955,0,0,1,0,0
9956,0,0,1,0,0
9957,0,0,1,0,0
9958,0,0,1,0,0
9959,0,0,1,0,0
9960,0,0,1,0,0
9961,0,0,1,0,0
9962,0,0,1,0,0
9963,0,0,1,0,0
9964,0,0,1,0,0
9965,0,0,1,0,0
9966,0,0,1,0,0
9967,0,0,1,0,0
9968,0,0,1,0,0
9969,0,0,1,0,0
9970,0,0,1,0,0
9971,0,0,1,0,0
9972,0,0,1,0,0
9973,0,0,1,0,0
9974,0,0,1,0,0
9975,0,0,1,0,0
9976,0,0,1,0,0
9977,0,0,1,0,0
9978,0,0,1,0,0
9979,0,0,1,0,0
9980,0,0,1,0,0
9981,0,0,1,0,0
9982,0,0,1,0,0
9983,0,0,1,0,0
9984,0,0,1,0,0
9985,1,1,1,0,0
9986,4,2,1,0,0
9987,6,-6,1,0,0
9988,-5,-9,1,0,0
9989,-14,4,1,0,0
9990,0,18,1,0,0
9991,19,9,1,0,0
9992,17,-13,1,0,0
9993,-3,-21,1,0,0
9994,-19,-7,1,0,0
9995,-15,13,1,0,0
9996,3,21,1,0,0
9997,18,12,1,0,0
9998,22,-6,1,0,0
9999,11,-19,1,0,0
10000,-5,-21,1,0,0
10001,-17,-11,1,0,0
10002,-20,4,1,0,0
10003,-15,15,1,0,0
10004,-3,21,1,0,0
10005,8,20,1,0,0
10006,17,13,1,0,0
10007,21,5,1,0,0
10008,22,-4,1,0,0
10009,19,-11,1,0,0
10010,14,-16,1,0,0
10011,9,-19,1,0,0
10012,5,-21,1,0,0
10013,1,-21,1,0,0
10014,-3,-21,1,0,0
10015,-4,-20,1,0,0
10016,-4,-18,1,0,0
10017,-4,-14,1,0,0
10018,-3,-11,1,0,0
10019,-1,-7,1,0,0
10020,1,-3,1,0,0
10021,1,-1,1,0,0
10022,0,0,1,0,0
10023,-1,1,1,0,0
10024,-1,3,1,0,0
10025,1,7,1,0,0
10026,3,11,1,0,0
10027,4,14,1,0,0
10028,4,18,1,0,0
10029,4,20,1,0,0
10030,3,21,1,0,0
10031,-1,21,1,0,0
10032,-5,21,1,0,0
10033,-9,19,1,0,0
10034,-14,16,1,0,0
10035,-19,11,1,0,0
10036,-22,4,1,0,0
10037,-21,-5,1,0,0
10038,-17,-13,1,0,0
10039,-8,-20,1,0,0
10040,3,-21,1,0,0
10041,15,-15,1,0,0
10042,20,-4,1,0,0
10043,17,11,1,0,0
10044,5,21,1,0,0
10045,-11,19,1,0,0
10046,-22,6,1,0,0
10047,-18,-12,1,0,0
10048,-3,-21,1,0,0
10049,15,-13,1,0,0
10050,19,7,1,0,0
10051,3,21,1,0,0
10052,-17,13,1,0,0
10053,-19,-9,1,0,0
10054,0,-18,1,0,0
10055,14,-4,1,0,0
10056,5,9,1,0,0
10057,-6,6,1,0,0
10058,-4,-2,1,0,0
10059,-1,-1,1,0,0
10060,0,0,1,0,0
10061,0,0,1,0,0
10062,-3,1,1,0,0
10063,-5,-7,1,0,0
10064,6,-10,1,0,0
10065,15,3,1,0,0
10066,1,17,1,0,0
10067,-18,8,1,0,0
10068,-16,-14,1,0,0
10069,4,-22,1,0,0
10070,20,-8,1,0,0
10071,16,12,1,0,0
10072,-2,20,1,0,0
10073,-17,11,1,0,0
10074,-21,-7,1,0,0
10075,-10,-20,1,0,0
10076,6,-22,1,0,0
10077,18,-12,1,0,0
10078,21,3,1,0,0
10079,15,15,1,0,0
10080,4,20,1,0,0
10081,-7,19,1,0,0
10082,-16,12,1,0,0
10083,-20,4,1,0,0
10084,-21,-5,1,0,0
10085,-18,-12,1,0,0
10086,-13,-17,1,0,0
10087,-8,-20,1,0,0
10088,-4,-22,1,0,0
10089,0,-22,1,0,0
10090,4,-22,1,0,0
10091,5,-21,1,0,0
10092,5,-19,1,0,0
10093,5,-15,1,0,0
10094,4,-12,1,0,0
10095,2,-8,1,0,0
10096,0,-4,1,0,0
10097,0,-2,1,0,0
10098,0,0,1,0,0
10099,2,0,1,0,0
10100,4,0,1,0,0
10101,8,2,1,0,0
10102,12,4,1,0,0
10103,15,5,1,0,0
10104,19,5,1,0,0
10105,21,5,1,0,0
10106,22,4,1,0,0
10107,22,0,1,0,0
10108,22,-4,1,0,0
10109,20,-8,1,0,0
10110,17,-13,1,0,0
10111,12,-18,1,0,0
10112,5,-21,1,0,0
10113,-4,-20,1,0,0
10114,-12,-16,1,0,0
10115,-19,-7,1,0,0
10116,-20,4,1,0,0
10117,-15,15,1,0,0
10118,-3,21,1,0,0
10119,12,18,1,0,0
10120,22,6,1,0,0
10121,20,-10,1,0,0
10122,7,-21,1,0,0
10123,-11,-17,1,0,0
10124,-20,-2,1,0,0
10125,-12,16,1,0,0
10126,8,20,1,0,0
10127,22,4,1,0,0
10128,14,-16,1,0,0
10129,-8,-18,1,0,0
10130,-17,1,1,0,0
10131,-3,15,1,0,0
10132,10,6,1,0,0
10133,7,-5,1,0,0
10134,-1,-3,1,0,0
10135,0,0,1,0,0
10136,0,0,1,0,0
10137,0,0,1,0,0
10138,0,0,1,0,0
10139,0,0,1,0,0
10140,0,0,1,0,0
10141,0,0,1,0,0
10142,0,0,1,0,0
10143,0,0,1,0,0
10144,0,0,1,0,0
10145,0,0,1,0,0
10146,0,0,1,0,0
10147,-1,-1,1,0,0
10148,-4,-2,1,0,0
10149,-6,6,1,0,0
10150,5,9,1,0,0
10151,14,-4,1,0,0
10152,0,-18,1,0,0
10153,-19,-9,1,0,0
10154,-17,13,1,0,0
10155,3,21,1,0,0
10156,19,7,1,0,0
10157,15,-13,1,0,0
10158,-3,-21,1,0,0
10159,-18,-12,1,0,0
10160,-22,6,1,0,0
10161,-11,19,1,0,0
10162,5,21,1,0,0
10163,17,11,1,0,0
10164,20,-4,1,0,0
10165,15,-15,1,0,0
10166,3,-21,1,0,0
10167,-8,-20,1,0,0
10168,-17,-13,1,0,0
10169,-21,-5,1,0,0
10170,-22,4,1,0,0
10171,-19,11,1,0,0
10172,-14,16,1,0,0
10173,-9,19,1,0,0
10174,-5,21,1,0,0
10175,-1,21,1,0,0
10176,3,21,1,0,0
10177,4,20,1,0,0
10178,4,18,1,0,0
10179,4,14,1,0,0
10180,3,11,1,0,0
10181,1,7,1,0,0
10182,-1,3,1,0,0
10183,-1,1,1,0,0
10184,0,0,1,0,0
10185,1,-1,1,0,0
10186,1,-3,1,0,0
10187,-1,-7,1,0,0
10188,-3,-11,1,0,0
10189,-4,-14,1,0,0
10190,-4,-18,1,0,0
10191,-4,-20,1,0,0
10192,-3,-21,1,0,0
10193,1,-21,1,0,0
10194,5,-21,1,0,0
10195,9,-19,1,0,0
10196,14,-16,1,0,0
10197,19,-11,1,0,0
10198,22,-4,1,0,0
10199,21,5,1,0,0
10200,17,13,1,0,0
10201,8,20,1,0,0
10202,-3,21,1,0,0
10203,-15,15,1,0,0
10204,-20,4,1,0,0
10205,-17,-11,1,0,0
10206,-5,-21,1,0,0
10207,11,-19,1,0,0
10208,22,-6,1,0,0
10209,18,12,1,0,0
10210,3,21,1,0,0
10211,-15,13,1,0,0
10212,-19,-7,1,0,0
10213,-3,-21,1,0,0
10214,17,-13,1,0,0
10215,19,9,1,0,0
10216,0,18,1,0,0
10217,-14,4,1,0,0
10218,-5,-9,1,0,0
10219,6,-6,1,0,0
10220,4,2,1,0,0
10221,1,1,1,0,0
10222,0,0,1,0,0
10223,0,0,1,0,0
10224,1,3,1,0,0
10225,-7,5,1,0,0
10226,-10,-6,1,0,0
10227,3,-15,1,0,0
10228,17,-1,1,0,0
10229,8,18,1,0,0
10230,-14,16,1,0,0
10231,-22,-4,1,0,0
10232,-8,-20,1,0,0
10233,12,-16,1,0,0
10234,20,2,1,0,0
10235,11,17,1,0,0
10236,-7,21,1,0,0
10237,-20,10,1,0,0
10238,-22,-6,1,0,0
10239,-12,-18,1,0,0
10240,3,-21,1,0,0
10241,15,-15,1,0,0
10242,20,-4,1,0,0
10243,19,7,1,0,0
10244,12,16,1,0,0
10245,4,20,1,0,0
10246,-5,21,1,0,0
10247,-12,18,1,0,0
10248,-17,13,1,0,0
10249,-20,8,1,0,0
10250,-22,4,1,0,0
10251,-22,0,1,0,0
10252,-22,-4,1,0,0
10253,-21,-5,1,0,0
10254,-19,-5,1,0,0
10255,-15,-5,1,0,0
10256,-12,-4,1,0,0
10257,-8,-2,1,0,0
10258,-4,0,1,0,0
10259,-2,0,1,0,0
10260,0,0,1,0,0
10261,2,0,1,0,0
10262,4,0,1,0,0
10263,8,2,1,0,0
10264,12,4,1,0,0
10265,15,5,1,0,0
10266,19,5,1,0,0
10267,21,5,1,0,0
10268,22,4,1,0,0
10269,22,0,1,0,0
10270,22,-4,1,0,0
10271,20,-8,1,0,0
10272,17,-13,1,0,0
10273,12,-18,1,0,0
10274,5,-21,1,0,0
10275,-4,-20,1,0,0
10276,-12,-16,1,0,0
10277,-19,-7,1,0,0
10278,-20,4,1,0,0
10279,-15,15,1,0,0
10280,-3,21,1,0,0
10281,12,18,1,0,0
10282,22,6,1,0,0
10283,20,-10,1,0,0
10284,7,-21,1,0,0
10285,-11,-17,1,0,0
10286,-20,-2,1,0,0
10287,-12,16,1,0,0
10288,8,20,1,0,0
10289,22,4,1,0,0
10290,14,-16,1,0,0
10291,-8,-18,1,0,0
10292,-17,1,1,0,0
10293,-3,15,1,0,0
10294,10,6,1,0,0
10295,7,-5,1,0,0
10296,-1,-3,1,0,0
10297,0,0,1,0,0
10298,0,0,1,0,0
10299,0,0,1,0,0
10300,0,0,1,0,0
10301,0,0,1,0,0
10302,0,0,1,0,0
10303,0,0,1,0,0
10304,0,0,1,0,0
10305,0,0,1,0,0
10306,0,0,1,0,0
10307,0,0,1,0,0
10308,0,0,1,0,0
10309,0,0,1,0,0
10310,0,0,1,0,0
10311,0,0,1,0,0
10312,0,0,1,0,0
10313,0,0,1,0,0
10314,0,0,1,0,0
10315,0,0,1,0,0
10316,0,0,1,0,0
10317,0,0,1,0,0
10318,0,0,1,0,0
10319,0,0,1,0,0
10320,0,0,1,0,0
10321,0,0,1,0,0
10322,0,0,1,0,0
10323,0,0,1,0,0
10324,0,0,1,0,0
10325,0,0,1,0,0
10326,0,0,1,0,0
10327,0,0,1,0,0
10328,0,0,1,0,0
10329,0,0,1,0,0
10330,0,0,1,0,0
10331,0,0,1,0,0
10332,0,0,1,0,0
10333,0,0,1,0,0
10334,0,0,1,0,0
10335,0,0,1,0,0
10336,0,0,1,0,0
10337,0,0,1,0,0
10338,0,0,1,0,0
10339,0,0,1,0,0
10340,0,0,1,0,0
10341,0,0,1,0,0
10342,0,0,1,0,0
10343,0,0,1,0,0
10344,0,0,1,0,0
10345,0,0,1,0,0
10346,0,0,1,0,0
10347,0,0,1,0,0
10348,0,0,1,0,0
10349,0,0,1,0,0
10350,0,0,1,0,0
10351,0,0,1,0,0
10352,0,0,1,0,0
10353,0,0,1,0,0
10354,0,0,1,0,0
10355,0,0,1,0,0
10356,0,0,1,0,0
10357,0,0,1,0,0
10358,0,0,1,0,0
10359,0,0,1,0,0
10360,0,0,1,0,0
10361,0,0,1,0,0
10362,0,0,1,0,0
10363,0,0,1,0,0
10364,0,0,1,0,0
10365,0,0,1,0,0
10366,0,0,1,0,0
10367,0,0,1,0,0
10368,0,0,1,0,0
10369,1,1,1,0,0
10370,4,2,1,0,0
10371,6,-6,1,0,0
10372,-5,-9,1,0,0
10373,-14,4,1,0,0
10374,0,18,1,0,0
10375,19,9,1,0,0
10376,17,-13,1,0,0
10377,-3,-21,1,0,0
10378,-19,-7,1,0,0
10379,-15,13,1,0,0
10380,3,21,1,0,0
10381,18,12,1,0,0
10382,22,-6,1,0,0
10383,11,-19,1,0,0
10384,-5,-21,1,0,0
10385,-17,-11,1,0,0
10386,-20,4,1,0,0
10387,-15,15,1,0,0
10388,-3,21,1,0,0
10389,8,20,1,0,0
10390,17,13,1,0,0
10391,21,5,1,0,0
10392,22,-4,1,0,0
10393,19,-11,1,0,0
10394,14,-16,1,0,0
10395,9,-19,1,0,0
10396,5,-21,1,0,0
10397,1,-21,1,0,0
10398,-3,-21,1,0,0
10399,-4,-20,1,0,0
10400,-4,-18,1,0,0
10401,-4,-14,1,0,0
10402,-3,-11,1,0,0
10403,-1,-7,1,0,0
10404,1,-3,1,0,0
10405,1,-1,1,0,0
10406,0,0,1,0,0
10407,-1,1,1,0,0
10408,-1,3,1,0,0
10409,1,7,1,0,0
10410,3,11,1,0,0
10411,4,14,1,0,0
10412,4,18,1,0,0
10413,4,20,1,0,0
10414,3,21,1,0,0
10415,-1,21,1,0,0
10416,-5,21,1,0,0
10417,-9,19,1,0,0
10418,-14,16,1,0,0
10419,-19,11,1,0,0
10420,-22,4,1,0,0
10421,-21,-5,1,0,0
10422,-17,-13,1,0,0
10423,-8,-20,1,0,0
10424,3,-21,1,0,0
10425,15,-15,1,0,0
10426,20,-4,1,0,0
10427,17,11,1,0,0
10428,5,21,1,0,0
10429,-11,19,1,0,0
10430,-22,6,1,0,0
10431,-18,-12,1,0,0
10432,-3,-21,1,0,0
10433,15,-13,1,0,0
10434,19,7,1,0,0
10435,3,21,1,0,0
10436,-17,13,1,0,0
10437,-19,-9,1,0,0
10438,0,-18,1,0,0
10439,14,-4,1,0,0
10440,5,9,1,0,0
10441,-6,6,1,0,0
10442,-4,-2,1,0,0
10443,-1,-1,1,0,0
10444,0,0,1,0,0
10445,0,0,1,0,0
10446,1,3,1,0,0
10447,-7,5,1,0,0
10448,-10,-6,1,0,0
10449,3,-15,1,0,0
10450,17,-1,1,0,0
10451,8,18,1,0,0
10452,-14,16,1,0,0
10453,-22,-4,1,0,0
10454,-8,-20,1,0,0
10455,12,-16,1,0,0
10456,20,2,1,0,0
10457,11,17,1,0,0
10458,-7,21,1,0,0
10459,-20,10,1,0,0
10460,-22,-6,1,0,0
10461,-12,-18,1,0,0
10462,3,-21,1,0,0
10463,15,-15,1,0,0
10464,20,-4,1,0,0
10465,19,7,1,0,0
10466,12,16,1,0,0
10467,4,20,1,0,0
10468,-5,21,1,0,0
10469,-12,18,1,0,0
10470,-17,13,1,0,0
10471,-20,8,1,0,0
10472,-22,4,1,0,0
10473,-22,0,1,0,0
10474,-22,-4,1,0,0
10475,-21,-5,1,0,0
10476,-19,-5,1,0,0
10477,-15,-5,1,0,0
10478,-12,-4,1,0,0
10479,-8,-2,1,0,0
10480,-4,0,1,0,0
10481,-2,0,1,0,0
10482,0,0,1,0,0
10483,0,2,1,0,0
10484,0,4,1,0,0
10485,-2,8,1,0,0
10486,-4,12,1,0,0
10487,-5,15,1,0,0
10488,-5,19,1,0,0
10489,-5,21,1,0,0
10490,-4,22,1,0,0
10491,0,22,1,0,0
10492,4,22,1,0,0
10493,8,20,1,0,0
10494,13,17,1,0,0
10495,18,12,1,0,0
10496,21,5,1,0,0
10497,20,-4,1,0,0
10498,16,-12,1,0,0
10499,7,-19,1,0,0
10500,-4,-20,1,0,0
10501,-15,-15,1,0,0
10502,-21,-3,1,0,0
10503,-18,12,1,0,0
10504,-6,22,1,0,0
10505,10,20,1,0,0
10506,21,7,1,0,0
10507,17,-11,1,0,0
10508,2,-20,1,0,0
10509,-16,-12,1,0,0
10510,-20,8,1,0,0
10511,-4,22,1,0,0
10512,16,14,1,0,0
10513,18,-8,1,0,0
10514,-1,-17,1,0,0
10515,-15,-3,1,0,0
10516,-6,10,1,0,0
10517,5,7,1,0,0
10518,3,-1,1,0,0
10519,0,0,1,0,0
10520,0,0,1,0,0
10521,0,0,1,0,0
10522,0,0,1,0,0
10523,0,0,1,0,0
10524,0,0,1,0,0
10525,0,0,1,0,0
10526,0,0,1,0,0
10527,0,0,1,0,0
10528,0,0,1,0,0
10529,0,0,1,0,0
10530,0,0,1,0,0
10531,1,1,1,0,0
10532,4,2,1,0,0
10533,6,-6,1,0,0
10534,-5,-9,1,0,0
10535,-14,4,1,0,0
10536,0,18,1,0,0
10537,19,9,1,0,0
10538,17,-13,1,0,0
10539,-3,-21,1,0,0
10540,-19,-7,1,0,0
10541,-15,13,1,0,0
10542,3,21,1,0,0
10543,18,12,1,0,0
10544,22,-6,1,0,0
10545,11,-19,1,0,0
10546,-5,-21,1,0,0
10547,-17,-11,1,0,0
10548,-20,4,1,0,0
10549,-15,15,1,0,0
10550,-3,21,1,0,0
10551,8,20,1,0,0
10552,17,13,1,0,0
10553,21,5,1,0,0
10554,22,-4,1,0,0
10555,19,-11,1,0,0
10556,14,-16,1,0,0
10557,9,-19,1,0,0
10558,5,-21,1,0,0
10559,1,-21,1,0,0
10560,-3,-21,1,0,0
10561,-4,-20,1,0,0
10562,-4,-18,1,0,0
10563,-4,-14,1,0,0
10564,-3,-11,1,0,0
10565,-1,-7,1,0,0
10566,1,-3,1,0,0
10567,1,-1,1,0,0
10568,0,0,1,0,0
10569,-1,1,1,0,0
10570,-1,3,1,0,0
10571,1,7,1,0,0
10572,3,11,1,0,0
10573,4,14,1,0,0
10574,4,18,1,0,0
10575,4,20,1,0,0
10576,3,21,1,0,0
10577,-1,21,1,0,0
10578,-5,21,1,0,0
10579,-9,19,1,0,0
10580,-14,16,1,0,0
10581,-19,11,1,0,0
10582,-22,4,1,0,0
10583,-21,-5,1,0,0
10584,-17,-13,1,0,0
10585,-8,-20,1,0,0
10586,3,-21,1,0,0
10587,15,-15,1,0,0
10588,20,-4,1,0,0
10589,17,11,1,0,0
10590,5,21,1,0,0
10591,-11,19,1,0,0
10592,-22,6,1,0,0
10593,-18,-12,1,0,0
10594,-3,-21,1,0,0
10595,15,-13,1,0,0
10596,19,7,1,0,0
10597,3,21,1,0,0
10598,-17,13,1,0,0
10599,-19,-9,1,0,0
10600,0,-18,1,0,0
10601,14,-4,1,0,0
10602,5,9,1,0,0
10603,-6,6,1,0,0
10604,-4,-2,1,0,0
10605,-1,-1,1,0,0
10606,0,0,1,0,0
10607,0,0,1,0,0
10608,-3,1,1,0,0
10609,-5,-7,1,0,0
10610,6,-10,1,0,0
10611,15,3,1,0,0
10612,1,17,1,0,0
10613,-18,8,1,0,0
10614,-16,-14,1,0,0
10615,4,-22,1,0,0
10616,20,-8,1,0,0
10617,16,12,1,0,0
10618,-2,20,1,0,0
10619,-17,11,1,0,0
10620,-21,-7,1,0,0
10621,-10,-20,1,0,0
10622,6,-22,1,0,0
10623,18,-12,1,0,0
10624,21,3,1,0,0
10625,15,15,1,0,0
10626,4,20,1,0,0
10627,-7,19,1,0,0
10628,-16,12,1,0,0
10629,-20,4,1,0,0
10630,-21,-5,1,0,0
10631,-18,-12,1,0,0
10632,-13,-17,1,0,0
10633,-8,-20,1,0,0
10634,-4,-22,1,0,0
10635,0,-22,1,0,0
10636,4,-22,1,0,0
10637,5,-21,1,0,0
10638,5,-19,1,0,0
10639,5,-15,1,0,0
10640,4,-12,1,0,0
10641,2,-8,1,0,0
10642,0,-4,1,0,0
10643,0,-2,1,0,0
10644,0,0,1,0,0
10645,0,-2,1,0,0
10646,0,-4,1,0,0
10647,2,-8,1,0,0
10648,4,-12,1,0,0
10649,5,-15,1,0,0
10650,5,-19,1,0,0
10651,5,-21,1,0,0
10652,4,-22,1,0,0
10653,0,-22,1,0,0
10654,-4,-22,1,0,0
10655,-8,-20,1,0,0
10656,-13,-17,1,0,0
10657,-18,-12,1,0,0
10658,-21,-5,1,0,0
10659,-20,4,1,0,0
10660,-16,12,1,0,0
10661,-7,19,1,0,0
10662,4,20,1,0,0
10663,15,15,1,0,0
10664,21,3,1,0,0
10665,18,-12,1,0,0
10666,6,-22,1,0,0
10667,-10,-20,1,0,0
10668,-21,-7,1,0,0
10669,-17,11,1,0,0
10670,-2,20,1,0,0
10671,16,12,1,0,0
10672,20,-8,1,0,0
10673,4,-22,1,0,0
10674,-16,-14,1,0,0
10675,-18,8,1,0,0
10676,1,17,1,0,0
10677,15,3,1,0,0
10678,6,-10,1,0,0
10679,-5,-7,1,0,0
10680,-3,1,1,0,0
10681,0,0,1,0,0
10682,0,0,1,0,0
10683,0,0,1,0,0
10684,0,0,1,0,0
10685,0,0,1,0,0
10686,0,0,1,0,0
10687,0,0,1,0,0
10688,0,0,1,0,0
10689,0,0,1,0,0
10690,0,0,1,0,0
10691,0,0,1,0,0
10692,0,0,1,0,0
10693,0,0,1,0,0
10694,0,0,1,0,0
10695,0,0,1,0,0
10696,0,0,1,0,0
10697,0,0,1,0,0
10698,0,0,1,0,0
10699,0,0,1,0,0
10700,0,0,1,0,0
10701,0,0,1,0,0
10702,0,0,1,0,0
10703,0,0,1,0,0
10704,0,0,1,0,0
10705,0,0,1,0,0
10706,0,0,1,0,0
10707,0,0,1,0,0
10708,0,0,1,0,0
10709,0,0,1,0,0
10710,0,0,1,0,0
10711,0,0,1,0,0
10712,0,0,1,0,0
10713,0,0,1,0,0
10714,0,0,1,0,0
10715,0,0,1,0,0
10716,0,0,1,0,0
10717,0,0,1,0,0
10718,0,0,1,0,0
10719,0,0,1,0,0
10720,0,0,1,0,0
10721,0,0,1,0,0
10722,0,0,1,0,0
10723,0,0,1,0,0
10724,0,0,1,0,0
10725,0,0,1,0,0
10726,0,0,1,0,0
10727,0,0,1,0,0
10728,0,0,1,0,0
10729,0,0,1,0,0
10730,0,0,1,0,0
10731,0,0,1,0,0
10732,0,0,1,0,0
10733,0,0,1,0,0
10734,0,0,1,0,0
10735,0,0,1,0,0
10736,0,0,1,0,0
10737,0,0,1,0,0
10738,0,0,1,0,0
10739,0,0,1,0,0
10740,0,0,1,0,0
10741,0,0,1,0,0
10742,0,0,1,0,0
10743,0,0,1,0,0
10744,0,0,1,0,0
10745,0,0,1,0,0
10746,0,0,1,0,0
10747,0,0,1,0,0
10748,0,0,1,0,0
10749,0,0,1,0,0
10750,0,0,1,0,0
10751,0,0,1,0,0
10752,0,0,1,0,0
10753,-1,1,1,0,0
10754,-2,4,1,0,0
10755,6,6,1,0,0
10756,9,-5,1,0,0
10757,-4,-14,1,0,0
10758,-18,0,1,0,0
10759,-9,19,1,0,0
10760,13,17,1,0,0
10761,21,-3,1,0,0
10762,7,-19,1,0,0
10763,-13,-15,1,0,0
10764,-21,3,1,0,0
10765,-12,18,1,0,0
10766,6,22,1,0,0
10767,19,11,1,0,0
10768,21,-5,1,0,0
10769,11,-17,1,0,0
10770,-4,-20,1,0,0
10771,-15,-15,1,0,0
10772,-21,-3,1,0,0
10773,-20,8,1,0,0
10774,-13,17,1,0,0
10775,-5,21,1,0,0
10776,4,22,1,0,0
10777,11,19,1,0,0
10778,16,14,1,0,0
10779,19,9,1,0,0
10780,21,5,1,0,0
10781,21,1,1,0,0
10782,21,-3,1,0,0
10783,20,-4,1,0,0
10784,18,-4,1,0,0
10785,14,-4,1,0,0
10786,11,-3,1,0,0
10787,7,-1,1,0,0
10788,3,1,1,0,0
10789,1,1,1,0,0
10790,0,0,1,0,0
10791,-1,-1,1,0,0
10792,-3,-1,1,0,0
10793,-7,1,1,0,0
10794,-11,3,1,0,0
10795,-14,4,1,0,0
10796,-18,4,1,0,0
10797,-20,4,1,0,0
10798,-21,3,1,0,0
10799,-21,-1,1,0,0
10800,-21,-5,1,0,0
10801,-19,-9,1,0,0
10802,-16,-14,1,0,0
10803,-11,-19,1,0,0
10804,-4,-22,1,0,0
10805,5,-21,1,0,0
10806,13,-17,1,0,0
10807,20,-8,1,0,0
10808,21,3,1,0,0
10809,15,15,1,0,0
10810,4,20,1,0,0
10811,-11,17,1,0,0
10812,-21,5,1,0,0
10813,-19,-11,1,0,0
10814,-6,-22,1,0,0
10815,12,-18,1,0,0
10816,21,-3,1,0,0
10817,13,15,1,0,0
10818,-7,19,1,0,0
10819,-21,3,1,0,0
10820,-13,-17,1,0,0
10821,9,-19,1,0,0
10822,18,0,1,0,0
10823,4,14,1,0,0
10824,-9,5,1,0,0
10825,-6,-6,1,0,0
10826,2,-4,1,0,0
10827,1,-1,1,0,0
10828,0,0,1,0,0
10829,0,0,1,0,0
10830,3,-1,1,0,0
10831,5,7,1,0,0
10832,-6,10,1,0,0
10833,-15,-3,1,0,0
10834,-1,-17,1,0,0
10835,18,-8,1,0,0
10836,16,14,1,0,0
10837,-4,22,1,0,0
10838,-20,8,1,0,0
10839,-16,-12,1,0,0
10840,2,-20,1,0,0
10841,17,-11,1,0,0
10842,21,7,1,0,0
10843,10,20,1,0,0
10844,-6,22,1,0,0
10845,-18,12,1,0,0
10846,-21,-3,1,0,0
10847,-15,-15,1,0,0
10848,-4,-20,1,0,0
10849,7,-19,1,0,0
10850,16,-12,1,0,0
10851,20,-4,1,0,0
10852,21,5,1,0,0
10853,18,12,1,0,0
10854,13,17,1,0,0
10855,8,20,1,0,0
10856,4,22,1,0,0
10857,0,22,1,0,0
10858,-4,22,1,0,0
10859,-5,21,1,0,0
10860,-5,19,1,0,0
10861,-5,15,1,0,0
10862,-4,12,1,0,0
10863,-2,8,1,0,0
10864,0,4,1,0,0
10865,0,2,1,0,0
10866,0,0,1,0,0
10867,2,0,1,0,0
10868,4,0,1,0,0
10869,8,2,1,0,0
10870,12,4,1,0,0
10871,15,5,1,0,0
10872,19,5,1,0,0
10873,21,5,1,0,0
10874,22,4,1,0,0
10875,22,0,1,0,0
10876,22,-4,1,0,0
10877,20,-8,1,0,0
10878,17,-13,1,0,0
10879,12,-18,1,0,0
10880,5,-21,1,0,0
10881,-4,-20,1,0,0
10882,-12,-16,1,0,0
10883,-19,-7,1,0,0
10884,-20,4,1,0,0
10885,-15,15,1,0,0
10886,-3,21,1,0,0
10887,12,18,1,0,0
10888,22,6,1,0,0
10889,20,-10,1,0,0
10890,7,-21,1,0,0
10891,-11,-17,1,0,0
10892,-20,-2,1,0,0
10893,-12,16,1,0,0
10894,8,20,1,0,0
10895,22,4,1,0,0
10896,14,-16,1,0,0
10897,-8,-18,1,0,0
10898,-17,1,1,0,0
10899,-3,15,1,0,0
10900,10,6,1,0,0
10901,7,-5,1,0,0
10902,-1,-3,1,0,0
10903,0,0,1,0,0
10904,0,0,1,0,0
10905,0,0,1,0,0
10906,0,0,1,0,0
10907,0,0,1,0,0
10908,0,0,1,0,0
10909,0,0,1,0,0
10910,0,0,1,0,0
10911,0,0,1,0,0
10912,0,0,1,0,0
10913,0,0,1,0,0
10914,0,0,1,0,0
10915,-1,1,1,0,0
10916,-2,4,1,0,0
10917,6,6,1,0,0
10918,9,-5,1,0,0
10919,-4,-14,1,0,0
10920,-18,0,1,0,0
10921,-9,19,1,0,0
10922,13,17,1,0,0
10923,21,-3,1,0,0
10924,7,-19,1,0,0
10925,-13,-15,1,0,0
10926,-21,3,1,0,0
10927,-12,18,1,0,0
10928,6,22,1,0,0
10929,19,11,1,0,0
10930,21,-5,1,0,0
10931,11,-17,1,0,0
10932,-4,-20,1,0,0
10933,-15,-15,1,0,0
10934,-21,-3,1,0,0
10935,-20,8,1,0,0
10936,-13,17,1,0,0
10937,-5,21,1,0,0
10938,4,22,1,0,0
10939,11,19,1,0,0
10940,16,14,1,0,0
10941,19,9,1,0,0
10942,21,5,1,0,0
10943,21,1,1,0,0
10944,21,-3,1,0,0
10945,20,-4,1,0,0
10946,18,-4,1,0,0
10947,14,-4,1,0,0
10948,11,-3,1,0,0
10949,7,-1,1,0,0
10950,3,1,1,0,0
10951,1,1,1,0,0
10952,0,0,1,0,0
10953,-1,-1,1,0,0
10954,-3,-1,1,0,0
10955,-7,1,1,0,0
10956,-11,3,1,0,0
10957,-14,4,1,0,0
10958,-18,4,1,0,0
10959,-20,4,1,0,0
10960,-21,3,1,0,0
10961,-21,-1,1,0,0
10962,-21,-5,1,0,0
10963,-19,-9,1,0,0
10964,-16,-14,1,0,0
10965,-11,-19,1,0,0
10966,-4,-22,1,0,0
10967,5,-21,1,0,0
10968,13,-17,1,0,0
10969,20,-8,1,0,0
10970,21,3,1,0,0
10971,15,15,1,0,0
10972,4,20,1,0,0
10973,-11,17,1,0,0
10974,-21,5,1,0,0
10975,-19,-11,1,0,0
10976,-6,-22,1,0,0
10977,12,-18,1,0,0
10978,21,-3,1,0,0
10979,13,15,1,0,0
10980,-7,19,1,0,0
10981,-21,3,1,0,0
10982,-13,-17,1,0,0
10983,9,-19,1,0,0
10984,18,0,1,0,0
10985,4,14,1,0,0
10986,-9,5,1,0,0
10987,-6,-6,1,0,0
10988,2,-4,1,0,0
10989,1,-1,1,0,0
10990,0,0,1,0,0
10991,0,0,1,0,0
10992,1,3,1,0,0
10993,-7,5,1,0,0
10994,-10,-6,1,0,0
10995,3,-15,1,0,0
10996,17,-1,1,0,0
10997,8,18,1,0,0
10998,-14,16,1,0,0
10999,-22,-4,1,0,0
11000,-8,-20,1,0,0
11001,12,-16,1,0,0
11002,20,2,1,0,0
11003,11,17,1,0,0
11004,-7,21,1,0,0
11005,-20,10,1,0,0
11006,-22,-6,1,0,0
11007,-12,-18,1,0,0
11008,3,-21,1,0,0
11009,15,-15,1,0,0
11010,20,-4,1,0,0
11011,19,7,1,0,0
11012,12,16,1,0,0
11013,4,20,1,0,0
11014,-5,21,1,0,0
11015,-12,18,1,0,0
11016,-17,13,1,0,0
11017,-20,8,1,0,0
11018,-22,4,1,0,0
11019,-22,0,1,0,0
11020,-22,-4,1,0,0
11021,-21,-5,1,0,0
11022,-19,-5,1,0,0
11023,-15,-5,1,0,0
11024,-12,-4,1,0,0
11025,-8,-2,1,0,0
11026,-4,0,1,0,0
11027,-2,0,1,0,0
11028,0,0,1,0,0
11029,2,0,1,0,0
11030,4,0,1,0,0
11031,8,2,1,0,0
11032,12,4,1,0,0
11033,15,5,1,0,0
11034,19,5,1,0,0
11035,21,5,1,0,0
11036,22,4,1,0,0
11037,22,0,1,0,0
11038,22,-4,1,0,0
11039,20,-8,1,0,0
11040,17,-13,1,0,0
11041,12,-18,1,0,0
11042,5,-21,1,0,0
11043,-4,-20,1,0,0
11044,-12,-16,1,0,0
11045,-19,-7,1,0,0
11046,-20,4,1,0,0
11047,-15,15,1,0,0
11048,-3,21,1,0,0
11049,12,18,1,0,0
11050,22,6,1,0,0
11051,20,-10,1,0,0
11052,7,-21,1,0,0
11053,-11,-17,1,0,0
11054,-20,-2,1,0,0
11055,-12,16,1,0,0
11056,8,20,1,0,0
11057,22,4,1,0,0
11058,14,-16,1,0,0
11059,-8,-18,1,0,0
11060,-17,1,1,0,0
11061,-3,15,1,0,0
11062,10,6,1,0,0
11063,7,-5,1,0,0
11064,-1,-3,1,0,0
11065,0,0,1,0,0
11066,0,0,1,0,0
11067,0,0,1,0,0
11068,0,0,1,0,0
11069,0,0,1,0,0
11070,0,0,1,0,0
11071,0,0,1,0,0
11072,0,0,1,0,0
11073,0,0,1,0,0
11074,0,0,1,0,0
11075,0,0,1,0,0
11076,0,0,1,0,0
11077,0,0,1,0,0
11078,0,0,1,0,0
11079,0,0,1,0,0
11080,0,0,1,0,0
11081,0,0,1,0,0
11082,0,0,1,0,0
11083,0,0,1,0,0
11084,0,0,1,0,0
11085,0,0,1,0,0
11086,0,0,1,0,0
11087,0,0,1,0,0
11088,0,0,1,0,0
11089,0,0,1,0,0
11090,0,0,1,0,0
11091,0,0,1,0,0
11092,0,0,1,0,0
11093,0,0,1,0,0
11094,0,0,1,0,0
11095,0,0,1,0,0
11096,0,0,1,0,0
11097,0,0,1,0,0
11098,0,0,1,0,0
11099,0,0,1,0,0
11100,0,0,1,0,0
11101,0,0,1,0,0
11102,0,0,1,0,0
11103,0,0,1,0,0
11104,0,0,1,0,0
11105,0,0,1,0,0
11106,0,0,1,0,0
11107,0,0,1,0,0
11108,0,0,1,0,0
11109,0,0,1,0,0
11110,0,0,1,0,0
11111,0,0,1,0,0
11112,0,0,1,0,0
11113,0,0,1,0,0
11114,0,0,1,0,0
11115,0,0,1,0,0
11116,0,0,1,0,0
11117,0,0,1,0,0
11118,0,0,1,0,0
11119,0,0,1,0,0
11120,0,0,1,0,0
11121,0,0,1,0,0
11122,0,0,1,0,0
11123,0,0,1,0,0
11124,0,0,1,0,0
11125,0,0,1,0,0
11126,0,0,1,0,0
11127,0,0,1,0,0
11128,0,0,1,0,0
11129,0,0,1,0,0
11130,0,0,1,0,0
11131,0,0,1,0,0
11132,0,0,1,0,0
11133,0,0,1,0,0
11134,0,0,1,0,0
11135,0,0,1,0,0
11136,0,0,1,0,0
11137,-1,1,1,0,0
11138,-2,4,1,0,0
11139,6,6,1,0,0
11140,9,-5,1,0,0
11141,-4,-14,1,0,0
11142,-18,0,1,0,0
11143,-9,19,1,0,0
11144,13,17,1,0,0
11145,21,-3,1,0,0
11146,7,-19,1,0,0
11147,-13,-15,1,0,0
11148,-21,3,1,0,0
11149,-12,18,1,0,0
11150,6,22,1,0,0
11151,19,11,1,0,0
11152,21,-5,1,0,0
11153,11,-17,1,0,0
11154,-4,-20,1,0,0
11155,-15,-15,1,0,0
11156,-21,-3,1,0,0
11157,-20,8,1,0,0
11158,-13,17,1,0,0
11159,-5,21,1,0,0
11160,4,22,1,0,0
11161,11,19,1,0,0
11162,16,14,1,0,0
11163,19,9,1,0,0
11164,21,5,1,0,0
11165,21,1,1,0,0
11166,21,-3,1,0,0
11167,20,-4,1,0,0
11168,18,-4,1,0,0
11169,14,-4,1,0,0
11170,11,-3,1,0,0
11171,7,-1,1,0,0
11172,3,1,1,0,0
11173,1,1,1,0,0
11174,0,0,1,0,0
11175,-1,-1,1,0,0
11176,-3,-1,1,0,0
11177,-7,1,1,0,0
11178,-11,3,1,0,0
11179,-14,4,1,0,0
11180,-18,4,1,0,0
11181,-20,4,1,0,0
11182,-21,3,1,0,0
11183,-21,-1,1,0,0
11184,-21,-5,1,0,0
11185,-19,-9,1,0,0
11186,-16,-14,1,0,0
11187,-11,-19,1,0,0
11188,-4,-22,1,0,0
11189,5,-21,1,0,0
11190,13,-17,1,0,0
11191,20,-8,1,0,0
11192,21,3,1,0,0
11193,15,15,1,0,0
11194,4,20,1,0,0
11195,-11,17,1,0,0
11196,-21,5,1,0,0
11197,-19,-11,1,0,0
11198,-6,-22,1,0,0
11199,12,-18,1,0,0
11200,21,-3,1,0,0
11201,13,15,1,0,0
11202,-7,19,1,0,0
11203,-21,3,1,0,0
11204,-13,-17,1,0,0
11205,9,-19,1,0,0
11206,18,0,1,0,0
11207,4,14,1,0,0
11208,-9,5,1,0,0
11209,-6,-6,1,0,0
11210,2,-4,1,0,0
11211,1,-1,1,0,0
11212,0,0,1,0,0
11213,0,0,1,0,0
11214,-1,-3,1,0,0
11215,7,-5,1,0,0
11216,10,6,1,0,0
11217,-3,15,1,0,0
11218,-17,1,1,0,0
11219,-8,-18,1,0,0
11220,14,-16,1,0,0
11221,22,4,1,0,0
11222,8,20,1,0,0
11223,-12,16,1,0,0
11224,-20,-2,1,0,0
11225,-11,-17,1,0,0
11226,7,-21,1,0,0
11227,20,-10,1,0,0
11228,22,6,1,0,0
11229,12,18,1,0,0
11230,-3,21,1,0,0
11231,-15,15,1,0,0
11232,-20,4,1,0,0
11233,-19,-7,1,0,0
11234,-12,-16,1,0,0
11235,-4,-20,1,0,0
11236,5,-21,1,0,0
11237,12,-18,1,0,0
11238,17,-13,1,0,0
11239,20,-8,1,0,0
11240,22,-4,1,0,0
11241,22,0,1,0,0
11242,22,4,1,0,0
11243,21,5,1,0,0
11244,19,5,1,0,0
11245,15,5,1,0,0
11246,12,4,1,0,0
11247,8,2,1,0,0
11248,4,0,1,0,0
11249,2,0,1,0,0
11250,0,0,1,0,0
11251,0,-2,1,0,0
11252,0,-4,1,0,0
11253,2,-8,1,0,0
11254,4,-12,1,0,0
11255,5,-15,1,0,0
11256,5,-19,1,0,0
11257,5,-21,1,0,0
11258,4,-22,1,0,0
11259,0,-22,1,0,0
11260,-4,-22,1,0,0
11261,-8,-20,1,0,0
11262,-13,-17,1,0,0
11263,-18,-12,1,0,0
11264,-21,-5,1,0,0
11265,-20,4,1,0,0
11266,-16,12,1,0,0
11267,-7,19,1,0,0
11268,4,20,1,0,0
11269,15,15,1,0,0
11270,21,3,1,0,0
11271,18,-12,1,0,0
11272,6,-22,1,0,0
11273,-10,-20,1,0,0
11274,-21,-7,1,0,0
11275,-17,11,1,0,0
11276,-2,20,1,0,0
11277,16,12,1,0,0
11278,20,-8,1,0,0
11279,4,-22,1,0,0
11280,-16,-14,1,0,0
11281,-18,8,1,0,0
11282,1,17,1,0,0
11283,15,3,1,0,0
11284,6,-10,1,0,0
11285,-5,-7,1,0,0
11286,-3,1,1,0,0
11287,0,0,1,0,0
11288,0,0,1,0,0
11289,0,0,1,0,0
11290,0,0,1,0,0
11291,0,0,1,0,0
11292,0,0,1,0,0
11293,0,0,1,0,0
11294,0,0,1,0,0
11295,0,0,1,0,0
11296,0,0,1,0,0
11297,0,0,1,0,0
11298,0,0,1,0,0
11299,-1,1,1,0,0
11300,-2,4,1,0,0
11301,6,6,1,0,0
11302,9,-5,1,0,0
11303,-4,-14,1,0,0
11304,-18,0,1,0,0
11305,-9,19,1,0,0
11306,13,17,1,0,0
11307,21,-3,1,0,0
11308,7,-19,1,0,0
11309,-13,-15,1,0,0
11310,-21,3,1,0,0
11311,-12,18,1,0,0
11312,6,22,1,0,0
11313,19,11,1,0,0
11314,21,-5,1,0,0
11315,11,-17,1,0,0
11316,-4,-20,1,0,0
11317,-15,-15,1,0,0
11318,-21,-3,1,0,0
11319,-20,8,1,0,0
11320,-13,17,1,0,0
11321,-5,21,1,0,0
11322,4,22,1,0,0
11323,11,19,1,0,0
11324,16,14,1,0,0
11325,19,9,1,0,0
11326,21,5,1,0,0
11327,21,1,1,0,0
11328,21,-3,1,0,0
11329,20,-4,1,0,0
11330,18,-4,1,0,0
11331,14,-4,1,0,0
11332,11,-3,1,0,0
11333,7,-1,1,0,0
11334,3,1,1,0,0
11335,1,1,1,0,0
11336,0,0,1,0,0
11337,-1,-1,1,0,0
11338,-3,-1,1,0,0
11339,-7,1,1,0,0
11340,-11,3,1,0,0
11341,-14,4,1,0,0
11342,-18,4,1,0,0
11343,-20,4,1,0,0
11344,-21,3,1,0,0
11345,-21,-1,1,0,0
11346,-21,-5,1,0,0
11347,-19,-9,1,0,0
11348,-16,-14,1,0,0
11349,-11,-19,1,0,0
11350,-4,-22,1,0,0
11351,5,-21,1,0,0
11352,13,-17,1,0,0
11353,20,-8,1,0,0
11354,21,3,1,0,0
11355,15,15,1,0,0
11356,4,20,1,0,0
11357,-11,17,1,0,0
11358,-21,5,1,0,0
11359,-19,-11,1,0,0
11360,-6,-22,1,0,0
11361,12,-18,1,0,0
11362,21,-3,1,0,0
11363,13,15,1,0,0
11364,-7,19,1,0,0
11365,-21,3,1,0,0
11366,-13,-17,1,0,0
11367,9,-19,1,0,0
11368,18,0,1,0,0
11369,4,14,1,0,0
11370,-9,5,1,0,0
11371,-6,-6,1,0,0
11372,2,-4,1,0,0
11373,1,-1,1,0,0
11374,0,0,1,0,0
11375,0,0,1,0,0
11376,-1,-3,1,0,0
11377,7,-5,1,0,0
11378,10,6,1,0,0
11379,-3,15,1,0,0
11380,-17,1,1,0,0
11381,-8,-18,1,0,0
11382,14,-16,1,0,0
11383,22,4,1,0,0
11384,8,20,1,0,0
11385,-12,16,1,0,0
11386,-20,-2,1,0,0
11387,-11,-17,1,0,0
11388,7,-21,1,0,0
11389,20,-10,1,0,0
11390,22,6,1,0,0
11391,12,18,1,0,0
11392,-3,21,1,0,0
11393,-15,15,1,0,0
11394,-20,4,1,0,0
11395,-19,-7,1,0,0
11396,-12,-16,1,0,0
11397,-4,-20,1,0,0
11398,5,-21,1,0,0
11399,12,-18,1,0,0
11400,17,-13,1,0,0
11401,20,-8,1,0,0
11402,22,-4,1,0,0
11403,22,0,1,0,0
11404,22,4,1,0,0
11405,21,5,1,0,0
11406,19,5,1,0,0
11407,15,5,1,0,0
11408,12,4,1,0,0
11409,8,2,1,0,0
11410,4,0,1,0,0
11411,2,0,1,0,0
11412,0,0,1,0,0
11413,0,-2,1,0,0
11414,0,-4,1,0,0
11415,2,-8,1,0,0
11416,4,-12,1,0,0
11417,5,-15,1,0,0
11418,5,-19,1,0,0
11419,5,-21,1,0,0
11420,4,-22,1,0,0
11421,0,-22,1,0,0
11422,-4,-22,1,0,0
11423,-8,-20,1,0,0
11424,-13,-17,1,0,0
11425,-18,-12,1,0,0
11426,-21,-5,1,0,0
11427,-20,4,1,0,0
11428,-16,12,1,0,0
11429,-7,19,1,0,0
11430,4,20,1,0,0
11431,15,15,1,0,0
11432,21,3,1,0,0
11433,18,-12,1,0,0
11434,6,-22,1,0,0
11435,-10,-20,1,0,0
11436,-21,-7,1,0,0
11437,-17,11,1,0,0
11438,-2,20,1,0,0
11439,16,12,1,0,0
11440,20,-8,1,0,0
11441,4,-22,1,0,0
11442,-16,-14,1,0,0
11443,-18,8,1,0,0
11444,1,17,1,0,0
11445,15,3,1,0,0
11446,6,-10,1,0,0
11447,-5,-7,1,0,0
11448,-3,1,1,0,0
11449,0,0,1,0,0
11450,0,0,1,0,0
11451,0,0,1,0,0
11452,0,0,1,0,0
11453,0,0,1,0,0
11454,0,0,1,0,0
11455,0,0,1,0,0
11456,0,0,1,0,0
11457,0,0,1,0,0
11458,0,0,1,0,0
11459,0,0,1,0,0
11460,0,0,1,0,0
11461,0,0,1,0,0
11462,0,0,1,0,0
11463,0,0,1,0,0
11464,0,0,1,0,0
11465,0,0,1,0,0
11466,0,0,1,0,0
11467,0,0,1,0,0
11468,0,0,1,0,0
11469,0,0,1,0,0
11470,0,0,1,0,0
11471,0,0,1,0,0
11472,0,0,1,0,0
11473,0,0,1,0,0
11474,0,0,1,0,0
11475,0,0,1,0,0
11476,0,0,1,0,0
11477,0,0,1,0,0
11478,0,0,1,0,0
11479,0,0,1,0,0
11480,0,0,1,0,0
11481,0,0,1,0,0
11482,0,0,1,0,0
11483,0,0,1,0,0
11484,0,0,1,0,0
11485,0,0,1,0,0
11486,0,0,1,0,0
11487,0,0,1,0,0
11488,0,0,1,0,0
11489,0,0,1,0,0
11490,0,0,1,0,0
11491,0,0,1,0,0
11492,0,0,1,0,0
11493,0,0,1,0,0
11494,0,0,1,0,0
11495,0,0,1,0,0
11496,0,0,1,0,0
11497,0,0,1,0,0
11498,0,0,1,0,0
11499,0,0,1,0,0
11500,0,0,1,0,0
11501,0,0,1,0,0
11502,0,0,1,0,0
11503,0,0,1,0,0
11504,0,0,1,0,0
11505,0,0,1,0,0
11506,0,0,1,0,0
11507,0,0,1,0,0
11508,0,0,1,0,0
11509,0,0,1,0,0
11510,0,0,1,0,0
11511,0,0,1,0,0
11512,0,0,1,0,0
11513,0,0,1,0,0
11514,0,0,1,0,0
11515,0,0,1,0,0
11516,0,0,1,0,0
11517,0,0,1,0,0
11518,0,0,1,0,0
11519,0,0,1,0,0
11520,0,0,1,0,0
11521,1,1,1,0,0
11522,4,2,1,0,0
11523,6,-6,1,0,0
11524,-5,-9,1,0,0
11525,-14,4,1,0,0
11526,0,18,1,0,0
11527,19,9,1,0,0
11528,17,-13,1,0,0
11529,-3,-21,1,0,0
11530,-19,-7,1,0,0
11531,-15,13,1,0,0
11532,3,21,1,0,0
11533,18,12,1,0,0
11534,22,-6,1,0,0
11535,11,-19,1,0,0
11536,-5,-21,1,0,0
11537,-17,-11,1,0,0
11538,-20,4,1,0,0
11539,-15,15,1,0,0
11540,-3,21,1,0,0
11541,8,20,1,0,0
11542,17,13,1,0,0
11543,21,5,1,0,0
11544,22,-4,1,0,0
11545,19,-11,1,0,0
11546,14,-16,1,0,0
11547,9,-19,1,0,0
11548,5,-21,1,0,0
11549,1,-21,1,0,0
11550,-3,-21,1,0,0
11551,-4,-20,1,0,0
11552,-4,-18,1,0,0
11553,-4,-14,1,0,0
11554,-3,-11,1,0,0
11555,-1,-7,1,0,0
11556,1,-3,1,0,0
11557,1,-1,1,0,0
11558,0,0,1,0,0
11559,-1,1,1,0,0
11560,-1,3,1,0,0
11561,1,7,1,0,0
11562,3,11,1,0,0
11563,4,14,1,0,0
11564,4,18,1,0,0
11565,4,20,1,0,0
11566,3,21,1,0,0
11567,-1,21,1,0,0
11568,-5,21,1,0,0
11569,-9,19,1,0,0
11570,-14,16,1,0,0
11571,-19,11,1,0,0
11572,-22,4,1,0,0
11573,-21,-5,1,0,0
11574,-17,-13,1,0,0
11575,-8,-20,1,0,0
11576,3,-21,1,0,0
11577,15,-15,1,0,0
11578,20,-4,1,0,0
11579,17,11,1,0,0
11580,5,21,1,0,0
11581,-11,19,1,0,0
11582,-22,6,1,0,0
11583,-18,-12,1,0,0
11584,-3,-21,1,0,0
11585,15,-13,1,0,0
11586,19,7,1,0,0
11587,3,21,1,0,0
11588,-17,13,1,0,0
11589,-19,-9,1,0,0
11590,0,-18,1,0,0
11591,14,-4,1,0,0
11592,5,9,1,0,0
11593,-6,6,1,0,0
11594,-4,-2,1,0,0
11595,-1,-1,1,0,0
11596,0,0,1,0,0
11597,0,0,1,0,0
11598,1,3,1,0,0
11599,-7,5,1,0,0
11600,-10,-6,1,0,0
11601,3,-15,1,0,0
11602,17,-1,1,0,0
11603,8,18,1,0,0
11604,-14,16,1,0,0
11605,-22,-4,1,0,0
11606,-8,-20,1,0,0
11607,12,-16,1,0,0
11608,20,2,1,0,0
11609,11,17,1,0,0
11610,-7,21,1,0,0
11611,-20,10,1,0,0
11612,-22,-6,1,0,0
11613,-12,-18,1,0,0
11614,3,-21,1,0,0
11615,15,-15,1,0,0
11616,20,-4,1,0,0
11617,19,7,1,0,0
11618,12,16,1,0,0
11619,4,20,1,0,0
11620,-5,21,1,0,0
11621,-12,18,1,0,0
11622,-17,13,1,0,0
11623,-20,8,1,0,0
11624,-22,4,1,0,0
11625,-22,0,1,0,0
11626,-22,-4,1,0,0
11627,-21,-5,1,0,0
11628,-19,-5,1,0,0
11629,-15,-5,1,0,0
11630,-12,-4,1,0,0
11631,-8,-2,1,0,0
11632,-4,0,1,0,0
11633,-2,0,1,0,0
11634,0,0,1,0,0
11635,-2,0,1,0,0
11636,-4,0,1,0,0
11637,-8,-2,1,0,0
11638,-12,-4,1,0,0
11639,-15,-5,1,0,0
11640,-19,-5,1,0,0
11641,-21,-5,1,0,0
11642,-22,-4,1,0,0
11643,-22,0,1,0,0
11644,-22,4,1,0,0
11645,-20,8,1,0,0
11646,-17,13,1,0,0
11647,-12,18,1,0,0
11648,-5,21,1,0,0
11649,4,20,1,0,0
11650,12,16,1,0,0
11651,19,7,1,0,0
11652,20,-4,1,0,0
11653,15,-15,1,0,0
11654,3,-21,1,0,0
11655,-12,-18,1,0,0
11656,-22,-6,1,0,0
11657,-20,10,1,0,0
11658,-7,21,1,0,0
11659,11,17,1,0,0
11660,20,2,1,0,0
11661,12,-16,1,0,0
11662,-8,-20,1,0,0
11663,-22,-4,1,0,0
11664,-14,16,1,0,0
11665,8,18,1,0,0
11666,17,-1,1,0,0
11667,3,-15,1,0,0
11668,-10,-6,1,0,0
11669,-7,5,1,0,0
11670,1,3,1,0,0
11671,0,0,1,0,0
11672,0,0,1,0,0
11673,0,0,1,0,0
11674,0,0,1,0,0
11675,0,0,1,0,0
11676,0,0,1,0,0
11677,0,0,1,0,0
11678,0,0,1,0,0
11679,0,0,1,0,0
11680,0,0,1,0,0
11681,0,0,1,0,0
11682,0,0,1,0,0
11683,1,1,1,0,0
11684,4,2,1,0,0
11685,6,-6,1,0,0
11686,-5,-9,1,0,0
11687,-14,4,1,0,0
11688,0,18,1,0,0
11689,19,9,1,0,0
11690,17,-13,1,0,0
11691,-3,-21,1,0,0
11692,-19,-7,1,0,0
11693,-15,13,1,0,0
11694,3,21,1,0,0
11695,18,12,1,0,0
11696,22,-6,1,0,0
11697,11,-19,1,0,0
11698,-5,-21,1,0,0
11699,-17,-11,1,0,0
11700,-20,4,1,0,0
11701,-15,15,1,0,0
11702,-3,21,1,0,0
11703,8,20,1,0,0
11704,17,13,1,0,0
11705,21,5,1,0,0
11706,22,-4,1,0,0
11707,19,-11,1,0,0
11708,14,-16,1,0,0
11709,9,-19,1,0,0
11710,5,-21,1,0,0
11711,1,-21,1,0,0
11712,-3,-21,1,0,0
11713,-4,-20,1,0,0
11714,-4,-18,1,0,0
11715,-4,-14,1,0,0
11716,-3,-11,1,0,0
11717,-1,-7,1,0,0
11718,1,-3,1,0,0
11719,1,-1,1,0,0
11720,0,0,1,0,0
11721,-1,1,1,0,0
11722,-1,3,1,0,0
11723,1,7,1,0,0
11724,3,11,1,0,0
11725,4,14,1,0,0
11726,4,18,1,0,0
11727,4,20,1,0,0
11728,3,21,1,0,0
11729,-1,21,1,0,0
11730,-5,21,1,0,0
11731,-9,19,1,0,0
11732,-14,16,1,0,0
11733,-19,11,1,0,0
11734,-22,4,1,0,0
11735,-21,-5,1,0,0
11736,-17,-13,1,0,0
11737,-8,-20,1,0,0
11738,3,-21,1,0,0
11739,15,-15,1,0,0
11740,20,-4,1,0,0
11741,17,11,1,0,0
11742,5,21,1,0,0
11743,-11,19,1,0,0
11744,-22,6,1,0,0
11745,-18,-12,1,0,0
11746,-3,-21,1,0,0
11747,15,-13,1,0,0
11748,19,7,1,0,0
11749,3,21,1,0,0
11750,-17,13,1,0,0
11751,-19,-9,1,0,0
11752,0,-18,1,0,0
11753,14,-4,1,0,0
11754,5,9,1,0,0
11755,-6,6,1,0,0
11756,-4,-2,1,0,0
11757,-1,-1,1,0,0
11758,0,0,1,0,0
11759,0,0,1,0,0
11760,-3,1,1,0,0
11761,-5,-7,1,0,0
11762,6,-10,1,0,0
11763,15,3,1,0,0
11764,1,17,1,0,0
11765,-18,8,1,0,0
11766,-16,-14,1,0,0
11767,4,-22,1,0,0
11768,20,-8,1,0,0
11769,16,12,1,0,0
11770,-2,20,1,0,0
11771,-17,11,1,0,0
11772,-21,-7,1,0,0
11773,-10,-20,1,0,0
11774,6,-22,1,0,0
11775,18,-12,1,0,0
11776,21,3,1,0,0
11777,15,15,1,0,0
11778,4,20,1,0,0
11779,-7,19,1,0,0
11780,-16,12,1,0,0
11781,-20,4,1,0,0
11782,-21,-5,1,0,0
11783,-18,-12,1,0,0
11784,-13,-17,1,0,0
11785,-8,-20,1,0,0
11786,-4,-22,1,0,0
11787,0,-22,1,0,0
11788,4,-22,1,0,0
11789,5,-21,1,0,0
11790,5,-19,1,0,0
11791,5,-15,1,0,0
11792,4,-12,1,0,0
11793,2,-8,1,0,0
11794,0,-4,1,0,0
11795,0,-2,1,0,0
11796,0,0,1,0,0
11797,-2,0,1,0,0
11798,-4,0,1,0,0
11799,-8,-2,1,0,0
11800,-12,-4,1,0,0
11801,-15,-5,1,0,0
11802,-19,-5,1,0,0
11803,-21,-5,1,0,0
11804,-22,-4,1,0,0
11805,-22,0,1,0,0
11806,-22,4,1,0,0
11807,-20,8,1,0,0
11808,-17,13,1,0,0
11809,-12,18,1,0,0
11810,-5,21,1,0,0
11811,4,20,1,0,0
11812,12,16,1,0,0
11813,19,7,1,0,0
11814,20,-4,1,0,0
11815,15,-15,1,0,0
11816,3,-21,1,0,0
11817,-12,-18,1,0,0
11818,-22,-6,1,0,0
11819,-20,10,1,0,0
11820,-7,21,1,0,0
11821,11,17,1,0,0
11822,20,2,1,0,0
11823,12,-16,1,0,0
11824,-8,-20,1,0,0
11825,-22,-4,1,0,0
11826,-14,16,1,0,0
11827,8,18,1,0,0
11828,17,-1,1,0,0
11829,3,-15,1,0,0
11830,-10,-6,1,0,0
11831,-7,5,1,0,0
11832,1,3,1,0,0
11833,0,0,1,0,0
11834,0,0,1,0,0
11835,0,0,1,0,0
11836,0,0,1,0,0
11837,0,0,1,0,0
11838,0,0,1,0,0
11839,0,0,1,0,0
11840,0,0,1,0,0
11841,0,0,1,0,0
11842,0,0,1,0,0
11843,0,0,1,0,0
11844,0,0,1,0,0
11845,0,0,1,0,0
11846,0,0,1,0,0
11847,0,0,1,0,0
11848,0,0,1,0,0
11849,0,0,1,0,0
11850,0,0,1,0,0
11851,0,0,1,0,0
11852,0,0,1,0,0
11853,0,0,1,0,0
11854,0,0,1,0,0
11855,0,0,1,0,0
11856,0,0,1,0,0
11857,0,0,1,0,0
11858,0,0,1,0,0
11859,0,0,1,0,0
11860,0,0,1,0,0
11861,0,0,1,0,0
11862,0,0,1,0,0
11863,0,0,1,0,0
11864,0,0,1,0,0
11865,0,0,1,0,0
11866,0,0,1,0,0
11867,0,0,1,0,0
11868,0,0,1,0,0
11869,0,0,1,0,0
11870,0,0,1,0,0
11871,0,0,1,0,0
11872,0,0,1,0,0
11873,0,0,1,0,0
11874,0,0,1,0,0
11875,0,0,1,0,0
11876,0,0,1,0,0
11877,0,0,1,0,0
11878,0,0,1,0,0
11879,0,0,1,0,0
11880,0,0,1,0,0
11881,0,0,1,0,0
11882,0,0,1,0,0
11883,0,0,1,0,0
11884,0,0,1,0,0
11885,0,0,1,0,0
11886,0,0,1,0,0
11887,0,0,1,0,0
11888,0,0,1,0,0
11889,0,0,1,0,0
11890,0,0,1,0,0
11891,0,0,1,0,0
11892,0,0,1,0,0
11893,0,0,1,0,0
11894,0,0,1,0,0
11895,0,0,1,0,0
11896,0,0,1,0,0
11897,0,0,1,0,0
11898,0,0,1,0,0
11899,0,0,1,0,0
11900,0,0,1,0,0
11901,0,0,1,0,0
11902,0,0,1,0,0
11903,0,0,1,0,0
11904,0,0,1,0,0
11905,-1,1,1,0,0
11906,-2,4,1,0,0
11907,6,6,1,0,0
11908,9,-5,1,0,0
11909,-4,-14,1,0,0
11910,-18,0,1,0,0
11911,-9,19,1,0,0
11912,13,17,1,0,0
11913,21,-3,1,0,0
11914,7,-19,1,0,0
11915,-13,-15,1,0,0
11916,-21,3,1,0,0
11917,-12,18,1,0,0
11918,6,22,1,0,0
11919,19,11,1,0,0
11920,21,-5,1,0,0
11921,11,-17,1,0,0
11922,-4,-20,1,0,0
11923,-15,-15,1,0,0
11924,-21,-3,1,0,0
11925,-20,8,1,0,0
11926,-13,17,1,0,0
11927,-5,21,1,0,0
11928,4,22,1,0,0
11929,11,19,1,0,0
11930,16,14,1,0,0
11931,19,9,1,0,0
11932,21,5,1,0,0
11933,21,1,1,0,0
11934,21,-3,1,0,0
11935,20,-4,1,0,0
11936,18,-4,1,0,0
11937,14,-4,1,0,0
11938,11,-3,1,0,0
11939,7,-1,1,0,0
11940,3,1,1,0,0
11941,1,1,1,0,0
11942,0,0,1,0,0
11943,-1,-1,1,0,0
11944,-3,-1,1,0,0
11945,-7,1,1,0,0
11946,-11,3,1,0,0
11947,-14,4,1,0,0
11948,-18,4,1,0,0
11949,-20,4,1,0,0
11950,-21,3,1,0,0
11951,-21,-1,1,0,0
11952,-21,-5,1,0,0
11953,-19,-9,1,0,0
11954,-16,-14,1,0,0
11955,-11,-19,1,0,0
11956,-4,-22,1,0,0
11957,5,-21,1,0,0
11958,13,-17,1,0,0
11959,20,-8,1,0,0
11960,21,3,1,0,0
11961,15,15,1,0,0
11962,4,20,1,0,0
11963,-11,17,1,0,0
11964,-21,5,1,0,0
11965,-19,-11,1,0,0
11966,-6,-22,1,0,0
11967,12,-18,1,0,0
11968,21,-3,1,0,0
11969,13,15,1,0,0
11970,-7,19,1,0,0
11971,-21,3,1,0,0
11972,-13,-17,1,0,0
11973,9,-19,1,0,0
11974,18,0,1,0,0
11975,4,14,1,0,0
11976,-9,5,1,0,0
11977,-6,-6,1,0,0
11978,2,-4,1,0,0
11979,1,-1,1,0,0
11980,0,0,1,0,0
11981,0,0,1,0,0
11982,1,3,1,0,0
11983,-7,5,1,0,0
11984,-10,-6,1,0,0
11985,3,-15,1,0,0
11986,17,-1,1,0,0
11987,8,18,1,0,0
11988,-14,16,1,0,0
11989,-22,-4,1,0,0
11990,-8,-20,1,0,0
11991,12,-16,1,0,0
11992,20,2,1,0,0
11993,11,17,1,0,0
11994,-7,21,1,0,0
11995,-20,10,1,0,0
11996,-22,-6,1,0,0
11997,-12,-18,1,0,0
11998,3,-21,1,0,0
11999,15,-15,1,0,0
12000,20,-4,1,0,0
12001,19,7,1,0,0
12002,12,16,1,0,0
12003,4,20,1,0,0
12004,-5,21,1,0,0
12005,-12,18,1,0,0
12006,-17,13,1,0,0
12007,-20,8,1,0,0
12008,-22,4,1,0,0
12009,-22,0,1,0,0
12010,-22,-4,1,0,0
12011,-21,-5,1,0,0
12012,-19,-5,1,0,0
12013,-15,-5,1,0,0
12014,-12,-4,1,0,0
12015,-8,-2,1,0,0
12016,-4,0,1,0,0
12017,-2,0,1,0,0
12018,0,0,1,0,0
12019,0,2,1,0,0
12020,0,4,1,0,0
12021,-2,8,1,0,0
12022,-4,12,1,0,0
12023,-5,15,1,0,0
12024,-5,19,1,0,0
12025,-5,21,1,0,0
12026,-4,22,1,0,0
12027,0,22,1,0,0
12028,4,22,1,0,0
12029,8,20,1,0,0
12030,13,17,1,0,0
12031,18,12,1,0,0
12032,21,5,1,0,0
12033,20,-4,1,0,0
12034,16,-12,1,0,0
12035,7,-19,1,0,0
12036,-4,-20,1,0,0
12037,-15,-15,1,0,0
12038,-21,-3,1,0,0
12039,-18,12,1,0,0
12040,-6,22,1,0,0
12041,10,20,1,0,0
12042,21,7,1,0,0
12043,17,-11,1,0,0
12044,2,-20,1,0,0
12045,-16,-12,1,0,0
12046,-20,8,1,0,0
12047,-4,22,1,0,0
12048,16,14,1,0,0
12049,18,-8,1,0,0
12050,-1,-17,1,0,0
12051,-15,-3,1,0,0
12052,-6,10,1,0,0
12053,5,7,1,0,0
12054,3,-1,1,0,0
12055,0,0,1,0,0
12056,0,0,1,0,0
12057,0,0,1,0,0
12058,0,0,1,0,0
12059,0,0,1,0,0
12060,0,0,1,0,0
12061,0,0,1,0,0
12062,0,0,1,0,0
12063,0,0,1,0,0
12064,0,0,1,0,0
12065,0,0,1,0,0
12066,0,0,1,0,0
12067,-1,1,1,0,0
12068,-2,4,1,0,0
12069,6,6,1,0,0
12070,9,-5,1,0,0
12071,-4,-14,1,0,0
12072,-18,0,1,0,0
12073,-9,19,1,0,0
12074,13,17,1,0,0
12075,21,-3,1,0,0
12076,7,-19,1,0,0
12077,-13,-15,1,0,0
12078,-21,3,1,0,0
12079,-12,18,1,0,0
12080,6,22,1,0,0
12081,19,11,1,0,0
12082,21,-5,1,0,0
12083,11,-17,1,0,0
12084,-4,-20,1,0,0
12085,-15,-15,1,0,0
12086,-21,-3,1,0,0
12087,-20,8,1,0,0
12088,-13,17,1,0,0
12089,-5,21,1,0,0
12090,4,22,1,0,0
12091,11,19,1,0,0
12092,16,14,1,0,0
12093,19,9,1,0,0
12094,21,5,1,0,0
12095,21,1,1,0,0
12096,21,-3,1,0,0
12097,20,-4,1,0,0
12098,18,-4,1,0,0
12099,14,-4,1,0,0
12100,11,-3,1,0,0
12101,7,-1,1,0,0
12102,3,1,1,0,0
12103,1,1,1,0,0
12104,0,0,1,0,0
12105,-1,-1,1,0,0
12106,-3,-1,1,0,0
12107,-7,1,1,0,0
12108,-11,3,1,0,0
12109,-14,4,1,0,0
12110,-18,4,1,0,0
12111,-20,4,1,0,0
12112,-21,3,1,0,0
12113,-21,-1,1,0,0
12114,-21,-5,1,0,0
12115,-19,-9,1,0,0
12116,-16,-14,1,0,0
12117,-11,-19,1,0,0
12118,-4,-22,1,0,0
12119,5,-21,1,0,0
12120,13,-17,1,0,0
12121,20,-8,1,0,0
12122,21,3,1,0,0
12123,15,15,1,0,0
12124,4,20,1,0,0
12125,-11,17,1,0,0
12126,-21,5,1,0,0
12127,-19,-11,1,0,0
12128,-6,-22,1,0,0
12129,12,-18,1,0,0
12130,21,-3,1,0,0
12131,13,15,1,0,0
12132,-7,19,1,0,0
12133,-21,3,1,0,0
12134,-13,-17,1,0,0
12135,9,-19,1,0,0
12136,18,0,1,0,0
12137,4,14,1,0,0
12138,-9,5,1,0,0
12139,-6,-6,1,0,0
12140,2,-4,1,0,0
12141,1,-1,1,0,0
12142,0,0,1,0,0
12143,0,0,1,0,0
12144,-1,-3,1,0,0
12145,7,-5,1,0,0
12146,10,6,1,0,0
12147,-3,15,1,0,0
12148,-17,1,1,0,0
12149,-8,-18,1,0,0
12150,14,-16,1,0,0
12151,22,4,1,0,0
12152,8,20,1,0,0
12153,-12,16,1,0,0
12154,-20,-2,1,0,0
12155,-11,-17,1,0,0
12156,7,-21,1,0,0
12157,20,-10,1,0,0
12158,22,6,1,0,0
12159,12,18,1,0,0
12160,-3,21,1,0,0
12161,-15,15,1,0,0
12162,-20,4,1,0,0
12163,-19,-7,1,0,0
12164,-12,-16,1,0,0
12165,-4,-20,1,0,0
12166,5,-21,1,0,0
12167,12,-18,1,0,0
12168,17,-13,1,0,0
12169,20,-8,1,0,0
12170,22,-4,1,0,0
12171,22,0,1,0,0
12172,22,4,1,0,0
12173,21,5,1,0,0
12174,19,5,1,0,0
12175,15,5,1,0,0
12176,12,4,1,0,0
12177,8,2,1,0,0
12178,4,0,1,0,0
12179,2,0,1,0,0
12180,0,0,1,0,0
12181,-2,0,1,0,0
12182,-4,0,1,0,0
12183,-8,-2,1,0,0
12184,-12,-4,1,0,0
12185,-15,-5,1,0,0
12186,-19,-5,1,0,0
12187,-21,-5,1,0,0
12188,-22,-4,1,0,0
12189,-22,0,1,0,0
12190,-22,4,1,0,0
12191,-20,8,1,0,0
12192,-17,13,1,0,0
12193,-12,18,1,0,0
12194,-5,21,1,0,0
12195,4,20,1,0,0
12196,12,16,1,0,0
12197,19,7,1,0,0
12198,20,-4,1,0,0
12199,15,-15,1,0,0
12200,3,-21,1,0,0
12201,-12,-18,1,0,0
12202,-22,-6,1,0,0
12203,-20,10,1,0,0
12204,-7,21,1,0,0
12205,11,17,1,0,0
12206,20,2,1,0,0
12207,12,-16,1,0,0
12208,-8,-20,1,0,0
12209,-22,-4,1,0,0
12210,-14,16,1,0,0
12211,8,18,1,0,0
12212,17,-1,1,0,0
12213,3,-15,1,0,0
12214,-10,-6,1,0,0
12215,-7,5,1,0,0
12216,1,3,1,0,0
12217,0,0,1,0,0
12218,0,0,1,0,0
12219,0,0,1,0,0
12220,0,0,1,0,0
12221,0,0,1,0,0
12222,0,0,1,0,0
12223,0,0,1,0,0
12224,0,0,1,0,0
12225,0,0,1,0,0
12226,0,0,1,0,0
12227,0,0,1,0,0
12228,0,0,1,0,0
12229,0,0,1,0,0
12230,0,0,1,0,0
12231,0,0,1,0,0
12232,0,0,1,0,0
12233,0,0,1,0,0
12234,0,0,1,0,0
12235,0,0,1,0,0
12236,0,0,1,0,0
12237,0,0,1,0,0
12238,0,0,1,0,0
12239,0,0,1,0,0
12240,0,0,1,0,0
12241,0,0,1,0,0
12242,0,0,1,0,0
12243,0,0,1,0,0
12244,0,0,1,0,0
12245,0,0,1,0,0
12246,0,0,1,0,0
12247,0,0,1,0,0
12248,0,0,1,0,0
12249,0,0,1,0,0
12250,0,0,1,0,0
12251,0,0,1,0,0
12252,0,0,1,0,0
12253,0,0,1,0,0
12254,0,0,1,0,0
12255,0,0,1,0,0
12256,0,0,1,0,0
12257,0,0,1,0,0
12258,0,0,1,0,0
12259,0,0,1,0,0
12260,0,0,1,0,0
12261,0,0,1,0,0
12262,0,0,1,0,0
12263,0,0,1,0,0
12264,0,0,1,0,0
12265,0,0,1,0,0
12266,0,0,1,0,0
12267,0,0,1,0,0
12268,0,0,1,0,0
12269,0,0,1,0,0
12270,0,0,1,0,0
12271,0,0,1,0,0
12272,0,0,1,0,0
12273,0,0,1,0,0
12274,0,0,1,0,0
12275,0,0,1,0,0
12276,0,0,1,0,0
12277,0,0,1,0,0
12278,0,0,1,0,0
12279,0,0,1,0,0
12280,0,0,1,0,0
12281,0,0,1,0,0
12282,0,0,1,0,0
12283,0,0,1,0,0
12284,0,0,1,0,0
12285,0,0,1,0,0
12286,0,0,1,0,0
12287,0,0,1,0,0
12288,0,0,1,0,0
12289,1,1,1,0,0
12290,4,2,1,0,0
12291,6,-6,1,0,0
12292,-5,-9,1,0,0
12293,-14,4,1,0,0
12294,0,18,1,0,0
12295,19,9,1,0,0
12296,17,-13,1,0,0
12297,-3,-21,1,0,0
12298,-19,-7,1,0,0
12299,-15,13,1,0,0
12300,3,21,1,0,0
12301,18,12,1,0,0
12302,22,-6,1,0,0
12303,11,-19,1,0,0
12304,-5,-21,1,0,0
12305,-17,-11,1,0,0
12306,-20,4,1,0,0
12307,-15,15,1,0,0
12308,-3,21,1,0,0
12309,8,20,1,0,0
12310,17,13,1,0,0
12311,21,5,1,0,0
12312,22,-4,1,0,0
12313,19,-11,1,0,0
12314,14,-16,1,0,0
12315,9,-19,1,0,0
12316,5,-21,1,0,0
12317,1,-21,1,0,0
12318,-3,-21,1,0,0
12319,-4,-20,1,0,0
12320,-4,-18,1,0,0
12321,-4,-14,1,0,0
12322,-3,-11,1,0,0
12323,-1,-7,1,0,0
12324,1,-3,1,0,0
12325,1,-1,1,0,0
12326,0,0,1,0,0
12327,-1,1,1,0,0
12328,-1,3,1,0,0
12329,1,7,1,0,0
12330,3,11,1,0,0
12331,4,14,1,0,0
12332,4,18,1,0,0
12333,4,20,1,0,0
12334,3,21,1,0,0
12335,-1,21,1,0,0
12336,-5,21,1,0,0
12337,-9,19,1,0,0
12338,-14,16,1,0,0
12339,-19,11,1,0,0
12340,-22,4,1,0,0
12341,-21,-5,1,0,0
12342,-17,-13,1,0,0
12343,-8,-20,1,0,0
12344,3,-21,1,0,0
12345,15,-15,1,0,0
12346,20,-4,1,0,0
12347,17,11,1,0,0
12348,5,21,1,0,0
12349,-11,19,1,0,0
12350,-22,6,1,0,0
12351,-18,-12,1,0,0
12352,-3,-21,1,0,0
12353,15,-13,1,0,0
12354,19,7,1,0,0
12355,3,21,1,0,0
12356,-17,13,1,0,0
12357,-19,-9,1,0,0
12358,0,-18,1,0,0
12359,14,-4,1,0,0
12360,5,9,1,0,0
12361,-6,6,1,0,0
12362,-4,-2,1,0,0
12363,-1,-1,1,0,0
12364,0,0,1,0,0
12365,0,0,1,0,0
12366,1,3,1,0,0
12367,-7,5,1,0,0
12368,-10,-6,1,0,0
12369,3,-15,1,0,0
12370,17,-1,1,0,0
12371,8,18,1,0,0
12372,-14,16,1,0,0
12373,-22,-4,1,0,0
12374,-8,-20,1,0,0
12375,12,-16,1,0,0
12376,20,2,1,0,0
12377,11,17,1,0,0
12378,-7,21,1,0,0
12379,-20,10,1,0,0
12380,-22,-6,1,0,0
12381,-12,-18,1,0,0
12382,3,-21,1,0,0
12383,15,-15,1,0,0
12384,20,-4,1,0,0
12385,19,7,1,0,0
12386,12,16,1,0,0
12387,4,20,1,0,0
12388,-5,21,1,0,0
12389,-12,18,1,0,0
12390,-17,13,1,0,0
12391,-20,8,1,0,0
12392,-22,4,1,0,0
12393,-22,0,1,0,0
12394,-22,-4,1,0,0
12395,-21,-5,1,0,0
12396,-19,-5,1,0,0
12397,-15,-5,1,0,0
12398,-12,-4,1,0,0
12399,-8,-2,1,0,0
12400,-4,0,1,0,0
12401,-2,0,1,0,0
12402,0,0,1,0,0
12403,2,0,1,0,0
12404,4,0,1,0,0
12405,8,2,1,0,0
12406,12,4,1,0,0
12407,15,5,1,0,0
12408,19,5,1,0,0
12409,21,5,1,0,0
12410,22,4,1,0,0
12411,22,0,1,0,0
12412,22,-4,1,0,0
12413,20,-8,1,0,0
12414,17,-13,1,0,0
12415,12,-18,1,0,0
12416,5,-21,1,0,0
12417,-4,-20,1,0,0
12418,-12,-16,1,0,0
12419,-19,-7,1,0,0
12420,-20,4,1,0,0
12421,-15,15,1,0,0
12422,-3,21,1,0,0
12423,12,18,1,0,0
12424,22,6,1,0,0
12425,20,-10,1,0,0
12426,7,-21,1,0,0
12427,-11,-17,1,0,0
12428,-20,-2,1,0,0
12429,-12,16,1,0,0
12430,8,20,1,0,0
12431,22,4,1,0,0
12432,14,-16,1,0,0
12433,-8,-18,1,0,0
12434,-17,1,1,0,0
12435,-3,15,1,0,0
12436,10,6,1,0,0
12437,7,-5,1,0,0
12438,-1,-3,1,0,0
12439,0,0,1,0,0
12440,0,0,1,0,0
12441,0,0,1,0,0
12442,0,0,1,0,0
12443,0,0,1,0,0
12444,0,0,1,0,0
12445,0,0,1,0,0
12446,0,0,1,0,0
12447,0,0,1,0,0
12448,0,0,1,0,0
12449,0,0,1,0,0
12450,0,0,1,0,0
12451,-1,1,1,0,0
12452,-2,4,1,0,0
12453,6,6,1,0,0
12454,9,-5,1,0,0
12455,-4,-14,1,0,0
12456,-18,0,1,0,0
12457,-9,19,1,0,0
12458,13,17,1,0,0
12459,21,-3,1,0,0
12460,7,-19,1,0,0
12461,-13,-15,1,0,0
12462,-21,3,1,0,0
12463,-12,18,1,0,0
12464,6,22,1,0,0
12465,19,11,1,0,0
12466,21,-5,1,0,0
12467,11,-17,1,0,0
12468,-4,-20,1,0,0
12469,-15,-15,1,0,0
12470,-21,-3,1,0,0
12471,-20,8,1,0,0
12472,-13,17,1,0,0
12473,-5,21,1,0,0
12474,4,22,1,0,0
12475,11,19,1,0,0
12476,16,14,1,0,0
12477,19,9,1,0,0
12478,21,5,1,0,0
12479,21,1,1,0,0
12480,21,-3,1,0,0
12481,20,-4,1,0,0
12482,18,-4,1,0,0
12483,14,-4,1,0,0
12484,11,-3,1,0,0
12485,7,-1,1,0,0
12486,3,1,1,0,0
12487,1,1,1,0,0
12488,0,0,1,0,0
12489,-1,-1,1,0,0
12490,-3,-1,1,0,0
12491,-7,1,1,0,0
12492,-11,3,1,0,0
12493,-14,4,1,0,0
12494,-18,4,1,0,0
12495,-20,4,1,0,0
12496,-21,3,1,0,0
12497,-21,-1,1,0,0
12498,-21,-5,1,0,0
12499,-19,-9,1,0,0
12500,-16,-14,1,0,0
12501,-11,-19,1,0,0
12502,-4,-22,1,0,0
12503,5,-21,1,0,0
12504,13,-17,1,0,0
12505,20,-8,1,0,0
12506,21,3,1,0,0
12507,15,15,1,0,0
12508,4,20,1,0,0
12509,-11,17,1,0,0
12510,-21,5,1,0,0
12511,-19,-11,1,0,0
12512,-6,-22,1,0,0
12513,12,-18,1,0,0
12514,21,-3,1,0,0
12515,13,15,1,0,0
12516,-7,19,1,0,0
12517,-21,3,1,0,0
12518,-13,-17,1,0,0
12519,9,-19,1,0,0
12520,18,0,1,0,0
12521,4,14,1,0,0
12522,-9,5,1,0,0
12523,-6,-6,1,0,0
12524,2,-4,1,0,0
12525,1,-1,1,0,0
12526,0,0,1,0,0
12527,0,0,1,0,0
12528,-3,1,1,0,0
12529,-5,-7,1,0,0
12530,6,-10,1,0,0
12531,15,3,1,0,0
12532,1,17,1,0,0
12533,-18,8,1,0,0
12534,-16,-14,1,0,0
12535,4,-22,1,0,0
12536,20,-8,1,0,0
12537,16,12,1,0,0
12538,-2,20,1,0,0
12539,-17,11,1,0,0
12540,-21,-7,1,0,0
12541,-10,-20,1,0,0
12542,6,-22,1,0,0
12543,18,-12,1,0,0
12544,21,3,1,0,0
12545,15,15,1,0,0
12546,4,20,1,0,0
12547,-7,19,1,0,0
12548,-16,12,1,0,0
12549,-20,4,1,0,0
12550,-21,-5,1,0,0
12551,-18,-12,1,0,0
12552,-13,-17,1,0,0
12553,-8,-20,1,0,0
12554,-4,-22,1,0,0
12555,0,-22,1,0,0
12556,4,-22,1,0,0
12557,5,-21,1,0,0
12558,5,-19,1,0,0
12559,5,-15,1,0,0
12560,4,-12,1,0,0
12561,2,-8,1,0,0
12562,0,-4,1,0,0
12563,0,-2,1,0,0
12564,0,0,1,0,0
12565,2,0,1,0,0
12566,4,0,1,0,0
12567,8,2,1,0,0
12568,12,4,1,0,0
12569,15,5,1,0,0
12570,19,5,1,0,0
12571,21,5,1,0,0
12572,22,4,1,0,0
12573,22,0,1,0,0
12574,22,-4,1,0,0
12575,20,-8,1,0,0
12576,17,-13,1,0,0
12577,12,-18,1,0,0
12578,5,-21,1,0,0
12579,-4,-20,1,0,0
12580,-12,-16,1,0,0
12581,-19,-7,1,0,0
12582,-20,4,1,0,0
12583,-15,15,1,0,0
12584,-3,21,1,0,0
12585,12,18,1,0,0
12586,22,6,1,0,0
12587,20,-10,1,0,0
12588,7,-21,1,0,0
12589,-11,-17,1,0,0
12590,-20,-2,1,0,0
12591,-12,16,1,0,0
12592,8,20,1,0,0
12593,22,4,1,0,0
12594,14,-16,1,0,0
12595,-8,-18,1,0,0
12596,-17,1,1,0,0
12597,-3,15,1,0,0
12598,10,6,1,0,0
12599,7,-5,1,0,0
12600,-1,-3,1,0,0
12601,0,0,1,0,0
12602,0,0,1,0,0
12603,0,0,1,0,0
12604,0,0,1,0,0
12605,0,0,1,0,0
12606,0,0,1,0,0
12607,0,0,1,0,0
12608,0,0,1,0,0
12609,0,0,1,0,0
12610,0,0,1,0,0
12611,0,0,1,0,0
12612,0,0,1,0,0
12613,0,0,1,0,0
12614,0,0,1,0,0
12615,0,0,1,0,0
12616,0,0,1,0,0
12617,0,0,1,0,0
12618,0,0,1,0,0
12619,0,0,1,0,0
12620,0,0,1,0,0
12621,0,0,1,0,0
12622,0,0,1,0,0
12623,0,0,1,0,0
12624,0,0,1,0,0
12625,0,0,1,0,0
12626,0,0,1,0,0
12627,0,0,1,0,0
12628,0,0,1,0,0
12629,0,0,1,0,0
12630,0,0,1,0,0
12631,0,0,1,0,0
12632,0,0,1,0,0
12633,0,0,1,0,0
12634,0,0,1,0,0
12635,0,0,1,0,0
12636,0,0,1,0,0
12637,0,0,1,0,0
12638,0,0,1,0,0
12639,0,0,1,0,0
12640,0,0,1,0,0
12641,0,0,1,0,0
12642,0,0,1,0,0
12643,0,0,1,0,0
12644,0,0,1,0,0
12645,0,0,1,0,0
12646,0,0,1,0,0
12647,0,0,1,0,0
12648,0,0,1,0,0
12649,0,0,1,0,0
12650,0,0,1,0,0
12651,0,0,1,0,0
12652,0,0,1,0,0
12653,0,0,1,0,0
12654,0,0,1,0,0
12655,0,0,1,0,0
12656,0,0,1,0,0
12657,0,0,1,0,0
12658,0,0,1,0,0
12659,0,0,1,0,0
12660,0,0,1,0,0
12661,0,0,1,0,0
12662,0,0,1,0,0
12663,0,0,1,0,0
12664,0,0,1,0,0
12665,0,0,1,0,0
12666,0,0,1,0,0
12667,0,0,1,0,0
12668,0,0,1,0,0
12669,0,0,1,0,0
12670,0,0,1,0,0
12671,0,0,1,0,0
12672,0,0,1,0,0
12673,1,1,1,0,0
12674,4,2,1,0,0
12675,6,-6,1,0,0
12676,-5,-9,1,0,0
12677,-14,4,1,0,0
12678,0,18,1,0,0
12679,19,9,1,0,0
12680,17,-13,1,0,0
12681,-3,-21,1,0,0
12682,-19,-7,1,0,0
12683,-15,13,1,0,0
12684,3,21,1,0,0
12685,18,12,1,0,0
12686,22,-6,1,0,0
12687,11,-19,1,0,0
12688,-5,-21,1,0,0
12689,-17,-11,1,0,0
12690,-20,4,1,0,0
12691,-15,15,1,0,0
12692,-3,21,1,0,0
12693,8,20,1,0,0
12694,17,13,1,0,0
12695,21,5,1,0,0
12696,22,-4,1,0,0
12697,19,-11,1,0,0
12698,14,-16,1,0,0
12699,9,-19,1,0,0
12700,5,-21,1,0,0
12701,1,-21,1,0,0
12702,-3,-21,1,0,0
12703,-4,-20,1,0,0
12704,-4,-18,1,0,0
12705,-4,-14,1,0,0
12706,-3,-11,1,0,0
12707,-1,-7,1,0,0
12708,1,-3,1,0,0
12709,1,-1,1,0,0
12710,0,0,1,0,0
12711,-1,1,1,0,0
12712,-1,3,1,0,0
12713,1,7,1,0,0
12714,3,11,1,0,0
12715,4,14,1,0,0
12716,4,18,1,0,0
12717,4,20,1,0,0
12718,3,21,1,0,0
12719,-1,21,1,0,0
12720,-5,21,1,0,0
12721,-9,19,1,0,0
12722,-14,16,1,0,0
12723,-19,11,1,0,0
12724,-22,4,1,0,0
12725,-21,-5,1,0,0
12726,-17,-13,1,0,0
12727,-8,-20,1,0,0
12728,3,-21,1,0,0
12729,15,-15,1,0,0
12730,20,-4,1,0,0
12731,17,11,1,0,0
12732,5,21,1,0,0
12733,-11,19,1,0,0
12734,-22,6,1,0,0
12735,-18,-12,1,0,0
12736,-3,-21,1,0,0
12737,15,-13,1,0,0
12738,19,7,1,0,0
12739,3,21,1,0,0
12740,-17,13,1,0,0
12741,-19,-9,1,0,0
12742,0,-18,1,0,0
12743,14,-4,1,0,0
12744,5,9,1,0,0
12745,-6,6,1,0,0
12746,-4,-2,1,0,0
12747,-1,-1,1,0,0
12748,0,0,1,0,0
12749,0,0,1,0,0
12750,1,3,1,0,0
12751,-7,5,1,0,0
12752,-10,-6,1,0,0
12753,3,-15,1,0,0
12754,17,-1,1,0,0
12755,8,18,1,0,0
12756,-14,16,1,0,0
12757,-22,-4,1,0,0
12758,-8,-20,1,0,0
12759,12,-16,1,0,0
12760,20,2,1,0,0
12761,11,17,1,0,0
12762,-7,21,1,0,0
12763,-20,10,1,0,0
12764,-22,-6,1,0,0
12765,-12,-18,1,0,0
12766,3,-21,1,0,0
12767,15,-15,1,0,0
12768,20,-4,1,0,0
12769,19,7,1,0,0
12770,12,16,1,0,0
12771,4,20,1,0,0
12772,-5,21,1,0,0
12773,-12,18,1,0,0
12774,-17,13,1,0,0
12775,-20,8,1,0,0
12776,-22,4,1,0,0
12777,-22,0,1,0,0
12778,-22,-4,1,0,0
12779,-21,-5,1,0,0
12780,-19,-5,1,0,0
12781,-15,-5,1,0,0
12782,-12,-4,1,0,0
12783,-8,-2,1,0,0
12784,-4,0,1,0,0
12785,-2,0,1,0,0
12786,0,0,1,0,0
12787,0,-2,1,0,0
12788,0,-4,1,0,0
12789,2,-8,1,0,0
12790,4,-12,1,0,0
12791,5,-15,1,0,0
12792,5,-19,1,0,0
12793,5,-21,1,0,0
12794,4,-22,1,0,0
12795,0,-22,1,0,0
12796,-4,-22,1,0,0
12797,-8,-20,1,0,0
12798,-13,-17,1,0,0
12799,-18,-12,1,0,0
12800,-21,-5,1,0,0
12801,-20,4,1,0,0
12802,-16,12,1,0,0
12803,-7,19,1,0,0
12804,4,20,1,0,0
12805,15,15,1,0,0
12806,21,3,1,0,0
12807,18,-12,1,0,0
12808,6,-22,1,0,0
12809,-10,-20,1,0,0
12810,-21,-7,1,0,0
12811,-17,11,1,0,0
12812,-2,20,1,0,0
12813,16,12,1,0,0
12814,20,-8,1,0,0
12815,4,-22,1,0,0
12816,-16,-14,1,0,0
12817,-18,8,1,0,0
12818,1,17,1,0,0
12819,15,3,1,0,0
12820,6,-10,1,0,0
12821,-5,-7,1,0,0
12822,-3,1,1,0,0
12823,0,0,1,0,0
12824,0,0,1,0,0
12825,0,0,1,0,0
12826,0,0,1,0,0
12827,0,0,1,0,0
12828,0,0,1,0,0
12829,0,0,1,0,0
12830,0,0,1,0,0
12831,0,0,1,0,0
12832,0,0,1,0,0
12833,0,0,1,0,0
12834,0,0,1,0,0
12835,1,1,1,0,0
12836,4,2,1,0,0
12837,6,-6,1,0,0
12838,-5,-9,1,0,0
12839,-14,4,1,0,0
12840,0,18,1,0,0
12841,19,9,1,0,0
12842,17,-13,1,0,0
12843,-3,-21,1,0,0
12844,-19,-7,1,0,0
12845,-15,13,1,0,0
12846,3,21,1,0,0
12847,18,12,1,0,0
12848,22,-6,1,0,0
12849,11,-19,1,0,0
12850,-5,-21,1,0,0
12851,-17,-11,1,0,0
12852,-20,4,1,0,0
12853,-15,15,1,0,0
12854,-3,21,1,0,0
12855,8,20,1,0,0
12856,17,13,1,0,0
12857,21,5,1,0,0
12858,22,-4,1,0,0
12859,19,-11,1,0,0
12860,14,-16,1,0,0
12861,9,-19,1,0,0
12862,5,-21,1,0,0
12863,1,-21,1,0,0
12864,-3,-21,1,0,0
12865,-4,-20,1,0,0
12866,-4,-18,1,0,0
12867,-4,-14,1,0,0
12868,-3,-11,1,0,0
12869,-1,-7,1,0,0
12870,1,-3,1,0,0
12871,1,-1,1,0,0
12872,0,0,1,0,0
12873,-1,1,1,0,0
12874,-1,3,1,0,0
12875,1,7,1,0,0
12876,3,11,1,0,0
12877,4,14,1,0,0
12878,4,18,1,0,0
12879,4,20,1,0,0
12880,3,21,1,0,0
12881,-1,21,1,0,0
12882,-5,21,1,0,0
12883,-9,19,1,0,0
12884,-14,16,1,0,0
12885,-19,11,1,0,0
12886,-22,4,1,0,0
12887,-21,-5,1,0,0
12888,-17,-13,1,0,0
12889,-8,-20,1,0,0
12890,3,-21,1,0,0
12891,15,-15,1,0,0
12892,20,-4,1,0,0
12893,17,11,1,0,0
12894,5,21,1,0,0
12895,-11,19,1,0,0
12896,-22,6,1,0,0
12897,-18,-12,1,0,0
12898,-3,-21,1,0,0
12899,15,-13,1,0,0
12900,19,7,1,0,0
12901,3,21,1,0,0
12902,-17,13,1,0,0
12903,-19,-9,1,0,0
12904,0,-18,1,0,0
12905,14,-4,1,0,0
12906,5,9,1,0,0
12907,-6,6,1,0,0
12908,-4,-2,1,0,0
12909,-1,-1,1,0,0
12910,0,0,1,0,0
12911,0,0,1,0,0
12912,3,-1,1,0,0
12913,5,7,1,0,0
12914,-6,10,1,0,0
12915,-15,-3,1,0,0
12916,-1,-17,1,0,0
12917,18,-8,1,0,0
12918,16,14,1,0,0
12919,-4,22,1,0,0
12920,-20,8,1,0,0
12921,-16,-12,1,0,0
12922,2,-20,1,0,0
12923,17,-11,1,0,0
12924,21,7,1,0,0
12925,10,20,1,0,0
12926,-6,22,1,0,0
12927,-18,12,1,0,0
12928,-21,-3,1,0,0
12929,-15,-15,1,0,0
12930,-4,-20,1,0,0
12931,7,-19,1,0,0
12932,16,-12,1,0,0
12933,20,-4,1,0,0
12934,21,5,1,0,0
12935,18,12,1,0,0
12936,13,17,1,0,0
12937,8,20,1,0,0
12938,4,22,1,0,0
12939,0,22,1,0,0
12940,-4,22,1,0,0
12941,-5,21,1,0,0
12942,-5,19,1,0,0
12943,-5,15,1,0,0
12944,-4,12,1,0,0
12945,-2,8,1,0,0
12946,0,4,1,0,0
12947,0,2,1,0,0
12948,0,0,1,0,0
12949,-2,0,1,0,0
12950,-4,0,1,0,0
12951,-8,-2,1,0,0
12952,-12,-4,1,0,0
12953,-15,-5,1,0,0
12954,-19,-5,1,0,0
12955,-21,-5,1,0,0
12956,-22,-4,1,0,0
12957,-22,0,1,0,0
12958,-22,4,1,0,0
12959,-20,8,1,0,0
12960,-17,13,1,0,0
12961,-12,18,1,0,0
12962,-5,21,1,0,0
12963,4,20,1,0,0
12964,12,16,1,0,0
12965,19,7,1,0,0
12966,20,-4,1,0,0
12967,15,-15,1,0,0
12968,3,-21,1,0,0
12969,-12,-18,1,0,0
12970,-22,-6,1,0,0
12971,-20,10,1,0,0
12972,-7,21,1,0,0
12973,11,17,1,0,0
12974,20,2,1,0,0
12975,12,-16,1,0,0
12976,-8,-20,1,0,0
12977,-22,-4,1,0,0
12978,-14,16,1,0,0
12979,8,18,1,0,0
12980,17,-1,1,0,0
12981,3,-15,1,0,0
12982,-10,-6,1,0,0
12983,-7,5,1,0,0
12984,1,3,1,0,0
12985,0,0,1,0,0
12986,0,0,1,0,0
12987,0,0,1,0,0
12988,0,0,1,0,0
12989,0,0,1,0,0
12990,0,0,1,0,0
12991,0,0,1,0,0
12992,0,0,1,0,0
12993,0,0,1,0,0
12994,0,0,1,0,0
12995,0,0,1,0,0
12996,0,0,1,0,0
12997,0,0,1,0,0
12998,0,0,1,0,0
12999,0,0,1,0,0
13000,0,0,1,0,0
13001,0,0,1,0,0
13002,0,0,1,0,0
13003,0,0,1,0,0
13004,0,0,1,0,0
13005,0,0,1,0,0
13006,0,0,1,0,0
13007,0,0,1,0,0
13008,0,0,1,0,0
13009,0,0,1,0,0
13010,0,0,1,0,0
13011,0,0,1,0,0
13012,0,0,1,0,0
13013,0,0,1,0,0
13014,0,0,1,0,0
13015,0,0,1,0,0
13016,0,0,1,0,0
13017,0,0,1,0,0
13018,0,0,1,0,0
13019,0,0,1,0,0
13020,0,0,1,0,0
13021,0,0,1,0,0
13022,0,0,1,0,0
13023,0,0,1,0,0
13024,0,0,1,0,0
13025,0,0,1,0,0
13026,0,0,1,0,0
13027,0,0,1,0,0
13028,0,0,1,0,0
13029,0,0,1,0,0
13030,0,0,1,0,0
13031,0,0,1,0,0
13032,0,0,1,0,0
13033,0,0,1,0,0
13034,0,0,1,0,0
13035,0,0,1,0,0
13036,0,0,1,0,0
13037,0,0,1,0,0
13038,0,0,1,0,0
13039,0,0,1,0,0
13040,0,0,1,0,0
13041,0,0,1,0,0
13042,0,0,1,0,0
13043,0,0,1,0,0
13044,0,0,1,0,0
13045,0,0,1,0,0
13046,0,0,1,0,0
13047,0,0,1,0,0
13048,0,0,1,0,0
13049,0,0,1,0,0
13050,0,0,1,0,0
13051,0,0,1,0,0
13052,0,0,1,0,0
13053,0,0,1,0,0
13054,0,0,1,0,0
13055,0,0,1,0,0
13056,0,0,1,0,0
13057,1,-1,1,0,0
13058,2,-4,1,0,0
13059,-6,-6,1,0,0
13060,-9,5,1,0,0
13061,4,14,1,0,0
13062,18,0,1,0,0
13063,9,-19,1,0,0
13064,-13,-17,1,0,0
13065,-21,3,1,0,0
13066,-7,19,1,0,0
13067,13,15,1,0,0
13068,21,-3,1,0,0
13069,12,-18,1,0,0
13070,-6,-22,1,0,0
13071,-19,-11,1,0,0
13072,-21,5,1,0,0
13073,-11,17,1,0,0
13074,4,20,1,0,0
13075,15,15,1,0,0
13076,21,3,1,0,0
13077,20,-8,1,0,0
13078,13,-17,1,0,0
13079,5,-21,1,0,0
13080,-4,-22,1,0,0
13081,-11,-19,1,0,0
13082,-16,-14,1,0,0
13083,-19,-9,1,0,0
13084,-21,-5,1,0,0
13085,-21,-1,1,0,0
13086,-21,3,1,0,0
13087,-20,4,1,0,0
13088,-18,4,1,0,0
13089,-14,4,1,0,0
13090,-11,3,1,0,0
13091,-7,1,1,0,0
13092,-3,-1,1,0,0
13093,-1,-1,1,0,0
13094,0,0,1,0,0
13095,1,1,1,0,0
13096,3,1,1,0,0
13097,7,-1,1,0,0
13098,11,-3,1,0,0
13099,14,-4,1,0,0
13100,18,-4,1,0,0
13101,20,-4,1,0,0
13102,21,-3,1,0,0
13103,21,1,1,0,0
13104,21,5,1,0,0
13105,19,9,1,0,0
13106,16,14,1,0,0
13107,11,19,1,0,0
13108,4,22,1,0,0
13109,-5,21,1,0,0
13110,-13,17,1,0,0
13111,-20,8,1,0,0
13112,-21,-3,1,0,0
13113,-15,-15,1,0,0
13114,-4,-20,1,0,0
13115,11,-17,1,0,0
13116,21,-5,1,0,0
13117,19,11,1,0,0
13118,6,22,1,0,0
13119,-12,18,1,0,0
13120,-21,3,1,0,0
13121,-13,-15,1,0,0
13122,7,-19,1,0,0
13123,21,-3,1,0,0
13124,13,17,1,0,0
13125,-9,19,1,0,0
13126,-18,0,1,0,0
13127,-4,-14,1,0,0
13128,9,-5,1,0,0
13129,6,6,1,0,0
13130,-2,4,1,0,0
13131,-1,1,1,0,0
13132,0,0,1,0,0
13133,0,0,1,0,0
13134,-3,1,1,0,0
13135,-5,-7,1,0,0
13136,6,-10,1,0,0
13137,15,3,1,0,0
13138,1,17,1,0,0
13139,-18,8,1,0,0
13140,-16,-14,1,0,0
13141,4,-22,1,0,0
13142,20,-8,1,0,0
13143,16,12,1,0,0
13144,-2,20,1,0,0
13145,-17,11,1,0,0
13146,-21,-7,1,0,0
13147,-10,-20,1,0,0
13148,6,-22,1,0,0
13149,18,-12,1,0,0
13150,21,3,1,0,0
13151,15,15,1,0,0
13152,4,20,1,0,0
13153,-7,19,1,0,0
13154,-16,12,1,0,0
13155,-20,4,1,0,0
13156,-21,-5,1,0,0
13157,-18,-12,1,0,0
13158,-13,-17,1,0,0
13159,-8,-20,1,0,0
13160,-4,-22,1,0,0
13161,0,-22,1,0,0
13162,4,-22,1,0,0
13163,5,-21,1,0,0
13164,5,-19,1,0,0
13165,5,-15,1,0,0
13166,4,-12,1,0,0
13167,2,-8,1,0,0
13168,0,-4,1,0,0
13169,0,-2,1,0,0
13170,0,0,1,0,0
13171,-2,0,1,0,0
13172,-4,0,1,0,0
13173,-8,-2,1,0,0
13174,-12,-4,1,0,0
13175,-15,-5,1,0,0
13176,-19,-5,1,0,0
13177,-21,-5,1,0,0
13178,-22,-4,1,0,0
13179,-22,0,1,0,0
13180,-22,4,1,0,0
13181,-20,8,1,0,0
13182,-17,13,1,0,0
13183,-12,18,1,0,0
13184,-5,21,1,0,0
13185,4,20,1,0,0
13186,12,16,1,0,0
13187,19,7,1,0,0
13188,20,-4,1,0,0
13189,15,-15,1,0,0
13190,3,-21,1,0,0
13191,-12,-18,1,0,0
13192,-22,-6,1,0,0
13193,-20,10,1,0,0
13194,-7,21,1,0,0
13195,11,17,1,0,0
13196,20,2,1,0,0
13197,12,-16,1,0,0
13198,-8,-20,1,0,0
13199,-22,-4,1,0,0
13200,-14,16,1,0,0
13201,8,18,1,0,0
13202,17,-1,1,0,0
13203,3,-15,1,0,0
13204,-10,-6,1,0,0
13205,-7,5,1,0,0
13206,1,3,1,0,0
13207,0,0,1,0,0
13208,0,0,1,0,0
13209,0,0,1,0,0
13210,0,0,1,0,0
13211,0,0,1,0,0
13212,0,0,1,0,0
13213,0,0,1,0,0
13214,0,0,1,0,0
13215,0,0,1,0,0
13216,0,0,1,0,0
13217,0,0,1,0,0
13218,0,0,1,0,0
13219,-1,-1,1,0,0
13220,-4,-2,1,0,0
13221,-6,6,1,0,0
13222,5,9,1,0,0
13223,14,-4,1,0,0
13224,0,-18,1,0,0
13225,-19,-9,1,0,0
13226,-17,13,1,0,0
13227,3,21,1,0,0
13228,19,7,1,0,0
13229,15,-13,1,0,0
13230,-3,-21,1,0,0
13231,-18,-12,1,0,0
13232,-22,6,1,0,0
13233,-11,19,1,0,0
13234,5,21,1,0,0
13235,17,11,1,0,0
13236,20,-4,1,0,0
13237,15,-15,1,0,0
13238,3,-21,1,0,0
13239,-8,-20,1,0,0
13240,-17,-13,1,0,0
13241,-21,-5,1,0,0
13242,-22,4,1,0,0
13243,-19,11,1,0,0
13244,-14,16,1,0,0
13245,-9,19,1,0,0
13246,-5,21,1,0,0
13247,-1,21,1,0,0
13248,3,21,1,0,0
13249,4,20,1,0,0
13250,4,18,1,0,0
13251,4,14,1,0,0
13252,3,11,1,0,0
13253,1,7,1,0,0
13254,-1,3,1,0,0
13255,-1,1,1,0,0
13256,0,0,1,0,0
13257,1,-1,1,0,0
13258,1,-3,1,0,0
13259,-1,-7,1,0,0
13260,-3,-11,1,0,0
13261,-4,-14,1,0,0
13262,-4,-18,1,0,0
13263,-4,-20,1,0,0
13264,-3,-21,1,0,0
13265,1,-21,1,0,0
13266,5,-21,1,0,0
13267,9,-19,1,0,0
13268,14,-16,1,0,0
13269,19,-11,1,0,0
13270,22,-4,1,0,0
13271,21,5,1,0,0
13272,17,13,1,0,0
13273,8,20,1,0,0
13274,-3,21,1,0,0
13275,-15,15,1,0,0
13276,-20,4,1,0,0
13277,-17,-11,1,0,0
13278,-5,-21,1,0,0
13279,11,-19,1,0,0
13280,22,-6,1,0,0
13281,18,12,1,0,0
13282,3,21,1,0,0
13283,-15,13,1,0,0
13284,-19,-7,1,0,0
13285,-3,-21,1,0,0
13286,17,-13,1,0,0
13287,19,9,1,0,0
13288,0,18,1,0,0
13289,-14,4,1,0,0
13290,-5,-9,1,0,0
13291,6,-6,1,0,0
13292,4,2,1,0,0
13293,1,1,1,0,0
13294,0,0,1,0,0
13295,0,0,1,0,0
13296,-1,-3,1,0,0
13297,7,-5,1,0,0
13298,10,6,1,0,0
13299,-3,15,1,0,0
13300,-17,1,1,0,0
13301,-8,-18,1,0,0
13302,14,-16,1,0,0
13303,22,4,1,0,0
13304,8,20,1,0,0
13305,-12,16,1,0,0
13306,-20,-2,1,0,0
13307,-11,-17,1,0,0
13308,7,-21,1,0,0
13309,20,-10,1,0,0
13310,22,6,1,0,0
13311,12,18,1,0,0
13312,-3,21,1,0,0
13313,-15,15,1,0,0
13314,-20,4,1,0,0
13315,-19,-7,1,0,0
13316,-12,-16,1,0,0
13317,-4,-20,1,0,0
13318,5,-21,1,0,0
13319,12,-18,1,0,0
13320,17,-13,1,0,0
13321,20,-8,1,0,0
13322,22,-4,1,0,0
13323,22,0,1,0,0
13324,22,4,1,0,0
13325,21,5,1,0,0
13326,19,5,1,0,0
13327,15,5,1,0,0
13328,12,4,1,0,0
13329,8,2,1,0,0
13330,4,0,1,0,0
13331,2,0,1,0,0
13332,0,0,1,0,0
13333,-2,0,1,0,0
13334,-4,0,1,0,0
13335,-8,-2,1,0,0
13336,-12,-4,1,0,0
13337,-15,-5,1,0,0
13338,-19,-5,1,0,0
13339,-21,-5,1,0,0
13340,-22,-4,1,0,0
13341,-22,0,1,0,0
13342,-22,4,1,0,0
13343,-20,8,1,0,0
13344,-17,13,1,0,0
13345,-12,18,1,0,0
13346,-5,21,1,0,0
13347,4,20,1,0,0
13348,12,16,1,0,0
13349,19,7,1,0,0
13350,20,-4,1,0,0
13351,15,-15,1,0,0
13352,3,-21,1,0,0
13353,-12,-18,1,0,0
13354,-22,-6,1,0,0
13355,-20,10,1,0,0
13356,-7,21,1,0,0
13357,11,17,1,0,0
13358,20,2,1,0,0
13359,12,-16,1,0,0
13360,-8,-20,1,0,0
13361,-22,-4,1,0,0
13362,-14,16,1,0,0
13363,8,18,1,0,0
13364,17,-1,1,0,0
13365,3,-15,1,0,0
13366,-10,-6,1,0,0
13367,-7,5,1,0,0
13368,1,3,1,0,0
13369,0,0,1,0,0
13370,0,0,1,0,0
13371,0,0,1,0,0
13372,0,0,1,0,0
13373,0,0,1,0,0
13374,0,0,1,0,0
13375,0,0,1,0,0
13376,0,0,1,0,0
13377,0,0,1,0,0
13378,0,0,1,0,0
13379,0,0,1,0,0
13380,0,0,1,0,0
13381,0,0,1,0,0
13382,0,0,1,0,0
13383,0,0,1,0,0
13384,0,0,1,0,0
13385,0,0,1,0,0
13386,0,0,1,0,0
13387,0,0,1,0,0
13388,0,0,1,0,0
13389,0,0,1,0,0
13390,0,0,1,0,0
13391,0,0,1,0,0
13392,0,0,1,0,0
13393,0,0,1,0,0
13394,0,0,1,0,0
13395,0,0,1,0,0
13396,0,0,1,0,0
13397,0,0,1,0,0
13398,0,0,1,0,0
13399,0,0,1,0,0
13400,0,0,1,0,0
13401,0,0,1,0,0
13402,0,0,1,0,0
13403,0,0,1,0,0
13404,0,0,1,0,0
13405,0,0,1,0,0
13406,0,0,1,0,0
13407,0,0,1,0,0
13408,0,0,1,0,0
13409,0,0,1,0,0
13410,0,0,1,0,0
13411,0,0,1,0,0
13412,0,0,1,0,0
13413,0,0,1,0,0
13414,0,0,1,0,0
13415,0,0,1,0,0
13416,0,0,1,0,0
13417,0,0,1,0,0
13418,0,0,1,0,0
13419,0,0,1,0,0
13420,0,0,1,0,0
13421,0,0,1,0,0
13422,0,0,1,0,0
13423,0,0,1,0,0
13424,0,0,1,0,0
13425,0,0,1,0,0
13426,0,0,1,0,0
13427,0,0,1,0,0
13428,0,0,1,0,0
13429,0,0,1,0,0
13430,0,0,1,0,0
13431,0,0,1,0,0
13432,0,0,1,0,0
13433,0,0,1,0,0
13434,0,0,1,0,0
13435,0,0,1,0,0
13436,0,0,1,0,0
13437,0,0,1,0,0
13438,0,0,1,0,0
13439,0,0,1,0,0
13440,0,0,1,0,0
13441,1,1,1,0,0
13442,4,2,1,0,0
13443,6,-6,1,0,0
13444,-5,-9,1,0,0
13445,-14,4,1,0,0
13446,0,18,1,0,0
13447,19,9,1,0,0
13448,17,-13,1,0,0
13449,-3,-21,1,0,0
13450,-19,-7,1,0,0
13451,-15,13,1,0,0
13452,3,21,1,0,0
13453,18,12,1,0,0
13454,22,-6,1,0,0
13455,11,-19,1,0,0
13456,-5,-21,1,0,0
13457,-17,-11,1,0,0
13458,-20,4,1,0,0
13459,-15,15,1,0,0
13460,-3,21,1,0,0
13461,8,20,1,0,0
13462,17,13,1,0,0
13463,21,5,1,0,0
13464,22,-4,1,0,0
13465,19,-11,1,0,0
13466,14,-16,1,0,0
13467,9,-19,1,0,0
13468,5,-21,1,0,0
13469,1,-21,1,0,0
13470,-3,-21,1,0,0
13471,-4,-20,1,0,0
13472,-4,-18,1,0,0
13473,-4,-14,1,0,0
13474,-3,-11,1,0,0
13475,-1,-7,1,0,0
13476,1,-3,1,0,0
13477,1,-1,1,0,0
13478,0,0,1,0,0
13479,-1,1,1,0,0
13480,-1,3,1,0,0
13481,1,7,1,0,0
13482,3,11,1,0,0
13483,4,14,1,0,0
13484,4,18,1,0,0
13485,4,20,1,0,0
13486,3,21,1,0,0
13487,-1,21,1,0,0
13488,-5,21,1,0,0
13489,-9,19,1,0,0
13490,-14,16,1,0,0
13491,-19,11,1,0,0
13492,-22,4,1,0,0
13493,-21,-5,1,0,0
13494,-17,-13,1,0,0
13495,-8,-20,1,0,0
13496,3,-21,1,0,0
13497,15,-15,1,0,0
13498,20,-4,1,0,0
13499,17,11,1,0,0
13500,5,21,1,0,0
13501,-11,19,1,0,0
13502,-22,6,1,0,0
13503,-18,-12,1,0,0
13504,-3,-21,1,0,0
13505,15,-13,1,0,0
13506,19,7,1,0,0
13507,3,21,1,0,0
13508,-17,13,1,0,0
13509,-19,-9,1,0,0
13510,0,-18,1,0,0
13511,14,-4,1,0,0
13512,5,9,1,0,0
13513,-6,6,1,0,0
13514,-4,-2,1,0,0
13515,-1,-1,1,0,0
13516,0,0,1,0,0
13517,0,0,1,0,0
13518,3,-1,1,0,0
13519,5,7,1,0,0
13520,-6,10,1,0,0
13521,-15,-3,1,0,0
13522,-1,-17,1,0,0
13523,18,-8,1,0,0
13524,16,14,1,0,0
13525,-4,22,1,0,0
13526,-20,8,1,0,0
13527,-16,-12,1,0,0
13528,2,-20,1,0,0
13529,17,-11,1,0,0
13530,21,7,1,0,0
13531,10,20,1,0,0
13532,-6,22,1,0,0
13533,-18,12,1,0,0
13534,-21,-3,1,0,0
13535,-15,-15,1,0,0
13536,-4,-20,1,0,0
13537,7,-19,1,0,0
13538,16,-12,1,0,0
13539,20,-4,1,0,0
13540,21,5,1,0,0
13541,18,12,1,0,0
13542,13,17,1,0,0
13543,8,20,1,0,0
13544,4,22,1,0,0
13545,0,22,1,0,0
13546,-4,22,1,0,0
13547,-5,21,1,0,0
13548,-5,19,1,0,0
13549,-5,15,1,0,0
13550,-4,12,1,0,0
13551,-2,8,1,0,0
13552,0,4,1,0,0
13553,0,2,1,0,0
13554,0,0,1,0,0
13555,0,2,1,0,0
13556,0,4,1,0,0
13557,-2,8,1,0,0
13558,-4,12,1,0,0
13559,-5,15,1,0,0
13560,-5,19,1,0,0
13561,-5,21,1,0,0
13562,-4,22,1,0,0
13563,0,22,1,0,0
13564,4,22,1,0,0
13565,8,20,1,0,0
13566,13,17,1,0,0
13567,18,12,1,0,0
13568,21,5,1,0,0
13569,20,-4,1,0,0
13570,16,-12,1,0,0
13571,7,-19,1,0,0
13572,-4,-20,1,0,0
13573,-15,-15,1,0,0
13574,-21,-3,1,0,0
13575,-18,12,1,0,0
13576,-6,22,1,0,0
13577,10,20,1,0,0
13578,21,7,1,0,0
13579,17,-11,1,0,0
13580,2,-20,1,0,0
13581,-16,-12,1,0,0
13582,-20,8,1,0,0
13583,-4,22,1,0,0
13584,16,14,1,0,0
13585,18,-8,1,0,0
13586,-1,-17,1,0,0
13587,-15,-3,1,0,0
13588,-6,10,1,0,0
13589,5,7,1,0,0
13590,3,-1,1,0,0
13591,0,0,1,0,0
13592,0,0,1,0,0
13593,0,0,1,0,0
13594,0,0,1,0,0
13595,0,0,1,0,0
13596,0,0,1,0,0
13597,0,0,1,0,0
13598,0,0,1,0,0
13599,0,0,1,0,0
13600,0,0,1,0,0
13601,0,0,1,0,0
13602,0,0,1,0,0
13603,1,1,1,0,0
13604,4,2,1,0,0
13605,6,-6,1,0,0
13606,-5,-9,1,0,0
13607,-14,4,1,0,0
13608,0,18,1,0,0
13609,19,9,1,0,0
13610,17,-13,1,0,0
13611,-3,-21,1,0,0
13612,-19,-7,1,0,0
13613,-15,13,1,0,0
13614,3,21,1,0,0
13615,18,12,1,0,0
13616,22,-6,1,0,0
13617,11,-19,1,0,0
13618,-5,-21,1,0,0
13619,-17,-11,1,0,0
13620,-20,4,1,0,0
13621,-15,15,1,0,0
13622,-3,21,1,0,0
13623,8,20,1,0,0
13624,17,13,1,0,0
13625,21,5,1,0,0
13626,22,-4,1,0,0
13627,19,-11,1,0,0
13628,14,-16,1,0,0
13629,9,-19,1,0,0
13630,5,-21,1,0,0
13631,1,-21,1,0,0
13632,-3,-21,1,0,0
13633,-4,-20,1,0,0
13634,-4,-18,1,0,0
13635,-4,-14,1,0,0
13636,-3,-11,1,0,0
13637,-1,-7,1,0,0
13638,1,-3,1,0,0
13639,1,-1,1,0,0
13640,0,0,1,0,0
13641,-1,1,1,0,0
13642,-1,3,1,0,0
13643,1,7,1,0,0
13644,3,11,1,0,0
13645,4,14,1,0,0
13646,4,18,1,0,0
13647,4,20,1,0,0
13648,3,21,1,0,0
13649,-1,21,1,0,0
13650,-5,21,1,0,0
13651,-9,19,1,0,0
13652,-14,16,1,0,0
13653,-19,11,1,0,0
13654,-22,4,1,0,0
13655,-21,-5,1,0,0
13656,-17,-13,1,0,0
13657,-8,-20,1,0,0
13658,3,-21,1,0,0
13659,15,-15,1,0,0
13660,20,-4,1,0,0
13661,17,11,1,0,0
13662,5,21,1,0,0
13663,-11,19,1,0,0
13664,-22,6,1,0,0
13665,-18,-12,1,0,0
13666,-3,-21,1,0,0
13667,15,-13,1,0,0
13668,19,7,1,0,0
13669,3,21,1,0,0
13670,-17,13,1,0,0
13671,-19,-9,1,0,0
13672,0,-18,1,0,0
13673,14,-4,1,0,0
13674,5,9,1,0,0
13675,-6,6,1,0,0
13676,-4,-2,1,0,0
13677,-1,-1,1,0,0
13678,0,0,1,0,0
13679,0,0,1,0,0
13680,1,3,1,0,0
13681,-7,5,1,0,0
13682,-10,-6,1,0,0
13683,3,-15,1,0,0
13684,17,-1,1,0,0
13685,8,18,1,0,0
13686,-14,16,1,0,0
13687,-22,-4,1,0,0
13688,-8,-20,1,0,0
13689,12,-16,1,0,0
13690,20,2,1,0,0
13691,11,17,1,0,0
13692,-7,21,1,0,0
13693,-20,10,1,0,0
13694,-22,-6,1,0,0
13695,-12,-18,1,0,0
13696,3,-21,1,0,0
13697,15,-15,1,0,0
13698,20,-4,1,0,0
13699,19,7,1,0,0
13700,12,16,1,0,0
13701,4,20,1,0,0
13702,-5,21,1,0,0
13703,-12,18,1,0,0
13704,-17,13,1,0,0
13705,-20,8,1,0,0
13706,-22,4,1,0,0
13707,-22,0,1,0,0
13708,-22,-4,1,0,0
13709,-21,-5,1,0,0
13710,-19,-5,1,0,0
13711,-15,-5,1,0,0
13712,-12,-4,1,0,0
13713,-8,-2,1,0,0
13714,-4,0,1,0,0
13715,-2,0,1,0,0
13716,0,0,1,0,0
13717,2,0,1,0,0
13718,4,0,1,0,0
13719,8,2,1,0,0
13720,12,4,1,0,0
13721,15,5,1,0,0
13722,19,5,1,0,0
13723,21,5,1,0,0
13724,22,4,1,0,0
13725,22,0,1,0,0
13726,22,-4,1,0,0
13727,20,-8,1,0,0
13728,17,-13,1,0,0
13729,12,-18,1,0,0
13730,5,-21,1,0,0
13731,-4,-20,1,0,0
13732,-12,-16,1,0,0
13733,-19,-7,1,0,0
13734,-20,4,1,0,0
13735,-15,15,1,0,0
13736,-3,21,1,0,0
13737,12,18,1,0,0
13738,22,6,1,0,0
13739,20,-10,1,0,0
13740,7,-21,1,0,0
13741,-11,-17,1,0,0
13742,-20,-2,1,0,0
13743,-12,16,1,0,0
13744,8,20,1,0,0
13745,22,4,1,0,0
13746,14,-16,1,0,0
13747,-8,-18,1,0,0
13748,-17,1,1,0,0
13749,-3,15,1,0,0
13750,10,6,1,0,0
13751,7,-5,1,0,0
13752,-1,-3,1,0,0
13753,0,0,1,0,0
13754,0,0,1,0,0
13755,0,0,1,0,0
13756,0,0,1,0,0
13757,0,0,1,0,0
13758,0,0,1,0,0
13759,0,0,1,0,0
13760,0,0,1,0,0
13761,0,0,1,0,0
13762,0,0,1,0,0
13763,0,0,1,0,0
13764,0,0,1,0,0
13765,0,0,1,0,0
13766,0,0,1,0,0
13767,0,0,1,0,0
13768,0,0,1,0,0
13769,0,0,1,0,0
13770,0,0,1,0,0
13771,0,0,1,0,0
13772,0,0,1,0,0
13773,0,0,1,0,0
13774,0,0,1,0,0
13775,0,0,1,0,0
13776,0,0,1,0,0
13777,0,0,1,0,0
13778,0,0,1,0,0
13779,0,0,1,0,0
13780,0,0,1,0,0
13781,0,0,1,0,0
13782,0,0,1,0,0
13783,0,0,1,0,0
13784,0,0,1,0,0
13785,0,0,1,0,0
13786,0,0,1,0,0
13787,0,0,1,0,0
13788,0,0,1,0,0
13789,0,0,1,0,0
13790,0,0,1,0,0
13791,0,0,1,0,0
13792,0,0,1,0,0
13793,0,0,1,0,0
13794,0,0,1,0,0
13795,0,0,1,0,0
13796,0,0,1,0,0
13797,0,0,1,0,0
13798,0,0,1,0,0
13799,0,0,1,0,0
13800,0,0,1,0,0
13801,0,0,1,0,0
13802,0,0,1,0,0
13803,0,0,1,0,0
13804,0,0,1,0,0
13805,0,0,1,0,0
13806,0,0,1,0,0
13807,0,0,1,0,0
13808,0,0,1,0,0
13809,0,0,1,0,0
13810,0,0,1,0,0
13811,0,0,1,0,0
13812,0,0,1,0,0
13813,0,0,1,0,0
13814,0,0,1,0,0
13815,0,0,1,0,0
13816,0,0,1,0,0
13817,0,0,1,0,0
13818,0,0,1,0,0
13819,0,0,1,0,0
13820,0,0,1,0,0
13821,0,0,1,0,0
13822,0,0,1,0,0
13823,0,0,1,0,0
13824,0,0,1,0,0
13825,1,-1,1,0,0
13826,2,-4,1,0,0
13827,-6,-6,1,0,0
13828,-9,5,1,0,0
13829,4,14,1,0,0
13830,18,0,1,0,0
13831,9,-19,1,0,0
13832,-13,-17,1,0,0
13833,-21,3,1,0,0
13834,-7,19,1,0,0
13835,13,15,1,0,0
13836,21,-3,1,0,0
13837,12,-18,1,0,0
13838,-6,-22,1,0,0
13839,-19,-11,1,0,0
13840,-21,5,1,0,0
13841,-11,17,1,0,0
13842,4,20,1,0,0
13843,15,15,1,0,0
13844,21,3,1,0,0
13845,20,-8,1,0,0
13846,13,-17,1,0,0
13847,5,-21,1,0,0
13848,-4,-22,1,0,0
13849,-11,-19,1,0,0
13850,-16,-14,1,0,0
13851,-19,-9,1,0,0
13852,-21,-5,1,0,0
13853,-21,-1,1,0,0
13854,-21,3,1,0,0
13855,-20,4,1,0,0
13856,-18,4,1,0,0
13857,-14,4,1,0,0
13858,-11,3,1,0,0
13859,-7,1,1,0,0
13860,-3,-1,1,0,0
13861,-1,-1,1,0,0
13862,0,0,1,0,0
13863,1,1,1,0,0
13864,3,1,1,0,0
13865,7,-1,1,0,0
13866,11,-3,1,0,0
13867,14,-4,1,0,0
13868,18,-4,1,0,0
13869,20,-4,1,0,0
13870,21,-3,1,0,0
13871,21,1,1,0,0
13872,21,5,1,0,0
13873,19,9,1,0,0
13874,16,14,1,0,0
13875,11,19,1,0,0
13876,4,22,1,0,0
13877,-5,21,1,0,0
13878,-13,17,1,0,0
13879,-20,8,1,0,0
13880,-21,-3,1,0,0
13881,-15,-15,1,0,0
13882,-4,-20,1,0,0
13883,11,-17,1,0,0
13884,21,-5,1,0,0
13885,19,11,1,0,0
13886,6,22,1,0,0
13887,-12,18,1,0,0
13888,-21,3,1,0,0
13889,-13,-15,1,0,0
13890,7,-19,1,0,0
13891,21,-3,1,0,0
13892,13,17,1,0,0
13893,-9,19,1,0,0
13894,-18,0,1,0,0
13895,-4,-14,1,0,0
13896,9,-5,1,0,0
13897,6,6,1,0,0
13898,-2,4,1,0,0
13899,-1,1,1,0,0
13900,0,0,1,0,0
13901,0,0,1,0,0
13902,-1,-3,1,0,0
13903,7,-5,1,0,0
13904,10,6,1,0,0
13905,-3,15,1,0,0
13906,-17,1,1,0,0
13907,-8,-18,1,0,0
13908,14,-16,1,0,0
13909,22,4,1,0,0
13910,8,20,1,0,0
13911,-12,16,1,0,0
13912,-20,-2,1,0,0
13913,-11,-17,1,0,0
13914,7,-21,1,0,0
13915,20,-10,1,0,0
13916,22,6,1,0,0
13917,12,18,1,0,0
13918,-3,21,1,0,0
13919,-15,15,1,0,0
13920,-20,4,1,0,0
13921,-19,-7,1,0,0
13922,-12,-16,1,0,0
13923,-4,-20,1,0,0
13924,5,-21,1,0,0
13925,12,-18,1,0,0
13926,17,-13,1,0,0
13927,20,-8,1,0,0
13928,22,-4,1,0,0
13929,22,0,1,0,0
13930,22,4,1,0,0
13931,21,5,1,0,0
13932,19,5,1,0,0
13933,15,5,1,0,0
13934,12,4,1,0,0
13935,8,2,1,0,0
13936,4,0,1,0,0
13937,2,0,1,0,0
13938,0,0,1,0,0
13939,0,2,1,0,0
13940,0,4,1,0,0
13941,-2,8,1,0,0
13942,-4,12,1,0,0
13943,-5,15,1,0,0
13944,-5,19,1,0,0
13945,-5,21,1,0,0
13946,-4,22,1,0,0
13947,0,22,1,0,0
13948,4,22,1,0,0
13949,8,20,1,0,0
13950,13,17,1,0,0
13951,18,12,1,0,0
13952,21,5,1,0,0
13953,20,-4,1,0,0
13954,16,-12,1,0,0
13955,7,-19,1,0,0
13956,-4,-20,1,0,0
13957,-15,-15,1,0,0
13958,-21,-3,1,0,0
13959,-18,12,1,0,0
13960,-6,22,1,0,0
13961,10,20,1,0,0
13962,21,7,1,0,0
13963,17,-11,1,0,0
13964,2,-20,1,0,0
13965,-16,-12,1,0,0
13966,-20,8,1,0,0
13967,-4,22,1,0,0
13968,16,14,1,0,0
13969,18,-8,1,0,0
13970,-1,-17,1,0,0
13971,-15,-3,1,0,0
13972,-6,10,1,0,0
13973,5,7,1,0,0
13974,3,-1,1,0,0
13975,0,0,1,0,0
13976,0,0,1,0,0
13977,0,0,1,0,0
13978,0,0,1,0,0
13979,0,0,1,0,0
13980,0,0,1,0,0
13981,0,0,1,0,0
13982,0,0,1,0,0
13983,0,0,1,0,0
13984,0,0,1,0,0
13985,0,0,1,0,0
13986,0,0,1,0,0
13987,-1,1,1,0,0
13988,-2,4,1,0,0
13989,6,6,1,0,0
13990,9,-5,1,0,0
13991,-4,-14,1,0,0
13992,-18,0,1,0,0
13993,-9,19,1,0,0
13994,13,17,1,0,0
13995,21,-3,1,0,0
13996,7,-19,1,0,0
13997,-13,-15,1,0,0
13998,-21,3,1,0,0
13999,-12,18,1,0,0
14000,6,22,1,0,0
14001,19,11,1,0,0
14002,21,-5,1,0,0
14003,11,-17,1,0,0
14004,-4,-20,1,0,0
14005,-15,-15,1,0,0
14006,-21,-3,1,0,0
14007,-20,8,1,0,0
14008,-13,17,1,0,0
14009,-5,21,1,0,0
14010,4,22,1,0,0
14011,11,19,1,0,0
14012,16,14,1,0,0
14013,19,9,1,0,0
14014,21,5,1,0,0
14015,21,1,1,0,0
14016,21,-3,1,0,0
14017,20,-4,1,0,0
14018,18,-4,1,0,0
14019,14,-4,1,0,0
14020,11,-3,1,0,0
14021,7,-1,1,0,0
14022,3,1,1,0,0
14023,1,1,1,0,0
14024,0,0,1,0,0
14025,-1,-1,1,0,0
14026,-3,-1,1,0,0
14027,-7,1,1,0,0
14028,-11,3,1,0,0
14029,-14,4,1,0,0
14030,-18,4,1,0,0
14031,-20,4,1,0,0
14032,-21,3,1,0,0
14033,-21,-1,1,0,0
14034,-21,-5,1,0,0
14035,-19,-9,1,0,0
14036,-16,-14,1,0,0
14037,-11,-19,1,0,0
14038,-4,-22,1,0,0
14039,5,-21,1,0,0
14040,13,-17,1,0,0
14041,20,-8,1,0,0
14042,21,3,1,0,0
14043,15,15,1,0,0
14044,4,20,1,0,0
14045,-11,17,1,0,0
14046,-21,5,1,0,0
14047,-19,-11,1,0,0
14048,-6,-22,1,0,0
14049,12,-18,1,0,0
14050,21,-3,1,0,0
14051,13,15,1,0,0
14052,-7,19,1,0,0
14053,-21,3,1,0,0
14054,-13,-17,1,0,0
14055,9,-19,1,0,0
14056,18,0,1,0,0
14057,4,14,1,0,0
14058,-9,5,1,0,0
14059,-6,-6,1,0,0
14060,2,-4,1,0,0
14061,1,-1,1,0,0
14062,0,0,1,0,0
14063,0,0,1,0,0
14064,3,-1,1,0,0
14065,5,7,1,0,0
14066,-6,10,1,0,0
14067,-15,-3,1,0,0
14068,-1,-17,1,0,0
14069,18,-8,1,0,0
14070,16,14,1,0,0
14071,-4,22,1,0,0
14072,-20,8,1,0,0
14073,-16,-12,1,0,0
14074,2,-20,1,0,0
14075,17,-11,1,0,0
14076,21,7,1,0,0
14077,10,20,1,0,0
14078,-6,22,1,0,0
14079,-18,12,1,0,0
14080,-21,-3,1,0,0
14081,-15,-15,1,0,0
14082,-4,-20,1,0,0
14083,7,-19,1,0,0
14084,16,-12,1,0,0
14085,20,-4,1,0,0
14086,21,5,1,0,0
14087,18,12,1,0,0
14088,13,17,1,0,0
14089,8,20,1,0,0
14090,4,22,1,0,0
14091,0,22,1,0,0
14092,-4,22,1,0,0
14093,-5,21,1,0,0
14094,-5,19,1,0,0
14095,-5,15,1,0,0
14096,-4,12,1,0,0
14097,-2,8,1,0,0
14098,0,4,1,0,0
14099,0,2,1,0,0
14100,0,0,1,0,0
14101,0,2,1,0,0
14102,0,4,1,0,0
14103,-2,8,1,0,0
14104,-4,12,1,0,0
14105,-5,15,1,0,0
14106,-5,19,1,0,0
14107,-5,21,1,0,0
14108,-4,22,1,0,0
14109,0,22,1,0,0
14110,4,22,1,0,0
14111,8,20,1,0,0
14112,13,17,1,0,0
14113,18,12,1,0,0
14114,21,5,1,0,0
14115,20,-4,1,0,0
14116,16,-12,1,0,0
14117,7,-19,1,0,0
14118,-4,-20,1,0,0
14119,-15,-15,1,0,0
14120,-21,-3,1,0,0
14121,-18,12,1,0,0
14122,-6,22,1,0,0
14123,10,20,1,0,0
14124,21,7,1,0,0
14125,17,-11,1,0,0
14126,2,-20,1,0,0
14127,-16,-12,1,0,0
14128,-20,8,1,0,0
14129,-4,22,1,0,0
14130,16,14,1,0,0
14131,18,-8,1,0,0
14132,-1,-17,1,0,0
14133,-15,-3,1,0,0
14134,-6,10,1,0,0
14135,5,7,1,0,0
14136,3,-1,1,0,0
14137,0,0,1,0,0
14138,0,0,1,0,0
14139,0,0,1,0,0
14140,0,0,1,0,0
14141,0,0,1,0,0
14142,0,0,1,0,0
14143,0,0,1,0,0
14144,0,0,1,0,0
14145,0,0,1,0,0
14146,0,0,1,0,0
14147,0,0,1,0,0
14148,0,0,1,0,0
14149,0,0,1,0,0
14150,0,0,1,0,0
14151,0,0,1,0,0
14152,0,0,1,0,0
14153,0,0,1,0,0
14154,0,0,1,0,0
14155,0,0,1,0,0
14156,0,0,1,0,0
14157,0,0,1,0,0
14158,0,0,1,0,0
14159,0,0,1,0,0
14160,0,0,1,0,0
14161,0,0,1,0,0
14162,0,0,1,0,0
14163,0,0,1,0,0
14164,0,0,1,0,0
14165,0,0,1,0,0
14166,0,0,1,0,0
14167,0,0,1,0,0
14168,0,0,1,0,0
14169,0,0,1,0,0
14170,0,0,1,0,0
14171,0,0,1,0,0
14172,0,0,1,0,0
14173,0,0,1,0,0
14174,0,0,1,0,0
14175,0,0,1,0,0
14176,0,0,1,0,0
14177,0,0,1,0,0
14178,0,0,1,0,0
14179,0,0,1,0,0
14180,0,0,1,0,0
14181,0,0,1,0,0
14182,0,0,1,0,0
14183,0,0,1,0,0
14184,0,0,1,0,0
14185,0,0,1,0,0
14186,0,0,1,0,0
14187,0,0,1,0,0
14188,0,0,1,0,0
14189,0,0,1,0,0
14190,0,0,1,0,0
14191,0,0,1,0,0
14192,0,0,1,0,0
14193,0,0,1,0,0
14194,0,0,1,0,0
14195,0,0,1,0,0
14196,0,0,1,0,0
14197,0,0,1,0,0
14198,0,0,1,0,0
14199,0,0,1,0,0
14200,0,0,1,0,0
14201,0,0,1,0,0
14202,0,0,1,0,0
14203,0,0,1,0,0
14204,0,0,1,0,0
14205,0,0,1,0,0
14206,0,0,1,0,0
14207,0,0,1,0,0
14208,0,0,1,0,0
14209,-1,1,1,0,0
14210,-2,4,1,0,0
14211,6,6,1,0,0
14212,9,-5,1,0,0
14213,-4,-14,1,0,0
14214,-18,0,1,0,0
14215,-9,19,1,0,0
14216,13,17,1,0,0
14217,21,-3,1,0,0
14218,7,-19,1,0,0
14219,-13,-15,1,0,0
14220,-21,3,1,0,0
14221,-12,18,1,0,0
14222,6,22,1,0,0
14223,19,11,1,0,0
14224,21,-5,1,0,0
14225,11,-17,1,0,0
14226,-4,-20,1,0,0
14227,-15,-15,1,0,0
14228,-21,-3,1,0,0
14229,-20,8,1,0,0
14230,-13,17,1,0,0
14231,-5,21,1,0,0
14232,4,22,1,0,0
14233,11,19,1,0,0
14234,16,14,1,0,0
14235,19,9,1,0,0
14236,21,5,1,0,0
14237,21,1,1,0,0
14238,21,-3,1,0,0
14239,20,-4,1,0,0
14240,18,-4,1,0,0
14241,14,-4,1,0,0
14242,11,-3,1,0,0
14243,7,-1,1,0,0
14244,3,1,1,0,0
14245,1,1,1,0,0
14246,0,0,1,0,0
14247,-1,-1,1,0,0
14248,-3,-1,1,0,0
14249,-7,1,1,0,0
14250,-11,3,1,0,0
14251,-14,4,1,0,0
14252,-18,4,1,0,0
14253,-20,4,1,0,0
14254,-21,3,1,0,0
14255,-21,-1,1,0,0
14256,-21,-5,1,0,0
14257,-19,-9,1,0,0
14258,-16,-14,1,0,0
14259,-11,-19,1,0,0
14260,-4,-22,1,0,0
14261,5,-21,1,0,0
14262,13,-17,1,0,0
14263,20,-8,1,0,0
14264,21,3,1,0,0
14265,15,15,1,0,0
14266,4,20,1,0,0
14267,-11,17,1,0,0
14268,-21,5,1,0,0
14269,-19,-11,1,0,0
14270,-6,-22,1,0,0
14271,12,-18,1,0,0
14272,21,-3,1,0,0
14273,13,15,1,0,0
14274,-7,19,1,0,0
14275,-21,3,1,0,0
14276,-13,-17,1,0,0
14277,9,-19,1,0,0
14278,18,0,1,0,0
14279,4,14,1,0,0
14280,-9,5,1,0,0
14281,-6,-6,1,0,0
14282,2,-4,1,0,0
14283,1,-1,1,0,0
14284,0,0,1,0,0
14285,0,0,1,0,0
14286,3,-1,1,0,0
14287,5,7,1,0,0
14288,-6,10,1,0,0
14289,-15,-3,1,0,0
14290,-1,-17,1,0,0
14291,18,-8,1,0,0
14292,16,14,1,0,0
14293,-4,22,1,0,0
14294,-20,8,1,0,0
14295,-16,-12,1,0,0
14296,2,-20,1,0,0
14297,17,-11,1,0,0
14298,21,7,1,0,0
14299,10,20,1,0,0
14300,-6,22,1,0,0
14301,-18,12,1,0,0
14302,-21,-3,1,0,0
14303,-15,-15,1,0,0
14304,-4,-20,1,0,0
14305,7,-19,1,0,0
14306,16,-12,1,0,0
14307,20,-4,1,0,0
14308,21,5,1,0,0
14309,18,12,1,0,0
14310,13,17,1,0,0
14311,8,20,1,0,0
14312,4,22,1,0,0
14313,0,22,1,0,0
14314,-4,22,1,0,0
14315,-5,21,1,0,0
14316,-5,19,1,0,0
14317,-5,15,1,0,0
14318,-4,12,1,0,0
14319,-2,8,1,0,0
14320,0,4,1,0,0
14321,0,2,1,0,0
14322,0,0,1,0,0
14323,2,0,1,0,0
14324,4,0,1,0,0
14325,8,2,1,0,0
14326,12,4,1,0,0
14327,15,5,1,0,0
14328,19,5,1,0,0
14329,21,5,1,0,0
14330,22,4,1,0,0
14331,22,0,1,0,0
14332,22,-4,1,0,0
14333,20,-8,1,0,0
14334,17,-13,1,0,0
14335,12,-18,1,0,0
14336,5,-21,1,0,0
14337,-4,-20,1,0,0
14338,-12,-16,1,0,0
14339,-19,-7,1,0,0
14340,-20,4,1,0,0
14341,-15,15,1,0,0
14342,-3,21,1,0,0
14343,12,18,1,0,0
14344,22,6,1,0,0
14345,20,-10,1,0,0
14346,7,-21,1,0,0
14347,-11,-17,1,0,0
14348,-20,-2,1,0,0
14349,-12,16,1,0,0
14350,8,20,1,0,0
14351,22,4,1,0,0
14352,14,-16,1,0,0
14353,-8,-18,1,0,0
14354,-17,1,1,0,0
14355,-3,15,1,0,0
14356,10,6,1,0,0
14357,7,-5,1,0,0
14358,-1,-3,1,0,0
14359,0,0,1,0,0
14360,0,0,1,0,0
14361,0,0,1,0,0
14362,0,0,1,0,0
14363,0,0,1,0,0
14364,0,0,1,0,0
14365,0,0,1,0,0
14366,0,0,1,0,0
14367,0,0,1,0,0
14368,0,0,1,0,0
14369,0,0,1,0,0
14370,0,0,1,0,0
14371,-1,1,1,0,0
14372,-2,4,1,0,0
14373,6,6,1,0,0
14374,9,-5,1,0,0
14375,-4,-14,1,0,0
14376,-18,0,1,0,0
14377,-9,19,1,0,0
14378,13,17,1,0,0
14379,21,-3,1,0,0
14380,7,-19,1,0,0
14381,-13,-15,1,0,0
14382,-21,3,1,0,0
14383,-12,18,1,0,0
14384,6,22,1,0,0
14385,19,11,1,0,0
14386,21,-5,1,0,0
14387,11,-17,1,0,0
14388,-4,-20,1,0,0
14389,-15,-15,1,0,0
14390,-21,-3,1,0,0
14391,-20,8,1,0,0
14392,-13,17,1,0,0
14393,-5,21,1,0,0
14394,4,22,1,0,0
14395,11,19,1,0,0
14396,16,14,1,0,0
14397,19,9,1,0,0
14398,21,5,1,0,0
14399,21,1,1,0,0
14400,21,-3,1,0,0
14401,20,-4,1,0,0
14402,18,-4,1,0,0
14403,14,-4,1,0,0
14404,11,-3,1,0,0
14405,7,-1,1,0,0
14406,3,1,1,0,0
14407,1,1,1,0,0
14408,0,0,1,0,0
14409,-1,-1,1,0,0
14410,-3,-1,1,0,0
14411,-7,1,1,0,0
14412,-11,3,1,0,0
14413,-14,4,1,0,0
14414,-18,4,1,0,0
14415,-20,4,1,0,0
14416,-21,3,1,0,0
14417,-21,-1,1,0,0
14418,-21,-5,1,0,0
14419,-19,-9,1,0,0
14420,-16,-14,1,0,0
14421,-11,-19,1,0,0
14422,-4,-22,1,0,0
14423,5,-21,1,0,0
14424,13,-17,1,0,0
14425,20,-8,1,0,0
14426,21,3,1,0,0
14427,15,15,1,0,0
14428,4,20,1,0,0
14429,-11,17,1,0,0
14430,-21,5,1,0,0
14431,-19,-11,1,0,0
14432,-6,-22,1,0,0
14433,12,-18,1,0,0
14434,21,-3,1,0,0
14435,13,15,1,0,0
14436,-7,19,1,0,0
14437,-21,3,1,0,0
14438,-13,-17,1,0,0
14439,9,-19,1,0,0
14440,18,0,1,0,0
14441,4,14,1,0,0
14442,-9,5,1,0,0
14443,-6,-6,1,0,0
14444,2,-4,1,0,0
14445,1,-1,1,0,0
14446,0,0,1,0,0
14447,0,0,1,0,0
14448,3,-1,1,0,0
14449,5,7,1,0,0
14450,-6,10,1,0,0
14451,-15,-3,1,0,0
14452,-1,-17,1,0,0
14453,18,-8,1,0,0
14454,16,14,1,0,0
14455,-4,22,1,0,0
14456,-20,8,1,0,0
14457,-16,-12,1,0,0
14458,2,-20,1,0,0
14459,17,-11,1,0,0
14460,21,7,1,0,0
14461,10,20,1,0,0
14462,-6,22,1,0,0
14463,-18,12,1,0,0
14464,-21,-3,1,0,0
14465,-15,-15,1,0,0
14466,-4,-20,1,0,0
14467,7,-19,1,0,0
14468,16,-12,1,0,0
14469,20,-4,1,0,0
14470,21,5,1,0,0
14471,18,12,1,0,0
14472,13,17,1,0,0
14473,8,20,1,0,0
14474,4,22,1,0,0
14475,0,22,1,0,0
14476,-4,22,1,0,0
14477,-5,21,1,0,0
14478,-5,19,1,0,0
14479,-5,15,1,0,0
14480,-4,12,1,0,0
14481,-2,8,1,0,0
14482,0,4,1,0,0
14483,0,2,1,0,0
14484,0,0,1,0,0
14485,-2,0,1,0,0
14486,-4,0,1,0,0
14487,-8,-2,1,0,0
14488,-12,-4,1,0,0
14489,-15,-5,1,0,0
14490,-19,-5,1,0,0
14491,-21,-5,1,0,0
14492,-22,-4,1,0,0
14493,-22,0,1,0,0
14494,-22,4,1,0,0
14495,-20,8,1,0,0
14496,-17,13,1,0,0
14497,-12,18,1,0,0
14498,-5,21,1,0,0
14499,4,20,1,0,0
14500,12,16,1,0,0
14501,19,7,1,0,0
14502,20,-4,1,0,0
14503,15,-15,1,0,0
14504,3,-21,1,0,0
14505,-12,-18,1,0,0
14506,-22,-6,1,0,0
14507,-20,10,1,0,0
14508,-7,21,1,0,0
14509,11,17,1,0,0
14510,20,2,1,0,0
14511,12,-16,1,0,0
14512,-8,-20,1,0,0
14513,-22,-4,1,0,0
14514,-14,16,1,0,0
14515,8,18,1,0,0
14516,17,-1,1,0,0
14517,3,-15,1,0,0
14518,-10,-6,1,0,0
14519,-7,5,1,0,0
14520,1,3,1,0,0
14521,0,0,1,0,0
14522,0,0,1,0,0
14523,0,0,1,0,0
14524,0,0,1,0,0
14525,0,0,1,0,0
14526,0,0,1,0,0
14527,0,0,1,0,0
14528,0,0,1,0,0
14529,0,0,1,0,0
14530,0,0,1,0,0
14531,0,0,1,0,0
14532,0,0,1,0,0
14533,0,0,1,0,0
14534,0,0,1,0,0
14535,0,0,1,0,0
14536,0,0,1,0,0
14537,0,0,1,0,0
14538,0,0,1,0,0
14539,0,0,1,0,0
14540,0,0,1,0,0
14541,0,0,1,0,0
14542,0,0,1,0,0
14543,0,0,1,0,0
14544,0,0,1,0,0
14545,0,0,1,0,0
14546,0,0,1,0,0
14547,0,0,1,0,0
14548,0,0,1,0,0
14549,0,0,1,0,0
14550,0,0,1,0,0
14551,0,0,1,0,0
14552,0,0,1,0,0
14553,0,0,1,0,0
14554,0,0,1,0,0
14555,0,0,1,0,0
14556,0,0,1,0,0
14557,0,0,1,0,0
14558,0,0,1,0,0
14559,0,0,1,0,0
14560,0,0,1,0,0
14561,0,0,1,0,0
14562,0,0,1,0,0
14563,0,0,1,0,0
14564,0,0,1,0,0
14565,0,0,1,0,0
14566,0,0,1,0,0
14567,0,0,1,0,0
14568,0,0,1,0,0
14569,0,0,1,0,0
14570,0,0,1,0,0
14571,0,0,1,0,0
14572,0,0,1,0,0
14573,0,0,1,0,0
14574,0,0,1,0,0
14575,0,0,1,0,0
14576,0,0,1,0,0
14577,0,0,1,0,0
14578,0,0,1,0,0
14579,0,0,1,0,0
14580,0,0,1,0,0
14581,0,0,1,0,0
14582,0,0,1,0,0
14583,0,0,1,0,0
14584,0,0,1,0,0
14585,0,0,1,0,0
14586,0,0,1,0,0
14587,0,0,1,0,0
14588,0,0,1,0,0
14589,0,0,1,0,0
14590,0,0,1,0,0
14591,0,0,1,0,0
14592,0,0,1,0,0
14593,1,1,1,0,0
14594,4,2,1,0,0
14595,6,-6,1,0,0
14596,-5,-9,1,0,0
14597,-14,4,1,0,0
14598,0,18,1,0,0
14599,19,9,1,0,0
14600,17,-13,1,0,0
14601,-3,-21,1,0,0
14602,-19,-7,1,0,0
14603,-15,13,1,0,0
14604,3,21,1,0,0
14605,18,12,1,0,0
14606,22,-6,1,0,0
14607,11,-19,1,0,0
14608,-5,-21,1,0,0
14609,-17,-11,1,0,0
14610,-20,4,1,0,0
14611,-15,15,1,0,0
14612,-3,21,1,0,0
14613,8,20,1,0,0
14614,17,13,1,0,0
14615,21,5,1,0,0
14616,22,-4,1,0,0
14617,19,-11,1,0,0
14618,14,-16,1,0,0
14619,9,-19,1,0,0
14620,5,-21,1,0,0
14621,1,-21,1,0,0
14622,-3,-21,1,0,0
14623,-4,-20,1,0,0
14624,-4,-18,1,0,0
14625,-4,-14,1,0,0
14626,-3,-11,1,0,0
14627,-1,-7,1,0,0
14628,1,-3,1,0,0
14629,1,-1,1,0,0
14630,0,0,1,0,0
14631,-1,1,1,0,0
14632,-1,3,1,0,0
14633,1,7,1,0,0
14634,3,11,1,0,0
14635,4,14,1,0,0
14636,4,18,1,0,0
14637,4,20,1,0,0
14638,3,21,1,0,0
14639,-1,21,1,0,0
14640,-5,21,1,0,0
14641,-9,19,1,0,0
14642,-14,16,1,0,0
14643,-19,11,1,0,0
14644,-22,4,1,0,0
14645,-21,-5,1,0,0
14646,-17,-13,1,0,0
14647,-8,-20,1,0,0
14648,3,-21,1,0,0
14649,15,-15,1,0,0
14650,20,-4,1,0,0
14651,17,11,1,0,0
14652,5,21,1,0,0
14653,-11,19,1,0,0
14654,-22,6,1,0,0
14655,-18,-12,1,0,0
14656,-3,-21,1,0,0
14657,15,-13,1,0,0
14658,19,7,1,0,0
14659,3,21,1,0,0
14660,-17,13,1,0,0
14661,-19,-9,1,0,0
14662,0,-18,1,0,0
14663,14,-4,1,0,0
14664,5,9,1,0,0
14665,-6,6,1,0,0
14666,-4,-2,1,0,0
14667,-1,-1,1,0,0
14668,0,0,1,0,0
14669,0,0,1,0,0
14670,-3,1,1,0,0
14671,-5,-7,1,0,0
14672,6,-10,1,0,0
14673,15,3,1,0,0
14674,1,17,1,0,0
14675,-18,8,1,0,0
14676,-16,-14,1,0,0
14677,4,-22,1,0,0
14678,20,-8,1,0,0
14679,16,12,1,0,0
14680,-2,20,1,0,0
14681,-17,11,1,0,0
14682,-21,-7,1,0,0
14683,-10,-20,1,0,0
14684,6,-22,1,0,0
14685,18,-12,1,0,0
14686,21,3,1,0,0
14687,15,15,1,0,0
14688,4,20,1,0,0
14689,-7,19,1,0,0
14690,-16,12,1,0,0
14691,-20,4,1,0,0
14692,-21,-5,1,0,0
14693,-18,-12,1,0,0
14694,-13,-17,1,0,0
14695,-8,-20,1,0,0
14696,-4,-22,1,0,0
14697,0,-22,1,0,0
14698,4,-22,1,0,0
14699,5,-21,1,0,0
14700,5,-19,1,0,0
14701,5,-15,1,0,0
14702,4,-12,1,0,0
14703,2,-8,1,0,0
14704,0,-4,1,0,0
14705,0,-2,1,0,0
14706,0,0,1,0,0
14707,0,2,1,0,0
14708,0,4,1,0,0
14709,-2,8,1,0,0
14710,-4,12,1,0,0
14711,-5,15,1,0,0
14712,-5,19,1,0,0
14713,-5,21,1,0,0
14714,-4,22,1,0,0
14715,0,22,1,0,0
14716,4,22,1,0,0
14717,8,20,1,0,0
14718,13,17,1,0,0
14719,18,12,1,0,0
14720,21,5,1,0,0
14721,20,-4,1,0,0
14722,16,-12,1,0,0
14723,7,-19,1,0,0
14724,-4,-20,1,0,0
14725,-15,-15,1,0,0
14726,-21,-3,1,0,0
14727,-18,12,1,0,0
14728,-6,22,1,0,0
14729,10,20,1,0,0
14730,21,7,1,0,0
14731,17,-11,1,0,0
14732,2,-20,1,0,0
14733,-16,-12,1,0,0
14734,-20,8,1,0,0
14735,-4,22,1,0,0
14736,16,14,1,0,0
14737,18,-8,1,0,0
14738,-1,-17,1,0,0
14739,-15,-3,1,0,0
14740,-6,10,1,0,0
14741,5,7,1,0,0
14742,3,-1,1,0,0
14743,0,0,1,0,0
14744,0,0,1,0,0
14745,0,0,1,0,0
14746,0,0,1,0,0
14747,0,0,1,0,0
14748,0,0,1,0,0
14749,0,0,1,0,0
14750,0,0,1,0,0
14751,0,0,1,0,0
14752,0,0,1,0,0
14753,0,0,1,0,0
14754,0,0,1,0,0
14755,-1,-1,1,0,0
14756,-4,-2,1,0,0
14757,-6,6,1,0,0
14758,5,9,1,0,0
14759,14,-4,1,0,0
14760,0,-18,1,0,0
14761,-19,-9,1,0,0
14762,-17,13,1,0,0
14763,3,21,1,0,0
14764,19,7,1,0,0
14765,15,-13,1,0,0
14766,-3,-21,1,0,0
14767,-18,-12,1,0,0
14768,-22,6,1,0,0
14769,-11,19,1,0,0
14770,5,21,1,0,0
14771,17,11,1,0,0
14772,20,-4,1,0,0
14773,15,-15,1,0,0
14774,3,-21,1,0,0
14775,-8,-20,1,0,0
14776,-17,-13,1,0,0
14777,-21,-5,1,0,0
14778,-22,4,1,0,0
14779,-19,11,1,0,0
14780,-14,16,1,0,0
14781,-9,19,1,0,0
14782,-5,21,1,0,0
14783,-1,21,1,0,0
14784,3,21,1,0,0
14785,4,20,1,0,0
14786,4,18,1,0,0
14787,4,14,1,0,0
14788,3,11,1,0,0
14789,1,7,1,0,0
14790,-1,3,1,0,0
14791,-1,1,1,0,0
14792,0,0,1,0,0
14793,1,-1,1,0,0
14794,1,-3,1,0,0
14795,-1,-7,1,0,0
14796,-3,-11,1,0,0
14797,-4,-14,1,0,0
14798,-4,-18,1,0,0
14799,-4,-20,1,0,0
14800,-3,-21,1,0,0
14801,1,-21,1,0,0
14802,5,-21,1,0,0
14803,9,-19,1,0,0
14804,14,-16,1,0,0
14805,19,-11,1,0,0
14806,22,-4,1,0,0
14807,21,5,1,0,0
14808,17,13,1,0,0
14809,8,20,1,0,0
14810,-3,21,1,0,0
14811,-15,15,1,0,0
14812,-20,4,1,0,0
14813,-17,-11,1,0,0
14814,-5,-21,1,0,0
14815,11,-19,1,0,0
14816,22,-6,1,0,0
14817,18,12,1,0,0
14818,3,21,1,0,0
14819,-15,13,1,0,0
14820,-19,-7,1,0,0
14821,-3,-21,1,0,0
14822,17,-13,1,0,0
14823,19,9,1,0,0
14824,0,18,1,0,0
14825,-14,4,1,0,0
14826,-5,-9,1,0,0
14827,6,-6,1,0,0
14828,4,2,1,0,0
14829,1,1,1,0,0
14830,0,0,1,0,0
14831,0,0,1,0,0
14832,-1,-3,1,0,0
14833,7,-5,1,0,0
14834,10,6,1,0,0
14835,-3,15,1,0,0
14836,-17,1,1,0,0
14837,-8,-18,1,0,0
14838,14,-16,1,0,0
14839,22,4,1,0,0
14840,8,20,1,0,0
14841,-12,16,1,0,0
14842,-20,-2,1,0,0
14843,-11,-17,1,0,0
14844,7,-21,1,0,0
14845,20,-10,1,0,0
14846,22,6,1,0,0
14847,12,18,1,0,0
14848,-3,21,1,0,0
14849,-15,15,1,0,0
14850,-20,4,1,0,0
14851,-19,-7,1,0,0
14852,-12,-16,1,0,0
14853,-4,-20,1,0,0
14854,5,-21,1,0,0
14855,12,-18,1,0,0
14856,17,-13,1,0,0
14857,20,-8,1,0,0
14858,22,-4,1,0,0
14859,22,0,1,0,0
14860,22,4,1,0,0
14861,21,5,1,0,0
14862,19,5,1,0,0
14863,15,5,1,0,0
14864,12,4,1,0,0
14865,8,2,1,0,0
14866,4,0,1,0,0
14867,2,0,1,0,0
14868,0,0,1,0,0
14869,0,2,1,0,0
14870,0,4,1,0,0
14871,-2,8,1,0,0
14872,-4,12,1,0,0
14873,-5,15,1,0,0
14874,-5,19,1,0,0
14875,-5,21,1,0,0
14876,-4,22,1,0,0
14877,0,22,1,0,0
14878,4,22,1,0,0
14879,8,20,1,0,0
14880,13,17,1,0,0
14881,18,12,1,0,0
14882,21,5,1,0,0
14883,20,-4,1,0,0
14884,16,-12,1,0,0
14885,7,-19,1,0,0
14886,-4,-20,1,0,0
14887,-15,-15,1,0,0
14888,-21,-3,1,0,0
14889,-18,12,1,0,0
14890,-6,22,1,0,0
14891,10,20,1,0,0
14892,21,7,1,0,0
14893,17,-11,1,0,0
14894,2,-20,1,0,0
14895,-16,-12,1,0,0
14896,-20,8,1,0,0
14897,-4,22,1,0,0
14898,16,14,1,0,0
14899,18,-8,1,0,0
14900,-1,-17,1,0,0
14901,-15,-3,1,0,0
14902,-6,10,1,0,0
14903,5,7,1,0,0
14904,3,-1,1,0,0
14905,0,0,1,0,0
14906,0,0,1,0,0
14907,0,0,1,0,0
14908,0,0,1,0,0
14909,0,0,1,0,0
14910,0,0,1,0,0
14911,0,0,1,0,0
14912,0,0,1,0,0
14913,0,0,1,0,0
14914,0,0,1,0,0
14915,0,0,1,0,0
14916,0,0,1,0,0
14917,0,0,1,0,0
14918,0,0,1,0,0
14919,0,0,1,0,0
14920,0,0,1,0,0
14921,0,0,1,0,0
14922,0,0,1,0,0
14923,0,0,1,0,0
14924,0,0,1,0,0
14925,0,0,1,0,0
14926,0,0,1,0,0
14927,0,0,1,0,0
14928,0,0,1,0,0
14929,0,0,1,0,0
14930,0,0,1,0,0
14931,0,0,1,0,0
14932,0,0,1,0,0
14933,0,0,1,0,0
14934,0,0,1,0,0
14935,0,0,1,0,0
14936,0,0,1,0,0
14937,0,0,1,0,0
14938,0,0,1,0,0
14939,0,0,1,0,0
14940,0,0,1,0,0
14941,0,0,1,0,0
14942,0,0,1,0,0
14943,0,0,1,0,0
14944,0,0,1,0,0
14945,0,0,1,0,0
14946,0,0,1,0,0
14947,0,0,1,0,0
14948,0,0,1,0,0
14949,0,0,1,0,0
14950,0,0,1,0,0
14951,0,0,1,0,0
14952,0,0,1,0,0
14953,0,0,1,0,0
14954,0,0,1,0,0
14955,0,0,1,0,0
14956,0,0,1,0,0
14957,0,0,1,0,0
14958,0,0,1,0,0
14959,0,0,1,0,0
14960,0,0,1,0,0
14961,0,0,1,0,0
14962,0,0,1,0,0
14963,0,0,1,0,0
14964,0,0,1,0,0
14965,0,0,1,0,0
14966,0,0,1,0,0
14967,0,0,1,0,0
14968,0,0,1,0,0
14969,0,0,1,0,0
14970,0,0,1,0,0
14971,0,0,1,0,0
14972,0,0,1,0,0
14973,0,0,1,0,0
14974,0,0,1,0,0
14975,0,0,1,0,0
14976,0,0,1,0,0
14977,1,-1,1,0,0
14978,2,-4,1,0,0
14979,-6,-6,1,0,0
14980,-9,5,1,0,0
14981,4,14,1,0,0
14982,18,0,1,0,0
14983,9,-19,1,0,0
14984,-13,-17,1,0,0
14985,-21,3,1,0,0
14986,-7,19,1,0,0
14987,13,15,1,0,0
14988,21,-3,1,0,0
14989,12,-18,1,0,0
14990,-6,-22,1,0,0
14991,-19,-11,1,0,0
14992,-21,5,1,0,0
14993,-11,17,1,0,0
14994,4,20,1,0,0
14995,15,15,1,0,0
14996,21,3,1,0,0
14997,20,-8,1,0,0
14998,13,-17,1,0,0
14999,5,-21,1,0,0
15000,-4,-22,1,0,0
15001,-11,-19,1,0,0
15002,-16,-14,1,0,0
15003,-19,-9,1,0,0
15004,-21,-5,1,0,0
15005,-21,-1,1,0,0
15006,-21,3,1,0,0
15007,-20,4,1,0,0
15008,-18,4,1,0,0
15009,-14,4,1,0,0
15010,-11,3,1,0,0
15011,-7,1,1,0,0
15012,-3,-1,1,0,0
15013,-1,-1,1,0,0
15014,0,0,1,0,0
15015,1,1,1,0,0
15016,3,1,1,0,0
15017,7,-1,1,0,0
15018,11,-3,1,0,0
15019,14,-4,1,0,0
15020,18,-4,1,0,0
15021,20,-4,1,0,0
15022,21,-3,1,0,0
15023,21,1,1,0,0
15024,21,5,1,0,0
15025,19,9,1,0,0
15026,16,14,1,0,0
15027,11,19,1,0,0
15028,4,22,1,0,0
15029,-5,21,1,0,0
15030,-13,17,1,0,0
15031,-20,8,1,0,0
15032,-21,-3,1,0,0
15033,-15,-15,1,0,0
15034,-4,-20,1,0,0
15035,11,-17,1,0,0
15036,21,-5,1,0,0
15037,19,11,1,0,0
15038,6,22,1,0,0
15039,-12,18,1,0,0
15040,-21,3,1,0,0
15041,-13,-15,1,0,0
15042,7,-19,1,0,0
15043,21,-3,1,0,0
15044,13,17,1,0,0
15045,-9,19,1,0,0
15046,-18,0,1,0,0
15047,-4,-14,1,0,0
15048,9,-5,1,0,0
15049,6,6,1,0,0
15050,-2,4,1,0,0
15051,-1,1,1,0,0
15052,0,0,1,0,0
15053,0,0,1,0,0
15054,1,3,1,0,0
15055,-7,5,1,0,0
15056,-10,-6,1,0,0
15057,3,-15,1,0,0
15058,17,-1,1,0,0
15059,8,18,1,0,0
15060,-14,16,1,0,0
15061,-22,-4,1,0,0
15062,-8,-20,1,0,0
15063,12,-16,1,0,0
15064,20,2,1,0,0
15065,11,17,1,0,0
15066,-7,21,1,0,0
15067,-20,10,1,0,0
15068,-22,-6,1,0,0
15069,-12,-18,1,0,0
15070,3,-21,1,0,0
15071,15,-15,1,0,0
15072,20,-4,1,0,0
15073,19,7,1,0,0
15074,12,16,1,0,0
15075,4,20,1,0,0
15076,-5,21,1,0,0
15077,-12,18,1,0,0
15078,-17,13,1,0,0
15079,-20,8,1,0,0
15080,-22,4,1,0,0
15081,-22,0,1,0,0
15082,-22,-4,1,0,0
15083,-21,-5,1,0,0
15084,-19,-5,1,0,0
15085,-15,-5,1,0,0
15086,-12,-4,1,0,0
15087,-8,-2,1,0,0
15088,-4,0,1,0,0
15089,-2,0,1,0,0
15090,0,0,1,0,0
15091,0,-2,1,0,0
15092,0,-4,1,0,0
15093,2,-8,1,0,0
15094,4,-12,1,0,0
15095,5,-15,1,0,0
15096,5,-19,1,0,0
15097,5,-21,1,0,0
15098,4,-22,1,0,0
15099,0,-22,1,0,0
15100,-4,-22,1,0,0
15101,-8,-20,1,0,0
15102,-13,-17,1,0,0
15103,-18,-12,1,0,0
15104,-21,-5,1,0,0
15105,-20,4,1,0,0
15106,-16,12,1,0,0
15107,-7,19,1,0,0
15108,4,20,1,0,0
15109,15,15,1,0,0
15110,21,3,1,0,0
15111,18,-12,1,0,0
15112,6,-22,1,0,0
15113,-10,-20,1,0,0
15114,-21,-7,1,0,0
15115,-17,11,1,0,0
15116,-2,20,1,0,0
15117,16,12,1,0,0
15118,20,-8,1,0,0
15119,4,-22,1,0,0
15120,-16,-14,1,0,0
15121,-18,8,1,0,0
15122,1,17,1,0,0
15123,15,3,1,0,0
15124,6,-10,1,0,0
15125,-5,-7,1,0,0
15126,-3,1,1,0,0
15127,0,0,1,0,0
15128,0,0,1,0,0
15129,0,0,1,0,0
15130,0,0,1,0,0
15131,0,0,1,0,0
15132,0,0,1,0,0
15133,0,0,1,0,0
15134,0,0,1,0,0
15135,0,0,1,0,0
15136,0,0,1,0,0
15137,0,0,1,0,0
15138,0,0,1,0,0
15139,1,-1,1,0,0
15140,2,-4,1,0,0
15141,-6,-6,1,0,0
15142,-9,5,1,0,0
15143,4,14,1,0,0
15144,18,0,1,0,0
15145,9,-19,1,0,0
15146,-13,-17,1,0,0
15147,-21,3,1,0,0
15148,-7,19,1,0,0
15149,13,15,1,0,0
15150,21,-3,1,0,0
15151,12,-18,1,0,0
15152,-6,-22,1,0,0
15153,-19,-11,1,0,0
15154,-21,5,1,0,0
15155,-11,17,1,0,0
15156,4,20,1,0,0
15157,15,15,1,0,0
15158,21,3,1,0,0
15159,20,-8,1,0,0
15160,13,-17,1,0,0
15161,5,-21,1,0,0
15162,-4,-22,1,0,0
15163,-11,-19,1,0,0
15164,-16,-14,1,0,0
15165,-19,-9,1,0,0
15166,-21,-5,1,0,0
15167,-21,-1,1,0,0
15168,-21,3,1,0,0
15169,-20,4,1,0,0
15170,-18,4,1,0,0
15171,-14,4,1,0,0
15172,-11,3,1,0,0
15173,-7,1,1,0,0
15174,-3,-1,1,0,0
15175,-1,-1,1,0,0
15176,0,0,1,0,0
15177,1,1,1,0,0
15178,3,1,1,0,0
15179,7,-1,1,0,0
15180,11,-3,1,0,0
15181,14,-4,1,0,0
15182,18,-4,1,0,0
15183,20,-4,1,0,0
15184,21,-3,1,0,0
15185,21,1,1,0,0
15186,21,5,1,0,0
15187,19,9,1,0,0
15188,16,14,1,0,0
15189,11,19,1,0,0
15190,4,22,1,0,0
15191,-5,21,1,0,0
15192,-13,17,1,0,0
15193,-20,8,1,0,0
15194,-21,-3,1,0,0
15195,-15,-15,1,0,0
15196,-4,-20,1,0,0
15197,11,-17,1,0,0
15198,21,-5,1,0,0
15199,19,11,1,0,0
15200,6,22,1,0,0
15201,-12,18,1,0,0
15202,-21,3,1,0,0
15203,-13,-15,1,0,0
15204,7,-19,1,0,0
15205,21,-3,1,0,0
15206,13,17,1,0,0
15207,-9,19,1,0,0
15208,-18,0,1,0,0
15209,-4,-14,1,0,0
15210,9,-5,1,0,0
15211,6,6,1,0,0
15212,-2,4,1,0,0
15213,-1,1,1,0,0
15214,0,0,1,0,0
15215,0,0,1,0,0
15216,-1,-3,1,0,0
15217,7,-5,1,0,0
15218,10,6,1,0,0
15219,-3,15,1,0,0
15220,-17,1,1,0,0
15221,-8,-18,1,0,0
15222,14,-16,1,0,0
15223,22,4,1,0,0
15224,8,20,1,0,0
15225,-12,16,1,0,0
15226,-20,-2,1,0,0
15227,-11,-17,1,0,0
15228,7,-21,1,0,0
15229,20,-10,1,0,0
15230,22,6,1,0,0
15231,12,18,1,0,0
15232,-3,21,1,0,0
15233,-15,15,1,0,0
15234,-20,4,1,0,0
15235,-19,-7,1,0,0
15236,-12,-16,1,0,0
15237,-4,-20,1,0,0
15238,5,-21,1,0,0
15239,12,-18,1,0,0
15240,17,-13,1,0,0
15241,20,-8,1,0,0
15242,22,-4,1,0,0
15243,22,0,1,0,0
15244,22,4,1,0,0
15245,21,5,1,0,0
15246,19,5,1,0,0
15247,15,5,1,0,0
15248,12,4,1,0,0
15249,8,2,1,0,0
15250,4,0,1,0,0
15251,2,0,1,0,0
15252,0,0,1,0,0
15253,0,-2,1,0,0
15254,0,-4,1,0,0
15255,2,-8,1,0,0
15256,4,-12,1,0,0
15257,5,-15,1,0,0
15258,5,-19,1,0,0
15259,5,-21,1,0,0
15260,4,-22,1,0,0
15261,0,-22,1,0,0
15262,-4,-22,1,0,0
15263,-8,-20,1,0,0
15264,-13,-17,1,0,0
15265,-18,-12,1,0,0
15266,-21,-5,1,0,0
15267,-20,4,1,0,0
15268,-16,12,1,0,0
15269,-7,19,1,0,0
15270,4,20,1,0,0
15271,15,15,1,0,0
15272,21,3,1,0,0
15273,18,-12,1,0,0
15274,6,-22,1,0,0
15275,-10,-20,1,0,0
15276,-21,-7,1,0,0
15277,-17,11,1,0,0
15278,-2,20,1,0,0
15279,16,12,1,0,0
15280,20,-8,1,0,0
15281,4,-22,1,0,0
15282,-16,-14,1,0,0
15283,-18,8,1,0,0
15284,1,17,1,0,0
15285,15,3,1,0,0
15286,6,-10,1,0,0
15287,-5,-7,1,0,0
15288,-3,1,1,0,0
15289,0,0,1,0,0
15290,0,0,1,0,0
15291,0,0,1,0,0
15292,0,0,1,0,0
15293,0,0,1,0,0
15294,0,0,1,0,0
15295,0,0,1,0,0
15296,0,0,1,0,0
15297,0,0,1,0,0
15298,0,0,1,0,0
15299,0,0,1,0,0
15300,0,0,1,0,0
15301,0,0,1,0,0
15302,0,0,1,0,0
15303,0,0,1,0,0
15304,0,0,1,0,0
15305,0,0,1,0,0
15306,0,0,1,0,0
15307,0,0,1,0,0
15308,0,0,1,0,0
15309,0,0,1,0,0
15310,0,0,1,0,0
15311,0,0,1,0,0
15312,0,0,1,0,0
15313,0,0,1,0,0
15314,0,0,1,0,0
15315,0,0,1,0,0
15316,0,0,1,0,0
15317,0,0,1,0,0
15318,0,0,1,0,0
15319,0,0,1,0,0
15320,0,0,1,0,0
15321,0,0,1,0,0
15322,0,0,1,0,0
15323,0,0,1,0,0
15324,0,0,1,0,0
15325,0,0,1,0,0
15326,0,0,1,0,0
15327,0,0,1,0,0
15328,0,0,1,0,0
15329,0,0,1,0,0
15330,0,0,1,0,0
15331,0,0,1,0,0
15332,0,0,1,0,0
15333,0,0,1,0,0
15334,0,0,1,0,0
15335,0,0,1,0,0
15336,0,0,1,0,0
15337,0,0,1,0,0
15338,0,0,1,0,0
15339,0,0,1,0,0
15340,0,0,1,0,0
15341,0,0,1,0,0
15342,0,0,1,0,0
15343,0,0,1,0,0
15344,0,0,1,0,0
15345,0,0,1,0,0
15346,0,0,1,0,0
15347,0,0,1,0,0
15348,0,0,1,0,0
15349,0,0,1,0,0
15350,0,0,1,0,0
15351,0,0,1,0,0
15352,0,0,1,0,0
15353,0,0,1,0,0
15354,0,0,1,0,0
15355,0,0,1,0,0
15356,0,0,1,0,0
15357,0,0,1,0,0
15358,0,0,1,0,0
15359,0,0,1,0,0
15360,0,0,1,0,0
15361,-1,1,1,0,0
15362,-2,4,1,0,0
15363,6,6,1,0,0
15364,9,-5,1,0,0
15365,-4,-14,1,0,0
15366,-18,0,1,0,0
15367,-9,19,1,0,0
15368,13,17,1,0,0
15369,21,-3,1,0,0
15370,7,-19,1,0,0
15371,-13,-15,1,0,0
15372,-21,3,1,0,0
15373,-12,18,1,0,0
15374,6,22,1,0,0
15375,19,11,1,0,0
15376,21,-5,1,0,0
15377,11,-17,1,0,0
15378,-4,-20,1,0,0
15379,-15,-15,1,0,0
15380,-21,-3,1,0,0
15381,-20,8,1,0,0
15382,-13,17,1,0,0
15383,-5,21,1,0,0
15384,4,22,1,0,0
15385,11,19,1,0,0
15386,16,14,1,0,0
15387,19,9,1,0,0
15388,21,5,1,0,0
15389,21,1,1,0,0
15390,21,-3,1,0,0
15391,20,-4,1,0,0
15392,18,-4,1,0,0
15393,14,-4,1,0,0
15394,11,-3,1,0,0
15395,7,-1,1,0,0
15396,3,1,1,0,0
15397,1,1,1,0,0
15398,0,0,1,0,0
15399,-1,-1,1,0,0
15400,-3,-1,1,0,0
15401,-7,1,1,0,0
15402,-11,3,1,0,0
15403,-14,4,1,0,0
15404,-18,4,1,0,0
15405,-20,4,1,0,0
15406,-21,3,1,0,0
15407,-21,-1,1,0,0
15408,-21,-5,1,0,0
15409,-19,-9,1,0,0
15410,-16,-14,1,0,0
15411,-11,-19,1,0,0
15412,-4,-22,1,0,0
15413,5,-21,1,0,0
15414,13,-17,1,0,0
15415,20,-8,1,0,0
15416,21,3,1,0,0
15417,15,15,1,0,0
15418,4,20,1,0,0
15419,-11,17,1,0,0
15420,-21,5,1,0,0
15421,-19,-11,1,0,0
15422,-6,-22,1,0,0
15423,12,-18,1,0,0
15424,21,-3,1,0,0
15425,13,15,1,0,0
15426,-7,19,1,0,0
15427,-21,3,1,0,0
15428,-13,-17,1,0,0
15429,9,-19,1,0,0
15430,18,0,1,0,0
15431,4,14,1,0,0
15432,-9,5,1,0,0
15433,-6,-6,1,0,0
15434,2,-4,1,0,0
15435,1,-1,1,0,0
15436,0,0,1,0,0
15437,0,0,1,0,0
15438,1,3,1,0,0
15439,-7,5,1,0,0
15440,-10,-6,1,0,0
15441,3,-15,1,0,0
15442,17,-1,1,0,0
15443,8,18,1,0,0
15444,-14,16,1,0,0
15445,-22,-4,1,0,0
15446,-8,-20,1,0,0
15447,12,-16,1,0,0
15448,20,2,1,0,0
15449,11,17,1,0,0
15450,-7,21,1,0,0
15451,-20,10,1,0,0
15452,-22,-6,1,0,0
15453,-12,-18,1,0,0
15454,3,-21,1,0,0
15455,15,-15,1,0,0
15456,20,-4,1,0,0
15457,19,7,1,0,0
15458,12,16,1,0,0
15459,4,20,1,0,0
15460,-5,21,1,0,0
15461,-12,18,1,0,0
15462,-17,13,1,0,0
15463,-20,8,1,0,0
15464,-22,4,1,0,0
15465,-22,0,1,0,0
15466,-22,-4,1,0,0
15467,-21,-5,1,0,0
15468,-19,-5,1,0,0
15469,-15,-5,1,0,0
15470,-12,-4,1,0,0
15471,-8,-2,1,0,0
15472,-4,0,1,0,0
15473,-2,0,1,0,0
15474,0,0,1,0,0
15475,0,-2,1,0,0
15476,0,-4,1,0,0
15477,2,-8,1,0,0
15478,4,-12,1,0,0
15479,5,-15,1,0,0
15480,5,-19,1,0,0
15481,5,-21,1,0,0
15482,4,-22,1,0,0
15483,0,-22,1,0,0
15484,-4,-22,1,0,0
15485,-8,-20,1,0,0
15486,-13,-17,1,0,0
15487,-18,-12,1,0,0
15488,-21,-5,1,0,0
15489,-20,4,1,0,0
15490,-16,12,1,0,0
15491,-7,19,1,0,0
15492,4,20,1,0,0
15493,15,15,1,0,0
15494,21,3,1,0,0
15495,18,-12,1,0,0
15496,6,-22,1,0,0
15497,-10,-20,1,0,0
15498,-21,-7,1,0,0
15499,-17,11,1,0,0
15500,-2,20,1,0,0
15501,16,12,1,0,0
15502,20,-8,1,0,0
15503,4,-22,1,0,0
15504,-16,-14,1,0,0
15505,-18,8,1,0,0
15506,1,17,1,0,0
15507,15,3,1,0,0
15508,6,-10,1,0,0
15509,-5,-7,1,0,0
15510,-3,1,1,0,0
15511,0,0,1,0,0
15512,0,0,1,0,0
15513,0,0,1,0,0
15514,0,0,1,0,0
15515,0,0,1,0,0
15516,0,0,1,0,0
15517,0,0,1,0,0
15518,0,0,1,0,0
15519,0,0,1,0,0
15520,0,0,1,0,0
15521,0,0,1,1,0
done_after_cycles=16819
captured_samples=15522
overflow_seen=0
RESULT=PASS_BASIC_COMPLETION
