rate=1Mbps 
payload_length=127 
chirp_index=0 
output_width=6 
sample_index,tx_real_signed,tx_imag_signed,tx_valid,tx_done,fifo_overflow
0,0,0,1,0,0
1,-1,1,1,0,0
2,-2,4,1,0,0
3,6,6,1,0,0
4,9,-5,1,0,0
5,-4,-14,1,0,0
6,-18,0,1,0,0
7,-9,19,1,0,0
8,13,17,1,0,0
9,21,-3,1,0,0
10,7,-19,1,0,0
11,-13,-15,1,0,0
12,-21,3,1,0,0
13,-12,18,1,0,0
14,6,22,1,0,0
15,19,11,1,0,0
16,21,-5,1,0,0
17,11,-17,1,0,0
18,-4,-20,1,0,0
19,-15,-15,1,0,0
20,-21,-3,1,0,0
21,-20,8,1,0,0
22,-13,17,1,0,0
23,-5,21,1,0,0
24,4,22,1,0,0
25,11,19,1,0,0
26,16,14,1,0,0
27,19,9,1,0,0
28,21,5,1,0,0
29,21,1,1,0,0
30,21,-3,1,0,0
31,20,-4,1,0,0
32,18,-4,1,0,0
33,14,-4,1,0,0
34,11,-3,1,0,0
35,7,-1,1,0,0
36,3,1,1,0,0
37,1,1,1,0,0
38,0,0,1,0,0
39,1,1,1,0,0
40,3,1,1,0,0
41,7,-1,1,0,0
42,11,-3,1,0,0
43,14,-4,1,0,0
44,18,-4,1,0,0
45,20,-4,1,0,0
46,21,-3,1,0,0
47,21,1,1,0,0
48,21,5,1,0,0
49,19,9,1,0,0
50,16,14,1,0,0
51,11,19,1,0,0
52,4,22,1,0,0
53,-5,21,1,0,0
54,-13,17,1,0,0
55,-20,8,1,0,0
56,-21,-3,1,0,0
57,-15,-15,1,0,0
58,-4,-20,1,0,0
59,11,-17,1,0,0
60,21,-5,1,0,0
61,19,11,1,0,0
62,6,22,1,0,0
63,-12,18,1,0,0
64,-21,3,1,0,0
65,-13,-15,1,0,0
66,7,-19,1,0,0
67,21,-3,1,0,0
68,13,17,1,0,0
69,-9,19,1,0,0
70,-18,0,1,0,0
71,-4,-14,1,0,0
72,9,-5,1,0,0
73,6,6,1,0,0
74,-2,4,1,0,0
75,-1,1,1,0,0
76,0,0,1,0,0
77,0,0,1,0,0
78,3,-1,1,0,0
79,5,7,1,0,0
80,-6,10,1,0,0
81,-15,-3,1,0,0
82,-1,-17,1,0,0
83,18,-8,1,0,0
84,16,14,1,0,0
85,-4,22,1,0,0
86,-20,8,1,0,0
87,-16,-12,1,0,0
88,2,-20,1,0,0
89,17,-11,1,0,0
90,21,7,1,0,0
91,10,20,1,0,0
92,-6,22,1,0,0
93,-18,12,1,0,0
94,-21,-3,1,0,0
95,-15,-15,1,0,0
96,-4,-20,1,0,0
97,7,-19,1,0,0
98,16,-12,1,0,0
99,20,-4,1,0,0
100,21,5,1,0,0
101,18,12,1,0,0
102,13,17,1,0,0
103,8,20,1,0,0
104,4,22,1,0,0
105,0,22,1,0,0
106,-4,22,1,0,0
107,-5,21,1,0,0
108,-5,19,1,0,0
109,-5,15,1,0,0
110,-4,12,1,0,0
111,-2,8,1,0,0
112,0,4,1,0,0
113,0,2,1,0,0
114,0,0,1,0,0
115,0,2,1,0,0
116,0,4,1,0,0
117,-2,8,1,0,0
118,-4,12,1,0,0
119,-5,15,1,0,0
120,-5,19,1,0,0
121,-5,21,1,0,0
122,-4,22,1,0,0
123,0,22,1,0,0
124,4,22,1,0,0
125,8,20,1,0,0
126,13,17,1,0,0
127,18,12,1,0,0
128,21,5,1,0,0
129,20,-4,1,0,0
130,16,-12,1,0,0
131,7,-19,1,0,0
132,-4,-20,1,0,0
133,-15,-15,1,0,0
134,-21,-3,1,0,0
135,-18,12,1,0,0
136,-6,22,1,0,0
137,10,20,1,0,0
138,21,7,1,0,0
139,17,-11,1,0,0
140,2,-20,1,0,0
141,-16,-12,1,0,0
142,-20,8,1,0,0
143,-4,22,1,0,0
144,16,14,1,0,0
145,18,-8,1,0,0
146,-1,-17,1,0,0
147,-15,-3,1,0,0
148,-6,10,1,0,0
149,5,7,1,0,0
150,3,-1,1,0,0
151,0,0,1,0,0
152,0,0,1,0,0
153,0,0,1,0,0
154,0,0,1,0,0
155,0,0,1,0,0
156,0,0,1,0,0
157,0,0,1,0,0
158,0,0,1,0,0
159,0,0,1,0,0
160,0,0,1,0,0
161,0,0,1,0,0
162,0,0,1,0,0
163,1,-1,1,0,0
164,2,-4,1,0,0
165,-6,-6,1,0,0
166,-9,5,1,0,0
167,4,14,1,0,0
168,18,0,1,0,0
169,9,-19,1,0,0
170,-13,-17,1,0,0
171,-21,3,1,0,0
172,-7,19,1,0,0
173,13,15,1,0,0
174,21,-3,1,0,0
175,12,-18,1,0,0
176,-6,-22,1,0,0
177,-19,-11,1,0,0
178,-21,5,1,0,0
179,-11,17,1,0,0
180,4,20,1,0,0
181,15,15,1,0,0
182,21,3,1,0,0
183,20,-8,1,0,0
184,13,-17,1,0,0
185,5,-21,1,0,0
186,-4,-22,1,0,0
187,-11,-19,1,0,0
188,-16,-14,1,0,0
189,-19,-9,1,0,0
190,-21,-5,1,0,0
191,-21,-1,1,0,0
192,-21,3,1,0,0
193,-20,4,1,0,0
194,-18,4,1,0,0
195,-14,4,1,0,0
196,-11,3,1,0,0
197,-7,1,1,0,0
198,-3,-1,1,0,0
199,-1,-1,1,0,0
200,0,0,1,0,0
201,-1,-1,1,0,0
202,-3,-1,1,0,0
203,-7,1,1,0,0
204,-11,3,1,0,0
205,-14,4,1,0,0
206,-18,4,1,0,0
207,-20,4,1,0,0
208,-21,3,1,0,0
209,-21,-1,1,0,0
210,-21,-5,1,0,0
211,-19,-9,1,0,0
212,-16,-14,1,0,0
213,-11,-19,1,0,0
214,-4,-22,1,0,0
215,5,-21,1,0,0
216,13,-17,1,0,0
217,20,-8,1,0,0
218,21,3,1,0,0
219,15,15,1,0,0
220,4,20,1,0,0
221,-11,17,1,0,0
222,-21,5,1,0,0
223,-19,-11,1,0,0
224,-6,-22,1,0,0
225,12,-18,1,0,0
226,21,-3,1,0,0
227,13,15,1,0,0
228,-7,19,1,0,0
229,-21,3,1,0,0
230,-13,-17,1,0,0
231,9,-19,1,0,0
232,18,0,1,0,0
233,4,14,1,0,0
234,-9,5,1,0,0
235,-6,-6,1,0,0
236,2,-4,1,0,0
237,1,-1,1,0,0
238,0,0,1,0,0
239,0,0,1,0,0
240,-3,1,1,0,0
241,-5,-7,1,0,0
242,6,-10,1,0,0
243,15,3,1,0,0
244,1,17,1,0,0
245,-18,8,1,0,0
246,-16,-14,1,0,0
247,4,-22,1,0,0
248,20,-8,1,0,0
249,16,12,1,0,0
250,-2,20,1,0,0
251,-17,11,1,0,0
252,-21,-7,1,0,0
253,-10,-20,1,0,0
254,6,-22,1,0,0
255,18,-12,1,0,0
256,21,3,1,0,0
257,15,15,1,0,0
258,4,20,1,0,0
259,-7,19,1,0,0
260,-16,12,1,0,0
261,-20,4,1,0,0
262,-21,-5,1,0,0
263,-18,-12,1,0,0
264,-13,-17,1,0,0
265,-8,-20,1,0,0
266,-4,-22,1,0,0
267,0,-22,1,0,0
268,4,-22,1,0,0
269,5,-21,1,0,0
270,5,-19,1,0,0
271,5,-15,1,0,0
272,4,-12,1,0,0
273,2,-8,1,0,0
274,0,-4,1,0,0
275,0,-2,1,0,0
276,0,0,1,0,0
277,0,-2,1,0,0
278,0,-4,1,0,0
279,2,-8,1,0,0
280,4,-12,1,0,0
281,5,-15,1,0,0
282,5,-19,1,0,0
283,5,-21,1,0,0
284,4,-22,1,0,0
285,0,-22,1,0,0
286,-4,-22,1,0,0
287,-8,-20,1,0,0
288,-13,-17,1,0,0
289,-18,-12,1,0,0
290,-21,-5,1,0,0
291,-20,4,1,0,0
292,-16,12,1,0,0
293,-7,19,1,0,0
294,4,20,1,0,0
295,15,15,1,0,0
296,21,3,1,0,0
297,18,-12,1,0,0
298,6,-22,1,0,0
299,-10,-20,1,0,0
300,-21,-7,1,0,0
301,-17,11,1,0,0
302,-2,20,1,0,0
303,16,12,1,0,0
304,20,-8,1,0,0
305,4,-22,1,0,0
306,-16,-14,1,0,0
307,-18,8,1,0,0
308,1,17,1,0,0
309,15,3,1,0,0
310,6,-10,1,0,0
311,-5,-7,1,0,0
312,-3,1,1,0,0
313,0,0,1,0,0
314,0,0,1,0,0
315,0,0,1,0,0
316,0,0,1,0,0
317,0,0,1,0,0
318,0,0,1,0,0
319,0,0,1,0,0
320,0,0,1,0,0
321,0,0,1,0,0
322,0,0,1,0,0
323,0,0,1,0,0
324,0,0,1,0,0
325,0,0,1,0,0
326,0,0,1,0,0
327,0,0,1,0,0
328,0,0,1,0,0
329,0,0,1,0,0
330,0,0,1,0,0
331,0,0,1,0,0
332,0,0,1,0,0
333,0,0,1,0,0
334,0,0,1,0,0
335,0,0,1,0,0
336,0,0,1,0,0
337,0,0,1,0,0
338,0,0,1,0,0
339,0,0,1,0,0
340,0,0,1,0,0
341,0,0,1,0,0
342,0,0,1,0,0
343,0,0,1,0,0
344,0,0,1,0,0
345,0,0,1,0,0
346,0,0,1,0,0
347,0,0,1,0,0
348,0,0,1,0,0
349,0,0,1,0,0
350,0,0,1,0,0
351,0,0,1,0,0
352,0,0,1,0,0
353,0,0,1,0,0
354,0,0,1,0,0
355,0,0,1,0,0
356,0,0,1,0,0
357,0,0,1,0,0
358,0,0,1,0,0
359,0,0,1,0,0
360,0,0,1,0,0
361,0,0,1,0,0
362,0,0,1,0,0
363,0,0,1,0,0
364,0,0,1,0,0
365,0,0,1,0,0
366,0,0,1,0,0
367,0,0,1,0,0
368,0,0,1,0,0
369,0,0,1,0,0
370,0,0,1,0,0
371,0,0,1,0,0
372,0,0,1,0,0
373,0,0,1,0,0
374,0,0,1,0,0
375,0,0,1,0,0
376,0,0,1,0,0
377,0,0,1,0,0
378,0,0,1,0,0
379,0,0,1,0,0
380,0,0,1,0,0
381,0,0,1,0,0
382,0,0,1,0,0
383,0,0,1,0,0
384,0,0,1,0,0
385,-1,1,1,0,0
386,-2,4,1,0,0
387,6,6,1,0,0
388,9,-5,1,0,0
389,-4,-14,1,0,0
390,-18,0,1,0,0
391,-9,19,1,0,0
392,13,17,1,0,0
393,21,-3,1,0,0
394,7,-19,1,0,0
395,-13,-15,1,0,0
396,-21,3,1,0,0
397,-12,18,1,0,0
398,6,22,1,0,0
399,19,11,1,0,0
400,21,-5,1,0,0
401,11,-17,1,0,0
402,-4,-20,1,0,0
403,-15,-15,1,0,0
404,-21,-3,1,0,0
405,-20,8,1,0,0
406,-13,17,1,0,0
407,-5,21,1,0,0
408,4,22,1,0,0
409,11,19,1,0,0
410,16,14,1,0,0
411,19,9,1,0,0
412,21,5,1,0,0
413,21,1,1,0,0
414,21,-3,1,0,0
415,20,-4,1,0,0
416,18,-4,1,0,0
417,14,-4,1,0,0
418,11,-3,1,0,0
419,7,-1,1,0,0
420,3,1,1,0,0
421,1,1,1,0,0
422,0,0,1,0,0
423,1,1,1,0,0
424,3,1,1,0,0
425,7,-1,1,0,0
426,11,-3,1,0,0
427,14,-4,1,0,0
428,18,-4,1,0,0
429,20,-4,1,0,0
430,21,-3,1,0,0
431,21,1,1,0,0
432,21,5,1,0,0
433,19,9,1,0,0
434,16,14,1,0,0
435,11,19,1,0,0
436,4,22,1,0,0
437,-5,21,1,0,0
438,-13,17,1,0,0
439,-20,8,1,0,0
440,-21,-3,1,0,0
441,-15,-15,1,0,0
442,-4,-20,1,0,0
443,11,-17,1,0,0
444,21,-5,1,0,0
445,19,11,1,0,0
446,6,22,1,0,0
447,-12,18,1,0,0
448,-21,3,1,0,0
449,-13,-15,1,0,0
450,7,-19,1,0,0
451,21,-3,1,0,0
452,13,17,1,0,0
453,-9,19,1,0,0
454,-18,0,1,0,0
455,-4,-14,1,0,0
456,9,-5,1,0,0
457,6,6,1,0,0
458,-2,4,1,0,0
459,-1,1,1,0,0
460,0,0,1,0,0
461,0,0,1,0,0
462,3,-1,1,0,0
463,5,7,1,0,0
464,-6,10,1,0,0
465,-15,-3,1,0,0
466,-1,-17,1,0,0
467,18,-8,1,0,0
468,16,14,1,0,0
469,-4,22,1,0,0
470,-20,8,1,0,0
471,-16,-12,1,0,0
472,2,-20,1,0,0
473,17,-11,1,0,0
474,21,7,1,0,0
475,10,20,1,0,0
476,-6,22,1,0,0
477,-18,12,1,0,0
478,-21,-3,1,0,0
479,-15,-15,1,0,0
480,-4,-20,1,0,0
481,7,-19,1,0,0
482,16,-12,1,0,0
483,20,-4,1,0,0
484,21,5,1,0,0
485,18,12,1,0,0
486,13,17,1,0,0
487,8,20,1,0,0
488,4,22,1,0,0
489,0,22,1,0,0
490,-4,22,1,0,0
491,-5,21,1,0,0
492,-5,19,1,0,0
493,-5,15,1,0,0
494,-4,12,1,0,0
495,-2,8,1,0,0
496,0,4,1,0,0
497,0,2,1,0,0
498,0,0,1,0,0
499,0,2,1,0,0
500,0,4,1,0,0
501,-2,8,1,0,0
502,-4,12,1,0,0
503,-5,15,1,0,0
504,-5,19,1,0,0
505,-5,21,1,0,0
506,-4,22,1,0,0
507,0,22,1,0,0
508,4,22,1,0,0
509,8,20,1,0,0
510,13,17,1,0,0
511,18,12,1,0,0
512,21,5,1,0,0
513,20,-4,1,0,0
514,16,-12,1,0,0
515,7,-19,1,0,0
516,-4,-20,1,0,0
517,-15,-15,1,0,0
518,-21,-3,1,0,0
519,-18,12,1,0,0
520,-6,22,1,0,0
521,10,20,1,0,0
522,21,7,1,0,0
523,17,-11,1,0,0
524,2,-20,1,0,0
525,-16,-12,1,0,0
526,-20,8,1,0,0
527,-4,22,1,0,0
528,16,14,1,0,0
529,18,-8,1,0,0
530,-1,-17,1,0,0
531,-15,-3,1,0,0
532,-6,10,1,0,0
533,5,7,1,0,0
534,3,-1,1,0,0
535,0,0,1,0,0
536,0,0,1,0,0
537,0,0,1,0,0
538,0,0,1,0,0
539,0,0,1,0,0
540,0,0,1,0,0
541,0,0,1,0,0
542,0,0,1,0,0
543,0,0,1,0,0
544,0,0,1,0,0
545,0,0,1,0,0
546,0,0,1,0,0
547,1,-1,1,0,0
548,2,-4,1,0,0
549,-6,-6,1,0,0
550,-9,5,1,0,0
551,4,14,1,0,0
552,18,0,1,0,0
553,9,-19,1,0,0
554,-13,-17,1,0,0
555,-21,3,1,0,0
556,-7,19,1,0,0
557,13,15,1,0,0
558,21,-3,1,0,0
559,12,-18,1,0,0
560,-6,-22,1,0,0
561,-19,-11,1,0,0
562,-21,5,1,0,0
563,-11,17,1,0,0
564,4,20,1,0,0
565,15,15,1,0,0
566,21,3,1,0,0
567,20,-8,1,0,0
568,13,-17,1,0,0
569,5,-21,1,0,0
570,-4,-22,1,0,0
571,-11,-19,1,0,0
572,-16,-14,1,0,0
573,-19,-9,1,0,0
574,-21,-5,1,0,0
575,-21,-1,1,0,0
576,-21,3,1,0,0
577,-20,4,1,0,0
578,-18,4,1,0,0
579,-14,4,1,0,0
580,-11,3,1,0,0
581,-7,1,1,0,0
582,-3,-1,1,0,0
583,-1,-1,1,0,0
584,0,0,1,0,0
585,-1,-1,1,0,0
586,-3,-1,1,0,0
587,-7,1,1,0,0
588,-11,3,1,0,0
589,-14,4,1,0,0
590,-18,4,1,0,0
591,-20,4,1,0,0
592,-21,3,1,0,0
593,-21,-1,1,0,0
594,-21,-5,1,0,0
595,-19,-9,1,0,0
596,-16,-14,1,0,0
597,-11,-19,1,0,0
598,-4,-22,1,0,0
599,5,-21,1,0,0
600,13,-17,1,0,0
601,20,-8,1,0,0
602,21,3,1,0,0
603,15,15,1,0,0
604,4,20,1,0,0
605,-11,17,1,0,0
606,-21,5,1,0,0
607,-19,-11,1,0,0
608,-6,-22,1,0,0
609,12,-18,1,0,0
610,21,-3,1,0,0
611,13,15,1,0,0
612,-7,19,1,0,0
613,-21,3,1,0,0
614,-13,-17,1,0,0
615,9,-19,1,0,0
616,18,0,1,0,0
617,4,14,1,0,0
618,-9,5,1,0,0
619,-6,-6,1,0,0
620,2,-4,1,0,0
621,1,-1,1,0,0
622,0,0,1,0,0
623,0,0,1,0,0
624,-3,1,1,0,0
625,-5,-7,1,0,0
626,6,-10,1,0,0
627,15,3,1,0,0
628,1,17,1,0,0
629,-18,8,1,0,0
630,-16,-14,1,0,0
631,4,-22,1,0,0
632,20,-8,1,0,0
633,16,12,1,0,0
634,-2,20,1,0,0
635,-17,11,1,0,0
636,-21,-7,1,0,0
637,-10,-20,1,0,0
638,6,-22,1,0,0
639,18,-12,1,0,0
640,21,3,1,0,0
641,15,15,1,0,0
642,4,20,1,0,0
643,-7,19,1,0,0
644,-16,12,1,0,0
645,-20,4,1,0,0
646,-21,-5,1,0,0
647,-18,-12,1,0,0
648,-13,-17,1,0,0
649,-8,-20,1,0,0
650,-4,-22,1,0,0
651,0,-22,1,0,0
652,4,-22,1,0,0
653,5,-21,1,0,0
654,5,-19,1,0,0
655,5,-15,1,0,0
656,4,-12,1,0,0
657,2,-8,1,0,0
658,0,-4,1,0,0
659,0,-2,1,0,0
660,0,0,1,0,0
661,0,-2,1,0,0
662,0,-4,1,0,0
663,2,-8,1,0,0
664,4,-12,1,0,0
665,5,-15,1,0,0
666,5,-19,1,0,0
667,5,-21,1,0,0
668,4,-22,1,0,0
669,0,-22,1,0,0
670,-4,-22,1,0,0
671,-8,-20,1,0,0
672,-13,-17,1,0,0
673,-18,-12,1,0,0
674,-21,-5,1,0,0
675,-20,4,1,0,0
676,-16,12,1,0,0
677,-7,19,1,0,0
678,4,20,1,0,0
679,15,15,1,0,0
680,21,3,1,0,0
681,18,-12,1,0,0
682,6,-22,1,0,0
683,-10,-20,1,0,0
684,-21,-7,1,0,0
685,-17,11,1,0,0
686,-2,20,1,0,0
687,16,12,1,0,0
688,20,-8,1,0,0
689,4,-22,1,0,0
690,-16,-14,1,0,0
691,-18,8,1,0,0
692,1,17,1,0,0
693,15,3,1,0,0
694,6,-10,1,0,0
695,-5,-7,1,0,0
696,-3,1,1,0,0
697,0,0,1,0,0
698,0,0,1,0,0
699,0,0,1,0,0
700,0,0,1,0,0
701,0,0,1,0,0
702,0,0,1,0,0
703,0,0,1,0,0
704,0,0,1,0,0
705,0,0,1,0,0
706,0,0,1,0,0
707,0,0,1,0,0
708,0,0,1,0,0
709,0,0,1,0,0
710,0,0,1,0,0
711,0,0,1,0,0
712,0,0,1,0,0
713,0,0,1,0,0
714,0,0,1,0,0
715,0,0,1,0,0
716,0,0,1,0,0
717,0,0,1,0,0
718,0,0,1,0,0
719,0,0,1,0,0
720,0,0,1,0,0
721,0,0,1,0,0
722,0,0,1,0,0
723,0,0,1,0,0
724,0,0,1,0,0
725,0,0,1,0,0
726,0,0,1,0,0
727,0,0,1,0,0
728,0,0,1,0,0
729,0,0,1,0,0
730,0,0,1,0,0
731,0,0,1,0,0
732,0,0,1,0,0
733,0,0,1,0,0
734,0,0,1,0,0
735,0,0,1,0,0
736,0,0,1,0,0
737,0,0,1,0,0
738,0,0,1,0,0
739,0,0,1,0,0
740,0,0,1,0,0
741,0,0,1,0,0
742,0,0,1,0,0
743,0,0,1,0,0
744,0,0,1,0,0
745,0,0,1,0,0
746,0,0,1,0,0
747,0,0,1,0,0
748,0,0,1,0,0
749,0,0,1,0,0
750,0,0,1,0,0
751,0,0,1,0,0
752,0,0,1,0,0
753,0,0,1,0,0
754,0,0,1,0,0
755,0,0,1,0,0
756,0,0,1,0,0
757,0,0,1,0,0
758,0,0,1,0,0
759,0,0,1,0,0
760,0,0,1,0,0
761,0,0,1,0,0
762,0,0,1,0,0
763,0,0,1,0,0
764,0,0,1,0,0
765,0,0,1,0,0
766,0,0,1,0,0
767,0,0,1,0,0
768,0,0,1,0,0
769,-1,1,1,0,0
770,-2,4,1,0,0
771,6,6,1,0,0
772,9,-5,1,0,0
773,-4,-14,1,0,0
774,-18,0,1,0,0
775,-9,19,1,0,0
776,13,17,1,0,0
777,21,-3,1,0,0
778,7,-19,1,0,0
779,-13,-15,1,0,0
780,-21,3,1,0,0
781,-12,18,1,0,0
782,6,22,1,0,0
783,19,11,1,0,0
784,21,-5,1,0,0
785,11,-17,1,0,0
786,-4,-20,1,0,0
787,-15,-15,1,0,0
788,-21,-3,1,0,0
789,-20,8,1,0,0
790,-13,17,1,0,0
791,-5,21,1,0,0
792,4,22,1,0,0
793,11,19,1,0,0
794,16,14,1,0,0
795,19,9,1,0,0
796,21,5,1,0,0
797,21,1,1,0,0
798,21,-3,1,0,0
799,20,-4,1,0,0
800,18,-4,1,0,0
801,14,-4,1,0,0
802,11,-3,1,0,0
803,7,-1,1,0,0
804,3,1,1,0,0
805,1,1,1,0,0
806,0,0,1,0,0
807,1,1,1,0,0
808,3,1,1,0,0
809,7,-1,1,0,0
810,11,-3,1,0,0
811,14,-4,1,0,0
812,18,-4,1,0,0
813,20,-4,1,0,0
814,21,-3,1,0,0
815,21,1,1,0,0
816,21,5,1,0,0
817,19,9,1,0,0
818,16,14,1,0,0
819,11,19,1,0,0
820,4,22,1,0,0
821,-5,21,1,0,0
822,-13,17,1,0,0
823,-20,8,1,0,0
824,-21,-3,1,0,0
825,-15,-15,1,0,0
826,-4,-20,1,0,0
827,11,-17,1,0,0
828,21,-5,1,0,0
829,19,11,1,0,0
830,6,22,1,0,0
831,-12,18,1,0,0
832,-21,3,1,0,0
833,-13,-15,1,0,0
834,7,-19,1,0,0
835,21,-3,1,0,0
836,13,17,1,0,0
837,-9,19,1,0,0
838,-18,0,1,0,0
839,-4,-14,1,0,0
840,9,-5,1,0,0
841,6,6,1,0,0
842,-2,4,1,0,0
843,-1,1,1,0,0
844,0,0,1,0,0
845,0,0,1,0,0
846,3,-1,1,0,0
847,5,7,1,0,0
848,-6,10,1,0,0
849,-15,-3,1,0,0
850,-1,-17,1,0,0
851,18,-8,1,0,0
852,16,14,1,0,0
853,-4,22,1,0,0
854,-20,8,1,0,0
855,-16,-12,1,0,0
856,2,-20,1,0,0
857,17,-11,1,0,0
858,21,7,1,0,0
859,10,20,1,0,0
860,-6,22,1,0,0
861,-18,12,1,0,0
862,-21,-3,1,0,0
863,-15,-15,1,0,0
864,-4,-20,1,0,0
865,7,-19,1,0,0
866,16,-12,1,0,0
867,20,-4,1,0,0
868,21,5,1,0,0
869,18,12,1,0,0
870,13,17,1,0,0
871,8,20,1,0,0
872,4,22,1,0,0
873,0,22,1,0,0
874,-4,22,1,0,0
875,-5,21,1,0,0
876,-5,19,1,0,0
877,-5,15,1,0,0
878,-4,12,1,0,0
879,-2,8,1,0,0
880,0,4,1,0,0
881,0,2,1,0,0
882,0,0,1,0,0
883,0,2,1,0,0
884,0,4,1,0,0
885,-2,8,1,0,0
886,-4,12,1,0,0
887,-5,15,1,0,0
888,-5,19,1,0,0
889,-5,21,1,0,0
890,-4,22,1,0,0
891,0,22,1,0,0
892,4,22,1,0,0
893,8,20,1,0,0
894,13,17,1,0,0
895,18,12,1,0,0
896,21,5,1,0,0
897,20,-4,1,0,0
898,16,-12,1,0,0
899,7,-19,1,0,0
900,-4,-20,1,0,0
901,-15,-15,1,0,0
902,-21,-3,1,0,0
903,-18,12,1,0,0
904,-6,22,1,0,0
905,10,20,1,0,0
906,21,7,1,0,0
907,17,-11,1,0,0
908,2,-20,1,0,0
909,-16,-12,1,0,0
910,-20,8,1,0,0
911,-4,22,1,0,0
912,16,14,1,0,0
913,18,-8,1,0,0
914,-1,-17,1,0,0
915,-15,-3,1,0,0
916,-6,10,1,0,0
917,5,7,1,0,0
918,3,-1,1,0,0
919,0,0,1,0,0
920,0,0,1,0,0
921,0,0,1,0,0
922,0,0,1,0,0
923,0,0,1,0,0
924,0,0,1,0,0
925,0,0,1,0,0
926,0,0,1,0,0
927,0,0,1,0,0
928,0,0,1,0,0
929,0,0,1,0,0
930,0,0,1,0,0
931,1,-1,1,0,0
932,2,-4,1,0,0
933,-6,-6,1,0,0
934,-9,5,1,0,0
935,4,14,1,0,0
936,18,0,1,0,0
937,9,-19,1,0,0
938,-13,-17,1,0,0
939,-21,3,1,0,0
940,-7,19,1,0,0
941,13,15,1,0,0
942,21,-3,1,0,0
943,12,-18,1,0,0
944,-6,-22,1,0,0
945,-19,-11,1,0,0
946,-21,5,1,0,0
947,-11,17,1,0,0
948,4,20,1,0,0
949,15,15,1,0,0
950,21,3,1,0,0
951,20,-8,1,0,0
952,13,-17,1,0,0
953,5,-21,1,0,0
954,-4,-22,1,0,0
955,-11,-19,1,0,0
956,-16,-14,1,0,0
957,-19,-9,1,0,0
958,-21,-5,1,0,0
959,-21,-1,1,0,0
960,-21,3,1,0,0
961,-20,4,1,0,0
962,-18,4,1,0,0
963,-14,4,1,0,0
964,-11,3,1,0,0
965,-7,1,1,0,0
966,-3,-1,1,0,0
967,-1,-1,1,0,0
968,0,0,1,0,0
969,-1,-1,1,0,0
970,-3,-1,1,0,0
971,-7,1,1,0,0
972,-11,3,1,0,0
973,-14,4,1,0,0
974,-18,4,1,0,0
975,-20,4,1,0,0
976,-21,3,1,0,0
977,-21,-1,1,0,0
978,-21,-5,1,0,0
979,-19,-9,1,0,0
980,-16,-14,1,0,0
981,-11,-19,1,0,0
982,-4,-22,1,0,0
983,5,-21,1,0,0
984,13,-17,1,0,0
985,20,-8,1,0,0
986,21,3,1,0,0
987,15,15,1,0,0
988,4,20,1,0,0
989,-11,17,1,0,0
990,-21,5,1,0,0
991,-19,-11,1,0,0
992,-6,-22,1,0,0
993,12,-18,1,0,0
994,21,-3,1,0,0
995,13,15,1,0,0
996,-7,19,1,0,0
997,-21,3,1,0,0
998,-13,-17,1,0,0
999,9,-19,1,0,0
1000,18,0,1,0,0
1001,4,14,1,0,0
1002,-9,5,1,0,0
1003,-6,-6,1,0,0
1004,2,-4,1,0,0
1005,1,-1,1,0,0
1006,0,0,1,0,0
1007,0,0,1,0,0
1008,-3,1,1,0,0
1009,-5,-7,1,0,0
1010,6,-10,1,0,0
1011,15,3,1,0,0
1012,1,17,1,0,0
1013,-18,8,1,0,0
1014,-16,-14,1,0,0
1015,4,-22,1,0,0
1016,20,-8,1,0,0
1017,16,12,1,0,0
1018,-2,20,1,0,0
1019,-17,11,1,0,0
1020,-21,-7,1,0,0
1021,-10,-20,1,0,0
1022,6,-22,1,0,0
1023,18,-12,1,0,0
1024,21,3,1,0,0
1025,15,15,1,0,0
1026,4,20,1,0,0
1027,-7,19,1,0,0
1028,-16,12,1,0,0
1029,-20,4,1,0,0
1030,-21,-5,1,0,0
1031,-18,-12,1,0,0
1032,-13,-17,1,0,0
1033,-8,-20,1,0,0
1034,-4,-22,1,0,0
1035,0,-22,1,0,0
1036,4,-22,1,0,0
1037,5,-21,1,0,0
1038,5,-19,1,0,0
1039,5,-15,1,0,0
1040,4,-12,1,0,0
1041,2,-8,1,0,0
1042,0,-4,1,0,0
1043,0,-2,1,0,0
1044,0,0,1,0,0
1045,0,-2,1,0,0
1046,0,-4,1,0,0
1047,2,-8,1,0,0
1048,4,-12,1,0,0
1049,5,-15,1,0,0
1050,5,-19,1,0,0
1051,5,-21,1,0,0
1052,4,-22,1,0,0
1053,0,-22,1,0,0
1054,-4,-22,1,0,0
1055,-8,-20,1,0,0
1056,-13,-17,1,0,0
1057,-18,-12,1,0,0
1058,-21,-5,1,0,0
1059,-20,4,1,0,0
1060,-16,12,1,0,0
1061,-7,19,1,0,0
1062,4,20,1,0,0
1063,15,15,1,0,0
1064,21,3,1,0,0
1065,18,-12,1,0,0
1066,6,-22,1,0,0
1067,-10,-20,1,0,0
1068,-21,-7,1,0,0
1069,-17,11,1,0,0
1070,-2,20,1,0,0
1071,16,12,1,0,0
1072,20,-8,1,0,0
1073,4,-22,1,0,0
1074,-16,-14,1,0,0
1075,-18,8,1,0,0
1076,1,17,1,0,0
1077,15,3,1,0,0
1078,6,-10,1,0,0
1079,-5,-7,1,0,0
1080,-3,1,1,0,0
1081,0,0,1,0,0
1082,0,0,1,0,0
1083,0,0,1,0,0
1084,0,0,1,0,0
1085,0,0,1,0,0
1086,0,0,1,0,0
1087,0,0,1,0,0
1088,0,0,1,0,0
1089,0,0,1,0,0
1090,0,0,1,0,0
1091,0,0,1,0,0
1092,0,0,1,0,0
1093,0,0,1,0,0
1094,0,0,1,0,0
1095,0,0,1,0,0
1096,0,0,1,0,0
1097,0,0,1,0,0
1098,0,0,1,0,0
1099,0,0,1,0,0
1100,0,0,1,0,0
1101,0,0,1,0,0
1102,0,0,1,0,0
1103,0,0,1,0,0
1104,0,0,1,0,0
1105,0,0,1,0,0
1106,0,0,1,0,0
1107,0,0,1,0,0
1108,0,0,1,0,0
1109,0,0,1,0,0
1110,0,0,1,0,0
1111,0,0,1,0,0
1112,0,0,1,0,0
1113,0,0,1,0,0
1114,0,0,1,0,0
1115,0,0,1,0,0
1116,0,0,1,0,0
1117,0,0,1,0,0
1118,0,0,1,0,0
1119,0,0,1,0,0
1120,0,0,1,0,0
1121,0,0,1,0,0
1122,0,0,1,0,0
1123,0,0,1,0,0
1124,0,0,1,0,0
1125,0,0,1,0,0
1126,0,0,1,0,0
1127,0,0,1,0,0
1128,0,0,1,0,0
1129,0,0,1,0,0
1130,0,0,1,0,0
1131,0,0,1,0,0
1132,0,0,1,0,0
1133,0,0,1,0,0
1134,0,0,1,0,0
1135,0,0,1,0,0
1136,0,0,1,0,0
1137,0,0,1,0,0
1138,0,0,1,0,0
1139,0,0,1,0,0
1140,0,0,1,0,0
1141,0,0,1,0,0
1142,0,0,1,0,0
1143,0,0,1,0,0
1144,0,0,1,0,0
1145,0,0,1,0,0
1146,0,0,1,0,0
1147,0,0,1,0,0
1148,0,0,1,0,0
1149,0,0,1,0,0
1150,0,0,1,0,0
1151,0,0,1,0,0
1152,0,0,1,0,0
1153,-1,1,1,0,0
1154,-2,4,1,0,0
1155,6,6,1,0,0
1156,9,-5,1,0,0
1157,-4,-14,1,0,0
1158,-18,0,1,0,0
1159,-9,19,1,0,0
1160,13,17,1,0,0
1161,21,-3,1,0,0
1162,7,-19,1,0,0
1163,-13,-15,1,0,0
1164,-21,3,1,0,0
1165,-12,18,1,0,0
1166,6,22,1,0,0
1167,19,11,1,0,0
1168,21,-5,1,0,0
1169,11,-17,1,0,0
1170,-4,-20,1,0,0
1171,-15,-15,1,0,0
1172,-21,-3,1,0,0
1173,-20,8,1,0,0
1174,-13,17,1,0,0
1175,-5,21,1,0,0
1176,4,22,1,0,0
1177,11,19,1,0,0
1178,16,14,1,0,0
1179,19,9,1,0,0
1180,21,5,1,0,0
1181,21,1,1,0,0
1182,21,-3,1,0,0
1183,20,-4,1,0,0
1184,18,-4,1,0,0
1185,14,-4,1,0,0
1186,11,-3,1,0,0
1187,7,-1,1,0,0
1188,3,1,1,0,0
1189,1,1,1,0,0
1190,0,0,1,0,0
1191,1,1,1,0,0
1192,3,1,1,0,0
1193,7,-1,1,0,0
1194,11,-3,1,0,0
1195,14,-4,1,0,0
1196,18,-4,1,0,0
1197,20,-4,1,0,0
1198,21,-3,1,0,0
1199,21,1,1,0,0
1200,21,5,1,0,0
1201,19,9,1,0,0
1202,16,14,1,0,0
1203,11,19,1,0,0
1204,4,22,1,0,0
1205,-5,21,1,0,0
1206,-13,17,1,0,0
1207,-20,8,1,0,0
1208,-21,-3,1,0,0
1209,-15,-15,1,0,0
1210,-4,-20,1,0,0
1211,11,-17,1,0,0
1212,21,-5,1,0,0
1213,19,11,1,0,0
1214,6,22,1,0,0
1215,-12,18,1,0,0
1216,-21,3,1,0,0
1217,-13,-15,1,0,0
1218,7,-19,1,0,0
1219,21,-3,1,0,0
1220,13,17,1,0,0
1221,-9,19,1,0,0
1222,-18,0,1,0,0
1223,-4,-14,1,0,0
1224,9,-5,1,0,0
1225,6,6,1,0,0
1226,-2,4,1,0,0
1227,-1,1,1,0,0
1228,0,0,1,0,0
1229,0,0,1,0,0
1230,3,-1,1,0,0
1231,5,7,1,0,0
1232,-6,10,1,0,0
1233,-15,-3,1,0,0
1234,-1,-17,1,0,0
1235,18,-8,1,0,0
1236,16,14,1,0,0
1237,-4,22,1,0,0
1238,-20,8,1,0,0
1239,-16,-12,1,0,0
1240,2,-20,1,0,0
1241,17,-11,1,0,0
1242,21,7,1,0,0
1243,10,20,1,0,0
1244,-6,22,1,0,0
1245,-18,12,1,0,0
1246,-21,-3,1,0,0
1247,-15,-15,1,0,0
1248,-4,-20,1,0,0
1249,7,-19,1,0,0
1250,16,-12,1,0,0
1251,20,-4,1,0,0
1252,21,5,1,0,0
1253,18,12,1,0,0
1254,13,17,1,0,0
1255,8,20,1,0,0
1256,4,22,1,0,0
1257,0,22,1,0,0
1258,-4,22,1,0,0
1259,-5,21,1,0,0
1260,-5,19,1,0,0
1261,-5,15,1,0,0
1262,-4,12,1,0,0
1263,-2,8,1,0,0
1264,0,4,1,0,0
1265,0,2,1,0,0
1266,0,0,1,0,0
1267,0,2,1,0,0
1268,0,4,1,0,0
1269,-2,8,1,0,0
1270,-4,12,1,0,0
1271,-5,15,1,0,0
1272,-5,19,1,0,0
1273,-5,21,1,0,0
1274,-4,22,1,0,0
1275,0,22,1,0,0
1276,4,22,1,0,0
1277,8,20,1,0,0
1278,13,17,1,0,0
1279,18,12,1,0,0
1280,21,5,1,0,0
1281,20,-4,1,0,0
1282,16,-12,1,0,0
1283,7,-19,1,0,0
1284,-4,-20,1,0,0
1285,-15,-15,1,0,0
1286,-21,-3,1,0,0
1287,-18,12,1,0,0
1288,-6,22,1,0,0
1289,10,20,1,0,0
1290,21,7,1,0,0
1291,17,-11,1,0,0
1292,2,-20,1,0,0
1293,-16,-12,1,0,0
1294,-20,8,1,0,0
1295,-4,22,1,0,0
1296,16,14,1,0,0
1297,18,-8,1,0,0
1298,-1,-17,1,0,0
1299,-15,-3,1,0,0
1300,-6,10,1,0,0
1301,5,7,1,0,0
1302,3,-1,1,0,0
1303,0,0,1,0,0
1304,0,0,1,0,0
1305,0,0,1,0,0
1306,0,0,1,0,0
1307,0,0,1,0,0
1308,0,0,1,0,0
1309,0,0,1,0,0
1310,0,0,1,0,0
1311,0,0,1,0,0
1312,0,0,1,0,0
1313,0,0,1,0,0
1314,0,0,1,0,0
1315,1,-1,1,0,0
1316,2,-4,1,0,0
1317,-6,-6,1,0,0
1318,-9,5,1,0,0
1319,4,14,1,0,0
1320,18,0,1,0,0
1321,9,-19,1,0,0
1322,-13,-17,1,0,0
1323,-21,3,1,0,0
1324,-7,19,1,0,0
1325,13,15,1,0,0
1326,21,-3,1,0,0
1327,12,-18,1,0,0
1328,-6,-22,1,0,0
1329,-19,-11,1,0,0
1330,-21,5,1,0,0
1331,-11,17,1,0,0
1332,4,20,1,0,0
1333,15,15,1,0,0
1334,21,3,1,0,0
1335,20,-8,1,0,0
1336,13,-17,1,0,0
1337,5,-21,1,0,0
1338,-4,-22,1,0,0
1339,-11,-19,1,0,0
1340,-16,-14,1,0,0
1341,-19,-9,1,0,0
1342,-21,-5,1,0,0
1343,-21,-1,1,0,0
1344,-21,3,1,0,0
1345,-20,4,1,0,0
1346,-18,4,1,0,0
1347,-14,4,1,0,0
1348,-11,3,1,0,0
1349,-7,1,1,0,0
1350,-3,-1,1,0,0
1351,-1,-1,1,0,0
1352,0,0,1,0,0
1353,-1,-1,1,0,0
1354,-3,-1,1,0,0
1355,-7,1,1,0,0
1356,-11,3,1,0,0
1357,-14,4,1,0,0
1358,-18,4,1,0,0
1359,-20,4,1,0,0
1360,-21,3,1,0,0
1361,-21,-1,1,0,0
1362,-21,-5,1,0,0
1363,-19,-9,1,0,0
1364,-16,-14,1,0,0
1365,-11,-19,1,0,0
1366,-4,-22,1,0,0
1367,5,-21,1,0,0
1368,13,-17,1,0,0
1369,20,-8,1,0,0
1370,21,3,1,0,0
1371,15,15,1,0,0
1372,4,20,1,0,0
1373,-11,17,1,0,0
1374,-21,5,1,0,0
1375,-19,-11,1,0,0
1376,-6,-22,1,0,0
1377,12,-18,1,0,0
1378,21,-3,1,0,0
1379,13,15,1,0,0
1380,-7,19,1,0,0
1381,-21,3,1,0,0
1382,-13,-17,1,0,0
1383,9,-19,1,0,0
1384,18,0,1,0,0
1385,4,14,1,0,0
1386,-9,5,1,0,0
1387,-6,-6,1,0,0
1388,2,-4,1,0,0
1389,1,-1,1,0,0
1390,0,0,1,0,0
1391,0,0,1,0,0
1392,-3,1,1,0,0
1393,-5,-7,1,0,0
1394,6,-10,1,0,0
1395,15,3,1,0,0
1396,1,17,1,0,0
1397,-18,8,1,0,0
1398,-16,-14,1,0,0
1399,4,-22,1,0,0
1400,20,-8,1,0,0
1401,16,12,1,0,0
1402,-2,20,1,0,0
1403,-17,11,1,0,0
1404,-21,-7,1,0,0
1405,-10,-20,1,0,0
1406,6,-22,1,0,0
1407,18,-12,1,0,0
1408,21,3,1,0,0
1409,15,15,1,0,0
1410,4,20,1,0,0
1411,-7,19,1,0,0
1412,-16,12,1,0,0
1413,-20,4,1,0,0
1414,-21,-5,1,0,0
1415,-18,-12,1,0,0
1416,-13,-17,1,0,0
1417,-8,-20,1,0,0
1418,-4,-22,1,0,0
1419,0,-22,1,0,0
1420,4,-22,1,0,0
1421,5,-21,1,0,0
1422,5,-19,1,0,0
1423,5,-15,1,0,0
1424,4,-12,1,0,0
1425,2,-8,1,0,0
1426,0,-4,1,0,0
1427,0,-2,1,0,0
1428,0,0,1,0,0
1429,0,-2,1,0,0
1430,0,-4,1,0,0
1431,2,-8,1,0,0
1432,4,-12,1,0,0
1433,5,-15,1,0,0
1434,5,-19,1,0,0
1435,5,-21,1,0,0
1436,4,-22,1,0,0
1437,0,-22,1,0,0
1438,-4,-22,1,0,0
1439,-8,-20,1,0,0
1440,-13,-17,1,0,0
1441,-18,-12,1,0,0
1442,-21,-5,1,0,0
1443,-20,4,1,0,0
1444,-16,12,1,0,0
1445,-7,19,1,0,0
1446,4,20,1,0,0
1447,15,15,1,0,0
1448,21,3,1,0,0
1449,18,-12,1,0,0
1450,6,-22,1,0,0
1451,-10,-20,1,0,0
1452,-21,-7,1,0,0
1453,-17,11,1,0,0
1454,-2,20,1,0,0
1455,16,12,1,0,0
1456,20,-8,1,0,0
1457,4,-22,1,0,0
1458,-16,-14,1,0,0
1459,-18,8,1,0,0
1460,1,17,1,0,0
1461,15,3,1,0,0
1462,6,-10,1,0,0
1463,-5,-7,1,0,0
1464,-3,1,1,0,0
1465,0,0,1,0,0
1466,0,0,1,0,0
1467,0,0,1,0,0
1468,0,0,1,0,0
1469,0,0,1,0,0
1470,0,0,1,0,0
1471,0,0,1,0,0
1472,0,0,1,0,0
1473,0,0,1,0,0
1474,0,0,1,0,0
1475,0,0,1,0,0
1476,0,0,1,0,0
1477,0,0,1,0,0
1478,0,0,1,0,0
1479,0,0,1,0,0
1480,0,0,1,0,0
1481,0,0,1,0,0
1482,0,0,1,0,0
1483,0,0,1,0,0
1484,0,0,1,0,0
1485,0,0,1,0,0
1486,0,0,1,0,0
1487,0,0,1,0,0
1488,0,0,1,0,0
1489,0,0,1,0,0
1490,0,0,1,0,0
1491,0,0,1,0,0
1492,0,0,1,0,0
1493,0,0,1,0,0
1494,0,0,1,0,0
1495,0,0,1,0,0
1496,0,0,1,0,0
1497,0,0,1,0,0
1498,0,0,1,0,0
1499,0,0,1,0,0
1500,0,0,1,0,0
1501,0,0,1,0,0
1502,0,0,1,0,0
1503,0,0,1,0,0
1504,0,0,1,0,0
1505,0,0,1,0,0
1506,0,0,1,0,0
1507,0,0,1,0,0
1508,0,0,1,0,0
1509,0,0,1,0,0
1510,0,0,1,0,0
1511,0,0,1,0,0
1512,0,0,1,0,0
1513,0,0,1,0,0
1514,0,0,1,0,0
1515,0,0,1,0,0
1516,0,0,1,0,0
1517,0,0,1,0,0
1518,0,0,1,0,0
1519,0,0,1,0,0
1520,0,0,1,0,0
1521,0,0,1,0,0
1522,0,0,1,0,0
1523,0,0,1,0,0
1524,0,0,1,0,0
1525,0,0,1,0,0
1526,0,0,1,0,0
1527,0,0,1,0,0
1528,0,0,1,0,0
1529,0,0,1,0,0
1530,0,0,1,0,0
1531,0,0,1,0,0
1532,0,0,1,0,0
1533,0,0,1,0,0
1534,0,0,1,0,0
1535,0,0,1,0,0
1536,0,0,1,0,0
1537,1,-1,1,0,0
1538,2,-4,1,0,0
1539,-6,-6,1,0,0
1540,-9,5,1,0,0
1541,4,14,1,0,0
1542,18,0,1,0,0
1543,9,-19,1,0,0
1544,-13,-17,1,0,0
1545,-21,3,1,0,0
1546,-7,19,1,0,0
1547,13,15,1,0,0
1548,21,-3,1,0,0
1549,12,-18,1,0,0
1550,-6,-22,1,0,0
1551,-19,-11,1,0,0
1552,-21,5,1,0,0
1553,-11,17,1,0,0
1554,4,20,1,0,0
1555,15,15,1,0,0
1556,21,3,1,0,0
1557,20,-8,1,0,0
1558,13,-17,1,0,0
1559,5,-21,1,0,0
1560,-4,-22,1,0,0
1561,-11,-19,1,0,0
1562,-16,-14,1,0,0
1563,-19,-9,1,0,0
1564,-21,-5,1,0,0
1565,-21,-1,1,0,0
1566,-21,3,1,0,0
1567,-20,4,1,0,0
1568,-18,4,1,0,0
1569,-14,4,1,0,0
1570,-11,3,1,0,0
1571,-7,1,1,0,0
1572,-3,-1,1,0,0
1573,-1,-1,1,0,0
1574,0,0,1,0,0
1575,1,1,1,0,0
1576,3,1,1,0,0
1577,7,-1,1,0,0
1578,11,-3,1,0,0
1579,14,-4,1,0,0
1580,18,-4,1,0,0
1581,20,-4,1,0,0
1582,21,-3,1,0,0
1583,21,1,1,0,0
1584,21,5,1,0,0
1585,19,9,1,0,0
1586,16,14,1,0,0
1587,11,19,1,0,0
1588,4,22,1,0,0
1589,-5,21,1,0,0
1590,-13,17,1,0,0
1591,-20,8,1,0,0
1592,-21,-3,1,0,0
1593,-15,-15,1,0,0
1594,-4,-20,1,0,0
1595,11,-17,1,0,0
1596,21,-5,1,0,0
1597,19,11,1,0,0
1598,6,22,1,0,0
1599,-12,18,1,0,0
1600,-21,3,1,0,0
1601,-13,-15,1,0,0
1602,7,-19,1,0,0
1603,21,-3,1,0,0
1604,13,17,1,0,0
1605,-9,19,1,0,0
1606,-18,0,1,0,0
1607,-4,-14,1,0,0
1608,9,-5,1,0,0
1609,6,6,1,0,0
1610,-2,4,1,0,0
1611,-1,1,1,0,0
1612,0,0,1,0,0
1613,0,0,1,0,0
1614,3,-1,1,0,0
1615,5,7,1,0,0
1616,-6,10,1,0,0
1617,-15,-3,1,0,0
1618,-1,-17,1,0,0
1619,18,-8,1,0,0
1620,16,14,1,0,0
1621,-4,22,1,0,0
1622,-20,8,1,0,0
1623,-16,-12,1,0,0
1624,2,-20,1,0,0
1625,17,-11,1,0,0
1626,21,7,1,0,0
1627,10,20,1,0,0
1628,-6,22,1,0,0
1629,-18,12,1,0,0
1630,-21,-3,1,0,0
1631,-15,-15,1,0,0
1632,-4,-20,1,0,0
1633,7,-19,1,0,0
1634,16,-12,1,0,0
1635,20,-4,1,0,0
1636,21,5,1,0,0
1637,18,12,1,0,0
1638,13,17,1,0,0
1639,8,20,1,0,0
1640,4,22,1,0,0
1641,0,22,1,0,0
1642,-4,22,1,0,0
1643,-5,21,1,0,0
1644,-5,19,1,0,0
1645,-5,15,1,0,0
1646,-4,12,1,0,0
1647,-2,8,1,0,0
1648,0,4,1,0,0
1649,0,2,1,0,0
1650,0,0,1,0,0
1651,0,2,1,0,0
1652,0,4,1,0,0
1653,-2,8,1,0,0
1654,-4,12,1,0,0
1655,-5,15,1,0,0
1656,-5,19,1,0,0
1657,-5,21,1,0,0
1658,-4,22,1,0,0
1659,0,22,1,0,0
1660,4,22,1,0,0
1661,8,20,1,0,0
1662,13,17,1,0,0
1663,18,12,1,0,0
1664,21,5,1,0,0
1665,20,-4,1,0,0
1666,16,-12,1,0,0
1667,7,-19,1,0,0
1668,-4,-20,1,0,0
1669,-15,-15,1,0,0
1670,-21,-3,1,0,0
1671,-18,12,1,0,0
1672,-6,22,1,0,0
1673,10,20,1,0,0
1674,21,7,1,0,0
1675,17,-11,1,0,0
1676,2,-20,1,0,0
1677,-16,-12,1,0,0
1678,-20,8,1,0,0
1679,-4,22,1,0,0
1680,16,14,1,0,0
1681,18,-8,1,0,0
1682,-1,-17,1,0,0
1683,-15,-3,1,0,0
1684,-6,10,1,0,0
1685,5,7,1,0,0
1686,3,-1,1,0,0
1687,0,0,1,0,0
1688,0,0,1,0,0
1689,0,0,1,0,0
1690,0,0,1,0,0
1691,0,0,1,0,0
1692,0,0,1,0,0
1693,0,0,1,0,0
1694,0,0,1,0,0
1695,0,0,1,0,0
1696,0,0,1,0,0
1697,0,0,1,0,0
1698,0,0,1,0,0
1699,1,-1,1,0,0
1700,2,-4,1,0,0
1701,-6,-6,1,0,0
1702,-9,5,1,0,0
1703,4,14,1,0,0
1704,18,0,1,0,0
1705,9,-19,1,0,0
1706,-13,-17,1,0,0
1707,-21,3,1,0,0
1708,-7,19,1,0,0
1709,13,15,1,0,0
1710,21,-3,1,0,0
1711,12,-18,1,0,0
1712,-6,-22,1,0,0
1713,-19,-11,1,0,0
1714,-21,5,1,0,0
1715,-11,17,1,0,0
1716,4,20,1,0,0
1717,15,15,1,0,0
1718,21,3,1,0,0
1719,20,-8,1,0,0
1720,13,-17,1,0,0
1721,5,-21,1,0,0
1722,-4,-22,1,0,0
1723,-11,-19,1,0,0
1724,-16,-14,1,0,0
1725,-19,-9,1,0,0
1726,-21,-5,1,0,0
1727,-21,-1,1,0,0
1728,-21,3,1,0,0
1729,-20,4,1,0,0
1730,-18,4,1,0,0
1731,-14,4,1,0,0
1732,-11,3,1,0,0
1733,-7,1,1,0,0
1734,-3,-1,1,0,0
1735,-1,-1,1,0,0
1736,0,0,1,0,0
1737,-1,-1,1,0,0
1738,-3,-1,1,0,0
1739,-7,1,1,0,0
1740,-11,3,1,0,0
1741,-14,4,1,0,0
1742,-18,4,1,0,0
1743,-20,4,1,0,0
1744,-21,3,1,0,0
1745,-21,-1,1,0,0
1746,-21,-5,1,0,0
1747,-19,-9,1,0,0
1748,-16,-14,1,0,0
1749,-11,-19,1,0,0
1750,-4,-22,1,0,0
1751,5,-21,1,0,0
1752,13,-17,1,0,0
1753,20,-8,1,0,0
1754,21,3,1,0,0
1755,15,15,1,0,0
1756,4,20,1,0,0
1757,-11,17,1,0,0
1758,-21,5,1,0,0
1759,-19,-11,1,0,0
1760,-6,-22,1,0,0
1761,12,-18,1,0,0
1762,21,-3,1,0,0
1763,13,15,1,0,0
1764,-7,19,1,0,0
1765,-21,3,1,0,0
1766,-13,-17,1,0,0
1767,9,-19,1,0,0
1768,18,0,1,0,0
1769,4,14,1,0,0
1770,-9,5,1,0,0
1771,-6,-6,1,0,0
1772,2,-4,1,0,0
1773,1,-1,1,0,0
1774,0,0,1,0,0
1775,0,0,1,0,0
1776,3,-1,1,0,0
1777,5,7,1,0,0
1778,-6,10,1,0,0
1779,-15,-3,1,0,0
1780,-1,-17,1,0,0
1781,18,-8,1,0,0
1782,16,14,1,0,0
1783,-4,22,1,0,0
1784,-20,8,1,0,0
1785,-16,-12,1,0,0
1786,2,-20,1,0,0
1787,17,-11,1,0,0
1788,21,7,1,0,0
1789,10,20,1,0,0
1790,-6,22,1,0,0
1791,-18,12,1,0,0
1792,-21,-3,1,0,0
1793,-15,-15,1,0,0
1794,-4,-20,1,0,0
1795,7,-19,1,0,0
1796,16,-12,1,0,0
1797,20,-4,1,0,0
1798,21,5,1,0,0
1799,18,12,1,0,0
1800,13,17,1,0,0
1801,8,20,1,0,0
1802,4,22,1,0,0
1803,0,22,1,0,0
1804,-4,22,1,0,0
1805,-5,21,1,0,0
1806,-5,19,1,0,0
1807,-5,15,1,0,0
1808,-4,12,1,0,0
1809,-2,8,1,0,0
1810,0,4,1,0,0
1811,0,2,1,0,0
1812,0,0,1,0,0
1813,0,2,1,0,0
1814,0,4,1,0,0
1815,-2,8,1,0,0
1816,-4,12,1,0,0
1817,-5,15,1,0,0
1818,-5,19,1,0,0
1819,-5,21,1,0,0
1820,-4,22,1,0,0
1821,0,22,1,0,0
1822,4,22,1,0,0
1823,8,20,1,0,0
1824,13,17,1,0,0
1825,18,12,1,0,0
1826,21,5,1,0,0
1827,20,-4,1,0,0
1828,16,-12,1,0,0
1829,7,-19,1,0,0
1830,-4,-20,1,0,0
1831,-15,-15,1,0,0
1832,-21,-3,1,0,0
1833,-18,12,1,0,0
1834,-6,22,1,0,0
1835,10,20,1,0,0
1836,21,7,1,0,0
1837,17,-11,1,0,0
1838,2,-20,1,0,0
1839,-16,-12,1,0,0
1840,-20,8,1,0,0
1841,-4,22,1,0,0
1842,16,14,1,0,0
1843,18,-8,1,0,0
1844,-1,-17,1,0,0
1845,-15,-3,1,0,0
1846,-6,10,1,0,0
1847,5,7,1,0,0
1848,3,-1,1,0,0
1849,0,0,1,0,0
1850,0,0,1,0,0
1851,0,0,1,0,0
1852,0,0,1,0,0
1853,0,0,1,0,0
1854,0,0,1,0,0
1855,0,0,1,0,0
1856,0,0,1,0,0
1857,0,0,1,0,0
1858,0,0,1,0,0
1859,0,0,1,0,0
1860,0,0,1,0,0
1861,0,0,1,0,0
1862,0,0,1,0,0
1863,0,0,1,0,0
1864,0,0,1,0,0
1865,0,0,1,0,0
1866,0,0,1,0,0
1867,0,0,1,0,0
1868,0,0,1,0,0
1869,0,0,1,0,0
1870,0,0,1,0,0
1871,0,0,1,0,0
1872,0,0,1,0,0
1873,0,0,1,0,0
1874,0,0,1,0,0
1875,0,0,1,0,0
1876,0,0,1,0,0
1877,0,0,1,0,0
1878,0,0,1,0,0
1879,0,0,1,0,0
1880,0,0,1,0,0
1881,0,0,1,0,0
1882,0,0,1,0,0
1883,0,0,1,0,0
1884,0,0,1,0,0
1885,0,0,1,0,0
1886,0,0,1,0,0
1887,0,0,1,0,0
1888,0,0,1,0,0
1889,0,0,1,0,0
1890,0,0,1,0,0
1891,0,0,1,0,0
1892,0,0,1,0,0
1893,0,0,1,0,0
1894,0,0,1,0,0
1895,0,0,1,0,0
1896,0,0,1,0,0
1897,0,0,1,0,0
1898,0,0,1,0,0
1899,0,0,1,0,0
1900,0,0,1,0,0
1901,0,0,1,0,0
1902,0,0,1,0,0
1903,0,0,1,0,0
1904,0,0,1,0,0
1905,0,0,1,0,0
1906,0,0,1,0,0
1907,0,0,1,0,0
1908,0,0,1,0,0
1909,0,0,1,0,0
1910,0,0,1,0,0
1911,0,0,1,0,0
1912,0,0,1,0,0
1913,0,0,1,0,0
1914,0,0,1,0,0
1915,0,0,1,0,0
1916,0,0,1,0,0
1917,0,0,1,0,0
1918,0,0,1,0,0
1919,0,0,1,0,0
1920,0,0,1,0,0
1921,-1,1,1,0,0
1922,-2,4,1,0,0
1923,6,6,1,0,0
1924,9,-5,1,0,0
1925,-4,-14,1,0,0
1926,-18,0,1,0,0
1927,-9,19,1,0,0
1928,13,17,1,0,0
1929,21,-3,1,0,0
1930,7,-19,1,0,0
1931,-13,-15,1,0,0
1932,-21,3,1,0,0
1933,-12,18,1,0,0
1934,6,22,1,0,0
1935,19,11,1,0,0
1936,21,-5,1,0,0
1937,11,-17,1,0,0
1938,-4,-20,1,0,0
1939,-15,-15,1,0,0
1940,-21,-3,1,0,0
1941,-20,8,1,0,0
1942,-13,17,1,0,0
1943,-5,21,1,0,0
1944,4,22,1,0,0
1945,11,19,1,0,0
1946,16,14,1,0,0
1947,19,9,1,0,0
1948,21,5,1,0,0
1949,21,1,1,0,0
1950,21,-3,1,0,0
1951,20,-4,1,0,0
1952,18,-4,1,0,0
1953,14,-4,1,0,0
1954,11,-3,1,0,0
1955,7,-1,1,0,0
1956,3,1,1,0,0
1957,1,1,1,0,0
1958,0,0,1,0,0
1959,-1,-1,1,0,0
1960,-3,-1,1,0,0
1961,-7,1,1,0,0
1962,-11,3,1,0,0
1963,-14,4,1,0,0
1964,-18,4,1,0,0
1965,-20,4,1,0,0
1966,-21,3,1,0,0
1967,-21,-1,1,0,0
1968,-21,-5,1,0,0
1969,-19,-9,1,0,0
1970,-16,-14,1,0,0
1971,-11,-19,1,0,0
1972,-4,-22,1,0,0
1973,5,-21,1,0,0
1974,13,-17,1,0,0
1975,20,-8,1,0,0
1976,21,3,1,0,0
1977,15,15,1,0,0
1978,4,20,1,0,0
1979,-11,17,1,0,0
1980,-21,5,1,0,0
1981,-19,-11,1,0,0
1982,-6,-22,1,0,0
1983,12,-18,1,0,0
1984,21,-3,1,0,0
1985,13,15,1,0,0
1986,-7,19,1,0,0
1987,-21,3,1,0,0
1988,-13,-17,1,0,0
1989,9,-19,1,0,0
1990,18,0,1,0,0
1991,4,14,1,0,0
1992,-9,5,1,0,0
1993,-6,-6,1,0,0
1994,2,-4,1,0,0
1995,1,-1,1,0,0
1996,0,0,1,0,0
1997,0,0,1,0,0
1998,3,-1,1,0,0
1999,5,7,1,0,0
2000,-6,10,1,0,0
2001,-15,-3,1,0,0
2002,-1,-17,1,0,0
2003,18,-8,1,0,0
2004,16,14,1,0,0
2005,-4,22,1,0,0
2006,-20,8,1,0,0
2007,-16,-12,1,0,0
2008,2,-20,1,0,0
2009,17,-11,1,0,0
2010,21,7,1,0,0
2011,10,20,1,0,0
2012,-6,22,1,0,0
2013,-18,12,1,0,0
2014,-21,-3,1,0,0
2015,-15,-15,1,0,0
2016,-4,-20,1,0,0
2017,7,-19,1,0,0
2018,16,-12,1,0,0
2019,20,-4,1,0,0
2020,21,5,1,0,0
2021,18,12,1,0,0
2022,13,17,1,0,0
2023,8,20,1,0,0
2024,4,22,1,0,0
2025,0,22,1,0,0
2026,-4,22,1,0,0
2027,-5,21,1,0,0
2028,-5,19,1,0,0
2029,-5,15,1,0,0
2030,-4,12,1,0,0
2031,-2,8,1,0,0
2032,0,4,1,0,0
2033,0,2,1,0,0
2034,0,0,1,0,0
2035,0,-2,1,0,0
2036,0,-4,1,0,0
2037,2,-8,1,0,0
2038,4,-12,1,0,0
2039,5,-15,1,0,0
2040,5,-19,1,0,0
2041,5,-21,1,0,0
2042,4,-22,1,0,0
2043,0,-22,1,0,0
2044,-4,-22,1,0,0
2045,-8,-20,1,0,0
2046,-13,-17,1,0,0
2047,-18,-12,1,0,0
2048,-21,-5,1,0,0
2049,-20,4,1,0,0
2050,-16,12,1,0,0
2051,-7,19,1,0,0
2052,4,20,1,0,0
2053,15,15,1,0,0
2054,21,3,1,0,0
2055,18,-12,1,0,0
2056,6,-22,1,0,0
2057,-10,-20,1,0,0
2058,-21,-7,1,0,0
2059,-17,11,1,0,0
2060,-2,20,1,0,0
2061,16,12,1,0,0
2062,20,-8,1,0,0
2063,4,-22,1,0,0
2064,-16,-14,1,0,0
2065,-18,8,1,0,0
2066,1,17,1,0,0
2067,15,3,1,0,0
2068,6,-10,1,0,0
2069,-5,-7,1,0,0
2070,-3,1,1,0,0
2071,0,0,1,0,0
2072,0,0,1,0,0
2073,0,0,1,0,0
2074,0,0,1,0,0
2075,0,0,1,0,0
2076,0,0,1,0,0
2077,0,0,1,0,0
2078,0,0,1,0,0
2079,0,0,1,0,0
2080,0,0,1,0,0
2081,0,0,1,0,0
2082,0,0,1,0,0
2083,1,-1,1,0,0
2084,2,-4,1,0,0
2085,-6,-6,1,0,0
2086,-9,5,1,0,0
2087,4,14,1,0,0
2088,18,0,1,0,0
2089,9,-19,1,0,0
2090,-13,-17,1,0,0
2091,-21,3,1,0,0
2092,-7,19,1,0,0
2093,13,15,1,0,0
2094,21,-3,1,0,0
2095,12,-18,1,0,0
2096,-6,-22,1,0,0
2097,-19,-11,1,0,0
2098,-21,5,1,0,0
2099,-11,17,1,0,0
2100,4,20,1,0,0
2101,15,15,1,0,0
2102,21,3,1,0,0
2103,20,-8,1,0,0
2104,13,-17,1,0,0
2105,5,-21,1,0,0
2106,-4,-22,1,0,0
2107,-11,-19,1,0,0
2108,-16,-14,1,0,0
2109,-19,-9,1,0,0
2110,-21,-5,1,0,0
2111,-21,-1,1,0,0
2112,-21,3,1,0,0
2113,-20,4,1,0,0
2114,-18,4,1,0,0
2115,-14,4,1,0,0
2116,-11,3,1,0,0
2117,-7,1,1,0,0
2118,-3,-1,1,0,0
2119,-1,-1,1,0,0
2120,0,0,1,0,0
2121,1,1,1,0,0
2122,3,1,1,0,0
2123,7,-1,1,0,0
2124,11,-3,1,0,0
2125,14,-4,1,0,0
2126,18,-4,1,0,0
2127,20,-4,1,0,0
2128,21,-3,1,0,0
2129,21,1,1,0,0
2130,21,5,1,0,0
2131,19,9,1,0,0
2132,16,14,1,0,0
2133,11,19,1,0,0
2134,4,22,1,0,0
2135,-5,21,1,0,0
2136,-13,17,1,0,0
2137,-20,8,1,0,0
2138,-21,-3,1,0,0
2139,-15,-15,1,0,0
2140,-4,-20,1,0,0
2141,11,-17,1,0,0
2142,21,-5,1,0,0
2143,19,11,1,0,0
2144,6,22,1,0,0
2145,-12,18,1,0,0
2146,-21,3,1,0,0
2147,-13,-15,1,0,0
2148,7,-19,1,0,0
2149,21,-3,1,0,0
2150,13,17,1,0,0
2151,-9,19,1,0,0
2152,-18,0,1,0,0
2153,-4,-14,1,0,0
2154,9,-5,1,0,0
2155,6,6,1,0,0
2156,-2,4,1,0,0
2157,-1,1,1,0,0
2158,0,0,1,0,0
2159,0,0,1,0,0
2160,3,-1,1,0,0
2161,5,7,1,0,0
2162,-6,10,1,0,0
2163,-15,-3,1,0,0
2164,-1,-17,1,0,0
2165,18,-8,1,0,0
2166,16,14,1,0,0
2167,-4,22,1,0,0
2168,-20,8,1,0,0
2169,-16,-12,1,0,0
2170,2,-20,1,0,0
2171,17,-11,1,0,0
2172,21,7,1,0,0
2173,10,20,1,0,0
2174,-6,22,1,0,0
2175,-18,12,1,0,0
2176,-21,-3,1,0,0
2177,-15,-15,1,0,0
2178,-4,-20,1,0,0
2179,7,-19,1,0,0
2180,16,-12,1,0,0
2181,20,-4,1,0,0
2182,21,5,1,0,0
2183,18,12,1,0,0
2184,13,17,1,0,0
2185,8,20,1,0,0
2186,4,22,1,0,0
2187,0,22,1,0,0
2188,-4,22,1,0,0
2189,-5,21,1,0,0
2190,-5,19,1,0,0
2191,-5,15,1,0,0
2192,-4,12,1,0,0
2193,-2,8,1,0,0
2194,0,4,1,0,0
2195,0,2,1,0,0
2196,0,0,1,0,0
2197,0,-2,1,0,0
2198,0,-4,1,0,0
2199,2,-8,1,0,0
2200,4,-12,1,0,0
2201,5,-15,1,0,0
2202,5,-19,1,0,0
2203,5,-21,1,0,0
2204,4,-22,1,0,0
2205,0,-22,1,0,0
2206,-4,-22,1,0,0
2207,-8,-20,1,0,0
2208,-13,-17,1,0,0
2209,-18,-12,1,0,0
2210,-21,-5,1,0,0
2211,-20,4,1,0,0
2212,-16,12,1,0,0
2213,-7,19,1,0,0
2214,4,20,1,0,0
2215,15,15,1,0,0
2216,21,3,1,0,0
2217,18,-12,1,0,0
2218,6,-22,1,0,0
2219,-10,-20,1,0,0
2220,-21,-7,1,0,0
2221,-17,11,1,0,0
2222,-2,20,1,0,0
2223,16,12,1,0,0
2224,20,-8,1,0,0
2225,4,-22,1,0,0
2226,-16,-14,1,0,0
2227,-18,8,1,0,0
2228,1,17,1,0,0
2229,15,3,1,0,0
2230,6,-10,1,0,0
2231,-5,-7,1,0,0
2232,-3,1,1,0,0
2233,0,0,1,0,0
2234,0,0,1,0,0
2235,0,0,1,0,0
2236,0,0,1,0,0
2237,0,0,1,0,0
2238,0,0,1,0,0
2239,0,0,1,0,0
2240,0,0,1,0,0
2241,0,0,1,0,0
2242,0,0,1,0,0
2243,0,0,1,0,0
2244,0,0,1,0,0
2245,0,0,1,0,0
2246,0,0,1,0,0
2247,0,0,1,0,0
2248,0,0,1,0,0
2249,0,0,1,0,0
2250,0,0,1,0,0
2251,0,0,1,0,0
2252,0,0,1,0,0
2253,0,0,1,0,0
2254,0,0,1,0,0
2255,0,0,1,0,0
2256,0,0,1,0,0
2257,0,0,1,0,0
2258,0,0,1,0,0
2259,0,0,1,0,0
2260,0,0,1,0,0
2261,0,0,1,0,0
2262,0,0,1,0,0
2263,0,0,1,0,0
2264,0,0,1,0,0
2265,0,0,1,0,0
2266,0,0,1,0,0
2267,0,0,1,0,0
2268,0,0,1,0,0
2269,0,0,1,0,0
2270,0,0,1,0,0
2271,0,0,1,0,0
2272,0,0,1,0,0
2273,0,0,1,0,0
2274,0,0,1,0,0
2275,0,0,1,0,0
2276,0,0,1,0,0
2277,0,0,1,0,0
2278,0,0,1,0,0
2279,0,0,1,0,0
2280,0,0,1,0,0
2281,0,0,1,0,0
2282,0,0,1,0,0
2283,0,0,1,0,0
2284,0,0,1,0,0
2285,0,0,1,0,0
2286,0,0,1,0,0
2287,0,0,1,0,0
2288,0,0,1,0,0
2289,0,0,1,0,0
2290,0,0,1,0,0
2291,0,0,1,0,0
2292,0,0,1,0,0
2293,0,0,1,0,0
2294,0,0,1,0,0
2295,0,0,1,0,0
2296,0,0,1,0,0
2297,0,0,1,0,0
2298,0,0,1,0,0
2299,0,0,1,0,0
2300,0,0,1,0,0
2301,0,0,1,0,0
2302,0,0,1,0,0
2303,0,0,1,0,0
2304,0,0,1,0,0
2305,-1,1,1,0,0
2306,-2,4,1,0,0
2307,6,6,1,0,0
2308,9,-5,1,0,0
2309,-4,-14,1,0,0
2310,-18,0,1,0,0
2311,-9,19,1,0,0
2312,13,17,1,0,0
2313,21,-3,1,0,0
2314,7,-19,1,0,0
2315,-13,-15,1,0,0
2316,-21,3,1,0,0
2317,-12,18,1,0,0
2318,6,22,1,0,0
2319,19,11,1,0,0
2320,21,-5,1,0,0
2321,11,-17,1,0,0
2322,-4,-20,1,0,0
2323,-15,-15,1,0,0
2324,-21,-3,1,0,0
2325,-20,8,1,0,0
2326,-13,17,1,0,0
2327,-5,21,1,0,0
2328,4,22,1,0,0
2329,11,19,1,0,0
2330,16,14,1,0,0
2331,19,9,1,0,0
2332,21,5,1,0,0
2333,21,1,1,0,0
2334,21,-3,1,0,0
2335,20,-4,1,0,0
2336,18,-4,1,0,0
2337,14,-4,1,0,0
2338,11,-3,1,0,0
2339,7,-1,1,0,0
2340,3,1,1,0,0
2341,1,1,1,0,0
2342,0,0,1,0,0
2343,-1,-1,1,0,0
2344,-3,-1,1,0,0
2345,-7,1,1,0,0
2346,-11,3,1,0,0
2347,-14,4,1,0,0
2348,-18,4,1,0,0
2349,-20,4,1,0,0
2350,-21,3,1,0,0
2351,-21,-1,1,0,0
2352,-21,-5,1,0,0
2353,-19,-9,1,0,0
2354,-16,-14,1,0,0
2355,-11,-19,1,0,0
2356,-4,-22,1,0,0
2357,5,-21,1,0,0
2358,13,-17,1,0,0
2359,20,-8,1,0,0
2360,21,3,1,0,0
2361,15,15,1,0,0
2362,4,20,1,0,0
2363,-11,17,1,0,0
2364,-21,5,1,0,0
2365,-19,-11,1,0,0
2366,-6,-22,1,0,0
2367,12,-18,1,0,0
2368,21,-3,1,0,0
2369,13,15,1,0,0
2370,-7,19,1,0,0
2371,-21,3,1,0,0
2372,-13,-17,1,0,0
2373,9,-19,1,0,0
2374,18,0,1,0,0
2375,4,14,1,0,0
2376,-9,5,1,0,0
2377,-6,-6,1,0,0
2378,2,-4,1,0,0
2379,1,-1,1,0,0
2380,0,0,1,0,0
2381,0,0,1,0,0
2382,3,-1,1,0,0
2383,5,7,1,0,0
2384,-6,10,1,0,0
2385,-15,-3,1,0,0
2386,-1,-17,1,0,0
2387,18,-8,1,0,0
2388,16,14,1,0,0
2389,-4,22,1,0,0
2390,-20,8,1,0,0
2391,-16,-12,1,0,0
2392,2,-20,1,0,0
2393,17,-11,1,0,0
2394,21,7,1,0,0
2395,10,20,1,0,0
2396,-6,22,1,0,0
2397,-18,12,1,0,0
2398,-21,-3,1,0,0
2399,-15,-15,1,0,0
2400,-4,-20,1,0,0
2401,7,-19,1,0,0
2402,16,-12,1,0,0
2403,20,-4,1,0,0
2404,21,5,1,0,0
2405,18,12,1,0,0
2406,13,17,1,0,0
2407,8,20,1,0,0
2408,4,22,1,0,0
2409,0,22,1,0,0
2410,-4,22,1,0,0
2411,-5,21,1,0,0
2412,-5,19,1,0,0
2413,-5,15,1,0,0
2414,-4,12,1,0,0
2415,-2,8,1,0,0
2416,0,4,1,0,0
2417,0,2,1,0,0
2418,0,0,1,0,0
2419,0,2,1,0,0
2420,0,4,1,0,0
2421,-2,8,1,0,0
2422,-4,12,1,0,0
2423,-5,15,1,0,0
2424,-5,19,1,0,0
2425,-5,21,1,0,0
2426,-4,22,1,0,0
2427,0,22,1,0,0
2428,4,22,1,0,0
2429,8,20,1,0,0
2430,13,17,1,0,0
2431,18,12,1,0,0
2432,21,5,1,0,0
2433,20,-4,1,0,0
2434,16,-12,1,0,0
2435,7,-19,1,0,0
2436,-4,-20,1,0,0
2437,-15,-15,1,0,0
2438,-21,-3,1,0,0
2439,-18,12,1,0,0
2440,-6,22,1,0,0
2441,10,20,1,0,0
2442,21,7,1,0,0
2443,17,-11,1,0,0
2444,2,-20,1,0,0
2445,-16,-12,1,0,0
2446,-20,8,1,0,0
2447,-4,22,1,0,0
2448,16,14,1,0,0
2449,18,-8,1,0,0
2450,-1,-17,1,0,0
2451,-15,-3,1,0,0
2452,-6,10,1,0,0
2453,5,7,1,0,0
2454,3,-1,1,0,0
2455,0,0,1,0,0
2456,0,0,1,0,0
2457,0,0,1,0,0
2458,0,0,1,0,0
2459,0,0,1,0,0
2460,0,0,1,0,0
2461,0,0,1,0,0
2462,0,0,1,0,0
2463,0,0,1,0,0
2464,0,0,1,0,0
2465,0,0,1,0,0
2466,0,0,1,0,0
2467,-1,-1,1,0,0
2468,-4,-2,1,0,0
2469,-6,6,1,0,0
2470,5,9,1,0,0
2471,14,-4,1,0,0
2472,0,-18,1,0,0
2473,-19,-9,1,0,0
2474,-17,13,1,0,0
2475,3,21,1,0,0
2476,19,7,1,0,0
2477,15,-13,1,0,0
2478,-3,-21,1,0,0
2479,-18,-12,1,0,0
2480,-22,6,1,0,0
2481,-11,19,1,0,0
2482,5,21,1,0,0
2483,17,11,1,0,0
2484,20,-4,1,0,0
2485,15,-15,1,0,0
2486,3,-21,1,0,0
2487,-8,-20,1,0,0
2488,-17,-13,1,0,0
2489,-21,-5,1,0,0
2490,-22,4,1,0,0
2491,-19,11,1,0,0
2492,-14,16,1,0,0
2493,-9,19,1,0,0
2494,-5,21,1,0,0
2495,-1,21,1,0,0
2496,3,21,1,0,0
2497,4,20,1,0,0
2498,4,18,1,0,0
2499,4,14,1,0,0
2500,3,11,1,0,0
2501,1,7,1,0,0
2502,-1,3,1,0,0
2503,-1,1,1,0,0
2504,0,0,1,0,0
2505,1,-1,1,0,0
2506,1,-3,1,0,0
2507,-1,-7,1,0,0
2508,-3,-11,1,0,0
2509,-4,-14,1,0,0
2510,-4,-18,1,0,0
2511,-4,-20,1,0,0
2512,-3,-21,1,0,0
2513,1,-21,1,0,0
2514,5,-21,1,0,0
2515,9,-19,1,0,0
2516,14,-16,1,0,0
2517,19,-11,1,0,0
2518,22,-4,1,0,0
2519,21,5,1,0,0
2520,17,13,1,0,0
2521,8,20,1,0,0
2522,-3,21,1,0,0
2523,-15,15,1,0,0
2524,-20,4,1,0,0
2525,-17,-11,1,0,0
2526,-5,-21,1,0,0
2527,11,-19,1,0,0
2528,22,-6,1,0,0
2529,18,12,1,0,0
2530,3,21,1,0,0
2531,-15,13,1,0,0
2532,-19,-7,1,0,0
2533,-3,-21,1,0,0
2534,17,-13,1,0,0
2535,19,9,1,0,0
2536,0,18,1,0,0
2537,-14,4,1,0,0
2538,-5,-9,1,0,0
2539,6,-6,1,0,0
2540,4,2,1,0,0
2541,1,1,1,0,0
2542,0,0,1,0,0
2543,0,0,1,0,0
2544,-3,1,1,0,0
2545,-5,-7,1,0,0
2546,6,-10,1,0,0
2547,15,3,1,0,0
2548,1,17,1,0,0
2549,-18,8,1,0,0
2550,-16,-14,1,0,0
2551,4,-22,1,0,0
2552,20,-8,1,0,0
2553,16,12,1,0,0
2554,-2,20,1,0,0
2555,-17,11,1,0,0
2556,-21,-7,1,0,0
2557,-10,-20,1,0,0
2558,6,-22,1,0,0
2559,18,-12,1,0,0
2560,21,3,1,0,0
2561,15,15,1,0,0
2562,4,20,1,0,0
2563,-7,19,1,0,0
2564,-16,12,1,0,0
2565,-20,4,1,0,0
2566,-21,-5,1,0,0
2567,-18,-12,1,0,0
2568,-13,-17,1,0,0
2569,-8,-20,1,0,0
2570,-4,-22,1,0,0
2571,0,-22,1,0,0
2572,4,-22,1,0,0
2573,5,-21,1,0,0
2574,5,-19,1,0,0
2575,5,-15,1,0,0
2576,4,-12,1,0,0
2577,2,-8,1,0,0
2578,0,-4,1,0,0
2579,0,-2,1,0,0
2580,0,0,1,0,0
2581,0,2,1,0,0
2582,0,4,1,0,0
2583,-2,8,1,0,0
2584,-4,12,1,0,0
2585,-5,15,1,0,0
2586,-5,19,1,0,0
2587,-5,21,1,0,0
2588,-4,22,1,0,0
2589,0,22,1,0,0
2590,4,22,1,0,0
2591,8,20,1,0,0
2592,13,17,1,0,0
2593,18,12,1,0,0
2594,21,5,1,0,0
2595,20,-4,1,0,0
2596,16,-12,1,0,0
2597,7,-19,1,0,0
2598,-4,-20,1,0,0
2599,-15,-15,1,0,0
2600,-21,-3,1,0,0
2601,-18,12,1,0,0
2602,-6,22,1,0,0
2603,10,20,1,0,0
2604,21,7,1,0,0
2605,17,-11,1,0,0
2606,2,-20,1,0,0
2607,-16,-12,1,0,0
2608,-20,8,1,0,0
2609,-4,22,1,0,0
2610,16,14,1,0,0
2611,18,-8,1,0,0
2612,-1,-17,1,0,0
2613,-15,-3,1,0,0
2614,-6,10,1,0,0
2615,5,7,1,0,0
2616,3,-1,1,0,0
2617,0,0,1,0,0
2618,0,0,1,0,0
2619,0,0,1,0,0
2620,0,0,1,0,0
2621,0,0,1,0,0
2622,0,0,1,0,0
2623,0,0,1,0,0
2624,0,0,1,0,0
2625,0,0,1,0,0
2626,0,0,1,0,0
2627,0,0,1,0,0
2628,0,0,1,0,0
2629,0,0,1,0,0
2630,0,0,1,0,0
2631,0,0,1,0,0
2632,0,0,1,0,0
2633,0,0,1,0,0
2634,0,0,1,0,0
2635,0,0,1,0,0
2636,0,0,1,0,0
2637,0,0,1,0,0
2638,0,0,1,0,0
2639,0,0,1,0,0
2640,0,0,1,0,0
2641,0,0,1,0,0
2642,0,0,1,0,0
2643,0,0,1,0,0
2644,0,0,1,0,0
2645,0,0,1,0,0
2646,0,0,1,0,0
2647,0,0,1,0,0
2648,0,0,1,0,0
2649,0,0,1,0,0
2650,0,0,1,0,0
2651,0,0,1,0,0
2652,0,0,1,0,0
2653,0,0,1,0,0
2654,0,0,1,0,0
2655,0,0,1,0,0
2656,0,0,1,0,0
2657,0,0,1,0,0
2658,0,0,1,0,0
2659,0,0,1,0,0
2660,0,0,1,0,0
2661,0,0,1,0,0
2662,0,0,1,0,0
2663,0,0,1,0,0
2664,0,0,1,0,0
2665,0,0,1,0,0
2666,0,0,1,0,0
2667,0,0,1,0,0
2668,0,0,1,0,0
2669,0,0,1,0,0
2670,0,0,1,0,0
2671,0,0,1,0,0
2672,0,0,1,0,0
2673,0,0,1,0,0
2674,0,0,1,0,0
2675,0,0,1,0,0
2676,0,0,1,0,0
2677,0,0,1,0,0
2678,0,0,1,0,0
2679,0,0,1,0,0
2680,0,0,1,0,0
2681,0,0,1,0,0
2682,0,0,1,0,0
2683,0,0,1,0,0
2684,0,0,1,0,0
2685,0,0,1,0,0
2686,0,0,1,0,0
2687,0,0,1,0,0
2688,0,0,1,0,0
2689,-1,-1,1,0,0
2690,-4,-2,1,0,0
2691,-6,6,1,0,0
2692,5,9,1,0,0
2693,14,-4,1,0,0
2694,0,-18,1,0,0
2695,-19,-9,1,0,0
2696,-17,13,1,0,0
2697,3,21,1,0,0
2698,19,7,1,0,0
2699,15,-13,1,0,0
2700,-3,-21,1,0,0
2701,-18,-12,1,0,0
2702,-22,6,1,0,0
2703,-11,19,1,0,0
2704,5,21,1,0,0
2705,17,11,1,0,0
2706,20,-4,1,0,0
2707,15,-15,1,0,0
2708,3,-21,1,0,0
2709,-8,-20,1,0,0
2710,-17,-13,1,0,0
2711,-21,-5,1,0,0
2712,-22,4,1,0,0
2713,-19,11,1,0,0
2714,-14,16,1,0,0
2715,-9,19,1,0,0
2716,-5,21,1,0,0
2717,-1,21,1,0,0
2718,3,21,1,0,0
2719,4,20,1,0,0
2720,4,18,1,0,0
2721,4,14,1,0,0
2722,3,11,1,0,0
2723,1,7,1,0,0
2724,-1,3,1,0,0
2725,-1,1,1,0,0
2726,0,0,1,0,0
2727,1,-1,1,0,0
2728,1,-3,1,0,0
2729,-1,-7,1,0,0
2730,-3,-11,1,0,0
2731,-4,-14,1,0,0
2732,-4,-18,1,0,0
2733,-4,-20,1,0,0
2734,-3,-21,1,0,0
2735,1,-21,1,0,0
2736,5,-21,1,0,0
2737,9,-19,1,0,0
2738,14,-16,1,0,0
2739,19,-11,1,0,0
2740,22,-4,1,0,0
2741,21,5,1,0,0
2742,17,13,1,0,0
2743,8,20,1,0,0
2744,-3,21,1,0,0
2745,-15,15,1,0,0
2746,-20,4,1,0,0
2747,-17,-11,1,0,0
2748,-5,-21,1,0,0
2749,11,-19,1,0,0
2750,22,-6,1,0,0
2751,18,12,1,0,0
2752,3,21,1,0,0
2753,-15,13,1,0,0
2754,-19,-7,1,0,0
2755,-3,-21,1,0,0
2756,17,-13,1,0,0
2757,19,9,1,0,0
2758,0,18,1,0,0
2759,-14,4,1,0,0
2760,-5,-9,1,0,0
2761,6,-6,1,0,0
2762,4,2,1,0,0
2763,1,1,1,0,0
2764,0,0,1,0,0
2765,0,0,1,0,0
2766,3,-1,1,0,0
2767,5,7,1,0,0
2768,-6,10,1,0,0
2769,-15,-3,1,0,0
2770,-1,-17,1,0,0
2771,18,-8,1,0,0
2772,16,14,1,0,0
2773,-4,22,1,0,0
2774,-20,8,1,0,0
2775,-16,-12,1,0,0
2776,2,-20,1,0,0
2777,17,-11,1,0,0
2778,21,7,1,0,0
2779,10,20,1,0,0
2780,-6,22,1,0,0
2781,-18,12,1,0,0
2782,-21,-3,1,0,0
2783,-15,-15,1,0,0
2784,-4,-20,1,0,0
2785,7,-19,1,0,0
2786,16,-12,1,0,0
2787,20,-4,1,0,0
2788,21,5,1,0,0
2789,18,12,1,0,0
2790,13,17,1,0,0
2791,8,20,1,0,0
2792,4,22,1,0,0
2793,0,22,1,0,0
2794,-4,22,1,0,0
2795,-5,21,1,0,0
2796,-5,19,1,0,0
2797,-5,15,1,0,0
2798,-4,12,1,0,0
2799,-2,8,1,0,0
2800,0,4,1,0,0
2801,0,2,1,0,0
2802,0,0,1,0,0
2803,0,2,1,0,0
2804,0,4,1,0,0
2805,-2,8,1,0,0
2806,-4,12,1,0,0
2807,-5,15,1,0,0
2808,-5,19,1,0,0
2809,-5,21,1,0,0
2810,-4,22,1,0,0
2811,0,22,1,0,0
2812,4,22,1,0,0
2813,8,20,1,0,0
2814,13,17,1,0,0
2815,18,12,1,0,0
2816,21,5,1,0,0
2817,20,-4,1,0,0
2818,16,-12,1,0,0
2819,7,-19,1,0,0
2820,-4,-20,1,0,0
2821,-15,-15,1,0,0
2822,-21,-3,1,0,0
2823,-18,12,1,0,0
2824,-6,22,1,0,0
2825,10,20,1,0,0
2826,21,7,1,0,0
2827,17,-11,1,0,0
2828,2,-20,1,0,0
2829,-16,-12,1,0,0
2830,-20,8,1,0,0
2831,-4,22,1,0,0
2832,16,14,1,0,0
2833,18,-8,1,0,0
2834,-1,-17,1,0,0
2835,-15,-3,1,0,0
2836,-6,10,1,0,0
2837,5,7,1,0,0
2838,3,-1,1,0,0
2839,0,0,1,0,0
2840,0,0,1,0,0
2841,0,0,1,0,0
2842,0,0,1,0,0
2843,0,0,1,0,0
2844,0,0,1,0,0
2845,0,0,1,0,0
2846,0,0,1,0,0
2847,0,0,1,0,0
2848,0,0,1,0,0
2849,0,0,1,0,0
2850,0,0,1,0,0
2851,-1,-1,1,0,0
2852,-4,-2,1,0,0
2853,-6,6,1,0,0
2854,5,9,1,0,0
2855,14,-4,1,0,0
2856,0,-18,1,0,0
2857,-19,-9,1,0,0
2858,-17,13,1,0,0
2859,3,21,1,0,0
2860,19,7,1,0,0
2861,15,-13,1,0,0
2862,-3,-21,1,0,0
2863,-18,-12,1,0,0
2864,-22,6,1,0,0
2865,-11,19,1,0,0
2866,5,21,1,0,0
2867,17,11,1,0,0
2868,20,-4,1,0,0
2869,15,-15,1,0,0
2870,3,-21,1,0,0
2871,-8,-20,1,0,0
2872,-17,-13,1,0,0
2873,-21,-5,1,0,0
2874,-22,4,1,0,0
2875,-19,11,1,0,0
2876,-14,16,1,0,0
2877,-9,19,1,0,0
2878,-5,21,1,0,0
2879,-1,21,1,0,0
2880,3,21,1,0,0
2881,4,20,1,0,0
2882,4,18,1,0,0
2883,4,14,1,0,0
2884,3,11,1,0,0
2885,1,7,1,0,0
2886,-1,3,1,0,0
2887,-1,1,1,0,0
2888,0,0,1,0,0
2889,1,-1,1,0,0
2890,1,-3,1,0,0
2891,-1,-7,1,0,0
2892,-3,-11,1,0,0
2893,-4,-14,1,0,0
2894,-4,-18,1,0,0
2895,-4,-20,1,0,0
2896,-3,-21,1,0,0
2897,1,-21,1,0,0
2898,5,-21,1,0,0
2899,9,-19,1,0,0
2900,14,-16,1,0,0
2901,19,-11,1,0,0
2902,22,-4,1,0,0
2903,21,5,1,0,0
2904,17,13,1,0,0
2905,8,20,1,0,0
2906,-3,21,1,0,0
2907,-15,15,1,0,0
2908,-20,4,1,0,0
2909,-17,-11,1,0,0
2910,-5,-21,1,0,0
2911,11,-19,1,0,0
2912,22,-6,1,0,0
2913,18,12,1,0,0
2914,3,21,1,0,0
2915,-15,13,1,0,0
2916,-19,-7,1,0,0
2917,-3,-21,1,0,0
2918,17,-13,1,0,0
2919,19,9,1,0,0
2920,0,18,1,0,0
2921,-14,4,1,0,0
2922,-5,-9,1,0,0
2923,6,-6,1,0,0
2924,4,2,1,0,0
2925,1,1,1,0,0
2926,0,0,1,0,0
2927,0,0,1,0,0
2928,-3,1,1,0,0
2929,-5,-7,1,0,0
2930,6,-10,1,0,0
2931,15,3,1,0,0
2932,1,17,1,0,0
2933,-18,8,1,0,0
2934,-16,-14,1,0,0
2935,4,-22,1,0,0
2936,20,-8,1,0,0
2937,16,12,1,0,0
2938,-2,20,1,0,0
2939,-17,11,1,0,0
2940,-21,-7,1,0,0
2941,-10,-20,1,0,0
2942,6,-22,1,0,0
2943,18,-12,1,0,0
2944,21,3,1,0,0
2945,15,15,1,0,0
2946,4,20,1,0,0
2947,-7,19,1,0,0
2948,-16,12,1,0,0
2949,-20,4,1,0,0
2950,-21,-5,1,0,0
2951,-18,-12,1,0,0
2952,-13,-17,1,0,0
2953,-8,-20,1,0,0
2954,-4,-22,1,0,0
2955,0,-22,1,0,0
2956,4,-22,1,0,0
2957,5,-21,1,0,0
2958,5,-19,1,0,0
2959,5,-15,1,0,0
2960,4,-12,1,0,0
2961,2,-8,1,0,0
2962,0,-4,1,0,0
2963,0,-2,1,0,0
2964,0,0,1,0,0
2965,0,2,1,0,0
2966,0,4,1,0,0
2967,-2,8,1,0,0
2968,-4,12,1,0,0
2969,-5,15,1,0,0
2970,-5,19,1,0,0
2971,-5,21,1,0,0
2972,-4,22,1,0,0
2973,0,22,1,0,0
2974,4,22,1,0,0
2975,8,20,1,0,0
2976,13,17,1,0,0
2977,18,12,1,0,0
2978,21,5,1,0,0
2979,20,-4,1,0,0
2980,16,-12,1,0,0
2981,7,-19,1,0,0
2982,-4,-20,1,0,0
2983,-15,-15,1,0,0
2984,-21,-3,1,0,0
2985,-18,12,1,0,0
2986,-6,22,1,0,0
2987,10,20,1,0,0
2988,21,7,1,0,0
2989,17,-11,1,0,0
2990,2,-20,1,0,0
2991,-16,-12,1,0,0
2992,-20,8,1,0,0
2993,-4,22,1,0,0
2994,16,14,1,0,0
2995,18,-8,1,0,0
2996,-1,-17,1,0,0
2997,-15,-3,1,0,0
2998,-6,10,1,0,0
2999,5,7,1,0,0
3000,3,-1,1,0,0
3001,0,0,1,0,0
3002,0,0,1,0,0
3003,0,0,1,0,0
3004,0,0,1,0,0
3005,0,0,1,0,0
3006,0,0,1,0,0
3007,0,0,1,0,0
3008,0,0,1,0,0
3009,0,0,1,0,0
3010,0,0,1,0,0
3011,0,0,1,0,0
3012,0,0,1,0,0
3013,0,0,1,0,0
3014,0,0,1,0,0
3015,0,0,1,0,0
3016,0,0,1,0,0
3017,0,0,1,0,0
3018,0,0,1,0,0
3019,0,0,1,0,0
3020,0,0,1,0,0
3021,0,0,1,0,0
3022,0,0,1,0,0
3023,0,0,1,0,0
3024,0,0,1,0,0
3025,0,0,1,0,0
3026,0,0,1,0,0
3027,0,0,1,0,0
3028,0,0,1,0,0
3029,0,0,1,0,0
3030,0,0,1,0,0
3031,0,0,1,0,0
3032,0,0,1,0,0
3033,0,0,1,0,0
3034,0,0,1,0,0
3035,0,0,1,0,0
3036,0,0,1,0,0
3037,0,0,1,0,0
3038,0,0,1,0,0
3039,0,0,1,0,0
3040,0,0,1,0,0
3041,0,0,1,0,0
3042,0,0,1,0,0
3043,0,0,1,0,0
3044,0,0,1,0,0
3045,0,0,1,0,0
3046,0,0,1,0,0
3047,0,0,1,0,0
3048,0,0,1,0,0
3049,0,0,1,0,0
3050,0,0,1,0,0
3051,0,0,1,0,0
3052,0,0,1,0,0
3053,0,0,1,0,0
3054,0,0,1,0,0
3055,0,0,1,0,0
3056,0,0,1,0,0
3057,0,0,1,0,0
3058,0,0,1,0,0
3059,0,0,1,0,0
3060,0,0,1,0,0
3061,0,0,1,0,0
3062,0,0,1,0,0
3063,0,0,1,0,0
3064,0,0,1,0,0
3065,0,0,1,0,0
3066,0,0,1,0,0
3067,0,0,1,0,0
3068,0,0,1,0,0
3069,0,0,1,0,0
3070,0,0,1,0,0
3071,0,0,1,0,0
3072,0,0,1,0,0
3073,-1,-1,1,0,0
3074,-4,-2,1,0,0
3075,-6,6,1,0,0
3076,5,9,1,0,0
3077,14,-4,1,0,0
3078,0,-18,1,0,0
3079,-19,-9,1,0,0
3080,-17,13,1,0,0
3081,3,21,1,0,0
3082,19,7,1,0,0
3083,15,-13,1,0,0
3084,-3,-21,1,0,0
3085,-18,-12,1,0,0
3086,-22,6,1,0,0
3087,-11,19,1,0,0
3088,5,21,1,0,0
3089,17,11,1,0,0
3090,20,-4,1,0,0
3091,15,-15,1,0,0
3092,3,-21,1,0,0
3093,-8,-20,1,0,0
3094,-17,-13,1,0,0
3095,-21,-5,1,0,0
3096,-22,4,1,0,0
3097,-19,11,1,0,0
3098,-14,16,1,0,0
3099,-9,19,1,0,0
3100,-5,21,1,0,0
3101,-1,21,1,0,0
3102,3,21,1,0,0
3103,4,20,1,0,0
3104,4,18,1,0,0
3105,4,14,1,0,0
3106,3,11,1,0,0
3107,1,7,1,0,0
3108,-1,3,1,0,0
3109,-1,1,1,0,0
3110,0,0,1,0,0
3111,1,-1,1,0,0
3112,1,-3,1,0,0
3113,-1,-7,1,0,0
3114,-3,-11,1,0,0
3115,-4,-14,1,0,0
3116,-4,-18,1,0,0
3117,-4,-20,1,0,0
3118,-3,-21,1,0,0
3119,1,-21,1,0,0
3120,5,-21,1,0,0
3121,9,-19,1,0,0
3122,14,-16,1,0,0
3123,19,-11,1,0,0
3124,22,-4,1,0,0
3125,21,5,1,0,0
3126,17,13,1,0,0
3127,8,20,1,0,0
3128,-3,21,1,0,0
3129,-15,15,1,0,0
3130,-20,4,1,0,0
3131,-17,-11,1,0,0
3132,-5,-21,1,0,0
3133,11,-19,1,0,0
3134,22,-6,1,0,0
3135,18,12,1,0,0
3136,3,21,1,0,0
3137,-15,13,1,0,0
3138,-19,-7,1,0,0
3139,-3,-21,1,0,0
3140,17,-13,1,0,0
3141,19,9,1,0,0
3142,0,18,1,0,0
3143,-14,4,1,0,0
3144,-5,-9,1,0,0
3145,6,-6,1,0,0
3146,4,2,1,0,0
3147,1,1,1,0,0
3148,0,0,1,0,0
3149,0,0,1,0,0
3150,3,-1,1,0,0
3151,5,7,1,0,0
3152,-6,10,1,0,0
3153,-15,-3,1,0,0
3154,-1,-17,1,0,0
3155,18,-8,1,0,0
3156,16,14,1,0,0
3157,-4,22,1,0,0
3158,-20,8,1,0,0
3159,-16,-12,1,0,0
3160,2,-20,1,0,0
3161,17,-11,1,0,0
3162,21,7,1,0,0
3163,10,20,1,0,0
3164,-6,22,1,0,0
3165,-18,12,1,0,0
3166,-21,-3,1,0,0
3167,-15,-15,1,0,0
3168,-4,-20,1,0,0
3169,7,-19,1,0,0
3170,16,-12,1,0,0
3171,20,-4,1,0,0
3172,21,5,1,0,0
3173,18,12,1,0,0
3174,13,17,1,0,0
3175,8,20,1,0,0
3176,4,22,1,0,0
3177,0,22,1,0,0
3178,-4,22,1,0,0
3179,-5,21,1,0,0
3180,-5,19,1,0,0
3181,-5,15,1,0,0
3182,-4,12,1,0,0
3183,-2,8,1,0,0
3184,0,4,1,0,0
3185,0,2,1,0,0
3186,0,0,1,0,0
3187,0,-2,1,0,0
3188,0,-4,1,0,0
3189,2,-8,1,0,0
3190,4,-12,1,0,0
3191,5,-15,1,0,0
3192,5,-19,1,0,0
3193,5,-21,1,0,0
3194,4,-22,1,0,0
3195,0,-22,1,0,0
3196,-4,-22,1,0,0
3197,-8,-20,1,0,0
3198,-13,-17,1,0,0
3199,-18,-12,1,0,0
3200,-21,-5,1,0,0
3201,-20,4,1,0,0
3202,-16,12,1,0,0
3203,-7,19,1,0,0
3204,4,20,1,0,0
3205,15,15,1,0,0
3206,21,3,1,0,0
3207,18,-12,1,0,0
3208,6,-22,1,0,0
3209,-10,-20,1,0,0
3210,-21,-7,1,0,0
3211,-17,11,1,0,0
3212,-2,20,1,0,0
3213,16,12,1,0,0
3214,20,-8,1,0,0
3215,4,-22,1,0,0
3216,-16,-14,1,0,0
3217,-18,8,1,0,0
3218,1,17,1,0,0
3219,15,3,1,0,0
3220,6,-10,1,0,0
3221,-5,-7,1,0,0
3222,-3,1,1,0,0
3223,0,0,1,0,0
3224,0,0,1,0,0
3225,0,0,1,0,0
3226,0,0,1,0,0
3227,0,0,1,0,0
3228,0,0,1,0,0
3229,0,0,1,0,0
3230,0,0,1,0,0
3231,0,0,1,0,0
3232,0,0,1,0,0
3233,0,0,1,0,0
3234,0,0,1,0,0
3235,-1,-1,1,0,0
3236,-4,-2,1,0,0
3237,-6,6,1,0,0
3238,5,9,1,0,0
3239,14,-4,1,0,0
3240,0,-18,1,0,0
3241,-19,-9,1,0,0
3242,-17,13,1,0,0
3243,3,21,1,0,0
3244,19,7,1,0,0
3245,15,-13,1,0,0
3246,-3,-21,1,0,0
3247,-18,-12,1,0,0
3248,-22,6,1,0,0
3249,-11,19,1,0,0
3250,5,21,1,0,0
3251,17,11,1,0,0
3252,20,-4,1,0,0
3253,15,-15,1,0,0
3254,3,-21,1,0,0
3255,-8,-20,1,0,0
3256,-17,-13,1,0,0
3257,-21,-5,1,0,0
3258,-22,4,1,0,0
3259,-19,11,1,0,0
3260,-14,16,1,0,0
3261,-9,19,1,0,0
3262,-5,21,1,0,0
3263,-1,21,1,0,0
3264,3,21,1,0,0
3265,4,20,1,0,0
3266,4,18,1,0,0
3267,4,14,1,0,0
3268,3,11,1,0,0
3269,1,7,1,0,0
3270,-1,3,1,0,0
3271,-1,1,1,0,0
3272,0,0,1,0,0
3273,1,-1,1,0,0
3274,1,-3,1,0,0
3275,-1,-7,1,0,0
3276,-3,-11,1,0,0
3277,-4,-14,1,0,0
3278,-4,-18,1,0,0
3279,-4,-20,1,0,0
3280,-3,-21,1,0,0
3281,1,-21,1,0,0
3282,5,-21,1,0,0
3283,9,-19,1,0,0
3284,14,-16,1,0,0
3285,19,-11,1,0,0
3286,22,-4,1,0,0
3287,21,5,1,0,0
3288,17,13,1,0,0
3289,8,20,1,0,0
3290,-3,21,1,0,0
3291,-15,15,1,0,0
3292,-20,4,1,0,0
3293,-17,-11,1,0,0
3294,-5,-21,1,0,0
3295,11,-19,1,0,0
3296,22,-6,1,0,0
3297,18,12,1,0,0
3298,3,21,1,0,0
3299,-15,13,1,0,0
3300,-19,-7,1,0,0
3301,-3,-21,1,0,0
3302,17,-13,1,0,0
3303,19,9,1,0,0
3304,0,18,1,0,0
3305,-14,4,1,0,0
3306,-5,-9,1,0,0
3307,6,-6,1,0,0
3308,4,2,1,0,0
3309,1,1,1,0,0
3310,0,0,1,0,0
3311,0,0,1,0,0
3312,-3,1,1,0,0
3313,-5,-7,1,0,0
3314,6,-10,1,0,0
3315,15,3,1,0,0
3316,1,17,1,0,0
3317,-18,8,1,0,0
3318,-16,-14,1,0,0
3319,4,-22,1,0,0
3320,20,-8,1,0,0
3321,16,12,1,0,0
3322,-2,20,1,0,0
3323,-17,11,1,0,0
3324,-21,-7,1,0,0
3325,-10,-20,1,0,0
3326,6,-22,1,0,0
3327,18,-12,1,0,0
3328,21,3,1,0,0
3329,15,15,1,0,0
3330,4,20,1,0,0
3331,-7,19,1,0,0
3332,-16,12,1,0,0
3333,-20,4,1,0,0
3334,-21,-5,1,0,0
3335,-18,-12,1,0,0
3336,-13,-17,1,0,0
3337,-8,-20,1,0,0
3338,-4,-22,1,0,0
3339,0,-22,1,0,0
3340,4,-22,1,0,0
3341,5,-21,1,0,0
3342,5,-19,1,0,0
3343,5,-15,1,0,0
3344,4,-12,1,0,0
3345,2,-8,1,0,0
3346,0,-4,1,0,0
3347,0,-2,1,0,0
3348,0,0,1,0,0
3349,0,-2,1,0,0
3350,0,-4,1,0,0
3351,2,-8,1,0,0
3352,4,-12,1,0,0
3353,5,-15,1,0,0
3354,5,-19,1,0,0
3355,5,-21,1,0,0
3356,4,-22,1,0,0
3357,0,-22,1,0,0
3358,-4,-22,1,0,0
3359,-8,-20,1,0,0
3360,-13,-17,1,0,0
3361,-18,-12,1,0,0
3362,-21,-5,1,0,0
3363,-20,4,1,0,0
3364,-16,12,1,0,0
3365,-7,19,1,0,0
3366,4,20,1,0,0
3367,15,15,1,0,0
3368,21,3,1,0,0
3369,18,-12,1,0,0
3370,6,-22,1,0,0
3371,-10,-20,1,0,0
3372,-21,-7,1,0,0
3373,-17,11,1,0,0
3374,-2,20,1,0,0
3375,16,12,1,0,0
3376,20,-8,1,0,0
3377,4,-22,1,0,0
3378,-16,-14,1,0,0
3379,-18,8,1,0,0
3380,1,17,1,0,0
3381,15,3,1,0,0
3382,6,-10,1,0,0
3383,-5,-7,1,0,0
3384,-3,1,1,0,0
3385,0,0,1,0,0
3386,0,0,1,0,0
3387,0,0,1,0,0
3388,0,0,1,0,0
3389,0,0,1,0,0
3390,0,0,1,0,0
3391,0,0,1,0,0
3392,0,0,1,0,0
3393,0,0,1,0,0
3394,0,0,1,0,0
3395,0,0,1,0,0
3396,0,0,1,0,0
3397,0,0,1,0,0
3398,0,0,1,0,0
3399,0,0,1,0,0
3400,0,0,1,0,0
3401,0,0,1,0,0
3402,0,0,1,0,0
3403,0,0,1,0,0
3404,0,0,1,0,0
3405,0,0,1,0,0
3406,0,0,1,0,0
3407,0,0,1,0,0
3408,0,0,1,0,0
3409,0,0,1,0,0
3410,0,0,1,0,0
3411,0,0,1,0,0
3412,0,0,1,0,0
3413,0,0,1,0,0
3414,0,0,1,0,0
3415,0,0,1,0,0
3416,0,0,1,0,0
3417,0,0,1,0,0
3418,0,0,1,0,0
3419,0,0,1,0,0
3420,0,0,1,0,0
3421,0,0,1,0,0
3422,0,0,1,0,0
3423,0,0,1,0,0
3424,0,0,1,0,0
3425,0,0,1,0,0
3426,0,0,1,0,0
3427,0,0,1,0,0
3428,0,0,1,0,0
3429,0,0,1,0,0
3430,0,0,1,0,0
3431,0,0,1,0,0
3432,0,0,1,0,0
3433,0,0,1,0,0
3434,0,0,1,0,0
3435,0,0,1,0,0
3436,0,0,1,0,0
3437,0,0,1,0,0
3438,0,0,1,0,0
3439,0,0,1,0,0
3440,0,0,1,0,0
3441,0,0,1,0,0
3442,0,0,1,0,0
3443,0,0,1,0,0
3444,0,0,1,0,0
3445,0,0,1,0,0
3446,0,0,1,0,0
3447,0,0,1,0,0
3448,0,0,1,0,0
3449,0,0,1,0,0
3450,0,0,1,0,0
3451,0,0,1,0,0
3452,0,0,1,0,0
3453,0,0,1,0,0
3454,0,0,1,0,0
3455,0,0,1,0,0
3456,0,0,1,0,0
3457,-1,1,1,0,0
3458,-2,4,1,0,0
3459,6,6,1,0,0
3460,9,-5,1,0,0
3461,-4,-14,1,0,0
3462,-18,0,1,0,0
3463,-9,19,1,0,0
3464,13,17,1,0,0
3465,21,-3,1,0,0
3466,7,-19,1,0,0
3467,-13,-15,1,0,0
3468,-21,3,1,0,0
3469,-12,18,1,0,0
3470,6,22,1,0,0
3471,19,11,1,0,0
3472,21,-5,1,0,0
3473,11,-17,1,0,0
3474,-4,-20,1,0,0
3475,-15,-15,1,0,0
3476,-21,-3,1,0,0
3477,-20,8,1,0,0
3478,-13,17,1,0,0
3479,-5,21,1,0,0
3480,4,22,1,0,0
3481,11,19,1,0,0
3482,16,14,1,0,0
3483,19,9,1,0,0
3484,21,5,1,0,0
3485,21,1,1,0,0
3486,21,-3,1,0,0
3487,20,-4,1,0,0
3488,18,-4,1,0,0
3489,14,-4,1,0,0
3490,11,-3,1,0,0
3491,7,-1,1,0,0
3492,3,1,1,0,0
3493,1,1,1,0,0
3494,0,0,1,0,0
3495,-1,-1,1,0,0
3496,-3,-1,1,0,0
3497,-7,1,1,0,0
3498,-11,3,1,0,0
3499,-14,4,1,0,0
3500,-18,4,1,0,0
3501,-20,4,1,0,0
3502,-21,3,1,0,0
3503,-21,-1,1,0,0
3504,-21,-5,1,0,0
3505,-19,-9,1,0,0
3506,-16,-14,1,0,0
3507,-11,-19,1,0,0
3508,-4,-22,1,0,0
3509,5,-21,1,0,0
3510,13,-17,1,0,0
3511,20,-8,1,0,0
3512,21,3,1,0,0
3513,15,15,1,0,0
3514,4,20,1,0,0
3515,-11,17,1,0,0
3516,-21,5,1,0,0
3517,-19,-11,1,0,0
3518,-6,-22,1,0,0
3519,12,-18,1,0,0
3520,21,-3,1,0,0
3521,13,15,1,0,0
3522,-7,19,1,0,0
3523,-21,3,1,0,0
3524,-13,-17,1,0,0
3525,9,-19,1,0,0
3526,18,0,1,0,0
3527,4,14,1,0,0
3528,-9,5,1,0,0
3529,-6,-6,1,0,0
3530,2,-4,1,0,0
3531,1,-1,1,0,0
3532,0,0,1,0,0
3533,0,0,1,0,0
3534,3,-1,1,0,0
3535,5,7,1,0,0
3536,-6,10,1,0,0
3537,-15,-3,1,0,0
3538,-1,-17,1,0,0
3539,18,-8,1,0,0
3540,16,14,1,0,0
3541,-4,22,1,0,0
3542,-20,8,1,0,0
3543,-16,-12,1,0,0
3544,2,-20,1,0,0
3545,17,-11,1,0,0
3546,21,7,1,0,0
3547,10,20,1,0,0
3548,-6,22,1,0,0
3549,-18,12,1,0,0
3550,-21,-3,1,0,0
3551,-15,-15,1,0,0
3552,-4,-20,1,0,0
3553,7,-19,1,0,0
3554,16,-12,1,0,0
3555,20,-4,1,0,0
3556,21,5,1,0,0
3557,18,12,1,0,0
3558,13,17,1,0,0
3559,8,20,1,0,0
3560,4,22,1,0,0
3561,0,22,1,0,0
3562,-4,22,1,0,0
3563,-5,21,1,0,0
3564,-5,19,1,0,0
3565,-5,15,1,0,0
3566,-4,12,1,0,0
3567,-2,8,1,0,0
3568,0,4,1,0,0
3569,0,2,1,0,0
3570,0,0,1,0,0
3571,0,-2,1,0,0
3572,0,-4,1,0,0
3573,2,-8,1,0,0
3574,4,-12,1,0,0
3575,5,-15,1,0,0
3576,5,-19,1,0,0
3577,5,-21,1,0,0
3578,4,-22,1,0,0
3579,0,-22,1,0,0
3580,-4,-22,1,0,0
3581,-8,-20,1,0,0
3582,-13,-17,1,0,0
3583,-18,-12,1,0,0
3584,-21,-5,1,0,0
3585,-20,4,1,0,0
3586,-16,12,1,0,0
3587,-7,19,1,0,0
3588,4,20,1,0,0
3589,15,15,1,0,0
3590,21,3,1,0,0
3591,18,-12,1,0,0
3592,6,-22,1,0,0
3593,-10,-20,1,0,0
3594,-21,-7,1,0,0
3595,-17,11,1,0,0
3596,-2,20,1,0,0
3597,16,12,1,0,0
3598,20,-8,1,0,0
3599,4,-22,1,0,0
3600,-16,-14,1,0,0
3601,-18,8,1,0,0
3602,1,17,1,0,0
3603,15,3,1,0,0
3604,6,-10,1,0,0
3605,-5,-7,1,0,0
3606,-3,1,1,0,0
3607,0,0,1,0,0
3608,0,0,1,0,0
3609,0,0,1,0,0
3610,0,0,1,0,0
3611,0,0,1,0,0
3612,0,0,1,0,0
3613,0,0,1,0,0
3614,0,0,1,0,0
3615,0,0,1,0,0
3616,0,0,1,0,0
3617,0,0,1,0,0
3618,0,0,1,0,0
3619,-1,1,1,0,0
3620,-2,4,1,0,0
3621,6,6,1,0,0
3622,9,-5,1,0,0
3623,-4,-14,1,0,0
3624,-18,0,1,0,0
3625,-9,19,1,0,0
3626,13,17,1,0,0
3627,21,-3,1,0,0
3628,7,-19,1,0,0
3629,-13,-15,1,0,0
3630,-21,3,1,0,0
3631,-12,18,1,0,0
3632,6,22,1,0,0
3633,19,11,1,0,0
3634,21,-5,1,0,0
3635,11,-17,1,0,0
3636,-4,-20,1,0,0
3637,-15,-15,1,0,0
3638,-21,-3,1,0,0
3639,-20,8,1,0,0
3640,-13,17,1,0,0
3641,-5,21,1,0,0
3642,4,22,1,0,0
3643,11,19,1,0,0
3644,16,14,1,0,0
3645,19,9,1,0,0
3646,21,5,1,0,0
3647,21,1,1,0,0
3648,21,-3,1,0,0
3649,20,-4,1,0,0
3650,18,-4,1,0,0
3651,14,-4,1,0,0
3652,11,-3,1,0,0
3653,7,-1,1,0,0
3654,3,1,1,0,0
3655,1,1,1,0,0
3656,0,0,1,0,0
3657,-1,-1,1,0,0
3658,-3,-1,1,0,0
3659,-7,1,1,0,0
3660,-11,3,1,0,0
3661,-14,4,1,0,0
3662,-18,4,1,0,0
3663,-20,4,1,0,0
3664,-21,3,1,0,0
3665,-21,-1,1,0,0
3666,-21,-5,1,0,0
3667,-19,-9,1,0,0
3668,-16,-14,1,0,0
3669,-11,-19,1,0,0
3670,-4,-22,1,0,0
3671,5,-21,1,0,0
3672,13,-17,1,0,0
3673,20,-8,1,0,0
3674,21,3,1,0,0
3675,15,15,1,0,0
3676,4,20,1,0,0
3677,-11,17,1,0,0
3678,-21,5,1,0,0
3679,-19,-11,1,0,0
3680,-6,-22,1,0,0
3681,12,-18,1,0,0
3682,21,-3,1,0,0
3683,13,15,1,0,0
3684,-7,19,1,0,0
3685,-21,3,1,0,0
3686,-13,-17,1,0,0
3687,9,-19,1,0,0
3688,18,0,1,0,0
3689,4,14,1,0,0
3690,-9,5,1,0,0
3691,-6,-6,1,0,0
3692,2,-4,1,0,0
3693,1,-1,1,0,0
3694,0,0,1,0,0
3695,0,0,1,0,0
3696,-1,-3,1,0,0
3697,7,-5,1,0,0
3698,10,6,1,0,0
3699,-3,15,1,0,0
3700,-17,1,1,0,0
3701,-8,-18,1,0,0
3702,14,-16,1,0,0
3703,22,4,1,0,0
3704,8,20,1,0,0
3705,-12,16,1,0,0
3706,-20,-2,1,0,0
3707,-11,-17,1,0,0
3708,7,-21,1,0,0
3709,20,-10,1,0,0
3710,22,6,1,0,0
3711,12,18,1,0,0
3712,-3,21,1,0,0
3713,-15,15,1,0,0
3714,-20,4,1,0,0
3715,-19,-7,1,0,0
3716,-12,-16,1,0,0
3717,-4,-20,1,0,0
3718,5,-21,1,0,0
3719,12,-18,1,0,0
3720,17,-13,1,0,0
3721,20,-8,1,0,0
3722,22,-4,1,0,0
3723,22,0,1,0,0
3724,22,4,1,0,0
3725,21,5,1,0,0
3726,19,5,1,0,0
3727,15,5,1,0,0
3728,12,4,1,0,0
3729,8,2,1,0,0
3730,4,0,1,0,0
3731,2,0,1,0,0
3732,0,0,1,0,0
3733,2,0,1,0,0
3734,4,0,1,0,0
3735,8,2,1,0,0
3736,12,4,1,0,0
3737,15,5,1,0,0
3738,19,5,1,0,0
3739,21,5,1,0,0
3740,22,4,1,0,0
3741,22,0,1,0,0
3742,22,-4,1,0,0
3743,20,-8,1,0,0
3744,17,-13,1,0,0
3745,12,-18,1,0,0
3746,5,-21,1,0,0
3747,-4,-20,1,0,0
3748,-12,-16,1,0,0
3749,-19,-7,1,0,0
3750,-20,4,1,0,0
3751,-15,15,1,0,0
3752,-3,21,1,0,0
3753,12,18,1,0,0
3754,22,6,1,0,0
3755,20,-10,1,0,0
3756,7,-21,1,0,0
3757,-11,-17,1,0,0
3758,-20,-2,1,0,0
3759,-12,16,1,0,0
3760,8,20,1,0,0
3761,22,4,1,0,0
3762,14,-16,1,0,0
3763,-8,-18,1,0,0
3764,-17,1,1,0,0
3765,-3,15,1,0,0
3766,10,6,1,0,0
3767,7,-5,1,0,0
3768,-1,-3,1,0,0
3769,0,0,1,0,0
3770,0,0,1,0,0
3771,0,0,1,0,0
3772,0,0,1,0,0
3773,0,0,1,0,0
3774,0,0,1,0,0
3775,0,0,1,0,0
3776,0,0,1,0,0
3777,0,0,1,0,0
3778,0,0,1,0,0
3779,0,0,1,0,0
3780,0,0,1,0,0
3781,0,0,1,0,0
3782,0,0,1,0,0
3783,0,0,1,0,0
3784,0,0,1,0,0
3785,0,0,1,0,0
3786,0,0,1,0,0
3787,0,0,1,0,0
3788,0,0,1,0,0
3789,0,0,1,0,0
3790,0,0,1,0,0
3791,0,0,1,0,0
3792,0,0,1,0,0
3793,0,0,1,0,0
3794,0,0,1,0,0
3795,0,0,1,0,0
3796,0,0,1,0,0
3797,0,0,1,0,0
3798,0,0,1,0,0
3799,0,0,1,0,0
3800,0,0,1,0,0
3801,0,0,1,0,0
3802,0,0,1,0,0
3803,0,0,1,0,0
3804,0,0,1,0,0
3805,0,0,1,0,0
3806,0,0,1,0,0
3807,0,0,1,0,0
3808,0,0,1,0,0
3809,0,0,1,0,0
3810,0,0,1,0,0
3811,0,0,1,0,0
3812,0,0,1,0,0
3813,0,0,1,0,0
3814,0,0,1,0,0
3815,0,0,1,0,0
3816,0,0,1,0,0
3817,0,0,1,0,0
3818,0,0,1,0,0
3819,0,0,1,0,0
3820,0,0,1,0,0
3821,0,0,1,0,0
3822,0,0,1,0,0
3823,0,0,1,0,0
3824,0,0,1,0,0
3825,0,0,1,0,0
3826,0,0,1,0,0
3827,0,0,1,0,0
3828,0,0,1,0,0
3829,0,0,1,0,0
3830,0,0,1,0,0
3831,0,0,1,0,0
3832,0,0,1,0,0
3833,0,0,1,0,0
3834,0,0,1,0,0
3835,0,0,1,0,0
3836,0,0,1,0,0
3837,0,0,1,0,0
3838,0,0,1,0,0
3839,0,0,1,0,0
3840,0,0,1,0,0
3841,-1,1,1,0,0
3842,-2,4,1,0,0
3843,6,6,1,0,0
3844,9,-5,1,0,0
3845,-4,-14,1,0,0
3846,-18,0,1,0,0
3847,-9,19,1,0,0
3848,13,17,1,0,0
3849,21,-3,1,0,0
3850,7,-19,1,0,0
3851,-13,-15,1,0,0
3852,-21,3,1,0,0
3853,-12,18,1,0,0
3854,6,22,1,0,0
3855,19,11,1,0,0
3856,21,-5,1,0,0
3857,11,-17,1,0,0
3858,-4,-20,1,0,0
3859,-15,-15,1,0,0
3860,-21,-3,1,0,0
3861,-20,8,1,0,0
3862,-13,17,1,0,0
3863,-5,21,1,0,0
3864,4,22,1,0,0
3865,11,19,1,0,0
3866,16,14,1,0,0
3867,19,9,1,0,0
3868,21,5,1,0,0
3869,21,1,1,0,0
3870,21,-3,1,0,0
3871,20,-4,1,0,0
3872,18,-4,1,0,0
3873,14,-4,1,0,0
3874,11,-3,1,0,0
3875,7,-1,1,0,0
3876,3,1,1,0,0
3877,1,1,1,0,0
3878,0,0,1,0,0
3879,-1,-1,1,0,0
3880,-3,-1,1,0,0
3881,-7,1,1,0,0
3882,-11,3,1,0,0
3883,-14,4,1,0,0
3884,-18,4,1,0,0
3885,-20,4,1,0,0
3886,-21,3,1,0,0
3887,-21,-1,1,0,0
3888,-21,-5,1,0,0
3889,-19,-9,1,0,0
3890,-16,-14,1,0,0
3891,-11,-19,1,0,0
3892,-4,-22,1,0,0
3893,5,-21,1,0,0
3894,13,-17,1,0,0
3895,20,-8,1,0,0
3896,21,3,1,0,0
3897,15,15,1,0,0
3898,4,20,1,0,0
3899,-11,17,1,0,0
3900,-21,5,1,0,0
3901,-19,-11,1,0,0
3902,-6,-22,1,0,0
3903,12,-18,1,0,0
3904,21,-3,1,0,0
3905,13,15,1,0,0
3906,-7,19,1,0,0
3907,-21,3,1,0,0
3908,-13,-17,1,0,0
3909,9,-19,1,0,0
3910,18,0,1,0,0
3911,4,14,1,0,0
3912,-9,5,1,0,0
3913,-6,-6,1,0,0
3914,2,-4,1,0,0
3915,1,-1,1,0,0
3916,0,0,1,0,0
3917,0,0,1,0,0
3918,1,3,1,0,0
3919,-7,5,1,0,0
3920,-10,-6,1,0,0
3921,3,-15,1,0,0
3922,17,-1,1,0,0
3923,8,18,1,0,0
3924,-14,16,1,0,0
3925,-22,-4,1,0,0
3926,-8,-20,1,0,0
3927,12,-16,1,0,0
3928,20,2,1,0,0
3929,11,17,1,0,0
3930,-7,21,1,0,0
3931,-20,10,1,0,0
3932,-22,-6,1,0,0
3933,-12,-18,1,0,0
3934,3,-21,1,0,0
3935,15,-15,1,0,0
3936,20,-4,1,0,0
3937,19,7,1,0,0
3938,12,16,1,0,0
3939,4,20,1,0,0
3940,-5,21,1,0,0
3941,-12,18,1,0,0
3942,-17,13,1,0,0
3943,-20,8,1,0,0
3944,-22,4,1,0,0
3945,-22,0,1,0,0
3946,-22,-4,1,0,0
3947,-21,-5,1,0,0
3948,-19,-5,1,0,0
3949,-15,-5,1,0,0
3950,-12,-4,1,0,0
3951,-8,-2,1,0,0
3952,-4,0,1,0,0
3953,-2,0,1,0,0
3954,0,0,1,0,0
3955,2,0,1,0,0
3956,4,0,1,0,0
3957,8,2,1,0,0
3958,12,4,1,0,0
3959,15,5,1,0,0
3960,19,5,1,0,0
3961,21,5,1,0,0
3962,22,4,1,0,0
3963,22,0,1,0,0
3964,22,-4,1,0,0
3965,20,-8,1,0,0
3966,17,-13,1,0,0
3967,12,-18,1,0,0
3968,5,-21,1,0,0
3969,-4,-20,1,0,0
3970,-12,-16,1,0,0
3971,-19,-7,1,0,0
3972,-20,4,1,0,0
3973,-15,15,1,0,0
3974,-3,21,1,0,0
3975,12,18,1,0,0
3976,22,6,1,0,0
3977,20,-10,1,0,0
3978,7,-21,1,0,0
3979,-11,-17,1,0,0
3980,-20,-2,1,0,0
3981,-12,16,1,0,0
3982,8,20,1,0,0
3983,22,4,1,0,0
3984,14,-16,1,0,0
3985,-8,-18,1,0,0
3986,-17,1,1,0,0
3987,-3,15,1,0,0
3988,10,6,1,0,0
3989,7,-5,1,0,0
3990,-1,-3,1,0,0
3991,0,0,1,0,0
3992,0,0,1,0,0
3993,0,0,1,0,0
3994,0,0,1,0,0
3995,0,0,1,0,0
3996,0,0,1,0,0
3997,0,0,1,0,0
3998,0,0,1,0,0
3999,0,0,1,0,0
4000,0,0,1,0,0
4001,0,0,1,0,0
4002,0,0,1,0,0
4003,-1,-1,1,0,0
4004,-4,-2,1,0,0
4005,-6,6,1,0,0
4006,5,9,1,0,0
4007,14,-4,1,0,0
4008,0,-18,1,0,0
4009,-19,-9,1,0,0
4010,-17,13,1,0,0
4011,3,21,1,0,0
4012,19,7,1,0,0
4013,15,-13,1,0,0
4014,-3,-21,1,0,0
4015,-18,-12,1,0,0
4016,-22,6,1,0,0
4017,-11,19,1,0,0
4018,5,21,1,0,0
4019,17,11,1,0,0
4020,20,-4,1,0,0
4021,15,-15,1,0,0
4022,3,-21,1,0,0
4023,-8,-20,1,0,0
4024,-17,-13,1,0,0
4025,-21,-5,1,0,0
4026,-22,4,1,0,0
4027,-19,11,1,0,0
4028,-14,16,1,0,0
4029,-9,19,1,0,0
4030,-5,21,1,0,0
4031,-1,21,1,0,0
4032,3,21,1,0,0
4033,4,20,1,0,0
4034,4,18,1,0,0
4035,4,14,1,0,0
4036,3,11,1,0,0
4037,1,7,1,0,0
4038,-1,3,1,0,0
4039,-1,1,1,0,0
4040,0,0,1,0,0
4041,1,-1,1,0,0
4042,1,-3,1,0,0
4043,-1,-7,1,0,0
4044,-3,-11,1,0,0
4045,-4,-14,1,0,0
4046,-4,-18,1,0,0
4047,-4,-20,1,0,0
4048,-3,-21,1,0,0
4049,1,-21,1,0,0
4050,5,-21,1,0,0
4051,9,-19,1,0,0
4052,14,-16,1,0,0
4053,19,-11,1,0,0
4054,22,-4,1,0,0
4055,21,5,1,0,0
4056,17,13,1,0,0
4057,8,20,1,0,0
4058,-3,21,1,0,0
4059,-15,15,1,0,0
4060,-20,4,1,0,0
4061,-17,-11,1,0,0
4062,-5,-21,1,0,0
4063,11,-19,1,0,0
4064,22,-6,1,0,0
4065,18,12,1,0,0
4066,3,21,1,0,0
4067,-15,13,1,0,0
4068,-19,-7,1,0,0
4069,-3,-21,1,0,0
4070,17,-13,1,0,0
4071,19,9,1,0,0
4072,0,18,1,0,0
4073,-14,4,1,0,0
4074,-5,-9,1,0,0
4075,6,-6,1,0,0
4076,4,2,1,0,0
4077,1,1,1,0,0
4078,0,0,1,0,0
4079,0,0,1,0,0
4080,-1,-3,1,0,0
4081,7,-5,1,0,0
4082,10,6,1,0,0
4083,-3,15,1,0,0
4084,-17,1,1,0,0
4085,-8,-18,1,0,0
4086,14,-16,1,0,0
4087,22,4,1,0,0
4088,8,20,1,0,0
4089,-12,16,1,0,0
4090,-20,-2,1,0,0
4091,-11,-17,1,0,0
4092,7,-21,1,0,0
4093,20,-10,1,0,0
4094,22,6,1,0,0
4095,12,18,1,0,0
4096,-3,21,1,0,0
4097,-15,15,1,0,0
4098,-20,4,1,0,0
4099,-19,-7,1,0,0
4100,-12,-16,1,0,0
4101,-4,-20,1,0,0
4102,5,-21,1,0,0
4103,12,-18,1,0,0
4104,17,-13,1,0,0
4105,20,-8,1,0,0
4106,22,-4,1,0,0
4107,22,0,1,0,0
4108,22,4,1,0,0
4109,21,5,1,0,0
4110,19,5,1,0,0
4111,15,5,1,0,0
4112,12,4,1,0,0
4113,8,2,1,0,0
4114,4,0,1,0,0
4115,2,0,1,0,0
4116,0,0,1,0,0
4117,2,0,1,0,0
4118,4,0,1,0,0
4119,8,2,1,0,0
4120,12,4,1,0,0
4121,15,5,1,0,0
4122,19,5,1,0,0
4123,21,5,1,0,0
4124,22,4,1,0,0
4125,22,0,1,0,0
4126,22,-4,1,0,0
4127,20,-8,1,0,0
4128,17,-13,1,0,0
4129,12,-18,1,0,0
4130,5,-21,1,0,0
4131,-4,-20,1,0,0
4132,-12,-16,1,0,0
4133,-19,-7,1,0,0
4134,-20,4,1,0,0
4135,-15,15,1,0,0
4136,-3,21,1,0,0
4137,12,18,1,0,0
4138,22,6,1,0,0
4139,20,-10,1,0,0
4140,7,-21,1,0,0
4141,-11,-17,1,0,0
4142,-20,-2,1,0,0
4143,-12,16,1,0,0
4144,8,20,1,0,0
4145,22,4,1,0,0
4146,14,-16,1,0,0
4147,-8,-18,1,0,0
4148,-17,1,1,0,0
4149,-3,15,1,0,0
4150,10,6,1,0,0
4151,7,-5,1,0,0
4152,-1,-3,1,0,0
4153,0,0,1,0,0
4154,0,0,1,0,0
4155,0,0,1,0,0
4156,0,0,1,0,0
4157,0,0,1,0,0
4158,0,0,1,0,0
4159,0,0,1,0,0
4160,0,0,1,0,0
4161,0,0,1,0,0
4162,0,0,1,0,0
4163,0,0,1,0,0
4164,0,0,1,0,0
4165,0,0,1,0,0
4166,0,0,1,0,0
4167,0,0,1,0,0
4168,0,0,1,0,0
4169,0,0,1,0,0
4170,0,0,1,0,0
4171,0,0,1,0,0
4172,0,0,1,0,0
4173,0,0,1,0,0
4174,0,0,1,0,0
4175,0,0,1,0,0
4176,0,0,1,0,0
4177,0,0,1,0,0
4178,0,0,1,0,0
4179,0,0,1,0,0
4180,0,0,1,0,0
4181,0,0,1,0,0
4182,0,0,1,0,0
4183,0,0,1,0,0
4184,0,0,1,0,0
4185,0,0,1,0,0
4186,0,0,1,0,0
4187,0,0,1,0,0
4188,0,0,1,0,0
4189,0,0,1,0,0
4190,0,0,1,0,0
4191,0,0,1,0,0
4192,0,0,1,0,0
4193,0,0,1,0,0
4194,0,0,1,0,0
4195,0,0,1,0,0
4196,0,0,1,0,0
4197,0,0,1,0,0
4198,0,0,1,0,0
4199,0,0,1,0,0
4200,0,0,1,0,0
4201,0,0,1,0,0
4202,0,0,1,0,0
4203,0,0,1,0,0
4204,0,0,1,0,0
4205,0,0,1,0,0
4206,0,0,1,0,0
4207,0,0,1,0,0
4208,0,0,1,0,0
4209,0,0,1,0,0
4210,0,0,1,0,0
4211,0,0,1,0,0
4212,0,0,1,0,0
4213,0,0,1,0,0
4214,0,0,1,0,0
4215,0,0,1,0,0
4216,0,0,1,0,0
4217,0,0,1,0,0
4218,0,0,1,0,0
4219,0,0,1,0,0
4220,0,0,1,0,0
4221,0,0,1,0,0
4222,0,0,1,0,0
4223,0,0,1,0,0
4224,0,0,1,0,0
4225,1,1,1,0,0
4226,4,2,1,0,0
4227,6,-6,1,0,0
4228,-5,-9,1,0,0
4229,-14,4,1,0,0
4230,0,18,1,0,0
4231,19,9,1,0,0
4232,17,-13,1,0,0
4233,-3,-21,1,0,0
4234,-19,-7,1,0,0
4235,-15,13,1,0,0
4236,3,21,1,0,0
4237,18,12,1,0,0
4238,22,-6,1,0,0
4239,11,-19,1,0,0
4240,-5,-21,1,0,0
4241,-17,-11,1,0,0
4242,-20,4,1,0,0
4243,-15,15,1,0,0
4244,-3,21,1,0,0
4245,8,20,1,0,0
4246,17,13,1,0,0
4247,21,5,1,0,0
4248,22,-4,1,0,0
4249,19,-11,1,0,0
4250,14,-16,1,0,0
4251,9,-19,1,0,0
4252,5,-21,1,0,0
4253,1,-21,1,0,0
4254,-3,-21,1,0,0
4255,-4,-20,1,0,0
4256,-4,-18,1,0,0
4257,-4,-14,1,0,0
4258,-3,-11,1,0,0
4259,-1,-7,1,0,0
4260,1,-3,1,0,0
4261,1,-1,1,0,0
4262,0,0,1,0,0
4263,-1,1,1,0,0
4264,-1,3,1,0,0
4265,1,7,1,0,0
4266,3,11,1,0,0
4267,4,14,1,0,0
4268,4,18,1,0,0
4269,4,20,1,0,0
4270,3,21,1,0,0
4271,-1,21,1,0,0
4272,-5,21,1,0,0
4273,-9,19,1,0,0
4274,-14,16,1,0,0
4275,-19,11,1,0,0
4276,-22,4,1,0,0
4277,-21,-5,1,0,0
4278,-17,-13,1,0,0
4279,-8,-20,1,0,0
4280,3,-21,1,0,0
4281,15,-15,1,0,0
4282,20,-4,1,0,0
4283,17,11,1,0,0
4284,5,21,1,0,0
4285,-11,19,1,0,0
4286,-22,6,1,0,0
4287,-18,-12,1,0,0
4288,-3,-21,1,0,0
4289,15,-13,1,0,0
4290,19,7,1,0,0
4291,3,21,1,0,0
4292,-17,13,1,0,0
4293,-19,-9,1,0,0
4294,0,-18,1,0,0
4295,14,-4,1,0,0
4296,5,9,1,0,0
4297,-6,6,1,0,0
4298,-4,-2,1,0,0
4299,-1,-1,1,0,0
4300,0,0,1,0,0
4301,0,0,1,0,0
4302,-3,1,1,0,0
4303,-5,-7,1,0,0
4304,6,-10,1,0,0
4305,15,3,1,0,0
4306,1,17,1,0,0
4307,-18,8,1,0,0
4308,-16,-14,1,0,0
4309,4,-22,1,0,0
4310,20,-8,1,0,0
4311,16,12,1,0,0
4312,-2,20,1,0,0
4313,-17,11,1,0,0
4314,-21,-7,1,0,0
4315,-10,-20,1,0,0
4316,6,-22,1,0,0
4317,18,-12,1,0,0
4318,21,3,1,0,0
4319,15,15,1,0,0
4320,4,20,1,0,0
4321,-7,19,1,0,0
4322,-16,12,1,0,0
4323,-20,4,1,0,0
4324,-21,-5,1,0,0
4325,-18,-12,1,0,0
4326,-13,-17,1,0,0
4327,-8,-20,1,0,0
4328,-4,-22,1,0,0
4329,0,-22,1,0,0
4330,4,-22,1,0,0
4331,5,-21,1,0,0
4332,5,-19,1,0,0
4333,5,-15,1,0,0
4334,4,-12,1,0,0
4335,2,-8,1,0,0
4336,0,-4,1,0,0
4337,0,-2,1,0,0
4338,0,0,1,0,0
4339,2,0,1,0,0
4340,4,0,1,0,0
4341,8,2,1,0,0
4342,12,4,1,0,0
4343,15,5,1,0,0
4344,19,5,1,0,0
4345,21,5,1,0,0
4346,22,4,1,0,0
4347,22,0,1,0,0
4348,22,-4,1,0,0
4349,20,-8,1,0,0
4350,17,-13,1,0,0
4351,12,-18,1,0,0
4352,5,-21,1,0,0
4353,-4,-20,1,0,0
4354,-12,-16,1,0,0
4355,-19,-7,1,0,0
4356,-20,4,1,0,0
4357,-15,15,1,0,0
4358,-3,21,1,0,0
4359,12,18,1,0,0
4360,22,6,1,0,0
4361,20,-10,1,0,0
4362,7,-21,1,0,0
4363,-11,-17,1,0,0
4364,-20,-2,1,0,0
4365,-12,16,1,0,0
4366,8,20,1,0,0
4367,22,4,1,0,0
4368,14,-16,1,0,0
4369,-8,-18,1,0,0
4370,-17,1,1,0,0
4371,-3,15,1,0,0
4372,10,6,1,0,0
4373,7,-5,1,0,0
4374,-1,-3,1,0,0
4375,0,0,1,0,0
4376,0,0,1,0,0
4377,0,0,1,0,0
4378,0,0,1,0,0
4379,0,0,1,0,0
4380,0,0,1,0,0
4381,0,0,1,0,0
4382,0,0,1,0,0
4383,0,0,1,0,0
4384,0,0,1,0,0
4385,0,0,1,0,0
4386,0,0,1,0,0
4387,1,1,1,0,0
4388,4,2,1,0,0
4389,6,-6,1,0,0
4390,-5,-9,1,0,0
4391,-14,4,1,0,0
4392,0,18,1,0,0
4393,19,9,1,0,0
4394,17,-13,1,0,0
4395,-3,-21,1,0,0
4396,-19,-7,1,0,0
4397,-15,13,1,0,0
4398,3,21,1,0,0
4399,18,12,1,0,0
4400,22,-6,1,0,0
4401,11,-19,1,0,0
4402,-5,-21,1,0,0
4403,-17,-11,1,0,0
4404,-20,4,1,0,0
4405,-15,15,1,0,0
4406,-3,21,1,0,0
4407,8,20,1,0,0
4408,17,13,1,0,0
4409,21,5,1,0,0
4410,22,-4,1,0,0
4411,19,-11,1,0,0
4412,14,-16,1,0,0
4413,9,-19,1,0,0
4414,5,-21,1,0,0
4415,1,-21,1,0,0
4416,-3,-21,1,0,0
4417,-4,-20,1,0,0
4418,-4,-18,1,0,0
4419,-4,-14,1,0,0
4420,-3,-11,1,0,0
4421,-1,-7,1,0,0
4422,1,-3,1,0,0
4423,1,-1,1,0,0
4424,0,0,1,0,0
4425,-1,1,1,0,0
4426,-1,3,1,0,0
4427,1,7,1,0,0
4428,3,11,1,0,0
4429,4,14,1,0,0
4430,4,18,1,0,0
4431,4,20,1,0,0
4432,3,21,1,0,0
4433,-1,21,1,0,0
4434,-5,21,1,0,0
4435,-9,19,1,0,0
4436,-14,16,1,0,0
4437,-19,11,1,0,0
4438,-22,4,1,0,0
4439,-21,-5,1,0,0
4440,-17,-13,1,0,0
4441,-8,-20,1,0,0
4442,3,-21,1,0,0
4443,15,-15,1,0,0
4444,20,-4,1,0,0
4445,17,11,1,0,0
4446,5,21,1,0,0
4447,-11,19,1,0,0
4448,-22,6,1,0,0
4449,-18,-12,1,0,0
4450,-3,-21,1,0,0
4451,15,-13,1,0,0
4452,19,7,1,0,0
4453,3,21,1,0,0
4454,-17,13,1,0,0
4455,-19,-9,1,0,0
4456,0,-18,1,0,0
4457,14,-4,1,0,0
4458,5,9,1,0,0
4459,-6,6,1,0,0
4460,-4,-2,1,0,0
4461,-1,-1,1,0,0
4462,0,0,1,0,0
4463,0,0,1,0,0
4464,-1,-3,1,0,0
4465,7,-5,1,0,0
4466,10,6,1,0,0
4467,-3,15,1,0,0
4468,-17,1,1,0,0
4469,-8,-18,1,0,0
4470,14,-16,1,0,0
4471,22,4,1,0,0
4472,8,20,1,0,0
4473,-12,16,1,0,0
4474,-20,-2,1,0,0
4475,-11,-17,1,0,0
4476,7,-21,1,0,0
4477,20,-10,1,0,0
4478,22,6,1,0,0
4479,12,18,1,0,0
4480,-3,21,1,0,0
4481,-15,15,1,0,0
4482,-20,4,1,0,0
4483,-19,-7,1,0,0
4484,-12,-16,1,0,0
4485,-4,-20,1,0,0
4486,5,-21,1,0,0
4487,12,-18,1,0,0
4488,17,-13,1,0,0
4489,20,-8,1,0,0
4490,22,-4,1,0,0
4491,22,0,1,0,0
4492,22,4,1,0,0
4493,21,5,1,0,0
4494,19,5,1,0,0
4495,15,5,1,0,0
4496,12,4,1,0,0
4497,8,2,1,0,0
4498,4,0,1,0,0
4499,2,0,1,0,0
4500,0,0,1,0,0
4501,0,2,1,0,0
4502,0,4,1,0,0
4503,-2,8,1,0,0
4504,-4,12,1,0,0
4505,-5,15,1,0,0
4506,-5,19,1,0,0
4507,-5,21,1,0,0
4508,-4,22,1,0,0
4509,0,22,1,0,0
4510,4,22,1,0,0
4511,8,20,1,0,0
4512,13,17,1,0,0
4513,18,12,1,0,0
4514,21,5,1,0,0
4515,20,-4,1,0,0
4516,16,-12,1,0,0
4517,7,-19,1,0,0
4518,-4,-20,1,0,0
4519,-15,-15,1,0,0
4520,-21,-3,1,0,0
4521,-18,12,1,0,0
4522,-6,22,1,0,0
4523,10,20,1,0,0
4524,21,7,1,0,0
4525,17,-11,1,0,0
4526,2,-20,1,0,0
4527,-16,-12,1,0,0
4528,-20,8,1,0,0
4529,-4,22,1,0,0
4530,16,14,1,0,0
4531,18,-8,1,0,0
4532,-1,-17,1,0,0
4533,-15,-3,1,0,0
4534,-6,10,1,0,0
4535,5,7,1,0,0
4536,3,-1,1,0,0
4537,0,0,1,0,0
4538,0,0,1,0,0
4539,0,0,1,0,0
4540,0,0,1,0,0
4541,0,0,1,0,0
4542,0,0,1,0,0
4543,0,0,1,0,0
4544,0,0,1,0,0
4545,0,0,1,0,0
4546,0,0,1,0,0
4547,0,0,1,0,0
4548,0,0,1,0,0
4549,0,0,1,0,0
4550,0,0,1,0,0
4551,0,0,1,0,0
4552,0,0,1,0,0
4553,0,0,1,0,0
4554,0,0,1,0,0
4555,0,0,1,0,0
4556,0,0,1,0,0
4557,0,0,1,0,0
4558,0,0,1,0,0
4559,0,0,1,0,0
4560,0,0,1,0,0
4561,0,0,1,0,0
4562,0,0,1,0,0
4563,0,0,1,0,0
4564,0,0,1,0,0
4565,0,0,1,0,0
4566,0,0,1,0,0
4567,0,0,1,0,0
4568,0,0,1,0,0
4569,0,0,1,0,0
4570,0,0,1,0,0
4571,0,0,1,0,0
4572,0,0,1,0,0
4573,0,0,1,0,0
4574,0,0,1,0,0
4575,0,0,1,0,0
4576,0,0,1,0,0
4577,0,0,1,0,0
4578,0,0,1,0,0
4579,0,0,1,0,0
4580,0,0,1,0,0
4581,0,0,1,0,0
4582,0,0,1,0,0
4583,0,0,1,0,0
4584,0,0,1,0,0
4585,0,0,1,0,0
4586,0,0,1,0,0
4587,0,0,1,0,0
4588,0,0,1,0,0
4589,0,0,1,0,0
4590,0,0,1,0,0
4591,0,0,1,0,0
4592,0,0,1,0,0
4593,0,0,1,0,0
4594,0,0,1,0,0
4595,0,0,1,0,0
4596,0,0,1,0,0
4597,0,0,1,0,0
4598,0,0,1,0,0
4599,0,0,1,0,0
4600,0,0,1,0,0
4601,0,0,1,0,0
4602,0,0,1,0,0
4603,0,0,1,0,0
4604,0,0,1,0,0
4605,0,0,1,0,0
4606,0,0,1,0,0
4607,0,0,1,0,0
4608,0,0,1,0,0
4609,1,1,1,0,0
4610,4,2,1,0,0
4611,6,-6,1,0,0
4612,-5,-9,1,0,0
4613,-14,4,1,0,0
4614,0,18,1,0,0
4615,19,9,1,0,0
4616,17,-13,1,0,0
4617,-3,-21,1,0,0
4618,-19,-7,1,0,0
4619,-15,13,1,0,0
4620,3,21,1,0,0
4621,18,12,1,0,0
4622,22,-6,1,0,0
4623,11,-19,1,0,0
4624,-5,-21,1,0,0
4625,-17,-11,1,0,0
4626,-20,4,1,0,0
4627,-15,15,1,0,0
4628,-3,21,1,0,0
4629,8,20,1,0,0
4630,17,13,1,0,0
4631,21,5,1,0,0
4632,22,-4,1,0,0
4633,19,-11,1,0,0
4634,14,-16,1,0,0
4635,9,-19,1,0,0
4636,5,-21,1,0,0
4637,1,-21,1,0,0
4638,-3,-21,1,0,0
4639,-4,-20,1,0,0
4640,-4,-18,1,0,0
4641,-4,-14,1,0,0
4642,-3,-11,1,0,0
4643,-1,-7,1,0,0
4644,1,-3,1,0,0
4645,1,-1,1,0,0
4646,0,0,1,0,0
4647,-1,1,1,0,0
4648,-1,3,1,0,0
4649,1,7,1,0,0
4650,3,11,1,0,0
4651,4,14,1,0,0
4652,4,18,1,0,0
4653,4,20,1,0,0
4654,3,21,1,0,0
4655,-1,21,1,0,0
4656,-5,21,1,0,0
4657,-9,19,1,0,0
4658,-14,16,1,0,0
4659,-19,11,1,0,0
4660,-22,4,1,0,0
4661,-21,-5,1,0,0
4662,-17,-13,1,0,0
4663,-8,-20,1,0,0
4664,3,-21,1,0,0
4665,15,-15,1,0,0
4666,20,-4,1,0,0
4667,17,11,1,0,0
4668,5,21,1,0,0
4669,-11,19,1,0,0
4670,-22,6,1,0,0
4671,-18,-12,1,0,0
4672,-3,-21,1,0,0
4673,15,-13,1,0,0
4674,19,7,1,0,0
4675,3,21,1,0,0
4676,-17,13,1,0,0
4677,-19,-9,1,0,0
4678,0,-18,1,0,0
4679,14,-4,1,0,0
4680,5,9,1,0,0
4681,-6,6,1,0,0
4682,-4,-2,1,0,0
4683,-1,-1,1,0,0
4684,0,0,1,0,0
4685,0,0,1,0,0
4686,1,3,1,0,0
4687,-7,5,1,0,0
4688,-10,-6,1,0,0
4689,3,-15,1,0,0
4690,17,-1,1,0,0
4691,8,18,1,0,0
4692,-14,16,1,0,0
4693,-22,-4,1,0,0
4694,-8,-20,1,0,0
4695,12,-16,1,0,0
4696,20,2,1,0,0
4697,11,17,1,0,0
4698,-7,21,1,0,0
4699,-20,10,1,0,0
4700,-22,-6,1,0,0
4701,-12,-18,1,0,0
4702,3,-21,1,0,0
4703,15,-15,1,0,0
4704,20,-4,1,0,0
4705,19,7,1,0,0
4706,12,16,1,0,0
4707,4,20,1,0,0
4708,-5,21,1,0,0
4709,-12,18,1,0,0
4710,-17,13,1,0,0
4711,-20,8,1,0,0
4712,-22,4,1,0,0
4713,-22,0,1,0,0
4714,-22,-4,1,0,0
4715,-21,-5,1,0,0
4716,-19,-5,1,0,0
4717,-15,-5,1,0,0
4718,-12,-4,1,0,0
4719,-8,-2,1,0,0
4720,-4,0,1,0,0
4721,-2,0,1,0,0
4722,0,0,1,0,0
4723,-2,0,1,0,0
4724,-4,0,1,0,0
4725,-8,-2,1,0,0
4726,-12,-4,1,0,0
4727,-15,-5,1,0,0
4728,-19,-5,1,0,0
4729,-21,-5,1,0,0
4730,-22,-4,1,0,0
4731,-22,0,1,0,0
4732,-22,4,1,0,0
4733,-20,8,1,0,0
4734,-17,13,1,0,0
4735,-12,18,1,0,0
4736,-5,21,1,0,0
4737,4,20,1,0,0
4738,12,16,1,0,0
4739,19,7,1,0,0
4740,20,-4,1,0,0
4741,15,-15,1,0,0
4742,3,-21,1,0,0
4743,-12,-18,1,0,0
4744,-22,-6,1,0,0
4745,-20,10,1,0,0
4746,-7,21,1,0,0
4747,11,17,1,0,0
4748,20,2,1,0,0
4749,12,-16,1,0,0
4750,-8,-20,1,0,0
4751,-22,-4,1,0,0
4752,-14,16,1,0,0
4753,8,18,1,0,0
4754,17,-1,1,0,0
4755,3,-15,1,0,0
4756,-10,-6,1,0,0
4757,-7,5,1,0,0
4758,1,3,1,0,0
4759,0,0,1,0,0
4760,0,0,1,0,0
4761,0,0,1,0,0
4762,0,0,1,0,0
4763,0,0,1,0,0
4764,0,0,1,0,0
4765,0,0,1,0,0
4766,0,0,1,0,0
4767,0,0,1,0,0
4768,0,0,1,0,0
4769,0,0,1,0,0
4770,0,0,1,0,0
4771,1,-1,1,0,0
4772,2,-4,1,0,0
4773,-6,-6,1,0,0
4774,-9,5,1,0,0
4775,4,14,1,0,0
4776,18,0,1,0,0
4777,9,-19,1,0,0
4778,-13,-17,1,0,0
4779,-21,3,1,0,0
4780,-7,19,1,0,0
4781,13,15,1,0,0
4782,21,-3,1,0,0
4783,12,-18,1,0,0
4784,-6,-22,1,0,0
4785,-19,-11,1,0,0
4786,-21,5,1,0,0
4787,-11,17,1,0,0
4788,4,20,1,0,0
4789,15,15,1,0,0
4790,21,3,1,0,0
4791,20,-8,1,0,0
4792,13,-17,1,0,0
4793,5,-21,1,0,0
4794,-4,-22,1,0,0
4795,-11,-19,1,0,0
4796,-16,-14,1,0,0
4797,-19,-9,1,0,0
4798,-21,-5,1,0,0
4799,-21,-1,1,0,0
4800,-21,3,1,0,0
4801,-20,4,1,0,0
4802,-18,4,1,0,0
4803,-14,4,1,0,0
4804,-11,3,1,0,0
4805,-7,1,1,0,0
4806,-3,-1,1,0,0
4807,-1,-1,1,0,0
4808,0,0,1,0,0
4809,1,1,1,0,0
4810,3,1,1,0,0
4811,7,-1,1,0,0
4812,11,-3,1,0,0
4813,14,-4,1,0,0
4814,18,-4,1,0,0
4815,20,-4,1,0,0
4816,21,-3,1,0,0
4817,21,1,1,0,0
4818,21,5,1,0,0
4819,19,9,1,0,0
4820,16,14,1,0,0
4821,11,19,1,0,0
4822,4,22,1,0,0
4823,-5,21,1,0,0
4824,-13,17,1,0,0
4825,-20,8,1,0,0
4826,-21,-3,1,0,0
4827,-15,-15,1,0,0
4828,-4,-20,1,0,0
4829,11,-17,1,0,0
4830,21,-5,1,0,0
4831,19,11,1,0,0
4832,6,22,1,0,0
4833,-12,18,1,0,0
4834,-21,3,1,0,0
4835,-13,-15,1,0,0
4836,7,-19,1,0,0
4837,21,-3,1,0,0
4838,13,17,1,0,0
4839,-9,19,1,0,0
4840,-18,0,1,0,0
4841,-4,-14,1,0,0
4842,9,-5,1,0,0
4843,6,6,1,0,0
4844,-2,4,1,0,0
4845,-1,1,1,0,0
4846,0,0,1,0,0
4847,0,0,1,0,0
4848,-1,-3,1,0,0
4849,7,-5,1,0,0
4850,10,6,1,0,0
4851,-3,15,1,0,0
4852,-17,1,1,0,0
4853,-8,-18,1,0,0
4854,14,-16,1,0,0
4855,22,4,1,0,0
4856,8,20,1,0,0
4857,-12,16,1,0,0
4858,-20,-2,1,0,0
4859,-11,-17,1,0,0
4860,7,-21,1,0,0
4861,20,-10,1,0,0
4862,22,6,1,0,0
4863,12,18,1,0,0
4864,-3,21,1,0,0
4865,-15,15,1,0,0
4866,-20,4,1,0,0
4867,-19,-7,1,0,0
4868,-12,-16,1,0,0
4869,-4,-20,1,0,0
4870,5,-21,1,0,0
4871,12,-18,1,0,0
4872,17,-13,1,0,0
4873,20,-8,1,0,0
4874,22,-4,1,0,0
4875,22,0,1,0,0
4876,22,4,1,0,0
4877,21,5,1,0,0
4878,19,5,1,0,0
4879,15,5,1,0,0
4880,12,4,1,0,0
4881,8,2,1,0,0
4882,4,0,1,0,0
4883,2,0,1,0,0
4884,0,0,1,0,0
4885,-2,0,1,0,0
4886,-4,0,1,0,0
4887,-8,-2,1,0,0
4888,-12,-4,1,0,0
4889,-15,-5,1,0,0
4890,-19,-5,1,0,0
4891,-21,-5,1,0,0
4892,-22,-4,1,0,0
4893,-22,0,1,0,0
4894,-22,4,1,0,0
4895,-20,8,1,0,0
4896,-17,13,1,0,0
4897,-12,18,1,0,0
4898,-5,21,1,0,0
4899,4,20,1,0,0
4900,12,16,1,0,0
4901,19,7,1,0,0
4902,20,-4,1,0,0
4903,15,-15,1,0,0
4904,3,-21,1,0,0
4905,-12,-18,1,0,0
4906,-22,-6,1,0,0
4907,-20,10,1,0,0
4908,-7,21,1,0,0
4909,11,17,1,0,0
4910,20,2,1,0,0
4911,12,-16,1,0,0
4912,-8,-20,1,0,0
4913,-22,-4,1,0,0
4914,-14,16,1,0,0
4915,8,18,1,0,0
4916,17,-1,1,0,0
4917,3,-15,1,0,0
4918,-10,-6,1,0,0
4919,-7,5,1,0,0
4920,1,3,1,0,0
4921,0,0,1,0,0
4922,0,0,1,0,0
4923,0,0,1,0,0
4924,0,0,1,0,0
4925,0,0,1,0,0
4926,0,0,1,0,0
4927,0,0,1,0,0
4928,0,0,1,0,0
4929,0,0,1,0,0
4930,0,0,1,0,0
4931,0,0,1,0,0
4932,0,0,1,0,0
4933,0,0,1,0,0
4934,0,0,1,0,0
4935,0,0,1,0,0
4936,0,0,1,0,0
4937,0,0,1,0,0
4938,0,0,1,0,0
4939,0,0,1,0,0
4940,0,0,1,0,0
4941,0,0,1,0,0
4942,0,0,1,0,0
4943,0,0,1,0,0
4944,0,0,1,0,0
4945,0,0,1,0,0
4946,0,0,1,0,0
4947,0,0,1,0,0
4948,0,0,1,0,0
4949,0,0,1,0,0
4950,0,0,1,0,0
4951,0,0,1,0,0
4952,0,0,1,0,0
4953,0,0,1,0,0
4954,0,0,1,0,0
4955,0,0,1,0,0
4956,0,0,1,0,0
4957,0,0,1,0,0
4958,0,0,1,0,0
4959,0,0,1,0,0
4960,0,0,1,0,0
4961,0,0,1,0,0
4962,0,0,1,0,0
4963,0,0,1,0,0
4964,0,0,1,0,0
4965,0,0,1,0,0
4966,0,0,1,0,0
4967,0,0,1,0,0
4968,0,0,1,0,0
4969,0,0,1,0,0
4970,0,0,1,0,0
4971,0,0,1,0,0
4972,0,0,1,0,0
4973,0,0,1,0,0
4974,0,0,1,0,0
4975,0,0,1,0,0
4976,0,0,1,0,0
4977,0,0,1,0,0
4978,0,0,1,0,0
4979,0,0,1,0,0
4980,0,0,1,0,0
4981,0,0,1,0,0
4982,0,0,1,0,0
4983,0,0,1,0,0
4984,0,0,1,0,0
4985,0,0,1,0,0
4986,0,0,1,0,0
4987,0,0,1,0,0
4988,0,0,1,0,0
4989,0,0,1,0,0
4990,0,0,1,0,0
4991,0,0,1,0,0
4992,0,0,1,0,0
4993,1,-1,1,0,0
4994,2,-4,1,0,0
4995,-6,-6,1,0,0
4996,-9,5,1,0,0
4997,4,14,1,0,0
4998,18,0,1,0,0
4999,9,-19,1,0,0
5000,-13,-17,1,0,0
5001,-21,3,1,0,0
5002,-7,19,1,0,0
5003,13,15,1,0,0
5004,21,-3,1,0,0
5005,12,-18,1,0,0
5006,-6,-22,1,0,0
5007,-19,-11,1,0,0
5008,-21,5,1,0,0
5009,-11,17,1,0,0
5010,4,20,1,0,0
5011,15,15,1,0,0
5012,21,3,1,0,0
5013,20,-8,1,0,0
5014,13,-17,1,0,0
5015,5,-21,1,0,0
5016,-4,-22,1,0,0
5017,-11,-19,1,0,0
5018,-16,-14,1,0,0
5019,-19,-9,1,0,0
5020,-21,-5,1,0,0
5021,-21,-1,1,0,0
5022,-21,3,1,0,0
5023,-20,4,1,0,0
5024,-18,4,1,0,0
5025,-14,4,1,0,0
5026,-11,3,1,0,0
5027,-7,1,1,0,0
5028,-3,-1,1,0,0
5029,-1,-1,1,0,0
5030,0,0,1,0,0
5031,1,1,1,0,0
5032,3,1,1,0,0
5033,7,-1,1,0,0
5034,11,-3,1,0,0
5035,14,-4,1,0,0
5036,18,-4,1,0,0
5037,20,-4,1,0,0
5038,21,-3,1,0,0
5039,21,1,1,0,0
5040,21,5,1,0,0
5041,19,9,1,0,0
5042,16,14,1,0,0
5043,11,19,1,0,0
5044,4,22,1,0,0
5045,-5,21,1,0,0
5046,-13,17,1,0,0
5047,-20,8,1,0,0
5048,-21,-3,1,0,0
5049,-15,-15,1,0,0
5050,-4,-20,1,0,0
5051,11,-17,1,0,0
5052,21,-5,1,0,0
5053,19,11,1,0,0
5054,6,22,1,0,0
5055,-12,18,1,0,0
5056,-21,3,1,0,0
5057,-13,-15,1,0,0
5058,7,-19,1,0,0
5059,21,-3,1,0,0
5060,13,17,1,0,0
5061,-9,19,1,0,0
5062,-18,0,1,0,0
5063,-4,-14,1,0,0
5064,9,-5,1,0,0
5065,6,6,1,0,0
5066,-2,4,1,0,0
5067,-1,1,1,0,0
5068,0,0,1,0,0
5069,0,0,1,0,0
5070,3,-1,1,0,0
5071,5,7,1,0,0
5072,-6,10,1,0,0
5073,-15,-3,1,0,0
5074,-1,-17,1,0,0
5075,18,-8,1,0,0
5076,16,14,1,0,0
5077,-4,22,1,0,0
5078,-20,8,1,0,0
5079,-16,-12,1,0,0
5080,2,-20,1,0,0
5081,17,-11,1,0,0
5082,21,7,1,0,0
5083,10,20,1,0,0
5084,-6,22,1,0,0
5085,-18,12,1,0,0
5086,-21,-3,1,0,0
5087,-15,-15,1,0,0
5088,-4,-20,1,0,0
5089,7,-19,1,0,0
5090,16,-12,1,0,0
5091,20,-4,1,0,0
5092,21,5,1,0,0
5093,18,12,1,0,0
5094,13,17,1,0,0
5095,8,20,1,0,0
5096,4,22,1,0,0
5097,0,22,1,0,0
5098,-4,22,1,0,0
5099,-5,21,1,0,0
5100,-5,19,1,0,0
5101,-5,15,1,0,0
5102,-4,12,1,0,0
5103,-2,8,1,0,0
5104,0,4,1,0,0
5105,0,2,1,0,0
5106,0,0,1,0,0
5107,-2,0,1,0,0
5108,-4,0,1,0,0
5109,-8,-2,1,0,0
5110,-12,-4,1,0,0
5111,-15,-5,1,0,0
5112,-19,-5,1,0,0
5113,-21,-5,1,0,0
5114,-22,-4,1,0,0
5115,-22,0,1,0,0
5116,-22,4,1,0,0
5117,-20,8,1,0,0
5118,-17,13,1,0,0
5119,-12,18,1,0,0
5120,-5,21,1,0,0
5121,4,20,1,0,0
5122,12,16,1,0,0
5123,19,7,1,0,0
5124,20,-4,1,0,0
5125,15,-15,1,0,0
5126,3,-21,1,0,0
5127,-12,-18,1,0,0
5128,-22,-6,1,0,0
5129,-20,10,1,0,0
5130,-7,21,1,0,0
5131,11,17,1,0,0
5132,20,2,1,0,0
5133,12,-16,1,0,0
5134,-8,-20,1,0,0
5135,-22,-4,1,0,0
5136,-14,16,1,0,0
5137,8,18,1,0,0
5138,17,-1,1,0,0
5139,3,-15,1,0,0
5140,-10,-6,1,0,0
5141,-7,5,1,0,0
5142,1,3,1,0,0
5143,0,0,1,0,0
5144,0,0,1,0,0
5145,0,0,1,0,0
5146,0,0,1,0,0
5147,0,0,1,0,0
5148,0,0,1,0,0
5149,0,0,1,0,0
5150,0,0,1,0,0
5151,0,0,1,0,0
5152,0,0,1,0,0
5153,0,0,1,0,0
5154,0,0,1,0,0
5155,1,-1,1,0,0
5156,2,-4,1,0,0
5157,-6,-6,1,0,0
5158,-9,5,1,0,0
5159,4,14,1,0,0
5160,18,0,1,0,0
5161,9,-19,1,0,0
5162,-13,-17,1,0,0
5163,-21,3,1,0,0
5164,-7,19,1,0,0
5165,13,15,1,0,0
5166,21,-3,1,0,0
5167,12,-18,1,0,0
5168,-6,-22,1,0,0
5169,-19,-11,1,0,0
5170,-21,5,1,0,0
5171,-11,17,1,0,0
5172,4,20,1,0,0
5173,15,15,1,0,0
5174,21,3,1,0,0
5175,20,-8,1,0,0
5176,13,-17,1,0,0
5177,5,-21,1,0,0
5178,-4,-22,1,0,0
5179,-11,-19,1,0,0
5180,-16,-14,1,0,0
5181,-19,-9,1,0,0
5182,-21,-5,1,0,0
5183,-21,-1,1,0,0
5184,-21,3,1,0,0
5185,-20,4,1,0,0
5186,-18,4,1,0,0
5187,-14,4,1,0,0
5188,-11,3,1,0,0
5189,-7,1,1,0,0
5190,-3,-1,1,0,0
5191,-1,-1,1,0,0
5192,0,0,1,0,0
5193,1,1,1,0,0
5194,3,1,1,0,0
5195,7,-1,1,0,0
5196,11,-3,1,0,0
5197,14,-4,1,0,0
5198,18,-4,1,0,0
5199,20,-4,1,0,0
5200,21,-3,1,0,0
5201,21,1,1,0,0
5202,21,5,1,0,0
5203,19,9,1,0,0
5204,16,14,1,0,0
5205,11,19,1,0,0
5206,4,22,1,0,0
5207,-5,21,1,0,0
5208,-13,17,1,0,0
5209,-20,8,1,0,0
5210,-21,-3,1,0,0
5211,-15,-15,1,0,0
5212,-4,-20,1,0,0
5213,11,-17,1,0,0
5214,21,-5,1,0,0
5215,19,11,1,0,0
5216,6,22,1,0,0
5217,-12,18,1,0,0
5218,-21,3,1,0,0
5219,-13,-15,1,0,0
5220,7,-19,1,0,0
5221,21,-3,1,0,0
5222,13,17,1,0,0
5223,-9,19,1,0,0
5224,-18,0,1,0,0
5225,-4,-14,1,0,0
5226,9,-5,1,0,0
5227,6,6,1,0,0
5228,-2,4,1,0,0
5229,-1,1,1,0,0
5230,0,0,1,0,0
5231,0,0,1,0,0
5232,3,-1,1,0,0
5233,5,7,1,0,0
5234,-6,10,1,0,0
5235,-15,-3,1,0,0
5236,-1,-17,1,0,0
5237,18,-8,1,0,0
5238,16,14,1,0,0
5239,-4,22,1,0,0
5240,-20,8,1,0,0
5241,-16,-12,1,0,0
5242,2,-20,1,0,0
5243,17,-11,1,0,0
5244,21,7,1,0,0
5245,10,20,1,0,0
5246,-6,22,1,0,0
5247,-18,12,1,0,0
5248,-21,-3,1,0,0
5249,-15,-15,1,0,0
5250,-4,-20,1,0,0
5251,7,-19,1,0,0
5252,16,-12,1,0,0
5253,20,-4,1,0,0
5254,21,5,1,0,0
5255,18,12,1,0,0
5256,13,17,1,0,0
5257,8,20,1,0,0
5258,4,22,1,0,0
5259,0,22,1,0,0
5260,-4,22,1,0,0
5261,-5,21,1,0,0
5262,-5,19,1,0,0
5263,-5,15,1,0,0
5264,-4,12,1,0,0
5265,-2,8,1,0,0
5266,0,4,1,0,0
5267,0,2,1,0,0
5268,0,0,1,0,0
5269,0,2,1,0,0
5270,0,4,1,0,0
5271,-2,8,1,0,0
5272,-4,12,1,0,0
5273,-5,15,1,0,0
5274,-5,19,1,0,0
5275,-5,21,1,0,0
5276,-4,22,1,0,0
5277,0,22,1,0,0
5278,4,22,1,0,0
5279,8,20,1,0,0
5280,13,17,1,0,0
5281,18,12,1,0,0
5282,21,5,1,0,0
5283,20,-4,1,0,0
5284,16,-12,1,0,0
5285,7,-19,1,0,0
5286,-4,-20,1,0,0
5287,-15,-15,1,0,0
5288,-21,-3,1,0,0
5289,-18,12,1,0,0
5290,-6,22,1,0,0
5291,10,20,1,0,0
5292,21,7,1,0,0
5293,17,-11,1,0,0
5294,2,-20,1,0,0
5295,-16,-12,1,0,0
5296,-20,8,1,0,0
5297,-4,22,1,0,0
5298,16,14,1,0,0
5299,18,-8,1,0,0
5300,-1,-17,1,0,0
5301,-15,-3,1,0,0
5302,-6,10,1,0,0
5303,5,7,1,0,0
5304,3,-1,1,0,0
5305,0,0,1,0,0
5306,0,0,1,0,0
5307,0,0,1,0,0
5308,0,0,1,0,0
5309,0,0,1,0,0
5310,0,0,1,0,0
5311,0,0,1,0,0
5312,0,0,1,0,0
5313,0,0,1,0,0
5314,0,0,1,0,0
5315,0,0,1,0,0
5316,0,0,1,0,0
5317,0,0,1,0,0
5318,0,0,1,0,0
5319,0,0,1,0,0
5320,0,0,1,0,0
5321,0,0,1,0,0
5322,0,0,1,0,0
5323,0,0,1,0,0
5324,0,0,1,0,0
5325,0,0,1,0,0
5326,0,0,1,0,0
5327,0,0,1,0,0
5328,0,0,1,0,0
5329,0,0,1,0,0
5330,0,0,1,0,0
5331,0,0,1,0,0
5332,0,0,1,0,0
5333,0,0,1,0,0
5334,0,0,1,0,0
5335,0,0,1,0,0
5336,0,0,1,0,0
5337,0,0,1,0,0
5338,0,0,1,0,0
5339,0,0,1,0,0
5340,0,0,1,0,0
5341,0,0,1,0,0
5342,0,0,1,0,0
5343,0,0,1,0,0
5344,0,0,1,0,0
5345,0,0,1,0,0
5346,0,0,1,0,0
5347,0,0,1,0,0
5348,0,0,1,0,0
5349,0,0,1,0,0
5350,0,0,1,0,0
5351,0,0,1,0,0
5352,0,0,1,0,0
5353,0,0,1,0,0
5354,0,0,1,0,0
5355,0,0,1,0,0
5356,0,0,1,0,0
5357,0,0,1,0,0
5358,0,0,1,0,0
5359,0,0,1,0,0
5360,0,0,1,0,0
5361,0,0,1,0,0
5362,0,0,1,0,0
5363,0,0,1,0,0
5364,0,0,1,0,0
5365,0,0,1,0,0
5366,0,0,1,0,0
5367,0,0,1,0,0
5368,0,0,1,0,0
5369,0,0,1,0,0
5370,0,0,1,0,0
5371,0,0,1,0,0
5372,0,0,1,0,0
5373,0,0,1,0,0
5374,0,0,1,0,0
5375,0,0,1,0,0
5376,0,0,1,0,0
5377,1,-1,1,0,0
5378,2,-4,1,0,0
5379,-6,-6,1,0,0
5380,-9,5,1,0,0
5381,4,14,1,0,0
5382,18,0,1,0,0
5383,9,-19,1,0,0
5384,-13,-17,1,0,0
5385,-21,3,1,0,0
5386,-7,19,1,0,0
5387,13,15,1,0,0
5388,21,-3,1,0,0
5389,12,-18,1,0,0
5390,-6,-22,1,0,0
5391,-19,-11,1,0,0
5392,-21,5,1,0,0
5393,-11,17,1,0,0
5394,4,20,1,0,0
5395,15,15,1,0,0
5396,21,3,1,0,0
5397,20,-8,1,0,0
5398,13,-17,1,0,0
5399,5,-21,1,0,0
5400,-4,-22,1,0,0
5401,-11,-19,1,0,0
5402,-16,-14,1,0,0
5403,-19,-9,1,0,0
5404,-21,-5,1,0,0
5405,-21,-1,1,0,0
5406,-21,3,1,0,0
5407,-20,4,1,0,0
5408,-18,4,1,0,0
5409,-14,4,1,0,0
5410,-11,3,1,0,0
5411,-7,1,1,0,0
5412,-3,-1,1,0,0
5413,-1,-1,1,0,0
5414,0,0,1,0,0
5415,1,1,1,0,0
5416,3,1,1,0,0
5417,7,-1,1,0,0
5418,11,-3,1,0,0
5419,14,-4,1,0,0
5420,18,-4,1,0,0
5421,20,-4,1,0,0
5422,21,-3,1,0,0
5423,21,1,1,0,0
5424,21,5,1,0,0
5425,19,9,1,0,0
5426,16,14,1,0,0
5427,11,19,1,0,0
5428,4,22,1,0,0
5429,-5,21,1,0,0
5430,-13,17,1,0,0
5431,-20,8,1,0,0
5432,-21,-3,1,0,0
5433,-15,-15,1,0,0
5434,-4,-20,1,0,0
5435,11,-17,1,0,0
5436,21,-5,1,0,0
5437,19,11,1,0,0
5438,6,22,1,0,0
5439,-12,18,1,0,0
5440,-21,3,1,0,0
5441,-13,-15,1,0,0
5442,7,-19,1,0,0
5443,21,-3,1,0,0
5444,13,17,1,0,0
5445,-9,19,1,0,0
5446,-18,0,1,0,0
5447,-4,-14,1,0,0
5448,9,-5,1,0,0
5449,6,6,1,0,0
5450,-2,4,1,0,0
5451,-1,1,1,0,0
5452,0,0,1,0,0
5453,0,0,1,0,0
5454,-3,1,1,0,0
5455,-5,-7,1,0,0
5456,6,-10,1,0,0
5457,15,3,1,0,0
5458,1,17,1,0,0
5459,-18,8,1,0,0
5460,-16,-14,1,0,0
5461,4,-22,1,0,0
5462,20,-8,1,0,0
5463,16,12,1,0,0
5464,-2,20,1,0,0
5465,-17,11,1,0,0
5466,-21,-7,1,0,0
5467,-10,-20,1,0,0
5468,6,-22,1,0,0
5469,18,-12,1,0,0
5470,21,3,1,0,0
5471,15,15,1,0,0
5472,4,20,1,0,0
5473,-7,19,1,0,0
5474,-16,12,1,0,0
5475,-20,4,1,0,0
5476,-21,-5,1,0,0
5477,-18,-12,1,0,0
5478,-13,-17,1,0,0
5479,-8,-20,1,0,0
5480,-4,-22,1,0,0
5481,0,-22,1,0,0
5482,4,-22,1,0,0
5483,5,-21,1,0,0
5484,5,-19,1,0,0
5485,5,-15,1,0,0
5486,4,-12,1,0,0
5487,2,-8,1,0,0
5488,0,-4,1,0,0
5489,0,-2,1,0,0
5490,0,0,1,0,0
5491,2,0,1,0,0
5492,4,0,1,0,0
5493,8,2,1,0,0
5494,12,4,1,0,0
5495,15,5,1,0,0
5496,19,5,1,0,0
5497,21,5,1,0,0
5498,22,4,1,0,0
5499,22,0,1,0,0
5500,22,-4,1,0,0
5501,20,-8,1,0,0
5502,17,-13,1,0,0
5503,12,-18,1,0,0
5504,5,-21,1,0,0
5505,-4,-20,1,0,0
5506,-12,-16,1,0,0
5507,-19,-7,1,0,0
5508,-20,4,1,0,0
5509,-15,15,1,0,0
5510,-3,21,1,0,0
5511,12,18,1,0,0
5512,22,6,1,0,0
5513,20,-10,1,0,0
5514,7,-21,1,0,0
5515,-11,-17,1,0,0
5516,-20,-2,1,0,0
5517,-12,16,1,0,0
5518,8,20,1,0,0
5519,22,4,1,0,0
5520,14,-16,1,0,0
5521,-8,-18,1,0,0
5522,-17,1,1,0,0
5523,-3,15,1,0,0
5524,10,6,1,0,0
5525,7,-5,1,0,0
5526,-1,-3,1,0,0
5527,0,0,1,0,0
5528,0,0,1,0,0
5529,0,0,1,0,0
5530,0,0,1,0,0
5531,0,0,1,0,0
5532,0,0,1,0,0
5533,0,0,1,0,0
5534,0,0,1,0,0
5535,0,0,1,0,0
5536,0,0,1,0,0
5537,0,0,1,0,0
5538,0,0,1,0,0
5539,-1,-1,1,0,0
5540,-4,-2,1,0,0
5541,-6,6,1,0,0
5542,5,9,1,0,0
5543,14,-4,1,0,0
5544,0,-18,1,0,0
5545,-19,-9,1,0,0
5546,-17,13,1,0,0
5547,3,21,1,0,0
5548,19,7,1,0,0
5549,15,-13,1,0,0
5550,-3,-21,1,0,0
5551,-18,-12,1,0,0
5552,-22,6,1,0,0
5553,-11,19,1,0,0
5554,5,21,1,0,0
5555,17,11,1,0,0
5556,20,-4,1,0,0
5557,15,-15,1,0,0
5558,3,-21,1,0,0
5559,-8,-20,1,0,0
5560,-17,-13,1,0,0
5561,-21,-5,1,0,0
5562,-22,4,1,0,0
5563,-19,11,1,0,0
5564,-14,16,1,0,0
5565,-9,19,1,0,0
5566,-5,21,1,0,0
5567,-1,21,1,0,0
5568,3,21,1,0,0
5569,4,20,1,0,0
5570,4,18,1,0,0
5571,4,14,1,0,0
5572,3,11,1,0,0
5573,1,7,1,0,0
5574,-1,3,1,0,0
5575,-1,1,1,0,0
5576,0,0,1,0,0
5577,1,-1,1,0,0
5578,1,-3,1,0,0
5579,-1,-7,1,0,0
5580,-3,-11,1,0,0
5581,-4,-14,1,0,0
5582,-4,-18,1,0,0
5583,-4,-20,1,0,0
5584,-3,-21,1,0,0
5585,1,-21,1,0,0
5586,5,-21,1,0,0
5587,9,-19,1,0,0
5588,14,-16,1,0,0
5589,19,-11,1,0,0
5590,22,-4,1,0,0
5591,21,5,1,0,0
5592,17,13,1,0,0
5593,8,20,1,0,0
5594,-3,21,1,0,0
5595,-15,15,1,0,0
5596,-20,4,1,0,0
5597,-17,-11,1,0,0
5598,-5,-21,1,0,0
5599,11,-19,1,0,0
5600,22,-6,1,0,0
5601,18,12,1,0,0
5602,3,21,1,0,0
5603,-15,13,1,0,0
5604,-19,-7,1,0,0
5605,-3,-21,1,0,0
5606,17,-13,1,0,0
5607,19,9,1,0,0
5608,0,18,1,0,0
5609,-14,4,1,0,0
5610,-5,-9,1,0,0
5611,6,-6,1,0,0
5612,4,2,1,0,0
5613,1,1,1,0,0
5614,0,0,1,0,0
5615,0,0,1,0,0
5616,3,-1,1,0,0
5617,5,7,1,0,0
5618,-6,10,1,0,0
5619,-15,-3,1,0,0
5620,-1,-17,1,0,0
5621,18,-8,1,0,0
5622,16,14,1,0,0
5623,-4,22,1,0,0
5624,-20,8,1,0,0
5625,-16,-12,1,0,0
5626,2,-20,1,0,0
5627,17,-11,1,0,0
5628,21,7,1,0,0
5629,10,20,1,0,0
5630,-6,22,1,0,0
5631,-18,12,1,0,0
5632,-21,-3,1,0,0
5633,-15,-15,1,0,0
5634,-4,-20,1,0,0
5635,7,-19,1,0,0
5636,16,-12,1,0,0
5637,20,-4,1,0,0
5638,21,5,1,0,0
5639,18,12,1,0,0
5640,13,17,1,0,0
5641,8,20,1,0,0
5642,4,22,1,0,0
5643,0,22,1,0,0
5644,-4,22,1,0,0
5645,-5,21,1,0,0
5646,-5,19,1,0,0
5647,-5,15,1,0,0
5648,-4,12,1,0,0
5649,-2,8,1,0,0
5650,0,4,1,0,0
5651,0,2,1,0,0
5652,0,0,1,0,0
5653,2,0,1,0,0
5654,4,0,1,0,0
5655,8,2,1,0,0
5656,12,4,1,0,0
5657,15,5,1,0,0
5658,19,5,1,0,0
5659,21,5,1,0,0
5660,22,4,1,0,0
5661,22,0,1,0,0
5662,22,-4,1,0,0
5663,20,-8,1,0,0
5664,17,-13,1,0,0
5665,12,-18,1,0,0
5666,5,-21,1,0,0
5667,-4,-20,1,0,0
5668,-12,-16,1,0,0
5669,-19,-7,1,0,0
5670,-20,4,1,0,0
5671,-15,15,1,0,0
5672,-3,21,1,0,0
5673,12,18,1,0,0
5674,22,6,1,0,0
5675,20,-10,1,0,0
5676,7,-21,1,0,0
5677,-11,-17,1,0,0
5678,-20,-2,1,0,0
5679,-12,16,1,0,0
5680,8,20,1,0,0
5681,22,4,1,0,0
5682,14,-16,1,0,0
5683,-8,-18,1,0,0
5684,-17,1,1,0,0
5685,-3,15,1,0,0
5686,10,6,1,0,0
5687,7,-5,1,0,0
5688,-1,-3,1,0,0
5689,0,0,1,0,0
5690,0,0,1,0,0
5691,0,0,1,0,0
5692,0,0,1,0,0
5693,0,0,1,0,0
5694,0,0,1,0,0
5695,0,0,1,0,0
5696,0,0,1,0,0
5697,0,0,1,0,0
5698,0,0,1,0,0
5699,0,0,1,0,0
5700,0,0,1,0,0
5701,0,0,1,0,0
5702,0,0,1,0,0
5703,0,0,1,0,0
5704,0,0,1,0,0
5705,0,0,1,0,0
5706,0,0,1,0,0
5707,0,0,1,0,0
5708,0,0,1,0,0
5709,0,0,1,0,0
5710,0,0,1,0,0
5711,0,0,1,0,0
5712,0,0,1,0,0
5713,0,0,1,0,0
5714,0,0,1,0,0
5715,0,0,1,0,0
5716,0,0,1,0,0
5717,0,0,1,0,0
5718,0,0,1,0,0
5719,0,0,1,0,0
5720,0,0,1,0,0
5721,0,0,1,0,0
5722,0,0,1,0,0
5723,0,0,1,0,0
5724,0,0,1,0,0
5725,0,0,1,0,0
5726,0,0,1,0,0
5727,0,0,1,0,0
5728,0,0,1,0,0
5729,0,0,1,0,0
5730,0,0,1,0,0
5731,0,0,1,0,0
5732,0,0,1,0,0
5733,0,0,1,0,0
5734,0,0,1,0,0
5735,0,0,1,0,0
5736,0,0,1,0,0
5737,0,0,1,0,0
5738,0,0,1,0,0
5739,0,0,1,0,0
5740,0,0,1,0,0
5741,0,0,1,0,0
5742,0,0,1,0,0
5743,0,0,1,0,0
5744,0,0,1,0,0
5745,0,0,1,0,0
5746,0,0,1,0,0
5747,0,0,1,0,0
5748,0,0,1,0,0
5749,0,0,1,0,0
5750,0,0,1,0,0
5751,0,0,1,0,0
5752,0,0,1,0,0
5753,0,0,1,0,0
5754,0,0,1,0,0
5755,0,0,1,0,0
5756,0,0,1,0,0
5757,0,0,1,0,0
5758,0,0,1,0,0
5759,0,0,1,0,0
5760,0,0,1,0,0
5761,1,-1,1,0,0
5762,2,-4,1,0,0
5763,-6,-6,1,0,0
5764,-9,5,1,0,0
5765,4,14,1,0,0
5766,18,0,1,0,0
5767,9,-19,1,0,0
5768,-13,-17,1,0,0
5769,-21,3,1,0,0
5770,-7,19,1,0,0
5771,13,15,1,0,0
5772,21,-3,1,0,0
5773,12,-18,1,0,0
5774,-6,-22,1,0,0
5775,-19,-11,1,0,0
5776,-21,5,1,0,0
5777,-11,17,1,0,0
5778,4,20,1,0,0
5779,15,15,1,0,0
5780,21,3,1,0,0
5781,20,-8,1,0,0
5782,13,-17,1,0,0
5783,5,-21,1,0,0
5784,-4,-22,1,0,0
5785,-11,-19,1,0,0
5786,-16,-14,1,0,0
5787,-19,-9,1,0,0
5788,-21,-5,1,0,0
5789,-21,-1,1,0,0
5790,-21,3,1,0,0
5791,-20,4,1,0,0
5792,-18,4,1,0,0
5793,-14,4,1,0,0
5794,-11,3,1,0,0
5795,-7,1,1,0,0
5796,-3,-1,1,0,0
5797,-1,-1,1,0,0
5798,0,0,1,0,0
5799,1,1,1,0,0
5800,3,1,1,0,0
5801,7,-1,1,0,0
5802,11,-3,1,0,0
5803,14,-4,1,0,0
5804,18,-4,1,0,0
5805,20,-4,1,0,0
5806,21,-3,1,0,0
5807,21,1,1,0,0
5808,21,5,1,0,0
5809,19,9,1,0,0
5810,16,14,1,0,0
5811,11,19,1,0,0
5812,4,22,1,0,0
5813,-5,21,1,0,0
5814,-13,17,1,0,0
5815,-20,8,1,0,0
5816,-21,-3,1,0,0
5817,-15,-15,1,0,0
5818,-4,-20,1,0,0
5819,11,-17,1,0,0
5820,21,-5,1,0,0
5821,19,11,1,0,0
5822,6,22,1,0,0
5823,-12,18,1,0,0
5824,-21,3,1,0,0
5825,-13,-15,1,0,0
5826,7,-19,1,0,0
5827,21,-3,1,0,0
5828,13,17,1,0,0
5829,-9,19,1,0,0
5830,-18,0,1,0,0
5831,-4,-14,1,0,0
5832,9,-5,1,0,0
5833,6,6,1,0,0
5834,-2,4,1,0,0
5835,-1,1,1,0,0
5836,0,0,1,0,0
5837,0,0,1,0,0
5838,3,-1,1,0,0
5839,5,7,1,0,0
5840,-6,10,1,0,0
5841,-15,-3,1,0,0
5842,-1,-17,1,0,0
5843,18,-8,1,0,0
5844,16,14,1,0,0
5845,-4,22,1,0,0
5846,-20,8,1,0,0
5847,-16,-12,1,0,0
5848,2,-20,1,0,0
5849,17,-11,1,0,0
5850,21,7,1,0,0
5851,10,20,1,0,0
5852,-6,22,1,0,0
5853,-18,12,1,0,0
5854,-21,-3,1,0,0
5855,-15,-15,1,0,0
5856,-4,-20,1,0,0
5857,7,-19,1,0,0
5858,16,-12,1,0,0
5859,20,-4,1,0,0
5860,21,5,1,0,0
5861,18,12,1,0,0
5862,13,17,1,0,0
5863,8,20,1,0,0
5864,4,22,1,0,0
5865,0,22,1,0,0
5866,-4,22,1,0,0
5867,-5,21,1,0,0
5868,-5,19,1,0,0
5869,-5,15,1,0,0
5870,-4,12,1,0,0
5871,-2,8,1,0,0
5872,0,4,1,0,0
5873,0,2,1,0,0
5874,0,0,1,0,0
5875,2,0,1,0,0
5876,4,0,1,0,0
5877,8,2,1,0,0
5878,12,4,1,0,0
5879,15,5,1,0,0
5880,19,5,1,0,0
5881,21,5,1,0,0
5882,22,4,1,0,0
5883,22,0,1,0,0
5884,22,-4,1,0,0
5885,20,-8,1,0,0
5886,17,-13,1,0,0
5887,12,-18,1,0,0
5888,5,-21,1,0,0
5889,-4,-20,1,0,0
5890,-12,-16,1,0,0
5891,-19,-7,1,0,0
5892,-20,4,1,0,0
5893,-15,15,1,0,0
5894,-3,21,1,0,0
5895,12,18,1,0,0
5896,22,6,1,0,0
5897,20,-10,1,0,0
5898,7,-21,1,0,0
5899,-11,-17,1,0,0
5900,-20,-2,1,0,0
5901,-12,16,1,0,0
5902,8,20,1,0,0
5903,22,4,1,0,0
5904,14,-16,1,0,0
5905,-8,-18,1,0,0
5906,-17,1,1,0,0
5907,-3,15,1,0,0
5908,10,6,1,0,0
5909,7,-5,1,0,0
5910,-1,-3,1,0,0
5911,0,0,1,0,0
5912,0,0,1,0,0
5913,0,0,1,0,0
5914,0,0,1,0,0
5915,0,0,1,0,0
5916,0,0,1,0,0
5917,0,0,1,0,0
5918,0,0,1,0,0
5919,0,0,1,0,0
5920,0,0,1,0,0
5921,0,0,1,0,0
5922,0,0,1,0,0
5923,1,-1,1,0,0
5924,2,-4,1,0,0
5925,-6,-6,1,0,0
5926,-9,5,1,0,0
5927,4,14,1,0,0
5928,18,0,1,0,0
5929,9,-19,1,0,0
5930,-13,-17,1,0,0
5931,-21,3,1,0,0
5932,-7,19,1,0,0
5933,13,15,1,0,0
5934,21,-3,1,0,0
5935,12,-18,1,0,0
5936,-6,-22,1,0,0
5937,-19,-11,1,0,0
5938,-21,5,1,0,0
5939,-11,17,1,0,0
5940,4,20,1,0,0
5941,15,15,1,0,0
5942,21,3,1,0,0
5943,20,-8,1,0,0
5944,13,-17,1,0,0
5945,5,-21,1,0,0
5946,-4,-22,1,0,0
5947,-11,-19,1,0,0
5948,-16,-14,1,0,0
5949,-19,-9,1,0,0
5950,-21,-5,1,0,0
5951,-21,-1,1,0,0
5952,-21,3,1,0,0
5953,-20,4,1,0,0
5954,-18,4,1,0,0
5955,-14,4,1,0,0
5956,-11,3,1,0,0
5957,-7,1,1,0,0
5958,-3,-1,1,0,0
5959,-1,-1,1,0,0
5960,0,0,1,0,0
5961,1,1,1,0,0
5962,3,1,1,0,0
5963,7,-1,1,0,0
5964,11,-3,1,0,0
5965,14,-4,1,0,0
5966,18,-4,1,0,0
5967,20,-4,1,0,0
5968,21,-3,1,0,0
5969,21,1,1,0,0
5970,21,5,1,0,0
5971,19,9,1,0,0
5972,16,14,1,0,0
5973,11,19,1,0,0
5974,4,22,1,0,0
5975,-5,21,1,0,0
5976,-13,17,1,0,0
5977,-20,8,1,0,0
5978,-21,-3,1,0,0
5979,-15,-15,1,0,0
5980,-4,-20,1,0,0
5981,11,-17,1,0,0
5982,21,-5,1,0,0
5983,19,11,1,0,0
5984,6,22,1,0,0
5985,-12,18,1,0,0
5986,-21,3,1,0,0
5987,-13,-15,1,0,0
5988,7,-19,1,0,0
5989,21,-3,1,0,0
5990,13,17,1,0,0
5991,-9,19,1,0,0
5992,-18,0,1,0,0
5993,-4,-14,1,0,0
5994,9,-5,1,0,0
5995,6,6,1,0,0
5996,-2,4,1,0,0
5997,-1,1,1,0,0
5998,0,0,1,0,0
5999,0,0,1,0,0
6000,-3,1,1,0,0
6001,-5,-7,1,0,0
6002,6,-10,1,0,0
6003,15,3,1,0,0
6004,1,17,1,0,0
6005,-18,8,1,0,0
6006,-16,-14,1,0,0
6007,4,-22,1,0,0
6008,20,-8,1,0,0
6009,16,12,1,0,0
6010,-2,20,1,0,0
6011,-17,11,1,0,0
6012,-21,-7,1,0,0
6013,-10,-20,1,0,0
6014,6,-22,1,0,0
6015,18,-12,1,0,0
6016,21,3,1,0,0
6017,15,15,1,0,0
6018,4,20,1,0,0
6019,-7,19,1,0,0
6020,-16,12,1,0,0
6021,-20,4,1,0,0
6022,-21,-5,1,0,0
6023,-18,-12,1,0,0
6024,-13,-17,1,0,0
6025,-8,-20,1,0,0
6026,-4,-22,1,0,0
6027,0,-22,1,0,0
6028,4,-22,1,0,0
6029,5,-21,1,0,0
6030,5,-19,1,0,0
6031,5,-15,1,0,0
6032,4,-12,1,0,0
6033,2,-8,1,0,0
6034,0,-4,1,0,0
6035,0,-2,1,0,0
6036,0,0,1,0,0
6037,-2,0,1,0,0
6038,-4,0,1,0,0
6039,-8,-2,1,0,0
6040,-12,-4,1,0,0
6041,-15,-5,1,0,0
6042,-19,-5,1,0,0
6043,-21,-5,1,0,0
6044,-22,-4,1,0,0
6045,-22,0,1,0,0
6046,-22,4,1,0,0
6047,-20,8,1,0,0
6048,-17,13,1,0,0
6049,-12,18,1,0,0
6050,-5,21,1,0,0
6051,4,20,1,0,0
6052,12,16,1,0,0
6053,19,7,1,0,0
6054,20,-4,1,0,0
6055,15,-15,1,0,0
6056,3,-21,1,0,0
6057,-12,-18,1,0,0
6058,-22,-6,1,0,0
6059,-20,10,1,0,0
6060,-7,21,1,0,0
6061,11,17,1,0,0
6062,20,2,1,0,0
6063,12,-16,1,0,0
6064,-8,-20,1,0,0
6065,-22,-4,1,0,0
6066,-14,16,1,0,0
6067,8,18,1,0,0
6068,17,-1,1,0,0
6069,3,-15,1,0,0
6070,-10,-6,1,0,0
6071,-7,5,1,0,0
6072,1,3,1,0,0
6073,0,0,1,0,0
6074,0,0,1,0,0
6075,0,0,1,0,0
6076,0,0,1,0,0
6077,0,0,1,0,0
6078,0,0,1,0,0
6079,0,0,1,0,0
6080,0,0,1,0,0
6081,0,0,1,0,0
6082,0,0,1,0,0
6083,0,0,1,0,0
6084,0,0,1,0,0
6085,0,0,1,0,0
6086,0,0,1,0,0
6087,0,0,1,0,0
6088,0,0,1,0,0
6089,0,0,1,0,0
6090,0,0,1,0,0
6091,0,0,1,0,0
6092,0,0,1,0,0
6093,0,0,1,0,0
6094,0,0,1,0,0
6095,0,0,1,0,0
6096,0,0,1,0,0
6097,0,0,1,0,0
6098,0,0,1,0,0
6099,0,0,1,0,0
6100,0,0,1,0,0
6101,0,0,1,0,0
6102,0,0,1,0,0
6103,0,0,1,0,0
6104,0,0,1,0,0
6105,0,0,1,0,0
6106,0,0,1,0,0
6107,0,0,1,0,0
6108,0,0,1,0,0
6109,0,0,1,0,0
6110,0,0,1,0,0
6111,0,0,1,0,0
6112,0,0,1,0,0
6113,0,0,1,0,0
6114,0,0,1,0,0
6115,0,0,1,0,0
6116,0,0,1,0,0
6117,0,0,1,0,0
6118,0,0,1,0,0
6119,0,0,1,0,0
6120,0,0,1,0,0
6121,0,0,1,0,0
6122,0,0,1,0,0
6123,0,0,1,0,0
6124,0,0,1,0,0
6125,0,0,1,0,0
6126,0,0,1,0,0
6127,0,0,1,0,0
6128,0,0,1,0,0
6129,0,0,1,0,0
6130,0,0,1,0,0
6131,0,0,1,0,0
6132,0,0,1,0,0
6133,0,0,1,0,0
6134,0,0,1,0,0
6135,0,0,1,0,0
6136,0,0,1,0,0
6137,0,0,1,0,0
6138,0,0,1,0,0
6139,0,0,1,0,0
6140,0,0,1,0,0
6141,0,0,1,0,0
6142,0,0,1,0,0
6143,0,0,1,0,0
6144,0,0,1,0,0
6145,1,-1,1,0,0
6146,2,-4,1,0,0
6147,-6,-6,1,0,0
6148,-9,5,1,0,0
6149,4,14,1,0,0
6150,18,0,1,0,0
6151,9,-19,1,0,0
6152,-13,-17,1,0,0
6153,-21,3,1,0,0
6154,-7,19,1,0,0
6155,13,15,1,0,0
6156,21,-3,1,0,0
6157,12,-18,1,0,0
6158,-6,-22,1,0,0
6159,-19,-11,1,0,0
6160,-21,5,1,0,0
6161,-11,17,1,0,0
6162,4,20,1,0,0
6163,15,15,1,0,0
6164,21,3,1,0,0
6165,20,-8,1,0,0
6166,13,-17,1,0,0
6167,5,-21,1,0,0
6168,-4,-22,1,0,0
6169,-11,-19,1,0,0
6170,-16,-14,1,0,0
6171,-19,-9,1,0,0
6172,-21,-5,1,0,0
6173,-21,-1,1,0,0
6174,-21,3,1,0,0
6175,-20,4,1,0,0
6176,-18,4,1,0,0
6177,-14,4,1,0,0
6178,-11,3,1,0,0
6179,-7,1,1,0,0
6180,-3,-1,1,0,0
6181,-1,-1,1,0,0
6182,0,0,1,0,0
6183,1,1,1,0,0
6184,3,1,1,0,0
6185,7,-1,1,0,0
6186,11,-3,1,0,0
6187,14,-4,1,0,0
6188,18,-4,1,0,0
6189,20,-4,1,0,0
6190,21,-3,1,0,0
6191,21,1,1,0,0
6192,21,5,1,0,0
6193,19,9,1,0,0
6194,16,14,1,0,0
6195,11,19,1,0,0
6196,4,22,1,0,0
6197,-5,21,1,0,0
6198,-13,17,1,0,0
6199,-20,8,1,0,0
6200,-21,-3,1,0,0
6201,-15,-15,1,0,0
6202,-4,-20,1,0,0
6203,11,-17,1,0,0
6204,21,-5,1,0,0
6205,19,11,1,0,0
6206,6,22,1,0,0
6207,-12,18,1,0,0
6208,-21,3,1,0,0
6209,-13,-15,1,0,0
6210,7,-19,1,0,0
6211,21,-3,1,0,0
6212,13,17,1,0,0
6213,-9,19,1,0,0
6214,-18,0,1,0,0
6215,-4,-14,1,0,0
6216,9,-5,1,0,0
6217,6,6,1,0,0
6218,-2,4,1,0,0
6219,-1,1,1,0,0
6220,0,0,1,0,0
6221,0,0,1,0,0
6222,3,-1,1,0,0
6223,5,7,1,0,0
6224,-6,10,1,0,0
6225,-15,-3,1,0,0
6226,-1,-17,1,0,0
6227,18,-8,1,0,0
6228,16,14,1,0,0
6229,-4,22,1,0,0
6230,-20,8,1,0,0
6231,-16,-12,1,0,0
6232,2,-20,1,0,0
6233,17,-11,1,0,0
6234,21,7,1,0,0
6235,10,20,1,0,0
6236,-6,22,1,0,0
6237,-18,12,1,0,0
6238,-21,-3,1,0,0
6239,-15,-15,1,0,0
6240,-4,-20,1,0,0
6241,7,-19,1,0,0
6242,16,-12,1,0,0
6243,20,-4,1,0,0
6244,21,5,1,0,0
6245,18,12,1,0,0
6246,13,17,1,0,0
6247,8,20,1,0,0
6248,4,22,1,0,0
6249,0,22,1,0,0
6250,-4,22,1,0,0
6251,-5,21,1,0,0
6252,-5,19,1,0,0
6253,-5,15,1,0,0
6254,-4,12,1,0,0
6255,-2,8,1,0,0
6256,0,4,1,0,0
6257,0,2,1,0,0
6258,0,0,1,0,0
6259,2,0,1,0,0
6260,4,0,1,0,0
6261,8,2,1,0,0
6262,12,4,1,0,0
6263,15,5,1,0,0
6264,19,5,1,0,0
6265,21,5,1,0,0
6266,22,4,1,0,0
6267,22,0,1,0,0
6268,22,-4,1,0,0
6269,20,-8,1,0,0
6270,17,-13,1,0,0
6271,12,-18,1,0,0
6272,5,-21,1,0,0
6273,-4,-20,1,0,0
6274,-12,-16,1,0,0
6275,-19,-7,1,0,0
6276,-20,4,1,0,0
6277,-15,15,1,0,0
6278,-3,21,1,0,0
6279,12,18,1,0,0
6280,22,6,1,0,0
6281,20,-10,1,0,0
6282,7,-21,1,0,0
6283,-11,-17,1,0,0
6284,-20,-2,1,0,0
6285,-12,16,1,0,0
6286,8,20,1,0,0
6287,22,4,1,0,0
6288,14,-16,1,0,0
6289,-8,-18,1,0,0
6290,-17,1,1,0,0
6291,-3,15,1,0,0
6292,10,6,1,0,0
6293,7,-5,1,0,0
6294,-1,-3,1,0,0
6295,0,0,1,0,0
6296,0,0,1,0,0
6297,0,0,1,0,0
6298,0,0,1,0,0
6299,0,0,1,0,0
6300,0,0,1,0,0
6301,0,0,1,0,0
6302,0,0,1,0,0
6303,0,0,1,0,0
6304,0,0,1,0,0
6305,0,0,1,0,0
6306,0,0,1,0,0
6307,-1,1,1,0,0
6308,-2,4,1,0,0
6309,6,6,1,0,0
6310,9,-5,1,0,0
6311,-4,-14,1,0,0
6312,-18,0,1,0,0
6313,-9,19,1,0,0
6314,13,17,1,0,0
6315,21,-3,1,0,0
6316,7,-19,1,0,0
6317,-13,-15,1,0,0
6318,-21,3,1,0,0
6319,-12,18,1,0,0
6320,6,22,1,0,0
6321,19,11,1,0,0
6322,21,-5,1,0,0
6323,11,-17,1,0,0
6324,-4,-20,1,0,0
6325,-15,-15,1,0,0
6326,-21,-3,1,0,0
6327,-20,8,1,0,0
6328,-13,17,1,0,0
6329,-5,21,1,0,0
6330,4,22,1,0,0
6331,11,19,1,0,0
6332,16,14,1,0,0
6333,19,9,1,0,0
6334,21,5,1,0,0
6335,21,1,1,0,0
6336,21,-3,1,0,0
6337,20,-4,1,0,0
6338,18,-4,1,0,0
6339,14,-4,1,0,0
6340,11,-3,1,0,0
6341,7,-1,1,0,0
6342,3,1,1,0,0
6343,1,1,1,0,0
6344,0,0,1,0,0
6345,-1,-1,1,0,0
6346,-3,-1,1,0,0
6347,-7,1,1,0,0
6348,-11,3,1,0,0
6349,-14,4,1,0,0
6350,-18,4,1,0,0
6351,-20,4,1,0,0
6352,-21,3,1,0,0
6353,-21,-1,1,0,0
6354,-21,-5,1,0,0
6355,-19,-9,1,0,0
6356,-16,-14,1,0,0
6357,-11,-19,1,0,0
6358,-4,-22,1,0,0
6359,5,-21,1,0,0
6360,13,-17,1,0,0
6361,20,-8,1,0,0
6362,21,3,1,0,0
6363,15,15,1,0,0
6364,4,20,1,0,0
6365,-11,17,1,0,0
6366,-21,5,1,0,0
6367,-19,-11,1,0,0
6368,-6,-22,1,0,0
6369,12,-18,1,0,0
6370,21,-3,1,0,0
6371,13,15,1,0,0
6372,-7,19,1,0,0
6373,-21,3,1,0,0
6374,-13,-17,1,0,0
6375,9,-19,1,0,0
6376,18,0,1,0,0
6377,4,14,1,0,0
6378,-9,5,1,0,0
6379,-6,-6,1,0,0
6380,2,-4,1,0,0
6381,1,-1,1,0,0
6382,0,0,1,0,0
6383,0,0,1,0,0
6384,-3,1,1,0,0
6385,-5,-7,1,0,0
6386,6,-10,1,0,0
6387,15,3,1,0,0
6388,1,17,1,0,0
6389,-18,8,1,0,0
6390,-16,-14,1,0,0
6391,4,-22,1,0,0
6392,20,-8,1,0,0
6393,16,12,1,0,0
6394,-2,20,1,0,0
6395,-17,11,1,0,0
6396,-21,-7,1,0,0
6397,-10,-20,1,0,0
6398,6,-22,1,0,0
6399,18,-12,1,0,0
6400,21,3,1,0,0
6401,15,15,1,0,0
6402,4,20,1,0,0
6403,-7,19,1,0,0
6404,-16,12,1,0,0
6405,-20,4,1,0,0
6406,-21,-5,1,0,0
6407,-18,-12,1,0,0
6408,-13,-17,1,0,0
6409,-8,-20,1,0,0
6410,-4,-22,1,0,0
6411,0,-22,1,0,0
6412,4,-22,1,0,0
6413,5,-21,1,0,0
6414,5,-19,1,0,0
6415,5,-15,1,0,0
6416,4,-12,1,0,0
6417,2,-8,1,0,0
6418,0,-4,1,0,0
6419,0,-2,1,0,0
6420,0,0,1,0,0
6421,2,0,1,0,0
6422,4,0,1,0,0
6423,8,2,1,0,0
6424,12,4,1,0,0
6425,15,5,1,0,0
6426,19,5,1,0,0
6427,21,5,1,0,0
6428,22,4,1,0,0
6429,22,0,1,0,0
6430,22,-4,1,0,0
6431,20,-8,1,0,0
6432,17,-13,1,0,0
6433,12,-18,1,0,0
6434,5,-21,1,0,0
6435,-4,-20,1,0,0
6436,-12,-16,1,0,0
6437,-19,-7,1,0,0
6438,-20,4,1,0,0
6439,-15,15,1,0,0
6440,-3,21,1,0,0
6441,12,18,1,0,0
6442,22,6,1,0,0
6443,20,-10,1,0,0
6444,7,-21,1,0,0
6445,-11,-17,1,0,0
6446,-20,-2,1,0,0
6447,-12,16,1,0,0
6448,8,20,1,0,0
6449,22,4,1,0,0
6450,14,-16,1,0,0
6451,-8,-18,1,0,0
6452,-17,1,1,0,0
6453,-3,15,1,0,0
6454,10,6,1,0,0
6455,7,-5,1,0,0
6456,-1,-3,1,0,0
6457,0,0,1,0,0
6458,0,0,1,0,0
6459,0,0,1,0,0
6460,0,0,1,0,0
6461,0,0,1,0,0
6462,0,0,1,0,0
6463,0,0,1,0,0
6464,0,0,1,0,0
6465,0,0,1,0,0
6466,0,0,1,0,0
6467,0,0,1,0,0
6468,0,0,1,0,0
6469,0,0,1,0,0
6470,0,0,1,0,0
6471,0,0,1,0,0
6472,0,0,1,0,0
6473,0,0,1,0,0
6474,0,0,1,0,0
6475,0,0,1,0,0
6476,0,0,1,0,0
6477,0,0,1,0,0
6478,0,0,1,0,0
6479,0,0,1,0,0
6480,0,0,1,0,0
6481,0,0,1,0,0
6482,0,0,1,0,0
6483,0,0,1,0,0
6484,0,0,1,0,0
6485,0,0,1,0,0
6486,0,0,1,0,0
6487,0,0,1,0,0
6488,0,0,1,0,0
6489,0,0,1,0,0
6490,0,0,1,0,0
6491,0,0,1,0,0
6492,0,0,1,0,0
6493,0,0,1,0,0
6494,0,0,1,0,0
6495,0,0,1,0,0
6496,0,0,1,0,0
6497,0,0,1,0,0
6498,0,0,1,0,0
6499,0,0,1,0,0
6500,0,0,1,0,0
6501,0,0,1,0,0
6502,0,0,1,0,0
6503,0,0,1,0,0
6504,0,0,1,0,0
6505,0,0,1,0,0
6506,0,0,1,0,0
6507,0,0,1,0,0
6508,0,0,1,0,0
6509,0,0,1,0,0
6510,0,0,1,0,0
6511,0,0,1,0,0
6512,0,0,1,0,0
6513,0,0,1,0,0
6514,0,0,1,0,0
6515,0,0,1,0,0
6516,0,0,1,0,0
6517,0,0,1,0,0
6518,0,0,1,0,0
6519,0,0,1,0,0
6520,0,0,1,0,0
6521,0,0,1,0,0
6522,0,0,1,0,0
6523,0,0,1,0,0
6524,0,0,1,0,0
6525,0,0,1,0,0
6526,0,0,1,0,0
6527,0,0,1,0,0
6528,0,0,1,0,0
6529,1,1,1,0,0
6530,4,2,1,0,0
6531,6,-6,1,0,0
6532,-5,-9,1,0,0
6533,-14,4,1,0,0
6534,0,18,1,0,0
6535,19,9,1,0,0
6536,17,-13,1,0,0
6537,-3,-21,1,0,0
6538,-19,-7,1,0,0
6539,-15,13,1,0,0
6540,3,21,1,0,0
6541,18,12,1,0,0
6542,22,-6,1,0,0
6543,11,-19,1,0,0
6544,-5,-21,1,0,0
6545,-17,-11,1,0,0
6546,-20,4,1,0,0
6547,-15,15,1,0,0
6548,-3,21,1,0,0
6549,8,20,1,0,0
6550,17,13,1,0,0
6551,21,5,1,0,0
6552,22,-4,1,0,0
6553,19,-11,1,0,0
6554,14,-16,1,0,0
6555,9,-19,1,0,0
6556,5,-21,1,0,0
6557,1,-21,1,0,0
6558,-3,-21,1,0,0
6559,-4,-20,1,0,0
6560,-4,-18,1,0,0
6561,-4,-14,1,0,0
6562,-3,-11,1,0,0
6563,-1,-7,1,0,0
6564,1,-3,1,0,0
6565,1,-1,1,0,0
6566,0,0,1,0,0
6567,-1,1,1,0,0
6568,-1,3,1,0,0
6569,1,7,1,0,0
6570,3,11,1,0,0
6571,4,14,1,0,0
6572,4,18,1,0,0
6573,4,20,1,0,0
6574,3,21,1,0,0
6575,-1,21,1,0,0
6576,-5,21,1,0,0
6577,-9,19,1,0,0
6578,-14,16,1,0,0
6579,-19,11,1,0,0
6580,-22,4,1,0,0
6581,-21,-5,1,0,0
6582,-17,-13,1,0,0
6583,-8,-20,1,0,0
6584,3,-21,1,0,0
6585,15,-15,1,0,0
6586,20,-4,1,0,0
6587,17,11,1,0,0
6588,5,21,1,0,0
6589,-11,19,1,0,0
6590,-22,6,1,0,0
6591,-18,-12,1,0,0
6592,-3,-21,1,0,0
6593,15,-13,1,0,0
6594,19,7,1,0,0
6595,3,21,1,0,0
6596,-17,13,1,0,0
6597,-19,-9,1,0,0
6598,0,-18,1,0,0
6599,14,-4,1,0,0
6600,5,9,1,0,0
6601,-6,6,1,0,0
6602,-4,-2,1,0,0
6603,-1,-1,1,0,0
6604,0,0,1,0,0
6605,0,0,1,0,0
6606,-3,1,1,0,0
6607,-5,-7,1,0,0
6608,6,-10,1,0,0
6609,15,3,1,0,0
6610,1,17,1,0,0
6611,-18,8,1,0,0
6612,-16,-14,1,0,0
6613,4,-22,1,0,0
6614,20,-8,1,0,0
6615,16,12,1,0,0
6616,-2,20,1,0,0
6617,-17,11,1,0,0
6618,-21,-7,1,0,0
6619,-10,-20,1,0,0
6620,6,-22,1,0,0
6621,18,-12,1,0,0
6622,21,3,1,0,0
6623,15,15,1,0,0
6624,4,20,1,0,0
6625,-7,19,1,0,0
6626,-16,12,1,0,0
6627,-20,4,1,0,0
6628,-21,-5,1,0,0
6629,-18,-12,1,0,0
6630,-13,-17,1,0,0
6631,-8,-20,1,0,0
6632,-4,-22,1,0,0
6633,0,-22,1,0,0
6634,4,-22,1,0,0
6635,5,-21,1,0,0
6636,5,-19,1,0,0
6637,5,-15,1,0,0
6638,4,-12,1,0,0
6639,2,-8,1,0,0
6640,0,-4,1,0,0
6641,0,-2,1,0,0
6642,0,0,1,0,0
6643,2,0,1,0,0
6644,4,0,1,0,0
6645,8,2,1,0,0
6646,12,4,1,0,0
6647,15,5,1,0,0
6648,19,5,1,0,0
6649,21,5,1,0,0
6650,22,4,1,0,0
6651,22,0,1,0,0
6652,22,-4,1,0,0
6653,20,-8,1,0,0
6654,17,-13,1,0,0
6655,12,-18,1,0,0
6656,5,-21,1,0,0
6657,-4,-20,1,0,0
6658,-12,-16,1,0,0
6659,-19,-7,1,0,0
6660,-20,4,1,0,0
6661,-15,15,1,0,0
6662,-3,21,1,0,0
6663,12,18,1,0,0
6664,22,6,1,0,0
6665,20,-10,1,0,0
6666,7,-21,1,0,0
6667,-11,-17,1,0,0
6668,-20,-2,1,0,0
6669,-12,16,1,0,0
6670,8,20,1,0,0
6671,22,4,1,0,0
6672,14,-16,1,0,0
6673,-8,-18,1,0,0
6674,-17,1,1,0,0
6675,-3,15,1,0,0
6676,10,6,1,0,0
6677,7,-5,1,0,0
6678,-1,-3,1,0,0
6679,0,0,1,0,0
6680,0,0,1,0,0
6681,0,0,1,0,0
6682,0,0,1,0,0
6683,0,0,1,0,0
6684,0,0,1,0,0
6685,0,0,1,0,0
6686,0,0,1,0,0
6687,0,0,1,0,0
6688,0,0,1,0,0
6689,0,0,1,0,0
6690,0,0,1,0,0
6691,1,1,1,0,0
6692,4,2,1,0,0
6693,6,-6,1,0,0
6694,-5,-9,1,0,0
6695,-14,4,1,0,0
6696,0,18,1,0,0
6697,19,9,1,0,0
6698,17,-13,1,0,0
6699,-3,-21,1,0,0
6700,-19,-7,1,0,0
6701,-15,13,1,0,0
6702,3,21,1,0,0
6703,18,12,1,0,0
6704,22,-6,1,0,0
6705,11,-19,1,0,0
6706,-5,-21,1,0,0
6707,-17,-11,1,0,0
6708,-20,4,1,0,0
6709,-15,15,1,0,0
6710,-3,21,1,0,0
6711,8,20,1,0,0
6712,17,13,1,0,0
6713,21,5,1,0,0
6714,22,-4,1,0,0
6715,19,-11,1,0,0
6716,14,-16,1,0,0
6717,9,-19,1,0,0
6718,5,-21,1,0,0
6719,1,-21,1,0,0
6720,-3,-21,1,0,0
6721,-4,-20,1,0,0
6722,-4,-18,1,0,0
6723,-4,-14,1,0,0
6724,-3,-11,1,0,0
6725,-1,-7,1,0,0
6726,1,-3,1,0,0
6727,1,-1,1,0,0
6728,0,0,1,0,0
6729,-1,1,1,0,0
6730,-1,3,1,0,0
6731,1,7,1,0,0
6732,3,11,1,0,0
6733,4,14,1,0,0
6734,4,18,1,0,0
6735,4,20,1,0,0
6736,3,21,1,0,0
6737,-1,21,1,0,0
6738,-5,21,1,0,0
6739,-9,19,1,0,0
6740,-14,16,1,0,0
6741,-19,11,1,0,0
6742,-22,4,1,0,0
6743,-21,-5,1,0,0
6744,-17,-13,1,0,0
6745,-8,-20,1,0,0
6746,3,-21,1,0,0
6747,15,-15,1,0,0
6748,20,-4,1,0,0
6749,17,11,1,0,0
6750,5,21,1,0,0
6751,-11,19,1,0,0
6752,-22,6,1,0,0
6753,-18,-12,1,0,0
6754,-3,-21,1,0,0
6755,15,-13,1,0,0
6756,19,7,1,0,0
6757,3,21,1,0,0
6758,-17,13,1,0,0
6759,-19,-9,1,0,0
6760,0,-18,1,0,0
6761,14,-4,1,0,0
6762,5,9,1,0,0
6763,-6,6,1,0,0
6764,-4,-2,1,0,0
6765,-1,-1,1,0,0
6766,0,0,1,0,0
6767,0,0,1,0,0
6768,1,3,1,0,0
6769,-7,5,1,0,0
6770,-10,-6,1,0,0
6771,3,-15,1,0,0
6772,17,-1,1,0,0
6773,8,18,1,0,0
6774,-14,16,1,0,0
6775,-22,-4,1,0,0
6776,-8,-20,1,0,0
6777,12,-16,1,0,0
6778,20,2,1,0,0
6779,11,17,1,0,0
6780,-7,21,1,0,0
6781,-20,10,1,0,0
6782,-22,-6,1,0,0
6783,-12,-18,1,0,0
6784,3,-21,1,0,0
6785,15,-15,1,0,0
6786,20,-4,1,0,0
6787,19,7,1,0,0
6788,12,16,1,0,0
6789,4,20,1,0,0
6790,-5,21,1,0,0
6791,-12,18,1,0,0
6792,-17,13,1,0,0
6793,-20,8,1,0,0
6794,-22,4,1,0,0
6795,-22,0,1,0,0
6796,-22,-4,1,0,0
6797,-21,-5,1,0,0
6798,-19,-5,1,0,0
6799,-15,-5,1,0,0
6800,-12,-4,1,0,0
6801,-8,-2,1,0,0
6802,-4,0,1,0,0
6803,-2,0,1,0,0
6804,0,0,1,0,0
6805,2,0,1,0,0
6806,4,0,1,0,0
6807,8,2,1,0,0
6808,12,4,1,0,0
6809,15,5,1,0,0
6810,19,5,1,0,0
6811,21,5,1,0,0
6812,22,4,1,0,0
6813,22,0,1,0,0
6814,22,-4,1,0,0
6815,20,-8,1,0,0
6816,17,-13,1,0,0
6817,12,-18,1,0,0
6818,5,-21,1,0,0
6819,-4,-20,1,0,0
6820,-12,-16,1,0,0
6821,-19,-7,1,0,0
6822,-20,4,1,0,0
6823,-15,15,1,0,0
6824,-3,21,1,0,0
6825,12,18,1,0,0
6826,22,6,1,0,0
6827,20,-10,1,0,0
6828,7,-21,1,0,0
6829,-11,-17,1,0,0
6830,-20,-2,1,0,0
6831,-12,16,1,0,0
6832,8,20,1,0,0
6833,22,4,1,0,0
6834,14,-16,1,0,0
6835,-8,-18,1,0,0
6836,-17,1,1,0,0
6837,-3,15,1,0,0
6838,10,6,1,0,0
6839,7,-5,1,0,0
6840,-1,-3,1,0,0
6841,0,0,1,0,0
6842,0,0,1,0,0
6843,0,0,1,0,0
6844,0,0,1,0,0
6845,0,0,1,0,0
6846,0,0,1,0,0
6847,0,0,1,0,0
6848,0,0,1,0,0
6849,0,0,1,0,0
6850,0,0,1,0,0
6851,0,0,1,0,0
6852,0,0,1,0,0
6853,0,0,1,0,0
6854,0,0,1,0,0
6855,0,0,1,0,0
6856,0,0,1,0,0
6857,0,0,1,0,0
6858,0,0,1,0,0
6859,0,0,1,0,0
6860,0,0,1,0,0
6861,0,0,1,0,0
6862,0,0,1,0,0
6863,0,0,1,0,0
6864,0,0,1,0,0
6865,0,0,1,0,0
6866,0,0,1,0,0
6867,0,0,1,0,0
6868,0,0,1,0,0
6869,0,0,1,0,0
6870,0,0,1,0,0
6871,0,0,1,0,0
6872,0,0,1,0,0
6873,0,0,1,0,0
6874,0,0,1,0,0
6875,0,0,1,0,0
6876,0,0,1,0,0
6877,0,0,1,0,0
6878,0,0,1,0,0
6879,0,0,1,0,0
6880,0,0,1,0,0
6881,0,0,1,0,0
6882,0,0,1,0,0
6883,0,0,1,0,0
6884,0,0,1,0,0
6885,0,0,1,0,0
6886,0,0,1,0,0
6887,0,0,1,0,0
6888,0,0,1,0,0
6889,0,0,1,0,0
6890,0,0,1,0,0
6891,0,0,1,0,0
6892,0,0,1,0,0
6893,0,0,1,0,0
6894,0,0,1,0,0
6895,0,0,1,0,0
6896,0,0,1,0,0
6897,0,0,1,0,0
6898,0,0,1,0,0
6899,0,0,1,0,0
6900,0,0,1,0,0
6901,0,0,1,0,0
6902,0,0,1,0,0
6903,0,0,1,0,0
6904,0,0,1,0,0
6905,0,0,1,0,0
6906,0,0,1,0,0
6907,0,0,1,0,0
6908,0,0,1,0,0
6909,0,0,1,0,0
6910,0,0,1,0,0
6911,0,0,1,0,0
6912,0,0,1,0,0
6913,-1,1,1,0,0
6914,-2,4,1,0,0
6915,6,6,1,0,0
6916,9,-5,1,0,0
6917,-4,-14,1,0,0
6918,-18,0,1,0,0
6919,-9,19,1,0,0
6920,13,17,1,0,0
6921,21,-3,1,0,0
6922,7,-19,1,0,0
6923,-13,-15,1,0,0
6924,-21,3,1,0,0
6925,-12,18,1,0,0
6926,6,22,1,0,0
6927,19,11,1,0,0
6928,21,-5,1,0,0
6929,11,-17,1,0,0
6930,-4,-20,1,0,0
6931,-15,-15,1,0,0
6932,-21,-3,1,0,0
6933,-20,8,1,0,0
6934,-13,17,1,0,0
6935,-5,21,1,0,0
6936,4,22,1,0,0
6937,11,19,1,0,0
6938,16,14,1,0,0
6939,19,9,1,0,0
6940,21,5,1,0,0
6941,21,1,1,0,0
6942,21,-3,1,0,0
6943,20,-4,1,0,0
6944,18,-4,1,0,0
6945,14,-4,1,0,0
6946,11,-3,1,0,0
6947,7,-1,1,0,0
6948,3,1,1,0,0
6949,1,1,1,0,0
6950,0,0,1,0,0
6951,-1,-1,1,0,0
6952,-3,-1,1,0,0
6953,-7,1,1,0,0
6954,-11,3,1,0,0
6955,-14,4,1,0,0
6956,-18,4,1,0,0
6957,-20,4,1,0,0
6958,-21,3,1,0,0
6959,-21,-1,1,0,0
6960,-21,-5,1,0,0
6961,-19,-9,1,0,0
6962,-16,-14,1,0,0
6963,-11,-19,1,0,0
6964,-4,-22,1,0,0
6965,5,-21,1,0,0
6966,13,-17,1,0,0
6967,20,-8,1,0,0
6968,21,3,1,0,0
6969,15,15,1,0,0
6970,4,20,1,0,0
6971,-11,17,1,0,0
6972,-21,5,1,0,0
6973,-19,-11,1,0,0
6974,-6,-22,1,0,0
6975,12,-18,1,0,0
6976,21,-3,1,0,0
6977,13,15,1,0,0
6978,-7,19,1,0,0
6979,-21,3,1,0,0
6980,-13,-17,1,0,0
6981,9,-19,1,0,0
6982,18,0,1,0,0
6983,4,14,1,0,0
6984,-9,5,1,0,0
6985,-6,-6,1,0,0
6986,2,-4,1,0,0
6987,1,-1,1,0,0
6988,0,0,1,0,0
6989,0,0,1,0,0
6990,-1,-3,1,0,0
6991,7,-5,1,0,0
6992,10,6,1,0,0
6993,-3,15,1,0,0
6994,-17,1,1,0,0
6995,-8,-18,1,0,0
6996,14,-16,1,0,0
6997,22,4,1,0,0
6998,8,20,1,0,0
6999,-12,16,1,0,0
7000,-20,-2,1,0,0
7001,-11,-17,1,0,0
7002,7,-21,1,0,0
7003,20,-10,1,0,0
7004,22,6,1,0,0
7005,12,18,1,0,0
7006,-3,21,1,0,0
7007,-15,15,1,0,0
7008,-20,4,1,0,0
7009,-19,-7,1,0,0
7010,-12,-16,1,0,0
7011,-4,-20,1,0,0
7012,5,-21,1,0,0
7013,12,-18,1,0,0
7014,17,-13,1,0,0
7015,20,-8,1,0,0
7016,22,-4,1,0,0
7017,22,0,1,0,0
7018,22,4,1,0,0
7019,21,5,1,0,0
7020,19,5,1,0,0
7021,15,5,1,0,0
7022,12,4,1,0,0
7023,8,2,1,0,0
7024,4,0,1,0,0
7025,2,0,1,0,0
7026,0,0,1,0,0
7027,2,0,1,0,0
7028,4,0,1,0,0
7029,8,2,1,0,0
7030,12,4,1,0,0
7031,15,5,1,0,0
7032,19,5,1,0,0
7033,21,5,1,0,0
7034,22,4,1,0,0
7035,22,0,1,0,0
7036,22,-4,1,0,0
7037,20,-8,1,0,0
7038,17,-13,1,0,0
7039,12,-18,1,0,0
7040,5,-21,1,0,0
7041,-4,-20,1,0,0
7042,-12,-16,1,0,0
7043,-19,-7,1,0,0
7044,-20,4,1,0,0
7045,-15,15,1,0,0
7046,-3,21,1,0,0
7047,12,18,1,0,0
7048,22,6,1,0,0
7049,20,-10,1,0,0
7050,7,-21,1,0,0
7051,-11,-17,1,0,0
7052,-20,-2,1,0,0
7053,-12,16,1,0,0
7054,8,20,1,0,0
7055,22,4,1,0,0
7056,14,-16,1,0,0
7057,-8,-18,1,0,0
7058,-17,1,1,0,0
7059,-3,15,1,0,0
7060,10,6,1,0,0
7061,7,-5,1,0,0
7062,-1,-3,1,0,0
7063,0,0,1,0,0
7064,0,0,1,0,0
7065,0,0,1,0,0
7066,0,0,1,0,0
7067,0,0,1,0,0
7068,0,0,1,0,0
7069,0,0,1,0,0
7070,0,0,1,0,0
7071,0,0,1,0,0
7072,0,0,1,0,0
7073,0,0,1,0,0
7074,0,0,1,0,0
7075,-1,1,1,0,0
7076,-2,4,1,0,0
7077,6,6,1,0,0
7078,9,-5,1,0,0
7079,-4,-14,1,0,0
7080,-18,0,1,0,0
7081,-9,19,1,0,0
7082,13,17,1,0,0
7083,21,-3,1,0,0
7084,7,-19,1,0,0
7085,-13,-15,1,0,0
7086,-21,3,1,0,0
7087,-12,18,1,0,0
7088,6,22,1,0,0
7089,19,11,1,0,0
7090,21,-5,1,0,0
7091,11,-17,1,0,0
7092,-4,-20,1,0,0
7093,-15,-15,1,0,0
7094,-21,-3,1,0,0
7095,-20,8,1,0,0
7096,-13,17,1,0,0
7097,-5,21,1,0,0
7098,4,22,1,0,0
7099,11,19,1,0,0
7100,16,14,1,0,0
7101,19,9,1,0,0
7102,21,5,1,0,0
7103,21,1,1,0,0
7104,21,-3,1,0,0
7105,20,-4,1,0,0
7106,18,-4,1,0,0
7107,14,-4,1,0,0
7108,11,-3,1,0,0
7109,7,-1,1,0,0
7110,3,1,1,0,0
7111,1,1,1,0,0
7112,0,0,1,0,0
7113,-1,-1,1,0,0
7114,-3,-1,1,0,0
7115,-7,1,1,0,0
7116,-11,3,1,0,0
7117,-14,4,1,0,0
7118,-18,4,1,0,0
7119,-20,4,1,0,0
7120,-21,3,1,0,0
7121,-21,-1,1,0,0
7122,-21,-5,1,0,0
7123,-19,-9,1,0,0
7124,-16,-14,1,0,0
7125,-11,-19,1,0,0
7126,-4,-22,1,0,0
7127,5,-21,1,0,0
7128,13,-17,1,0,0
7129,20,-8,1,0,0
7130,21,3,1,0,0
7131,15,15,1,0,0
7132,4,20,1,0,0
7133,-11,17,1,0,0
7134,-21,5,1,0,0
7135,-19,-11,1,0,0
7136,-6,-22,1,0,0
7137,12,-18,1,0,0
7138,21,-3,1,0,0
7139,13,15,1,0,0
7140,-7,19,1,0,0
7141,-21,3,1,0,0
7142,-13,-17,1,0,0
7143,9,-19,1,0,0
7144,18,0,1,0,0
7145,4,14,1,0,0
7146,-9,5,1,0,0
7147,-6,-6,1,0,0
7148,2,-4,1,0,0
7149,1,-1,1,0,0
7150,0,0,1,0,0
7151,0,0,1,0,0
7152,-3,1,1,0,0
7153,-5,-7,1,0,0
7154,6,-10,1,0,0
7155,15,3,1,0,0
7156,1,17,1,0,0
7157,-18,8,1,0,0
7158,-16,-14,1,0,0
7159,4,-22,1,0,0
7160,20,-8,1,0,0
7161,16,12,1,0,0
7162,-2,20,1,0,0
7163,-17,11,1,0,0
7164,-21,-7,1,0,0
7165,-10,-20,1,0,0
7166,6,-22,1,0,0
7167,18,-12,1,0,0
7168,21,3,1,0,0
7169,15,15,1,0,0
7170,4,20,1,0,0
7171,-7,19,1,0,0
7172,-16,12,1,0,0
7173,-20,4,1,0,0
7174,-21,-5,1,0,0
7175,-18,-12,1,0,0
7176,-13,-17,1,0,0
7177,-8,-20,1,0,0
7178,-4,-22,1,0,0
7179,0,-22,1,0,0
7180,4,-22,1,0,0
7181,5,-21,1,0,0
7182,5,-19,1,0,0
7183,5,-15,1,0,0
7184,4,-12,1,0,0
7185,2,-8,1,0,0
7186,0,-4,1,0,0
7187,0,-2,1,0,0
7188,0,0,1,0,0
7189,2,0,1,0,0
7190,4,0,1,0,0
7191,8,2,1,0,0
7192,12,4,1,0,0
7193,15,5,1,0,0
7194,19,5,1,0,0
7195,21,5,1,0,0
7196,22,4,1,0,0
7197,22,0,1,0,0
7198,22,-4,1,0,0
7199,20,-8,1,0,0
7200,17,-13,1,0,0
7201,12,-18,1,0,0
7202,5,-21,1,0,0
7203,-4,-20,1,0,0
7204,-12,-16,1,0,0
7205,-19,-7,1,0,0
7206,-20,4,1,0,0
7207,-15,15,1,0,0
7208,-3,21,1,0,0
7209,12,18,1,0,0
7210,22,6,1,0,0
7211,20,-10,1,0,0
7212,7,-21,1,0,0
7213,-11,-17,1,0,0
7214,-20,-2,1,0,0
7215,-12,16,1,0,0
7216,8,20,1,0,0
7217,22,4,1,0,0
7218,14,-16,1,0,0
7219,-8,-18,1,0,0
7220,-17,1,1,0,0
7221,-3,15,1,0,0
7222,10,6,1,0,0
7223,7,-5,1,0,0
7224,-1,-3,1,0,0
7225,0,0,1,0,0
7226,0,0,1,0,0
7227,0,0,1,0,0
7228,0,0,1,0,0
7229,0,0,1,0,0
7230,0,0,1,0,0
7231,0,0,1,0,0
7232,0,0,1,0,0
7233,0,0,1,0,0
7234,0,0,1,0,0
7235,0,0,1,0,0
7236,0,0,1,0,0
7237,0,0,1,0,0
7238,0,0,1,0,0
7239,0,0,1,0,0
7240,0,0,1,0,0
7241,0,0,1,0,0
7242,0,0,1,0,0
7243,0,0,1,0,0
7244,0,0,1,0,0
7245,0,0,1,0,0
7246,0,0,1,0,0
7247,0,0,1,0,0
7248,0,0,1,0,0
7249,0,0,1,0,0
7250,0,0,1,0,0
7251,0,0,1,0,0
7252,0,0,1,0,0
7253,0,0,1,0,0
7254,0,0,1,0,0
7255,0,0,1,0,0
7256,0,0,1,0,0
7257,0,0,1,0,0
7258,0,0,1,0,0
7259,0,0,1,0,0
7260,0,0,1,0,0
7261,0,0,1,0,0
7262,0,0,1,0,0
7263,0,0,1,0,0
7264,0,0,1,0,0
7265,0,0,1,0,0
7266,0,0,1,0,0
7267,0,0,1,0,0
7268,0,0,1,0,0
7269,0,0,1,0,0
7270,0,0,1,0,0
7271,0,0,1,0,0
7272,0,0,1,0,0
7273,0,0,1,0,0
7274,0,0,1,0,0
7275,0,0,1,0,0
7276,0,0,1,0,0
7277,0,0,1,0,0
7278,0,0,1,0,0
7279,0,0,1,0,0
7280,0,0,1,0,0
7281,0,0,1,0,0
7282,0,0,1,0,0
7283,0,0,1,0,0
7284,0,0,1,0,0
7285,0,0,1,0,0
7286,0,0,1,0,0
7287,0,0,1,0,0
7288,0,0,1,0,0
7289,0,0,1,0,0
7290,0,0,1,0,0
7291,0,0,1,0,0
7292,0,0,1,0,0
7293,0,0,1,0,0
7294,0,0,1,0,0
7295,0,0,1,0,0
7296,0,0,1,0,0
7297,1,-1,1,0,0
7298,2,-4,1,0,0
7299,-6,-6,1,0,0
7300,-9,5,1,0,0
7301,4,14,1,0,0
7302,18,0,1,0,0
7303,9,-19,1,0,0
7304,-13,-17,1,0,0
7305,-21,3,1,0,0
7306,-7,19,1,0,0
7307,13,15,1,0,0
7308,21,-3,1,0,0
7309,12,-18,1,0,0
7310,-6,-22,1,0,0
7311,-19,-11,1,0,0
7312,-21,5,1,0,0
7313,-11,17,1,0,0
7314,4,20,1,0,0
7315,15,15,1,0,0
7316,21,3,1,0,0
7317,20,-8,1,0,0
7318,13,-17,1,0,0
7319,5,-21,1,0,0
7320,-4,-22,1,0,0
7321,-11,-19,1,0,0
7322,-16,-14,1,0,0
7323,-19,-9,1,0,0
7324,-21,-5,1,0,0
7325,-21,-1,1,0,0
7326,-21,3,1,0,0
7327,-20,4,1,0,0
7328,-18,4,1,0,0
7329,-14,4,1,0,0
7330,-11,3,1,0,0
7331,-7,1,1,0,0
7332,-3,-1,1,0,0
7333,-1,-1,1,0,0
7334,0,0,1,0,0
7335,1,1,1,0,0
7336,3,1,1,0,0
7337,7,-1,1,0,0
7338,11,-3,1,0,0
7339,14,-4,1,0,0
7340,18,-4,1,0,0
7341,20,-4,1,0,0
7342,21,-3,1,0,0
7343,21,1,1,0,0
7344,21,5,1,0,0
7345,19,9,1,0,0
7346,16,14,1,0,0
7347,11,19,1,0,0
7348,4,22,1,0,0
7349,-5,21,1,0,0
7350,-13,17,1,0,0
7351,-20,8,1,0,0
7352,-21,-3,1,0,0
7353,-15,-15,1,0,0
7354,-4,-20,1,0,0
7355,11,-17,1,0,0
7356,21,-5,1,0,0
7357,19,11,1,0,0
7358,6,22,1,0,0
7359,-12,18,1,0,0
7360,-21,3,1,0,0
7361,-13,-15,1,0,0
7362,7,-19,1,0,0
7363,21,-3,1,0,0
7364,13,17,1,0,0
7365,-9,19,1,0,0
7366,-18,0,1,0,0
7367,-4,-14,1,0,0
7368,9,-5,1,0,0
7369,6,6,1,0,0
7370,-2,4,1,0,0
7371,-1,1,1,0,0
7372,0,0,1,0,0
7373,0,0,1,0,0
7374,3,-1,1,0,0
7375,5,7,1,0,0
7376,-6,10,1,0,0
7377,-15,-3,1,0,0
7378,-1,-17,1,0,0
7379,18,-8,1,0,0
7380,16,14,1,0,0
7381,-4,22,1,0,0
7382,-20,8,1,0,0
7383,-16,-12,1,0,0
7384,2,-20,1,0,0
7385,17,-11,1,0,0
7386,21,7,1,0,0
7387,10,20,1,0,0
7388,-6,22,1,0,0
7389,-18,12,1,0,0
7390,-21,-3,1,0,0
7391,-15,-15,1,0,0
7392,-4,-20,1,0,0
7393,7,-19,1,0,0
7394,16,-12,1,0,0
7395,20,-4,1,0,0
7396,21,5,1,0,0
7397,18,12,1,0,0
7398,13,17,1,0,0
7399,8,20,1,0,0
7400,4,22,1,0,0
7401,0,22,1,0,0
7402,-4,22,1,0,0
7403,-5,21,1,0,0
7404,-5,19,1,0,0
7405,-5,15,1,0,0
7406,-4,12,1,0,0
7407,-2,8,1,0,0
7408,0,4,1,0,0
7409,0,2,1,0,0
7410,0,0,1,0,0
7411,0,2,1,0,0
7412,0,4,1,0,0
7413,-2,8,1,0,0
7414,-4,12,1,0,0
7415,-5,15,1,0,0
7416,-5,19,1,0,0
7417,-5,21,1,0,0
7418,-4,22,1,0,0
7419,0,22,1,0,0
7420,4,22,1,0,0
7421,8,20,1,0,0
7422,13,17,1,0,0
7423,18,12,1,0,0
7424,21,5,1,0,0
7425,20,-4,1,0,0
7426,16,-12,1,0,0
7427,7,-19,1,0,0
7428,-4,-20,1,0,0
7429,-15,-15,1,0,0
7430,-21,-3,1,0,0
7431,-18,12,1,0,0
7432,-6,22,1,0,0
7433,10,20,1,0,0
7434,21,7,1,0,0
7435,17,-11,1,0,0
7436,2,-20,1,0,0
7437,-16,-12,1,0,0
7438,-20,8,1,0,0
7439,-4,22,1,0,0
7440,16,14,1,0,0
7441,18,-8,1,0,0
7442,-1,-17,1,0,0
7443,-15,-3,1,0,0
7444,-6,10,1,0,0
7445,5,7,1,0,0
7446,3,-1,1,0,0
7447,0,0,1,0,0
7448,0,0,1,0,0
7449,0,0,1,0,0
7450,0,0,1,0,0
7451,0,0,1,0,0
7452,0,0,1,0,0
7453,0,0,1,0,0
7454,0,0,1,0,0
7455,0,0,1,0,0
7456,0,0,1,0,0
7457,0,0,1,0,0
7458,0,0,1,0,0
7459,1,-1,1,0,0
7460,2,-4,1,0,0
7461,-6,-6,1,0,0
7462,-9,5,1,0,0
7463,4,14,1,0,0
7464,18,0,1,0,0
7465,9,-19,1,0,0
7466,-13,-17,1,0,0
7467,-21,3,1,0,0
7468,-7,19,1,0,0
7469,13,15,1,0,0
7470,21,-3,1,0,0
7471,12,-18,1,0,0
7472,-6,-22,1,0,0
7473,-19,-11,1,0,0
7474,-21,5,1,0,0
7475,-11,17,1,0,0
7476,4,20,1,0,0
7477,15,15,1,0,0
7478,21,3,1,0,0
7479,20,-8,1,0,0
7480,13,-17,1,0,0
7481,5,-21,1,0,0
7482,-4,-22,1,0,0
7483,-11,-19,1,0,0
7484,-16,-14,1,0,0
7485,-19,-9,1,0,0
7486,-21,-5,1,0,0
7487,-21,-1,1,0,0
7488,-21,3,1,0,0
7489,-20,4,1,0,0
7490,-18,4,1,0,0
7491,-14,4,1,0,0
7492,-11,3,1,0,0
7493,-7,1,1,0,0
7494,-3,-1,1,0,0
7495,-1,-1,1,0,0
7496,0,0,1,0,0
7497,1,1,1,0,0
7498,3,1,1,0,0
7499,7,-1,1,0,0
7500,11,-3,1,0,0
7501,14,-4,1,0,0
7502,18,-4,1,0,0
7503,20,-4,1,0,0
7504,21,-3,1,0,0
7505,21,1,1,0,0
7506,21,5,1,0,0
7507,19,9,1,0,0
7508,16,14,1,0,0
7509,11,19,1,0,0
7510,4,22,1,0,0
7511,-5,21,1,0,0
7512,-13,17,1,0,0
7513,-20,8,1,0,0
7514,-21,-3,1,0,0
7515,-15,-15,1,0,0
7516,-4,-20,1,0,0
7517,11,-17,1,0,0
7518,21,-5,1,0,0
7519,19,11,1,0,0
7520,6,22,1,0,0
7521,-12,18,1,0,0
7522,-21,3,1,0,0
7523,-13,-15,1,0,0
7524,7,-19,1,0,0
7525,21,-3,1,0,0
7526,13,17,1,0,0
7527,-9,19,1,0,0
7528,-18,0,1,0,0
7529,-4,-14,1,0,0
7530,9,-5,1,0,0
7531,6,6,1,0,0
7532,-2,4,1,0,0
7533,-1,1,1,0,0
7534,0,0,1,0,0
7535,0,0,1,0,0
7536,1,3,1,0,0
7537,-7,5,1,0,0
7538,-10,-6,1,0,0
7539,3,-15,1,0,0
7540,17,-1,1,0,0
7541,8,18,1,0,0
7542,-14,16,1,0,0
7543,-22,-4,1,0,0
7544,-8,-20,1,0,0
7545,12,-16,1,0,0
7546,20,2,1,0,0
7547,11,17,1,0,0
7548,-7,21,1,0,0
7549,-20,10,1,0,0
7550,-22,-6,1,0,0
7551,-12,-18,1,0,0
7552,3,-21,1,0,0
7553,15,-15,1,0,0
7554,20,-4,1,0,0
7555,19,7,1,0,0
7556,12,16,1,0,0
7557,4,20,1,0,0
7558,-5,21,1,0,0
7559,-12,18,1,0,0
7560,-17,13,1,0,0
7561,-20,8,1,0,0
7562,-22,4,1,0,0
7563,-22,0,1,0,0
7564,-22,-4,1,0,0
7565,-21,-5,1,0,0
7566,-19,-5,1,0,0
7567,-15,-5,1,0,0
7568,-12,-4,1,0,0
7569,-8,-2,1,0,0
7570,-4,0,1,0,0
7571,-2,0,1,0,0
7572,0,0,1,0,0
7573,0,2,1,0,0
7574,0,4,1,0,0
7575,-2,8,1,0,0
7576,-4,12,1,0,0
7577,-5,15,1,0,0
7578,-5,19,1,0,0
7579,-5,21,1,0,0
7580,-4,22,1,0,0
7581,0,22,1,0,0
7582,4,22,1,0,0
7583,8,20,1,0,0
7584,13,17,1,0,0
7585,18,12,1,0,0
7586,21,5,1,0,0
7587,20,-4,1,0,0
7588,16,-12,1,0,0
7589,7,-19,1,0,0
7590,-4,-20,1,0,0
7591,-15,-15,1,0,0
7592,-21,-3,1,0,0
7593,-18,12,1,0,0
7594,-6,22,1,0,0
7595,10,20,1,0,0
7596,21,7,1,0,0
7597,17,-11,1,0,0
7598,2,-20,1,0,0
7599,-16,-12,1,0,0
7600,-20,8,1,0,0
7601,-4,22,1,0,0
7602,16,14,1,0,0
7603,18,-8,1,0,0
7604,-1,-17,1,0,0
7605,-15,-3,1,0,0
7606,-6,10,1,0,0
7607,5,7,1,0,0
7608,3,-1,1,0,0
7609,0,0,1,0,0
7610,0,0,1,0,0
7611,0,0,1,0,0
7612,0,0,1,0,0
7613,0,0,1,0,0
7614,0,0,1,0,0
7615,0,0,1,0,0
7616,0,0,1,0,0
7617,0,0,1,0,0
7618,0,0,1,0,0
7619,0,0,1,0,0
7620,0,0,1,0,0
7621,0,0,1,0,0
7622,0,0,1,0,0
7623,0,0,1,0,0
7624,0,0,1,0,0
7625,0,0,1,0,0
7626,0,0,1,0,0
7627,0,0,1,0,0
7628,0,0,1,0,0
7629,0,0,1,0,0
7630,0,0,1,0,0
7631,0,0,1,0,0
7632,0,0,1,0,0
7633,0,0,1,0,0
7634,0,0,1,0,0
7635,0,0,1,0,0
7636,0,0,1,0,0
7637,0,0,1,0,0
7638,0,0,1,0,0
7639,0,0,1,0,0
7640,0,0,1,0,0
7641,0,0,1,0,0
7642,0,0,1,0,0
7643,0,0,1,0,0
7644,0,0,1,0,0
7645,0,0,1,0,0
7646,0,0,1,0,0
7647,0,0,1,0,0
7648,0,0,1,0,0
7649,0,0,1,0,0
7650,0,0,1,0,0
7651,0,0,1,0,0
7652,0,0,1,0,0
7653,0,0,1,0,0
7654,0,0,1,0,0
7655,0,0,1,0,0
7656,0,0,1,0,0
7657,0,0,1,0,0
7658,0,0,1,0,0
7659,0,0,1,0,0
7660,0,0,1,0,0
7661,0,0,1,0,0
7662,0,0,1,0,0
7663,0,0,1,0,0
7664,0,0,1,0,0
7665,0,0,1,0,0
7666,0,0,1,0,0
7667,0,0,1,0,0
7668,0,0,1,0,0
7669,0,0,1,0,0
7670,0,0,1,0,0
7671,0,0,1,0,0
7672,0,0,1,0,0
7673,0,0,1,0,0
7674,0,0,1,0,0
7675,0,0,1,0,0
7676,0,0,1,0,0
7677,0,0,1,0,0
7678,0,0,1,0,0
7679,0,0,1,0,0
7680,0,0,1,0,0
7681,1,1,1,0,0
7682,4,2,1,0,0
7683,6,-6,1,0,0
7684,-5,-9,1,0,0
7685,-14,4,1,0,0
7686,0,18,1,0,0
7687,19,9,1,0,0
7688,17,-13,1,0,0
7689,-3,-21,1,0,0
7690,-19,-7,1,0,0
7691,-15,13,1,0,0
7692,3,21,1,0,0
7693,18,12,1,0,0
7694,22,-6,1,0,0
7695,11,-19,1,0,0
7696,-5,-21,1,0,0
7697,-17,-11,1,0,0
7698,-20,4,1,0,0
7699,-15,15,1,0,0
7700,-3,21,1,0,0
7701,8,20,1,0,0
7702,17,13,1,0,0
7703,21,5,1,0,0
7704,22,-4,1,0,0
7705,19,-11,1,0,0
7706,14,-16,1,0,0
7707,9,-19,1,0,0
7708,5,-21,1,0,0
7709,1,-21,1,0,0
7710,-3,-21,1,0,0
7711,-4,-20,1,0,0
7712,-4,-18,1,0,0
7713,-4,-14,1,0,0
7714,-3,-11,1,0,0
7715,-1,-7,1,0,0
7716,1,-3,1,0,0
7717,1,-1,1,0,0
7718,0,0,1,0,0
7719,-1,1,1,0,0
7720,-1,3,1,0,0
7721,1,7,1,0,0
7722,3,11,1,0,0
7723,4,14,1,0,0
7724,4,18,1,0,0
7725,4,20,1,0,0
7726,3,21,1,0,0
7727,-1,21,1,0,0
7728,-5,21,1,0,0
7729,-9,19,1,0,0
7730,-14,16,1,0,0
7731,-19,11,1,0,0
7732,-22,4,1,0,0
7733,-21,-5,1,0,0
7734,-17,-13,1,0,0
7735,-8,-20,1,0,0
7736,3,-21,1,0,0
7737,15,-15,1,0,0
7738,20,-4,1,0,0
7739,17,11,1,0,0
7740,5,21,1,0,0
7741,-11,19,1,0,0
7742,-22,6,1,0,0
7743,-18,-12,1,0,0
7744,-3,-21,1,0,0
7745,15,-13,1,0,0
7746,19,7,1,0,0
7747,3,21,1,0,0
7748,-17,13,1,0,0
7749,-19,-9,1,0,0
7750,0,-18,1,0,0
7751,14,-4,1,0,0
7752,5,9,1,0,0
7753,-6,6,1,0,0
7754,-4,-2,1,0,0
7755,-1,-1,1,0,0
7756,0,0,1,0,0
7757,0,0,1,0,0
7758,-1,-3,1,0,0
7759,7,-5,1,0,0
7760,10,6,1,0,0
7761,-3,15,1,0,0
7762,-17,1,1,0,0
7763,-8,-18,1,0,0
7764,14,-16,1,0,0
7765,22,4,1,0,0
7766,8,20,1,0,0
7767,-12,16,1,0,0
7768,-20,-2,1,0,0
7769,-11,-17,1,0,0
7770,7,-21,1,0,0
7771,20,-10,1,0,0
7772,22,6,1,0,0
7773,12,18,1,0,0
7774,-3,21,1,0,0
7775,-15,15,1,0,0
7776,-20,4,1,0,0
7777,-19,-7,1,0,0
7778,-12,-16,1,0,0
7779,-4,-20,1,0,0
7780,5,-21,1,0,0
7781,12,-18,1,0,0
7782,17,-13,1,0,0
7783,20,-8,1,0,0
7784,22,-4,1,0,0
7785,22,0,1,0,0
7786,22,4,1,0,0
7787,21,5,1,0,0
7788,19,5,1,0,0
7789,15,5,1,0,0
7790,12,4,1,0,0
7791,8,2,1,0,0
7792,4,0,1,0,0
7793,2,0,1,0,0
7794,0,0,1,0,0
7795,-2,0,1,0,0
7796,-4,0,1,0,0
7797,-8,-2,1,0,0
7798,-12,-4,1,0,0
7799,-15,-5,1,0,0
7800,-19,-5,1,0,0
7801,-21,-5,1,0,0
7802,-22,-4,1,0,0
7803,-22,0,1,0,0
7804,-22,4,1,0,0
7805,-20,8,1,0,0
7806,-17,13,1,0,0
7807,-12,18,1,0,0
7808,-5,21,1,0,0
7809,4,20,1,0,0
7810,12,16,1,0,0
7811,19,7,1,0,0
7812,20,-4,1,0,0
7813,15,-15,1,0,0
7814,3,-21,1,0,0
7815,-12,-18,1,0,0
7816,-22,-6,1,0,0
7817,-20,10,1,0,0
7818,-7,21,1,0,0
7819,11,17,1,0,0
7820,20,2,1,0,0
7821,12,-16,1,0,0
7822,-8,-20,1,0,0
7823,-22,-4,1,0,0
7824,-14,16,1,0,0
7825,8,18,1,0,0
7826,17,-1,1,0,0
7827,3,-15,1,0,0
7828,-10,-6,1,0,0
7829,-7,5,1,0,0
7830,1,3,1,0,0
7831,0,0,1,0,0
7832,0,0,1,0,0
7833,0,0,1,0,0
7834,0,0,1,0,0
7835,0,0,1,0,0
7836,0,0,1,0,0
7837,0,0,1,0,0
7838,0,0,1,0,0
7839,0,0,1,0,0
7840,0,0,1,0,0
7841,0,0,1,0,0
7842,0,0,1,0,0
7843,-1,1,1,0,0
7844,-2,4,1,0,0
7845,6,6,1,0,0
7846,9,-5,1,0,0
7847,-4,-14,1,0,0
7848,-18,0,1,0,0
7849,-9,19,1,0,0
7850,13,17,1,0,0
7851,21,-3,1,0,0
7852,7,-19,1,0,0
7853,-13,-15,1,0,0
7854,-21,3,1,0,0
7855,-12,18,1,0,0
7856,6,22,1,0,0
7857,19,11,1,0,0
7858,21,-5,1,0,0
7859,11,-17,1,0,0
7860,-4,-20,1,0,0
7861,-15,-15,1,0,0
7862,-21,-3,1,0,0
7863,-20,8,1,0,0
7864,-13,17,1,0,0
7865,-5,21,1,0,0
7866,4,22,1,0,0
7867,11,19,1,0,0
7868,16,14,1,0,0
7869,19,9,1,0,0
7870,21,5,1,0,0
7871,21,1,1,0,0
7872,21,-3,1,0,0
7873,20,-4,1,0,0
7874,18,-4,1,0,0
7875,14,-4,1,0,0
7876,11,-3,1,0,0
7877,7,-1,1,0,0
7878,3,1,1,0,0
7879,1,1,1,0,0
7880,0,0,1,0,0
7881,-1,-1,1,0,0
7882,-3,-1,1,0,0
7883,-7,1,1,0,0
7884,-11,3,1,0,0
7885,-14,4,1,0,0
7886,-18,4,1,0,0
7887,-20,4,1,0,0
7888,-21,3,1,0,0
7889,-21,-1,1,0,0
7890,-21,-5,1,0,0
7891,-19,-9,1,0,0
7892,-16,-14,1,0,0
7893,-11,-19,1,0,0
7894,-4,-22,1,0,0
7895,5,-21,1,0,0
7896,13,-17,1,0,0
7897,20,-8,1,0,0
7898,21,3,1,0,0
7899,15,15,1,0,0
7900,4,20,1,0,0
7901,-11,17,1,0,0
7902,-21,5,1,0,0
7903,-19,-11,1,0,0
7904,-6,-22,1,0,0
7905,12,-18,1,0,0
7906,21,-3,1,0,0
7907,13,15,1,0,0
7908,-7,19,1,0,0
7909,-21,3,1,0,0
7910,-13,-17,1,0,0
7911,9,-19,1,0,0
7912,18,0,1,0,0
7913,4,14,1,0,0
7914,-9,5,1,0,0
7915,-6,-6,1,0,0
7916,2,-4,1,0,0
7917,1,-1,1,0,0
7918,0,0,1,0,0
7919,0,0,1,0,0
7920,-3,1,1,0,0
7921,-5,-7,1,0,0
7922,6,-10,1,0,0
7923,15,3,1,0,0
7924,1,17,1,0,0
7925,-18,8,1,0,0
7926,-16,-14,1,0,0
7927,4,-22,1,0,0
7928,20,-8,1,0,0
7929,16,12,1,0,0
7930,-2,20,1,0,0
7931,-17,11,1,0,0
7932,-21,-7,1,0,0
7933,-10,-20,1,0,0
7934,6,-22,1,0,0
7935,18,-12,1,0,0
7936,21,3,1,0,0
7937,15,15,1,0,0
7938,4,20,1,0,0
7939,-7,19,1,0,0
7940,-16,12,1,0,0
7941,-20,4,1,0,0
7942,-21,-5,1,0,0
7943,-18,-12,1,0,0
7944,-13,-17,1,0,0
7945,-8,-20,1,0,0
7946,-4,-22,1,0,0
7947,0,-22,1,0,0
7948,4,-22,1,0,0
7949,5,-21,1,0,0
7950,5,-19,1,0,0
7951,5,-15,1,0,0
7952,4,-12,1,0,0
7953,2,-8,1,0,0
7954,0,-4,1,0,0
7955,0,-2,1,0,0
7956,0,0,1,0,0
7957,-2,0,1,0,0
7958,-4,0,1,0,0
7959,-8,-2,1,0,0
7960,-12,-4,1,0,0
7961,-15,-5,1,0,0
7962,-19,-5,1,0,0
7963,-21,-5,1,0,0
7964,-22,-4,1,0,0
7965,-22,0,1,0,0
7966,-22,4,1,0,0
7967,-20,8,1,0,0
7968,-17,13,1,0,0
7969,-12,18,1,0,0
7970,-5,21,1,0,0
7971,4,20,1,0,0
7972,12,16,1,0,0
7973,19,7,1,0,0
7974,20,-4,1,0,0
7975,15,-15,1,0,0
7976,3,-21,1,0,0
7977,-12,-18,1,0,0
7978,-22,-6,1,0,0
7979,-20,10,1,0,0
7980,-7,21,1,0,0
7981,11,17,1,0,0
7982,20,2,1,0,0
7983,12,-16,1,0,0
7984,-8,-20,1,0,0
7985,-22,-4,1,0,0
7986,-14,16,1,0,0
7987,8,18,1,0,0
7988,17,-1,1,0,0
7989,3,-15,1,0,0
7990,-10,-6,1,0,0
7991,-7,5,1,0,0
7992,1,3,1,0,0
7993,0,0,1,0,0
7994,0,0,1,0,0
7995,0,0,1,0,0
7996,0,0,1,0,0
7997,0,0,1,0,0
7998,0,0,1,0,0
7999,0,0,1,0,0
8000,0,0,1,0,0
8001,0,0,1,0,0
8002,0,0,1,0,0
8003,0,0,1,0,0
8004,0,0,1,0,0
8005,0,0,1,0,0
8006,0,0,1,0,0
8007,0,0,1,0,0
8008,0,0,1,0,0
8009,0,0,1,0,0
8010,0,0,1,0,0
8011,0,0,1,0,0
8012,0,0,1,0,0
8013,0,0,1,0,0
8014,0,0,1,0,0
8015,0,0,1,0,0
8016,0,0,1,0,0
8017,0,0,1,0,0
8018,0,0,1,0,0
8019,0,0,1,0,0
8020,0,0,1,0,0
8021,0,0,1,0,0
8022,0,0,1,0,0
8023,0,0,1,0,0
8024,0,0,1,0,0
8025,0,0,1,0,0
8026,0,0,1,0,0
8027,0,0,1,0,0
8028,0,0,1,0,0
8029,0,0,1,0,0
8030,0,0,1,0,0
8031,0,0,1,0,0
8032,0,0,1,0,0
8033,0,0,1,0,0
8034,0,0,1,0,0
8035,0,0,1,0,0
8036,0,0,1,0,0
8037,0,0,1,0,0
8038,0,0,1,0,0
8039,0,0,1,0,0
8040,0,0,1,0,0
8041,0,0,1,0,0
8042,0,0,1,0,0
8043,0,0,1,0,0
8044,0,0,1,0,0
8045,0,0,1,0,0
8046,0,0,1,0,0
8047,0,0,1,0,0
8048,0,0,1,0,0
8049,0,0,1,0,0
8050,0,0,1,0,0
8051,0,0,1,0,0
8052,0,0,1,0,0
8053,0,0,1,0,0
8054,0,0,1,0,0
8055,0,0,1,0,0
8056,0,0,1,0,0
8057,0,0,1,0,0
8058,0,0,1,0,0
8059,0,0,1,0,0
8060,0,0,1,0,0
8061,0,0,1,0,0
8062,0,0,1,0,0
8063,0,0,1,0,0
8064,0,0,1,0,0
8065,-1,1,1,0,0
8066,-2,4,1,0,0
8067,6,6,1,0,0
8068,9,-5,1,0,0
8069,-4,-14,1,0,0
8070,-18,0,1,0,0
8071,-9,19,1,0,0
8072,13,17,1,0,0
8073,21,-3,1,0,0
8074,7,-19,1,0,0
8075,-13,-15,1,0,0
8076,-21,3,1,0,0
8077,-12,18,1,0,0
8078,6,22,1,0,0
8079,19,11,1,0,0
8080,21,-5,1,0,0
8081,11,-17,1,0,0
8082,-4,-20,1,0,0
8083,-15,-15,1,0,0
8084,-21,-3,1,0,0
8085,-20,8,1,0,0
8086,-13,17,1,0,0
8087,-5,21,1,0,0
8088,4,22,1,0,0
8089,11,19,1,0,0
8090,16,14,1,0,0
8091,19,9,1,0,0
8092,21,5,1,0,0
8093,21,1,1,0,0
8094,21,-3,1,0,0
8095,20,-4,1,0,0
8096,18,-4,1,0,0
8097,14,-4,1,0,0
8098,11,-3,1,0,0
8099,7,-1,1,0,0
8100,3,1,1,0,0
8101,1,1,1,0,0
8102,0,0,1,0,0
8103,-1,-1,1,0,0
8104,-3,-1,1,0,0
8105,-7,1,1,0,0
8106,-11,3,1,0,0
8107,-14,4,1,0,0
8108,-18,4,1,0,0
8109,-20,4,1,0,0
8110,-21,3,1,0,0
8111,-21,-1,1,0,0
8112,-21,-5,1,0,0
8113,-19,-9,1,0,0
8114,-16,-14,1,0,0
8115,-11,-19,1,0,0
8116,-4,-22,1,0,0
8117,5,-21,1,0,0
8118,13,-17,1,0,0
8119,20,-8,1,0,0
8120,21,3,1,0,0
8121,15,15,1,0,0
8122,4,20,1,0,0
8123,-11,17,1,0,0
8124,-21,5,1,0,0
8125,-19,-11,1,0,0
8126,-6,-22,1,0,0
8127,12,-18,1,0,0
8128,21,-3,1,0,0
8129,13,15,1,0,0
8130,-7,19,1,0,0
8131,-21,3,1,0,0
8132,-13,-17,1,0,0
8133,9,-19,1,0,0
8134,18,0,1,0,0
8135,4,14,1,0,0
8136,-9,5,1,0,0
8137,-6,-6,1,0,0
8138,2,-4,1,0,0
8139,1,-1,1,0,0
8140,0,0,1,0,0
8141,0,0,1,0,0
8142,1,3,1,0,0
8143,-7,5,1,0,0
8144,-10,-6,1,0,0
8145,3,-15,1,0,0
8146,17,-1,1,0,0
8147,8,18,1,0,0
8148,-14,16,1,0,0
8149,-22,-4,1,0,0
8150,-8,-20,1,0,0
8151,12,-16,1,0,0
8152,20,2,1,0,0
8153,11,17,1,0,0
8154,-7,21,1,0,0
8155,-20,10,1,0,0
8156,-22,-6,1,0,0
8157,-12,-18,1,0,0
8158,3,-21,1,0,0
8159,15,-15,1,0,0
8160,20,-4,1,0,0
8161,19,7,1,0,0
8162,12,16,1,0,0
8163,4,20,1,0,0
8164,-5,21,1,0,0
8165,-12,18,1,0,0
8166,-17,13,1,0,0
8167,-20,8,1,0,0
8168,-22,4,1,0,0
8169,-22,0,1,0,0
8170,-22,-4,1,0,0
8171,-21,-5,1,0,0
8172,-19,-5,1,0,0
8173,-15,-5,1,0,0
8174,-12,-4,1,0,0
8175,-8,-2,1,0,0
8176,-4,0,1,0,0
8177,-2,0,1,0,0
8178,0,0,1,0,0
8179,0,-2,1,0,0
8180,0,-4,1,0,0
8181,2,-8,1,0,0
8182,4,-12,1,0,0
8183,5,-15,1,0,0
8184,5,-19,1,0,0
8185,5,-21,1,0,0
8186,4,-22,1,0,0
8187,0,-22,1,0,0
8188,-4,-22,1,0,0
8189,-8,-20,1,0,0
8190,-13,-17,1,0,0
8191,-18,-12,1,0,0
8192,-21,-5,1,0,0
8193,-20,4,1,0,0
8194,-16,12,1,0,0
8195,-7,19,1,0,0
8196,4,20,1,0,0
8197,15,15,1,0,0
8198,21,3,1,0,0
8199,18,-12,1,0,0
8200,6,-22,1,0,0
8201,-10,-20,1,0,0
8202,-21,-7,1,0,0
8203,-17,11,1,0,0
8204,-2,20,1,0,0
8205,16,12,1,0,0
8206,20,-8,1,0,0
8207,4,-22,1,0,0
8208,-16,-14,1,0,0
8209,-18,8,1,0,0
8210,1,17,1,0,0
8211,15,3,1,0,0
8212,6,-10,1,0,0
8213,-5,-7,1,0,0
8214,-3,1,1,0,0
8215,0,0,1,0,0
8216,0,0,1,0,0
8217,0,0,1,0,0
8218,0,0,1,0,0
8219,0,0,1,0,0
8220,0,0,1,0,0
8221,0,0,1,0,0
8222,0,0,1,0,0
8223,0,0,1,0,0
8224,0,0,1,0,0
8225,0,0,1,0,0
8226,0,0,1,0,0
8227,-1,1,1,0,0
8228,-2,4,1,0,0
8229,6,6,1,0,0
8230,9,-5,1,0,0
8231,-4,-14,1,0,0
8232,-18,0,1,0,0
8233,-9,19,1,0,0
8234,13,17,1,0,0
8235,21,-3,1,0,0
8236,7,-19,1,0,0
8237,-13,-15,1,0,0
8238,-21,3,1,0,0
8239,-12,18,1,0,0
8240,6,22,1,0,0
8241,19,11,1,0,0
8242,21,-5,1,0,0
8243,11,-17,1,0,0
8244,-4,-20,1,0,0
8245,-15,-15,1,0,0
8246,-21,-3,1,0,0
8247,-20,8,1,0,0
8248,-13,17,1,0,0
8249,-5,21,1,0,0
8250,4,22,1,0,0
8251,11,19,1,0,0
8252,16,14,1,0,0
8253,19,9,1,0,0
8254,21,5,1,0,0
8255,21,1,1,0,0
8256,21,-3,1,0,0
8257,20,-4,1,0,0
8258,18,-4,1,0,0
8259,14,-4,1,0,0
8260,11,-3,1,0,0
8261,7,-1,1,0,0
8262,3,1,1,0,0
8263,1,1,1,0,0
8264,0,0,1,0,0
8265,-1,-1,1,0,0
8266,-3,-1,1,0,0
8267,-7,1,1,0,0
8268,-11,3,1,0,0
8269,-14,4,1,0,0
8270,-18,4,1,0,0
8271,-20,4,1,0,0
8272,-21,3,1,0,0
8273,-21,-1,1,0,0
8274,-21,-5,1,0,0
8275,-19,-9,1,0,0
8276,-16,-14,1,0,0
8277,-11,-19,1,0,0
8278,-4,-22,1,0,0
8279,5,-21,1,0,0
8280,13,-17,1,0,0
8281,20,-8,1,0,0
8282,21,3,1,0,0
8283,15,15,1,0,0
8284,4,20,1,0,0
8285,-11,17,1,0,0
8286,-21,5,1,0,0
8287,-19,-11,1,0,0
8288,-6,-22,1,0,0
8289,12,-18,1,0,0
8290,21,-3,1,0,0
8291,13,15,1,0,0
8292,-7,19,1,0,0
8293,-21,3,1,0,0
8294,-13,-17,1,0,0
8295,9,-19,1,0,0
8296,18,0,1,0,0
8297,4,14,1,0,0
8298,-9,5,1,0,0
8299,-6,-6,1,0,0
8300,2,-4,1,0,0
8301,1,-1,1,0,0
8302,0,0,1,0,0
8303,0,0,1,0,0
8304,1,3,1,0,0
8305,-7,5,1,0,0
8306,-10,-6,1,0,0
8307,3,-15,1,0,0
8308,17,-1,1,0,0
8309,8,18,1,0,0
8310,-14,16,1,0,0
8311,-22,-4,1,0,0
8312,-8,-20,1,0,0
8313,12,-16,1,0,0
8314,20,2,1,0,0
8315,11,17,1,0,0
8316,-7,21,1,0,0
8317,-20,10,1,0,0
8318,-22,-6,1,0,0
8319,-12,-18,1,0,0
8320,3,-21,1,0,0
8321,15,-15,1,0,0
8322,20,-4,1,0,0
8323,19,7,1,0,0
8324,12,16,1,0,0
8325,4,20,1,0,0
8326,-5,21,1,0,0
8327,-12,18,1,0,0
8328,-17,13,1,0,0
8329,-20,8,1,0,0
8330,-22,4,1,0,0
8331,-22,0,1,0,0
8332,-22,-4,1,0,0
8333,-21,-5,1,0,0
8334,-19,-5,1,0,0
8335,-15,-5,1,0,0
8336,-12,-4,1,0,0
8337,-8,-2,1,0,0
8338,-4,0,1,0,0
8339,-2,0,1,0,0
8340,0,0,1,0,0
8341,2,0,1,0,0
8342,4,0,1,0,0
8343,8,2,1,0,0
8344,12,4,1,0,0
8345,15,5,1,0,0
8346,19,5,1,0,0
8347,21,5,1,0,0
8348,22,4,1,0,0
8349,22,0,1,0,0
8350,22,-4,1,0,0
8351,20,-8,1,0,0
8352,17,-13,1,0,0
8353,12,-18,1,0,0
8354,5,-21,1,0,0
8355,-4,-20,1,0,0
8356,-12,-16,1,0,0
8357,-19,-7,1,0,0
8358,-20,4,1,0,0
8359,-15,15,1,0,0
8360,-3,21,1,0,0
8361,12,18,1,0,0
8362,22,6,1,0,0
8363,20,-10,1,0,0
8364,7,-21,1,0,0
8365,-11,-17,1,0,0
8366,-20,-2,1,0,0
8367,-12,16,1,0,0
8368,8,20,1,0,0
8369,22,4,1,0,0
8370,14,-16,1,0,0
8371,-8,-18,1,0,0
8372,-17,1,1,0,0
8373,-3,15,1,0,0
8374,10,6,1,0,0
8375,7,-5,1,0,0
8376,-1,-3,1,0,0
8377,0,0,1,0,0
8378,0,0,1,0,0
8379,0,0,1,0,0
8380,0,0,1,0,0
8381,0,0,1,0,0
8382,0,0,1,0,0
8383,0,0,1,0,0
8384,0,0,1,0,0
8385,0,0,1,0,0
8386,0,0,1,0,0
8387,0,0,1,0,0
8388,0,0,1,0,0
8389,0,0,1,0,0
8390,0,0,1,0,0
8391,0,0,1,0,0
8392,0,0,1,0,0
8393,0,0,1,0,0
8394,0,0,1,0,0
8395,0,0,1,0,0
8396,0,0,1,0,0
8397,0,0,1,0,0
8398,0,0,1,0,0
8399,0,0,1,0,0
8400,0,0,1,0,0
8401,0,0,1,0,0
8402,0,0,1,0,0
8403,0,0,1,0,0
8404,0,0,1,0,0
8405,0,0,1,0,0
8406,0,0,1,0,0
8407,0,0,1,0,0
8408,0,0,1,0,0
8409,0,0,1,0,0
8410,0,0,1,0,0
8411,0,0,1,0,0
8412,0,0,1,0,0
8413,0,0,1,0,0
8414,0,0,1,0,0
8415,0,0,1,0,0
8416,0,0,1,0,0
8417,0,0,1,0,0
8418,0,0,1,0,0
8419,0,0,1,0,0
8420,0,0,1,0,0
8421,0,0,1,0,0
8422,0,0,1,0,0
8423,0,0,1,0,0
8424,0,0,1,0,0
8425,0,0,1,0,0
8426,0,0,1,0,0
8427,0,0,1,0,0
8428,0,0,1,0,0
8429,0,0,1,0,0
8430,0,0,1,0,0
8431,0,0,1,0,0
8432,0,0,1,0,0
8433,0,0,1,0,0
8434,0,0,1,0,0
8435,0,0,1,0,0
8436,0,0,1,0,0
8437,0,0,1,0,0
8438,0,0,1,0,0
8439,0,0,1,0,0
8440,0,0,1,0,0
8441,0,0,1,0,0
8442,0,0,1,0,0
8443,0,0,1,0,0
8444,0,0,1,0,0
8445,0,0,1,0,0
8446,0,0,1,0,0
8447,0,0,1,0,0
8448,0,0,1,0,0
8449,-1,-1,1,0,0
8450,-4,-2,1,0,0
8451,-6,6,1,0,0
8452,5,9,1,0,0
8453,14,-4,1,0,0
8454,0,-18,1,0,0
8455,-19,-9,1,0,0
8456,-17,13,1,0,0
8457,3,21,1,0,0
8458,19,7,1,0,0
8459,15,-13,1,0,0
8460,-3,-21,1,0,0
8461,-18,-12,1,0,0
8462,-22,6,1,0,0
8463,-11,19,1,0,0
8464,5,21,1,0,0
8465,17,11,1,0,0
8466,20,-4,1,0,0
8467,15,-15,1,0,0
8468,3,-21,1,0,0
8469,-8,-20,1,0,0
8470,-17,-13,1,0,0
8471,-21,-5,1,0,0
8472,-22,4,1,0,0
8473,-19,11,1,0,0
8474,-14,16,1,0,0
8475,-9,19,1,0,0
8476,-5,21,1,0,0
8477,-1,21,1,0,0
8478,3,21,1,0,0
8479,4,20,1,0,0
8480,4,18,1,0,0
8481,4,14,1,0,0
8482,3,11,1,0,0
8483,1,7,1,0,0
8484,-1,3,1,0,0
8485,-1,1,1,0,0
8486,0,0,1,0,0
8487,1,-1,1,0,0
8488,1,-3,1,0,0
8489,-1,-7,1,0,0
8490,-3,-11,1,0,0
8491,-4,-14,1,0,0
8492,-4,-18,1,0,0
8493,-4,-20,1,0,0
8494,-3,-21,1,0,0
8495,1,-21,1,0,0
8496,5,-21,1,0,0
8497,9,-19,1,0,0
8498,14,-16,1,0,0
8499,19,-11,1,0,0
8500,22,-4,1,0,0
8501,21,5,1,0,0
8502,17,13,1,0,0
8503,8,20,1,0,0
8504,-3,21,1,0,0
8505,-15,15,1,0,0
8506,-20,4,1,0,0
8507,-17,-11,1,0,0
8508,-5,-21,1,0,0
8509,11,-19,1,0,0
8510,22,-6,1,0,0
8511,18,12,1,0,0
8512,3,21,1,0,0
8513,-15,13,1,0,0
8514,-19,-7,1,0,0
8515,-3,-21,1,0,0
8516,17,-13,1,0,0
8517,19,9,1,0,0
8518,0,18,1,0,0
8519,-14,4,1,0,0
8520,-5,-9,1,0,0
8521,6,-6,1,0,0
8522,4,2,1,0,0
8523,1,1,1,0,0
8524,0,0,1,0,0
8525,0,0,1,0,0
8526,-1,-3,1,0,0
8527,7,-5,1,0,0
8528,10,6,1,0,0
8529,-3,15,1,0,0
8530,-17,1,1,0,0
8531,-8,-18,1,0,0
8532,14,-16,1,0,0
8533,22,4,1,0,0
8534,8,20,1,0,0
8535,-12,16,1,0,0
8536,-20,-2,1,0,0
8537,-11,-17,1,0,0
8538,7,-21,1,0,0
8539,20,-10,1,0,0
8540,22,6,1,0,0
8541,12,18,1,0,0
8542,-3,21,1,0,0
8543,-15,15,1,0,0
8544,-20,4,1,0,0
8545,-19,-7,1,0,0
8546,-12,-16,1,0,0
8547,-4,-20,1,0,0
8548,5,-21,1,0,0
8549,12,-18,1,0,0
8550,17,-13,1,0,0
8551,20,-8,1,0,0
8552,22,-4,1,0,0
8553,22,0,1,0,0
8554,22,4,1,0,0
8555,21,5,1,0,0
8556,19,5,1,0,0
8557,15,5,1,0,0
8558,12,4,1,0,0
8559,8,2,1,0,0
8560,4,0,1,0,0
8561,2,0,1,0,0
8562,0,0,1,0,0
8563,0,-2,1,0,0
8564,0,-4,1,0,0
8565,2,-8,1,0,0
8566,4,-12,1,0,0
8567,5,-15,1,0,0
8568,5,-19,1,0,0
8569,5,-21,1,0,0
8570,4,-22,1,0,0
8571,0,-22,1,0,0
8572,-4,-22,1,0,0
8573,-8,-20,1,0,0
8574,-13,-17,1,0,0
8575,-18,-12,1,0,0
8576,-21,-5,1,0,0
8577,-20,4,1,0,0
8578,-16,12,1,0,0
8579,-7,19,1,0,0
8580,4,20,1,0,0
8581,15,15,1,0,0
8582,21,3,1,0,0
8583,18,-12,1,0,0
8584,6,-22,1,0,0
8585,-10,-20,1,0,0
8586,-21,-7,1,0,0
8587,-17,11,1,0,0
8588,-2,20,1,0,0
8589,16,12,1,0,0
8590,20,-8,1,0,0
8591,4,-22,1,0,0
8592,-16,-14,1,0,0
8593,-18,8,1,0,0
8594,1,17,1,0,0
8595,15,3,1,0,0
8596,6,-10,1,0,0
8597,-5,-7,1,0,0
8598,-3,1,1,0,0
8599,0,0,1,0,0
8600,0,0,1,0,0
8601,0,0,1,0,0
8602,0,0,1,0,0
8603,0,0,1,0,0
8604,0,0,1,0,0
8605,0,0,1,0,0
8606,0,0,1,0,0
8607,0,0,1,0,0
8608,0,0,1,0,0
8609,0,0,1,0,0
8610,0,0,1,0,0
8611,1,-1,1,0,0
8612,2,-4,1,0,0
8613,-6,-6,1,0,0
8614,-9,5,1,0,0
8615,4,14,1,0,0
8616,18,0,1,0,0
8617,9,-19,1,0,0
8618,-13,-17,1,0,0
8619,-21,3,1,0,0
8620,-7,19,1,0,0
8621,13,15,1,0,0
8622,21,-3,1,0,0
8623,12,-18,1,0,0
8624,-6,-22,1,0,0
8625,-19,-11,1,0,0
8626,-21,5,1,0,0
8627,-11,17,1,0,0
8628,4,20,1,0,0
8629,15,15,1,0,0
8630,21,3,1,0,0
8631,20,-8,1,0,0
8632,13,-17,1,0,0
8633,5,-21,1,0,0
8634,-4,-22,1,0,0
8635,-11,-19,1,0,0
8636,-16,-14,1,0,0
8637,-19,-9,1,0,0
8638,-21,-5,1,0,0
8639,-21,-1,1,0,0
8640,-21,3,1,0,0
8641,-20,4,1,0,0
8642,-18,4,1,0,0
8643,-14,4,1,0,0
8644,-11,3,1,0,0
8645,-7,1,1,0,0
8646,-3,-1,1,0,0
8647,-1,-1,1,0,0
8648,0,0,1,0,0
8649,1,1,1,0,0
8650,3,1,1,0,0
8651,7,-1,1,0,0
8652,11,-3,1,0,0
8653,14,-4,1,0,0
8654,18,-4,1,0,0
8655,20,-4,1,0,0
8656,21,-3,1,0,0
8657,21,1,1,0,0
8658,21,5,1,0,0
8659,19,9,1,0,0
8660,16,14,1,0,0
8661,11,19,1,0,0
8662,4,22,1,0,0
8663,-5,21,1,0,0
8664,-13,17,1,0,0
8665,-20,8,1,0,0
8666,-21,-3,1,0,0
8667,-15,-15,1,0,0
8668,-4,-20,1,0,0
8669,11,-17,1,0,0
8670,21,-5,1,0,0
8671,19,11,1,0,0
8672,6,22,1,0,0
8673,-12,18,1,0,0
8674,-21,3,1,0,0
8675,-13,-15,1,0,0
8676,7,-19,1,0,0
8677,21,-3,1,0,0
8678,13,17,1,0,0
8679,-9,19,1,0,0
8680,-18,0,1,0,0
8681,-4,-14,1,0,0
8682,9,-5,1,0,0
8683,6,6,1,0,0
8684,-2,4,1,0,0
8685,-1,1,1,0,0
8686,0,0,1,0,0
8687,0,0,1,0,0
8688,-3,1,1,0,0
8689,-5,-7,1,0,0
8690,6,-10,1,0,0
8691,15,3,1,0,0
8692,1,17,1,0,0
8693,-18,8,1,0,0
8694,-16,-14,1,0,0
8695,4,-22,1,0,0
8696,20,-8,1,0,0
8697,16,12,1,0,0
8698,-2,20,1,0,0
8699,-17,11,1,0,0
8700,-21,-7,1,0,0
8701,-10,-20,1,0,0
8702,6,-22,1,0,0
8703,18,-12,1,0,0
8704,21,3,1,0,0
8705,15,15,1,0,0
8706,4,20,1,0,0
8707,-7,19,1,0,0
8708,-16,12,1,0,0
8709,-20,4,1,0,0
8710,-21,-5,1,0,0
8711,-18,-12,1,0,0
8712,-13,-17,1,0,0
8713,-8,-20,1,0,0
8714,-4,-22,1,0,0
8715,0,-22,1,0,0
8716,4,-22,1,0,0
8717,5,-21,1,0,0
8718,5,-19,1,0,0
8719,5,-15,1,0,0
8720,4,-12,1,0,0
8721,2,-8,1,0,0
8722,0,-4,1,0,0
8723,0,-2,1,0,0
8724,0,0,1,0,0
8725,0,-2,1,0,0
8726,0,-4,1,0,0
8727,2,-8,1,0,0
8728,4,-12,1,0,0
8729,5,-15,1,0,0
8730,5,-19,1,0,0
8731,5,-21,1,0,0
8732,4,-22,1,0,0
8733,0,-22,1,0,0
8734,-4,-22,1,0,0
8735,-8,-20,1,0,0
8736,-13,-17,1,0,0
8737,-18,-12,1,0,0
8738,-21,-5,1,0,0
8739,-20,4,1,0,0
8740,-16,12,1,0,0
8741,-7,19,1,0,0
8742,4,20,1,0,0
8743,15,15,1,0,0
8744,21,3,1,0,0
8745,18,-12,1,0,0
8746,6,-22,1,0,0
8747,-10,-20,1,0,0
8748,-21,-7,1,0,0
8749,-17,11,1,0,0
8750,-2,20,1,0,0
8751,16,12,1,0,0
8752,20,-8,1,0,0
8753,4,-22,1,0,0
8754,-16,-14,1,0,0
8755,-18,8,1,0,0
8756,1,17,1,0,0
8757,15,3,1,0,0
8758,6,-10,1,0,0
8759,-5,-7,1,0,0
8760,-3,1,1,0,0
8761,0,0,1,0,0
8762,0,0,1,0,0
8763,0,0,1,0,0
8764,0,0,1,0,0
8765,0,0,1,0,0
8766,0,0,1,0,0
8767,0,0,1,0,0
8768,0,0,1,0,0
8769,0,0,1,0,0
8770,0,0,1,0,0
8771,0,0,1,0,0
8772,0,0,1,0,0
8773,0,0,1,0,0
8774,0,0,1,0,0
8775,0,0,1,0,0
8776,0,0,1,0,0
8777,0,0,1,0,0
8778,0,0,1,0,0
8779,0,0,1,0,0
8780,0,0,1,0,0
8781,0,0,1,0,0
8782,0,0,1,0,0
8783,0,0,1,0,0
8784,0,0,1,0,0
8785,0,0,1,0,0
8786,0,0,1,0,0
8787,0,0,1,0,0
8788,0,0,1,0,0
8789,0,0,1,0,0
8790,0,0,1,0,0
8791,0,0,1,0,0
8792,0,0,1,0,0
8793,0,0,1,0,0
8794,0,0,1,0,0
8795,0,0,1,0,0
8796,0,0,1,0,0
8797,0,0,1,0,0
8798,0,0,1,0,0
8799,0,0,1,0,0
8800,0,0,1,0,0
8801,0,0,1,0,0
8802,0,0,1,0,0
8803,0,0,1,0,0
8804,0,0,1,0,0
8805,0,0,1,0,0
8806,0,0,1,0,0
8807,0,0,1,0,0
8808,0,0,1,0,0
8809,0,0,1,0,0
8810,0,0,1,0,0
8811,0,0,1,0,0
8812,0,0,1,0,0
8813,0,0,1,0,0
8814,0,0,1,0,0
8815,0,0,1,0,0
8816,0,0,1,0,0
8817,0,0,1,0,0
8818,0,0,1,0,0
8819,0,0,1,0,0
8820,0,0,1,0,0
8821,0,0,1,0,0
8822,0,0,1,0,0
8823,0,0,1,0,0
8824,0,0,1,0,0
8825,0,0,1,0,0
8826,0,0,1,0,0
8827,0,0,1,0,0
8828,0,0,1,0,0
8829,0,0,1,0,0
8830,0,0,1,0,0
8831,0,0,1,0,0
8832,0,0,1,0,0
8833,1,1,1,0,0
8834,4,2,1,0,0
8835,6,-6,1,0,0
8836,-5,-9,1,0,0
8837,-14,4,1,0,0
8838,0,18,1,0,0
8839,19,9,1,0,0
8840,17,-13,1,0,0
8841,-3,-21,1,0,0
8842,-19,-7,1,0,0
8843,-15,13,1,0,0
8844,3,21,1,0,0
8845,18,12,1,0,0
8846,22,-6,1,0,0
8847,11,-19,1,0,0
8848,-5,-21,1,0,0
8849,-17,-11,1,0,0
8850,-20,4,1,0,0
8851,-15,15,1,0,0
8852,-3,21,1,0,0
8853,8,20,1,0,0
8854,17,13,1,0,0
8855,21,5,1,0,0
8856,22,-4,1,0,0
8857,19,-11,1,0,0
8858,14,-16,1,0,0
8859,9,-19,1,0,0
8860,5,-21,1,0,0
8861,1,-21,1,0,0
8862,-3,-21,1,0,0
8863,-4,-20,1,0,0
8864,-4,-18,1,0,0
8865,-4,-14,1,0,0
8866,-3,-11,1,0,0
8867,-1,-7,1,0,0
8868,1,-3,1,0,0
8869,1,-1,1,0,0
8870,0,0,1,0,0
8871,-1,1,1,0,0
8872,-1,3,1,0,0
8873,1,7,1,0,0
8874,3,11,1,0,0
8875,4,14,1,0,0
8876,4,18,1,0,0
8877,4,20,1,0,0
8878,3,21,1,0,0
8879,-1,21,1,0,0
8880,-5,21,1,0,0
8881,-9,19,1,0,0
8882,-14,16,1,0,0
8883,-19,11,1,0,0
8884,-22,4,1,0,0
8885,-21,-5,1,0,0
8886,-17,-13,1,0,0
8887,-8,-20,1,0,0
8888,3,-21,1,0,0
8889,15,-15,1,0,0
8890,20,-4,1,0,0
8891,17,11,1,0,0
8892,5,21,1,0,0
8893,-11,19,1,0,0
8894,-22,6,1,0,0
8895,-18,-12,1,0,0
8896,-3,-21,1,0,0
8897,15,-13,1,0,0
8898,19,7,1,0,0
8899,3,21,1,0,0
8900,-17,13,1,0,0
8901,-19,-9,1,0,0
8902,0,-18,1,0,0
8903,14,-4,1,0,0
8904,5,9,1,0,0
8905,-6,6,1,0,0
8906,-4,-2,1,0,0
8907,-1,-1,1,0,0
8908,0,0,1,0,0
8909,0,0,1,0,0
8910,-1,-3,1,0,0
8911,7,-5,1,0,0
8912,10,6,1,0,0
8913,-3,15,1,0,0
8914,-17,1,1,0,0
8915,-8,-18,1,0,0
8916,14,-16,1,0,0
8917,22,4,1,0,0
8918,8,20,1,0,0
8919,-12,16,1,0,0
8920,-20,-2,1,0,0
8921,-11,-17,1,0,0
8922,7,-21,1,0,0
8923,20,-10,1,0,0
8924,22,6,1,0,0
8925,12,18,1,0,0
8926,-3,21,1,0,0
8927,-15,15,1,0,0
8928,-20,4,1,0,0
8929,-19,-7,1,0,0
8930,-12,-16,1,0,0
8931,-4,-20,1,0,0
8932,5,-21,1,0,0
8933,12,-18,1,0,0
8934,17,-13,1,0,0
8935,20,-8,1,0,0
8936,22,-4,1,0,0
8937,22,0,1,0,0
8938,22,4,1,0,0
8939,21,5,1,0,0
8940,19,5,1,0,0
8941,15,5,1,0,0
8942,12,4,1,0,0
8943,8,2,1,0,0
8944,4,0,1,0,0
8945,2,0,1,0,0
8946,0,0,1,0,0
8947,2,0,1,0,0
8948,4,0,1,0,0
8949,8,2,1,0,0
8950,12,4,1,0,0
8951,15,5,1,0,0
8952,19,5,1,0,0
8953,21,5,1,0,0
8954,22,4,1,0,0
8955,22,0,1,0,0
8956,22,-4,1,0,0
8957,20,-8,1,0,0
8958,17,-13,1,0,0
8959,12,-18,1,0,0
8960,5,-21,1,0,0
8961,-4,-20,1,0,0
8962,-12,-16,1,0,0
8963,-19,-7,1,0,0
8964,-20,4,1,0,0
8965,-15,15,1,0,0
8966,-3,21,1,0,0
8967,12,18,1,0,0
8968,22,6,1,0,0
8969,20,-10,1,0,0
8970,7,-21,1,0,0
8971,-11,-17,1,0,0
8972,-20,-2,1,0,0
8973,-12,16,1,0,0
8974,8,20,1,0,0
8975,22,4,1,0,0
8976,14,-16,1,0,0
8977,-8,-18,1,0,0
8978,-17,1,1,0,0
8979,-3,15,1,0,0
8980,10,6,1,0,0
8981,7,-5,1,0,0
8982,-1,-3,1,0,0
8983,0,0,1,0,0
8984,0,0,1,0,0
8985,0,0,1,0,0
8986,0,0,1,0,0
8987,0,0,1,0,0
8988,0,0,1,0,0
8989,0,0,1,0,0
8990,0,0,1,0,0
8991,0,0,1,0,0
8992,0,0,1,0,0
8993,0,0,1,0,0
8994,0,0,1,0,0
8995,1,1,1,0,0
8996,4,2,1,0,0
8997,6,-6,1,0,0
8998,-5,-9,1,0,0
8999,-14,4,1,0,0
9000,0,18,1,0,0
9001,19,9,1,0,0
9002,17,-13,1,0,0
9003,-3,-21,1,0,0
9004,-19,-7,1,0,0
9005,-15,13,1,0,0
9006,3,21,1,0,0
9007,18,12,1,0,0
9008,22,-6,1,0,0
9009,11,-19,1,0,0
9010,-5,-21,1,0,0
9011,-17,-11,1,0,0
9012,-20,4,1,0,0
9013,-15,15,1,0,0
9014,-3,21,1,0,0
9015,8,20,1,0,0
9016,17,13,1,0,0
9017,21,5,1,0,0
9018,22,-4,1,0,0
9019,19,-11,1,0,0
9020,14,-16,1,0,0
9021,9,-19,1,0,0
9022,5,-21,1,0,0
9023,1,-21,1,0,0
9024,-3,-21,1,0,0
9025,-4,-20,1,0,0
9026,-4,-18,1,0,0
9027,-4,-14,1,0,0
9028,-3,-11,1,0,0
9029,-1,-7,1,0,0
9030,1,-3,1,0,0
9031,1,-1,1,0,0
9032,0,0,1,0,0
9033,-1,1,1,0,0
9034,-1,3,1,0,0
9035,1,7,1,0,0
9036,3,11,1,0,0
9037,4,14,1,0,0
9038,4,18,1,0,0
9039,4,20,1,0,0
9040,3,21,1,0,0
9041,-1,21,1,0,0
9042,-5,21,1,0,0
9043,-9,19,1,0,0
9044,-14,16,1,0,0
9045,-19,11,1,0,0
9046,-22,4,1,0,0
9047,-21,-5,1,0,0
9048,-17,-13,1,0,0
9049,-8,-20,1,0,0
9050,3,-21,1,0,0
9051,15,-15,1,0,0
9052,20,-4,1,0,0
9053,17,11,1,0,0
9054,5,21,1,0,0
9055,-11,19,1,0,0
9056,-22,6,1,0,0
9057,-18,-12,1,0,0
9058,-3,-21,1,0,0
9059,15,-13,1,0,0
9060,19,7,1,0,0
9061,3,21,1,0,0
9062,-17,13,1,0,0
9063,-19,-9,1,0,0
9064,0,-18,1,0,0
9065,14,-4,1,0,0
9066,5,9,1,0,0
9067,-6,6,1,0,0
9068,-4,-2,1,0,0
9069,-1,-1,1,0,0
9070,0,0,1,0,0
9071,0,0,1,0,0
9072,1,3,1,0,0
9073,-7,5,1,0,0
9074,-10,-6,1,0,0
9075,3,-15,1,0,0
9076,17,-1,1,0,0
9077,8,18,1,0,0
9078,-14,16,1,0,0
9079,-22,-4,1,0,0
9080,-8,-20,1,0,0
9081,12,-16,1,0,0
9082,20,2,1,0,0
9083,11,17,1,0,0
9084,-7,21,1,0,0
9085,-20,10,1,0,0
9086,-22,-6,1,0,0
9087,-12,-18,1,0,0
9088,3,-21,1,0,0
9089,15,-15,1,0,0
9090,20,-4,1,0,0
9091,19,7,1,0,0
9092,12,16,1,0,0
9093,4,20,1,0,0
9094,-5,21,1,0,0
9095,-12,18,1,0,0
9096,-17,13,1,0,0
9097,-20,8,1,0,0
9098,-22,4,1,0,0
9099,-22,0,1,0,0
9100,-22,-4,1,0,0
9101,-21,-5,1,0,0
9102,-19,-5,1,0,0
9103,-15,-5,1,0,0
9104,-12,-4,1,0,0
9105,-8,-2,1,0,0
9106,-4,0,1,0,0
9107,-2,0,1,0,0
9108,0,0,1,0,0
9109,0,-2,1,0,0
9110,0,-4,1,0,0
9111,2,-8,1,0,0
9112,4,-12,1,0,0
9113,5,-15,1,0,0
9114,5,-19,1,0,0
9115,5,-21,1,0,0
9116,4,-22,1,0,0
9117,0,-22,1,0,0
9118,-4,-22,1,0,0
9119,-8,-20,1,0,0
9120,-13,-17,1,0,0
9121,-18,-12,1,0,0
9122,-21,-5,1,0,0
9123,-20,4,1,0,0
9124,-16,12,1,0,0
9125,-7,19,1,0,0
9126,4,20,1,0,0
9127,15,15,1,0,0
9128,21,3,1,0,0
9129,18,-12,1,0,0
9130,6,-22,1,0,0
9131,-10,-20,1,0,0
9132,-21,-7,1,0,0
9133,-17,11,1,0,0
9134,-2,20,1,0,0
9135,16,12,1,0,0
9136,20,-8,1,0,0
9137,4,-22,1,0,0
9138,-16,-14,1,0,0
9139,-18,8,1,0,0
9140,1,17,1,0,0
9141,15,3,1,0,0
9142,6,-10,1,0,0
9143,-5,-7,1,0,0
9144,-3,1,1,0,0
9145,0,0,1,0,0
9146,0,0,1,0,0
9147,0,0,1,0,0
9148,0,0,1,0,0
9149,0,0,1,0,0
9150,0,0,1,0,0
9151,0,0,1,0,0
9152,0,0,1,0,0
9153,0,0,1,0,0
9154,0,0,1,0,0
9155,0,0,1,0,0
9156,0,0,1,0,0
9157,0,0,1,0,0
9158,0,0,1,0,0
9159,0,0,1,0,0
9160,0,0,1,0,0
9161,0,0,1,0,0
9162,0,0,1,0,0
9163,0,0,1,0,0
9164,0,0,1,0,0
9165,0,0,1,0,0
9166,0,0,1,0,0
9167,0,0,1,0,0
9168,0,0,1,0,0
9169,0,0,1,0,0
9170,0,0,1,0,0
9171,0,0,1,0,0
9172,0,0,1,0,0
9173,0,0,1,0,0
9174,0,0,1,0,0
9175,0,0,1,0,0
9176,0,0,1,0,0
9177,0,0,1,0,0
9178,0,0,1,0,0
9179,0,0,1,0,0
9180,0,0,1,0,0
9181,0,0,1,0,0
9182,0,0,1,0,0
9183,0,0,1,0,0
9184,0,0,1,0,0
9185,0,0,1,0,0
9186,0,0,1,0,0
9187,0,0,1,0,0
9188,0,0,1,0,0
9189,0,0,1,0,0
9190,0,0,1,0,0
9191,0,0,1,0,0
9192,0,0,1,0,0
9193,0,0,1,0,0
9194,0,0,1,0,0
9195,0,0,1,0,0
9196,0,0,1,0,0
9197,0,0,1,0,0
9198,0,0,1,0,0
9199,0,0,1,0,0
9200,0,0,1,0,0
9201,0,0,1,0,0
9202,0,0,1,0,0
9203,0,0,1,0,0
9204,0,0,1,0,0
9205,0,0,1,0,0
9206,0,0,1,0,0
9207,0,0,1,0,0
9208,0,0,1,0,0
9209,0,0,1,0,0
9210,0,0,1,0,0
9211,0,0,1,0,0
9212,0,0,1,0,0
9213,0,0,1,0,0
9214,0,0,1,0,0
9215,0,0,1,0,0
9216,0,0,1,0,0
9217,-1,1,1,0,0
9218,-2,4,1,0,0
9219,6,6,1,0,0
9220,9,-5,1,0,0
9221,-4,-14,1,0,0
9222,-18,0,1,0,0
9223,-9,19,1,0,0
9224,13,17,1,0,0
9225,21,-3,1,0,0
9226,7,-19,1,0,0
9227,-13,-15,1,0,0
9228,-21,3,1,0,0
9229,-12,18,1,0,0
9230,6,22,1,0,0
9231,19,11,1,0,0
9232,21,-5,1,0,0
9233,11,-17,1,0,0
9234,-4,-20,1,0,0
9235,-15,-15,1,0,0
9236,-21,-3,1,0,0
9237,-20,8,1,0,0
9238,-13,17,1,0,0
9239,-5,21,1,0,0
9240,4,22,1,0,0
9241,11,19,1,0,0
9242,16,14,1,0,0
9243,19,9,1,0,0
9244,21,5,1,0,0
9245,21,1,1,0,0
9246,21,-3,1,0,0
9247,20,-4,1,0,0
9248,18,-4,1,0,0
9249,14,-4,1,0,0
9250,11,-3,1,0,0
9251,7,-1,1,0,0
9252,3,1,1,0,0
9253,1,1,1,0,0
9254,0,0,1,0,0
9255,-1,-1,1,0,0
9256,-3,-1,1,0,0
9257,-7,1,1,0,0
9258,-11,3,1,0,0
9259,-14,4,1,0,0
9260,-18,4,1,0,0
9261,-20,4,1,0,0
9262,-21,3,1,0,0
9263,-21,-1,1,0,0
9264,-21,-5,1,0,0
9265,-19,-9,1,0,0
9266,-16,-14,1,0,0
9267,-11,-19,1,0,0
9268,-4,-22,1,0,0
9269,5,-21,1,0,0
9270,13,-17,1,0,0
9271,20,-8,1,0,0
9272,21,3,1,0,0
9273,15,15,1,0,0
9274,4,20,1,0,0
9275,-11,17,1,0,0
9276,-21,5,1,0,0
9277,-19,-11,1,0,0
9278,-6,-22,1,0,0
9279,12,-18,1,0,0
9280,21,-3,1,0,0
9281,13,15,1,0,0
9282,-7,19,1,0,0
9283,-21,3,1,0,0
9284,-13,-17,1,0,0
9285,9,-19,1,0,0
9286,18,0,1,0,0
9287,4,14,1,0,0
9288,-9,5,1,0,0
9289,-6,-6,1,0,0
9290,2,-4,1,0,0
9291,1,-1,1,0,0
9292,0,0,1,0,0
9293,0,0,1,0,0
9294,-1,-3,1,0,0
9295,7,-5,1,0,0
9296,10,6,1,0,0
9297,-3,15,1,0,0
9298,-17,1,1,0,0
9299,-8,-18,1,0,0
9300,14,-16,1,0,0
9301,22,4,1,0,0
9302,8,20,1,0,0
9303,-12,16,1,0,0
9304,-20,-2,1,0,0
9305,-11,-17,1,0,0
9306,7,-21,1,0,0
9307,20,-10,1,0,0
9308,22,6,1,0,0
9309,12,18,1,0,0
9310,-3,21,1,0,0
9311,-15,15,1,0,0
9312,-20,4,1,0,0
9313,-19,-7,1,0,0
9314,-12,-16,1,0,0
9315,-4,-20,1,0,0
9316,5,-21,1,0,0
9317,12,-18,1,0,0
9318,17,-13,1,0,0
9319,20,-8,1,0,0
9320,22,-4,1,0,0
9321,22,0,1,0,0
9322,22,4,1,0,0
9323,21,5,1,0,0
9324,19,5,1,0,0
9325,15,5,1,0,0
9326,12,4,1,0,0
9327,8,2,1,0,0
9328,4,0,1,0,0
9329,2,0,1,0,0
9330,0,0,1,0,0
9331,0,2,1,0,0
9332,0,4,1,0,0
9333,-2,8,1,0,0
9334,-4,12,1,0,0
9335,-5,15,1,0,0
9336,-5,19,1,0,0
9337,-5,21,1,0,0
9338,-4,22,1,0,0
9339,0,22,1,0,0
9340,4,22,1,0,0
9341,8,20,1,0,0
9342,13,17,1,0,0
9343,18,12,1,0,0
9344,21,5,1,0,0
9345,20,-4,1,0,0
9346,16,-12,1,0,0
9347,7,-19,1,0,0
9348,-4,-20,1,0,0
9349,-15,-15,1,0,0
9350,-21,-3,1,0,0
9351,-18,12,1,0,0
9352,-6,22,1,0,0
9353,10,20,1,0,0
9354,21,7,1,0,0
9355,17,-11,1,0,0
9356,2,-20,1,0,0
9357,-16,-12,1,0,0
9358,-20,8,1,0,0
9359,-4,22,1,0,0
9360,16,14,1,0,0
9361,18,-8,1,0,0
9362,-1,-17,1,0,0
9363,-15,-3,1,0,0
9364,-6,10,1,0,0
9365,5,7,1,0,0
9366,3,-1,1,0,0
9367,0,0,1,0,0
9368,0,0,1,0,0
9369,0,0,1,0,0
9370,0,0,1,0,0
9371,0,0,1,0,0
9372,0,0,1,0,0
9373,0,0,1,0,0
9374,0,0,1,0,0
9375,0,0,1,0,0
9376,0,0,1,0,0
9377,0,0,1,0,0
9378,0,0,1,0,0
9379,1,1,1,0,0
9380,4,2,1,0,0
9381,6,-6,1,0,0
9382,-5,-9,1,0,0
9383,-14,4,1,0,0
9384,0,18,1,0,0
9385,19,9,1,0,0
9386,17,-13,1,0,0
9387,-3,-21,1,0,0
9388,-19,-7,1,0,0
9389,-15,13,1,0,0
9390,3,21,1,0,0
9391,18,12,1,0,0
9392,22,-6,1,0,0
9393,11,-19,1,0,0
9394,-5,-21,1,0,0
9395,-17,-11,1,0,0
9396,-20,4,1,0,0
9397,-15,15,1,0,0
9398,-3,21,1,0,0
9399,8,20,1,0,0
9400,17,13,1,0,0
9401,21,5,1,0,0
9402,22,-4,1,0,0
9403,19,-11,1,0,0
9404,14,-16,1,0,0
9405,9,-19,1,0,0
9406,5,-21,1,0,0
9407,1,-21,1,0,0
9408,-3,-21,1,0,0
9409,-4,-20,1,0,0
9410,-4,-18,1,0,0
9411,-4,-14,1,0,0
9412,-3,-11,1,0,0
9413,-1,-7,1,0,0
9414,1,-3,1,0,0
9415,1,-1,1,0,0
9416,0,0,1,0,0
9417,-1,1,1,0,0
9418,-1,3,1,0,0
9419,1,7,1,0,0
9420,3,11,1,0,0
9421,4,14,1,0,0
9422,4,18,1,0,0
9423,4,20,1,0,0
9424,3,21,1,0,0
9425,-1,21,1,0,0
9426,-5,21,1,0,0
9427,-9,19,1,0,0
9428,-14,16,1,0,0
9429,-19,11,1,0,0
9430,-22,4,1,0,0
9431,-21,-5,1,0,0
9432,-17,-13,1,0,0
9433,-8,-20,1,0,0
9434,3,-21,1,0,0
9435,15,-15,1,0,0
9436,20,-4,1,0,0
9437,17,11,1,0,0
9438,5,21,1,0,0
9439,-11,19,1,0,0
9440,-22,6,1,0,0
9441,-18,-12,1,0,0
9442,-3,-21,1,0,0
9443,15,-13,1,0,0
9444,19,7,1,0,0
9445,3,21,1,0,0
9446,-17,13,1,0,0
9447,-19,-9,1,0,0
9448,0,-18,1,0,0
9449,14,-4,1,0,0
9450,5,9,1,0,0
9451,-6,6,1,0,0
9452,-4,-2,1,0,0
9453,-1,-1,1,0,0
9454,0,0,1,0,0
9455,0,0,1,0,0
9456,-3,1,1,0,0
9457,-5,-7,1,0,0
9458,6,-10,1,0,0
9459,15,3,1,0,0
9460,1,17,1,0,0
9461,-18,8,1,0,0
9462,-16,-14,1,0,0
9463,4,-22,1,0,0
9464,20,-8,1,0,0
9465,16,12,1,0,0
9466,-2,20,1,0,0
9467,-17,11,1,0,0
9468,-21,-7,1,0,0
9469,-10,-20,1,0,0
9470,6,-22,1,0,0
9471,18,-12,1,0,0
9472,21,3,1,0,0
9473,15,15,1,0,0
9474,4,20,1,0,0
9475,-7,19,1,0,0
9476,-16,12,1,0,0
9477,-20,4,1,0,0
9478,-21,-5,1,0,0
9479,-18,-12,1,0,0
9480,-13,-17,1,0,0
9481,-8,-20,1,0,0
9482,-4,-22,1,0,0
9483,0,-22,1,0,0
9484,4,-22,1,0,0
9485,5,-21,1,0,0
9486,5,-19,1,0,0
9487,5,-15,1,0,0
9488,4,-12,1,0,0
9489,2,-8,1,0,0
9490,0,-4,1,0,0
9491,0,-2,1,0,0
9492,0,0,1,0,0
9493,0,2,1,0,0
9494,0,4,1,0,0
9495,-2,8,1,0,0
9496,-4,12,1,0,0
9497,-5,15,1,0,0
9498,-5,19,1,0,0
9499,-5,21,1,0,0
9500,-4,22,1,0,0
9501,0,22,1,0,0
9502,4,22,1,0,0
9503,8,20,1,0,0
9504,13,17,1,0,0
9505,18,12,1,0,0
9506,21,5,1,0,0
9507,20,-4,1,0,0
9508,16,-12,1,0,0
9509,7,-19,1,0,0
9510,-4,-20,1,0,0
9511,-15,-15,1,0,0
9512,-21,-3,1,0,0
9513,-18,12,1,0,0
9514,-6,22,1,0,0
9515,10,20,1,0,0
9516,21,7,1,0,0
9517,17,-11,1,0,0
9518,2,-20,1,0,0
9519,-16,-12,1,0,0
9520,-20,8,1,0,0
9521,-4,22,1,0,0
9522,16,14,1,0,0
9523,18,-8,1,0,0
9524,-1,-17,1,0,0
9525,-15,-3,1,0,0
9526,-6,10,1,0,0
9527,5,7,1,0,0
9528,3,-1,1,0,0
9529,0,0,1,0,0
9530,0,0,1,0,0
9531,0,0,1,0,0
9532,0,0,1,0,0
9533,0,0,1,0,0
9534,0,0,1,0,0
9535,0,0,1,0,0
9536,0,0,1,0,0
9537,0,0,1,0,0
9538,0,0,1,0,0
9539,0,0,1,0,0
9540,0,0,1,0,0
9541,0,0,1,0,0
9542,0,0,1,0,0
9543,0,0,1,0,0
9544,0,0,1,0,0
9545,0,0,1,0,0
9546,0,0,1,0,0
9547,0,0,1,0,0
9548,0,0,1,0,0
9549,0,0,1,0,0
9550,0,0,1,0,0
9551,0,0,1,0,0
9552,0,0,1,0,0
9553,0,0,1,0,0
9554,0,0,1,0,0
9555,0,0,1,0,0
9556,0,0,1,0,0
9557,0,0,1,0,0
9558,0,0,1,0,0
9559,0,0,1,0,0
9560,0,0,1,0,0
9561,0,0,1,0,0
9562,0,0,1,0,0
9563,0,0,1,0,0
9564,0,0,1,0,0
9565,0,0,1,0,0
9566,0,0,1,0,0
9567,0,0,1,0,0
9568,0,0,1,0,0
9569,0,0,1,0,0
9570,0,0,1,0,0
9571,0,0,1,0,0
9572,0,0,1,0,0
9573,0,0,1,0,0
9574,0,0,1,0,0
9575,0,0,1,0,0
9576,0,0,1,0,0
9577,0,0,1,0,0
9578,0,0,1,0,0
9579,0,0,1,0,0
9580,0,0,1,0,0
9581,0,0,1,0,0
9582,0,0,1,0,0
9583,0,0,1,0,0
9584,0,0,1,0,0
9585,0,0,1,0,0
9586,0,0,1,0,0
9587,0,0,1,0,0
9588,0,0,1,0,0
9589,0,0,1,0,0
9590,0,0,1,0,0
9591,0,0,1,0,0
9592,0,0,1,0,0
9593,0,0,1,0,0
9594,0,0,1,0,0
9595,0,0,1,0,0
9596,0,0,1,0,0
9597,0,0,1,0,0
9598,0,0,1,0,0
9599,0,0,1,0,0
9600,0,0,1,0,0
9601,1,-1,1,0,0
9602,2,-4,1,0,0
9603,-6,-6,1,0,0
9604,-9,5,1,0,0
9605,4,14,1,0,0
9606,18,0,1,0,0
9607,9,-19,1,0,0
9608,-13,-17,1,0,0
9609,-21,3,1,0,0
9610,-7,19,1,0,0
9611,13,15,1,0,0
9612,21,-3,1,0,0
9613,12,-18,1,0,0
9614,-6,-22,1,0,0
9615,-19,-11,1,0,0
9616,-21,5,1,0,0
9617,-11,17,1,0,0
9618,4,20,1,0,0
9619,15,15,1,0,0
9620,21,3,1,0,0
9621,20,-8,1,0,0
9622,13,-17,1,0,0
9623,5,-21,1,0,0
9624,-4,-22,1,0,0
9625,-11,-19,1,0,0
9626,-16,-14,1,0,0
9627,-19,-9,1,0,0
9628,-21,-5,1,0,0
9629,-21,-1,1,0,0
9630,-21,3,1,0,0
9631,-20,4,1,0,0
9632,-18,4,1,0,0
9633,-14,4,1,0,0
9634,-11,3,1,0,0
9635,-7,1,1,0,0
9636,-3,-1,1,0,0
9637,-1,-1,1,0,0
9638,0,0,1,0,0
9639,1,1,1,0,0
9640,3,1,1,0,0
9641,7,-1,1,0,0
9642,11,-3,1,0,0
9643,14,-4,1,0,0
9644,18,-4,1,0,0
9645,20,-4,1,0,0
9646,21,-3,1,0,0
9647,21,1,1,0,0
9648,21,5,1,0,0
9649,19,9,1,0,0
9650,16,14,1,0,0
9651,11,19,1,0,0
9652,4,22,1,0,0
9653,-5,21,1,0,0
9654,-13,17,1,0,0
9655,-20,8,1,0,0
9656,-21,-3,1,0,0
9657,-15,-15,1,0,0
9658,-4,-20,1,0,0
9659,11,-17,1,0,0
9660,21,-5,1,0,0
9661,19,11,1,0,0
9662,6,22,1,0,0
9663,-12,18,1,0,0
9664,-21,3,1,0,0
9665,-13,-15,1,0,0
9666,7,-19,1,0,0
9667,21,-3,1,0,0
9668,13,17,1,0,0
9669,-9,19,1,0,0
9670,-18,0,1,0,0
9671,-4,-14,1,0,0
9672,9,-5,1,0,0
9673,6,6,1,0,0
9674,-2,4,1,0,0
9675,-1,1,1,0,0
9676,0,0,1,0,0
9677,0,0,1,0,0
9678,-1,-3,1,0,0
9679,7,-5,1,0,0
9680,10,6,1,0,0
9681,-3,15,1,0,0
9682,-17,1,1,0,0
9683,-8,-18,1,0,0
9684,14,-16,1,0,0
9685,22,4,1,0,0
9686,8,20,1,0,0
9687,-12,16,1,0,0
9688,-20,-2,1,0,0
9689,-11,-17,1,0,0
9690,7,-21,1,0,0
9691,20,-10,1,0,0
9692,22,6,1,0,0
9693,12,18,1,0,0
9694,-3,21,1,0,0
9695,-15,15,1,0,0
9696,-20,4,1,0,0
9697,-19,-7,1,0,0
9698,-12,-16,1,0,0
9699,-4,-20,1,0,0
9700,5,-21,1,0,0
9701,12,-18,1,0,0
9702,17,-13,1,0,0
9703,20,-8,1,0,0
9704,22,-4,1,0,0
9705,22,0,1,0,0
9706,22,4,1,0,0
9707,21,5,1,0,0
9708,19,5,1,0,0
9709,15,5,1,0,0
9710,12,4,1,0,0
9711,8,2,1,0,0
9712,4,0,1,0,0
9713,2,0,1,0,0
9714,0,0,1,0,0
9715,-2,0,1,0,0
9716,-4,0,1,0,0
9717,-8,-2,1,0,0
9718,-12,-4,1,0,0
9719,-15,-5,1,0,0
9720,-19,-5,1,0,0
9721,-21,-5,1,0,0
9722,-22,-4,1,0,0
9723,-22,0,1,0,0
9724,-22,4,1,0,0
9725,-20,8,1,0,0
9726,-17,13,1,0,0
9727,-12,18,1,0,0
9728,-5,21,1,0,0
9729,4,20,1,0,0
9730,12,16,1,0,0
9731,19,7,1,0,0
9732,20,-4,1,0,0
9733,15,-15,1,0,0
9734,3,-21,1,0,0
9735,-12,-18,1,0,0
9736,-22,-6,1,0,0
9737,-20,10,1,0,0
9738,-7,21,1,0,0
9739,11,17,1,0,0
9740,20,2,1,0,0
9741,12,-16,1,0,0
9742,-8,-20,1,0,0
9743,-22,-4,1,0,0
9744,-14,16,1,0,0
9745,8,18,1,0,0
9746,17,-1,1,0,0
9747,3,-15,1,0,0
9748,-10,-6,1,0,0
9749,-7,5,1,0,0
9750,1,3,1,0,0
9751,0,0,1,0,0
9752,0,0,1,0,0
9753,0,0,1,0,0
9754,0,0,1,0,0
9755,0,0,1,0,0
9756,0,0,1,0,0
9757,0,0,1,0,0
9758,0,0,1,0,0
9759,0,0,1,0,0
9760,0,0,1,0,0
9761,0,0,1,0,0
9762,0,0,1,0,0
9763,1,-1,1,0,0
9764,2,-4,1,0,0
9765,-6,-6,1,0,0
9766,-9,5,1,0,0
9767,4,14,1,0,0
9768,18,0,1,0,0
9769,9,-19,1,0,0
9770,-13,-17,1,0,0
9771,-21,3,1,0,0
9772,-7,19,1,0,0
9773,13,15,1,0,0
9774,21,-3,1,0,0
9775,12,-18,1,0,0
9776,-6,-22,1,0,0
9777,-19,-11,1,0,0
9778,-21,5,1,0,0
9779,-11,17,1,0,0
9780,4,20,1,0,0
9781,15,15,1,0,0
9782,21,3,1,0,0
9783,20,-8,1,0,0
9784,13,-17,1,0,0
9785,5,-21,1,0,0
9786,-4,-22,1,0,0
9787,-11,-19,1,0,0
9788,-16,-14,1,0,0
9789,-19,-9,1,0,0
9790,-21,-5,1,0,0
9791,-21,-1,1,0,0
9792,-21,3,1,0,0
9793,-20,4,1,0,0
9794,-18,4,1,0,0
9795,-14,4,1,0,0
9796,-11,3,1,0,0
9797,-7,1,1,0,0
9798,-3,-1,1,0,0
9799,-1,-1,1,0,0
9800,0,0,1,0,0
9801,1,1,1,0,0
9802,3,1,1,0,0
9803,7,-1,1,0,0
9804,11,-3,1,0,0
9805,14,-4,1,0,0
9806,18,-4,1,0,0
9807,20,-4,1,0,0
9808,21,-3,1,0,0
9809,21,1,1,0,0
9810,21,5,1,0,0
9811,19,9,1,0,0
9812,16,14,1,0,0
9813,11,19,1,0,0
9814,4,22,1,0,0
9815,-5,21,1,0,0
9816,-13,17,1,0,0
9817,-20,8,1,0,0
9818,-21,-3,1,0,0
9819,-15,-15,1,0,0
9820,-4,-20,1,0,0
9821,11,-17,1,0,0
9822,21,-5,1,0,0
9823,19,11,1,0,0
9824,6,22,1,0,0
9825,-12,18,1,0,0
9826,-21,3,1,0,0
9827,-13,-15,1,0,0
9828,7,-19,1,0,0
9829,21,-3,1,0,0
9830,13,17,1,0,0
9831,-9,19,1,0,0
9832,-18,0,1,0,0
9833,-4,-14,1,0,0
9834,9,-5,1,0,0
9835,6,6,1,0,0
9836,-2,4,1,0,0
9837,-1,1,1,0,0
9838,0,0,1,0,0
9839,0,0,1,0,0
9840,-3,1,1,0,0
9841,-5,-7,1,0,0
9842,6,-10,1,0,0
9843,15,3,1,0,0
9844,1,17,1,0,0
9845,-18,8,1,0,0
9846,-16,-14,1,0,0
9847,4,-22,1,0,0
9848,20,-8,1,0,0
9849,16,12,1,0,0
9850,-2,20,1,0,0
9851,-17,11,1,0,0
9852,-21,-7,1,0,0
9853,-10,-20,1,0,0
9854,6,-22,1,0,0
9855,18,-12,1,0,0
9856,21,3,1,0,0
9857,15,15,1,0,0
9858,4,20,1,0,0
9859,-7,19,1,0,0
9860,-16,12,1,0,0
9861,-20,4,1,0,0
9862,-21,-5,1,0,0
9863,-18,-12,1,0,0
9864,-13,-17,1,0,0
9865,-8,-20,1,0,0
9866,-4,-22,1,0,0
9867,0,-22,1,0,0
9868,4,-22,1,0,0
9869,5,-21,1,0,0
9870,5,-19,1,0,0
9871,5,-15,1,0,0
9872,4,-12,1,0,0
9873,2,-8,1,0,0
9874,0,-4,1,0,0
9875,0,-2,1,0,0
9876,0,0,1,0,0
9877,2,0,1,0,0
9878,4,0,1,0,0
9879,8,2,1,0,0
9880,12,4,1,0,0
9881,15,5,1,0,0
9882,19,5,1,0,0
9883,21,5,1,0,0
9884,22,4,1,0,0
9885,22,0,1,0,0
9886,22,-4,1,0,0
9887,20,-8,1,0,0
9888,17,-13,1,0,0
9889,12,-18,1,0,0
9890,5,-21,1,0,0
9891,-4,-20,1,0,0
9892,-12,-16,1,0,0
9893,-19,-7,1,0,0
9894,-20,4,1,0,0
9895,-15,15,1,0,0
9896,-3,21,1,0,0
9897,12,18,1,0,0
9898,22,6,1,0,0
9899,20,-10,1,0,0
9900,7,-21,1,0,0
9901,-11,-17,1,0,0
9902,-20,-2,1,0,0
9903,-12,16,1,0,0
9904,8,20,1,0,0
9905,22,4,1,0,0
9906,14,-16,1,0,0
9907,-8,-18,1,0,0
9908,-17,1,1,0,0
9909,-3,15,1,0,0
9910,10,6,1,0,0
9911,7,-5,1,0,0
9912,-1,-3,1,0,0
9913,0,0,1,0,0
9914,0,0,1,0,0
9915,0,0,1,0,0
9916,0,0,1,0,0
9917,0,0,1,0,0
9918,0,0,1,0,0
9919,0,0,1,0,0
9920,0,0,1,0,0
9921,0,0,1,0,0
9922,0,0,1,0,0
9923,0,0,1,0,0
9924,0,0,1,0,0
9925,0,0,1,0,0
9926,0,0,1,0,0
9927,0,0,1,0,0
9928,0,0,1,0,0
9929,0,0,1,0,0
9930,0,0,1,0,0
9931,0,0,1,0,0
9932,0,0,1,0,0
9933,0,0,1,0,0
9934,0,0,1,0,0
9935,0,0,1,0,0
9936,0,0,1,0,0
9937,0,0,1,0,0
9938,0,0,1,0,0
9939,0,0,1,0,0
9940,0,0,1,0,0
9941,0,0,1,0,0
9942,0,0,1,0,0
9943,0,0,1,0,0
9944,0,0,1,0,0
9945,0,0,1,0,0
9946,0,0,1,0,0
9947,0,0,1,0,0
9948,0,0,1,0,0
9949,0,0,1,0,0
9950,0,0,1,0,0
9951,0,0,1,0,0
9952,0,0,1,0,0
9953,0,0,1,0,0
9954,0,0,1,0,0
9955,0,0,1,0,0
9956,0,0,1,0,0
9957,0,0,1,0,0
9958,0,0,1,0,0
9959,0,0,1,0,0
9960,0,0,1,0,0
9961,0,0,1,0,0
9962,0,0,1,0,0
9963,0,0,1,0,0
9964,0,0,1,0,0
9965,0,0,1,0,0
9966,0,0,1,0,0
9967,0,0,1,0,0
9968,0,0,1,0,0
9969,0,0,1,0,0
9970,0,0,1,0,0
9971,0,0,1,0,0
9972,0,0,1,0,0
9973,0,0,1,0,0
9974,0,0,1,0,0
9975,0,0,1,0,0
9976,0,0,1,0,0
9977,0,0,1,0,0
9978,0,0,1,0,0
9979,0,0,1,0,0
9980,0,0,1,0,0
9981,0,0,1,0,0
9982,0,0,1,0,0
9983,0,0,1,0,0
9984,0,0,1,0,0
9985,1,1,1,0,0
9986,4,2,1,0,0
9987,6,-6,1,0,0
9988,-5,-9,1,0,0
9989,-14,4,1,0,0
9990,0,18,1,0,0
9991,19,9,1,0,0
9992,17,-13,1,0,0
9993,-3,-21,1,0,0
9994,-19,-7,1,0,0
9995,-15,13,1,0,0
9996,3,21,1,0,0
9997,18,12,1,0,0
9998,22,-6,1,0,0
9999,11,-19,1,0,0
10000,-5,-21,1,0,0
10001,-17,-11,1,0,0
10002,-20,4,1,0,0
10003,-15,15,1,0,0
10004,-3,21,1,0,0
10005,8,20,1,0,0
10006,17,13,1,0,0
10007,21,5,1,0,0
10008,22,-4,1,0,0
10009,19,-11,1,0,0
10010,14,-16,1,0,0
10011,9,-19,1,0,0
10012,5,-21,1,0,0
10013,1,-21,1,0,0
10014,-3,-21,1,0,0
10015,-4,-20,1,0,0
10016,-4,-18,1,0,0
10017,-4,-14,1,0,0
10018,-3,-11,1,0,0
10019,-1,-7,1,0,0
10020,1,-3,1,0,0
10021,1,-1,1,0,0
10022,0,0,1,0,0
10023,-1,1,1,0,0
10024,-1,3,1,0,0
10025,1,7,1,0,0
10026,3,11,1,0,0
10027,4,14,1,0,0
10028,4,18,1,0,0
10029,4,20,1,0,0
10030,3,21,1,0,0
10031,-1,21,1,0,0
10032,-5,21,1,0,0
10033,-9,19,1,0,0
10034,-14,16,1,0,0
10035,-19,11,1,0,0
10036,-22,4,1,0,0
10037,-21,-5,1,0,0
10038,-17,-13,1,0,0
10039,-8,-20,1,0,0
10040,3,-21,1,0,0
10041,15,-15,1,0,0
10042,20,-4,1,0,0
10043,17,11,1,0,0
10044,5,21,1,0,0
10045,-11,19,1,0,0
10046,-22,6,1,0,0
10047,-18,-12,1,0,0
10048,-3,-21,1,0,0
10049,15,-13,1,0,0
10050,19,7,1,0,0
10051,3,21,1,0,0
10052,-17,13,1,0,0
10053,-19,-9,1,0,0
10054,0,-18,1,0,0
10055,14,-4,1,0,0
10056,5,9,1,0,0
10057,-6,6,1,0,0
10058,-4,-2,1,0,0
10059,-1,-1,1,0,0
10060,0,0,1,0,0
10061,0,0,1,0,0
10062,3,-1,1,0,0
10063,5,7,1,0,0
10064,-6,10,1,0,0
10065,-15,-3,1,0,0
10066,-1,-17,1,0,0
10067,18,-8,1,0,0
10068,16,14,1,0,0
10069,-4,22,1,0,0
10070,-20,8,1,0,0
10071,-16,-12,1,0,0
10072,2,-20,1,0,0
10073,17,-11,1,0,0
10074,21,7,1,0,0
10075,10,20,1,0,0
10076,-6,22,1,0,0
10077,-18,12,1,0,0
10078,-21,-3,1,0,0
10079,-15,-15,1,0,0
10080,-4,-20,1,0,0
10081,7,-19,1,0,0
10082,16,-12,1,0,0
10083,20,-4,1,0,0
10084,21,5,1,0,0
10085,18,12,1,0,0
10086,13,17,1,0,0
10087,8,20,1,0,0
10088,4,22,1,0,0
10089,0,22,1,0,0
10090,-4,22,1,0,0
10091,-5,21,1,0,0
10092,-5,19,1,0,0
10093,-5,15,1,0,0
10094,-4,12,1,0,0
10095,-2,8,1,0,0
10096,0,4,1,0,0
10097,0,2,1,0,0
10098,0,0,1,0,0
10099,2,0,1,0,0
10100,4,0,1,0,0
10101,8,2,1,0,0
10102,12,4,1,0,0
10103,15,5,1,0,0
10104,19,5,1,0,0
10105,21,5,1,0,0
10106,22,4,1,0,0
10107,22,0,1,0,0
10108,22,-4,1,0,0
10109,20,-8,1,0,0
10110,17,-13,1,0,0
10111,12,-18,1,0,0
10112,5,-21,1,0,0
10113,-4,-20,1,0,0
10114,-12,-16,1,0,0
10115,-19,-7,1,0,0
10116,-20,4,1,0,0
10117,-15,15,1,0,0
10118,-3,21,1,0,0
10119,12,18,1,0,0
10120,22,6,1,0,0
10121,20,-10,1,0,0
10122,7,-21,1,0,0
10123,-11,-17,1,0,0
10124,-20,-2,1,0,0
10125,-12,16,1,0,0
10126,8,20,1,0,0
10127,22,4,1,0,0
10128,14,-16,1,0,0
10129,-8,-18,1,0,0
10130,-17,1,1,0,0
10131,-3,15,1,0,0
10132,10,6,1,0,0
10133,7,-5,1,0,0
10134,-1,-3,1,0,0
10135,0,0,1,0,0
10136,0,0,1,0,0
10137,0,0,1,0,0
10138,0,0,1,0,0
10139,0,0,1,0,0
10140,0,0,1,0,0
10141,0,0,1,0,0
10142,0,0,1,0,0
10143,0,0,1,0,0
10144,0,0,1,0,0
10145,0,0,1,0,0
10146,0,0,1,0,0
10147,-1,-1,1,0,0
10148,-4,-2,1,0,0
10149,-6,6,1,0,0
10150,5,9,1,0,0
10151,14,-4,1,0,0
10152,0,-18,1,0,0
10153,-19,-9,1,0,0
10154,-17,13,1,0,0
10155,3,21,1,0,0
10156,19,7,1,0,0
10157,15,-13,1,0,0
10158,-3,-21,1,0,0
10159,-18,-12,1,0,0
10160,-22,6,1,0,0
10161,-11,19,1,0,0
10162,5,21,1,0,0
10163,17,11,1,0,0
10164,20,-4,1,0,0
10165,15,-15,1,0,0
10166,3,-21,1,0,0
10167,-8,-20,1,0,0
10168,-17,-13,1,0,0
10169,-21,-5,1,0,0
10170,-22,4,1,0,0
10171,-19,11,1,0,0
10172,-14,16,1,0,0
10173,-9,19,1,0,0
10174,-5,21,1,0,0
10175,-1,21,1,0,0
10176,3,21,1,0,0
10177,4,20,1,0,0
10178,4,18,1,0,0
10179,4,14,1,0,0
10180,3,11,1,0,0
10181,1,7,1,0,0
10182,-1,3,1,0,0
10183,-1,1,1,0,0
10184,0,0,1,0,0
10185,1,-1,1,0,0
10186,1,-3,1,0,0
10187,-1,-7,1,0,0
10188,-3,-11,1,0,0
10189,-4,-14,1,0,0
10190,-4,-18,1,0,0
10191,-4,-20,1,0,0
10192,-3,-21,1,0,0
10193,1,-21,1,0,0
10194,5,-21,1,0,0
10195,9,-19,1,0,0
10196,14,-16,1,0,0
10197,19,-11,1,0,0
10198,22,-4,1,0,0
10199,21,5,1,0,0
10200,17,13,1,0,0
10201,8,20,1,0,0
10202,-3,21,1,0,0
10203,-15,15,1,0,0
10204,-20,4,1,0,0
10205,-17,-11,1,0,0
10206,-5,-21,1,0,0
10207,11,-19,1,0,0
10208,22,-6,1,0,0
10209,18,12,1,0,0
10210,3,21,1,0,0
10211,-15,13,1,0,0
10212,-19,-7,1,0,0
10213,-3,-21,1,0,0
10214,17,-13,1,0,0
10215,19,9,1,0,0
10216,0,18,1,0,0
10217,-14,4,1,0,0
10218,-5,-9,1,0,0
10219,6,-6,1,0,0
10220,4,2,1,0,0
10221,1,1,1,0,0
10222,0,0,1,0,0
10223,0,0,1,0,0
10224,-1,-3,1,0,0
10225,7,-5,1,0,0
10226,10,6,1,0,0
10227,-3,15,1,0,0
10228,-17,1,1,0,0
10229,-8,-18,1,0,0
10230,14,-16,1,0,0
10231,22,4,1,0,0
10232,8,20,1,0,0
10233,-12,16,1,0,0
10234,-20,-2,1,0,0
10235,-11,-17,1,0,0
10236,7,-21,1,0,0
10237,20,-10,1,0,0
10238,22,6,1,0,0
10239,12,18,1,0,0
10240,-3,21,1,0,0
10241,-15,15,1,0,0
10242,-20,4,1,0,0
10243,-19,-7,1,0,0
10244,-12,-16,1,0,0
10245,-4,-20,1,0,0
10246,5,-21,1,0,0
10247,12,-18,1,0,0
10248,17,-13,1,0,0
10249,20,-8,1,0,0
10250,22,-4,1,0,0
10251,22,0,1,0,0
10252,22,4,1,0,0
10253,21,5,1,0,0
10254,19,5,1,0,0
10255,15,5,1,0,0
10256,12,4,1,0,0
10257,8,2,1,0,0
10258,4,0,1,0,0
10259,2,0,1,0,0
10260,0,0,1,0,0
10261,2,0,1,0,0
10262,4,0,1,0,0
10263,8,2,1,0,0
10264,12,4,1,0,0
10265,15,5,1,0,0
10266,19,5,1,0,0
10267,21,5,1,0,0
10268,22,4,1,0,0
10269,22,0,1,0,0
10270,22,-4,1,0,0
10271,20,-8,1,0,0
10272,17,-13,1,0,0
10273,12,-18,1,0,0
10274,5,-21,1,0,0
10275,-4,-20,1,0,0
10276,-12,-16,1,0,0
10277,-19,-7,1,0,0
10278,-20,4,1,0,0
10279,-15,15,1,0,0
10280,-3,21,1,0,0
10281,12,18,1,0,0
10282,22,6,1,0,0
10283,20,-10,1,0,0
10284,7,-21,1,0,0
10285,-11,-17,1,0,0
10286,-20,-2,1,0,0
10287,-12,16,1,0,0
10288,8,20,1,0,0
10289,22,4,1,0,0
10290,14,-16,1,0,0
10291,-8,-18,1,0,0
10292,-17,1,1,0,0
10293,-3,15,1,0,0
10294,10,6,1,0,0
10295,7,-5,1,0,0
10296,-1,-3,1,0,0
10297,0,0,1,0,0
10298,0,0,1,0,0
10299,0,0,1,0,0
10300,0,0,1,0,0
10301,0,0,1,0,0
10302,0,0,1,0,0
10303,0,0,1,0,0
10304,0,0,1,0,0
10305,0,0,1,0,0
10306,0,0,1,0,0
10307,0,0,1,0,0
10308,0,0,1,0,0
10309,0,0,1,0,0
10310,0,0,1,0,0
10311,0,0,1,0,0
10312,0,0,1,0,0
10313,0,0,1,0,0
10314,0,0,1,0,0
10315,0,0,1,0,0
10316,0,0,1,0,0
10317,0,0,1,0,0
10318,0,0,1,0,0
10319,0,0,1,0,0
10320,0,0,1,0,0
10321,0,0,1,0,0
10322,0,0,1,0,0
10323,0,0,1,0,0
10324,0,0,1,0,0
10325,0,0,1,0,0
10326,0,0,1,0,0
10327,0,0,1,0,0
10328,0,0,1,0,0
10329,0,0,1,0,0
10330,0,0,1,0,0
10331,0,0,1,0,0
10332,0,0,1,0,0
10333,0,0,1,0,0
10334,0,0,1,0,0
10335,0,0,1,0,0
10336,0,0,1,0,0
10337,0,0,1,0,0
10338,0,0,1,0,0
10339,0,0,1,0,0
10340,0,0,1,0,0
10341,0,0,1,0,0
10342,0,0,1,0,0
10343,0,0,1,0,0
10344,0,0,1,0,0
10345,0,0,1,0,0
10346,0,0,1,0,0
10347,0,0,1,0,0
10348,0,0,1,0,0
10349,0,0,1,0,0
10350,0,0,1,0,0
10351,0,0,1,0,0
10352,0,0,1,0,0
10353,0,0,1,0,0
10354,0,0,1,0,0
10355,0,0,1,0,0
10356,0,0,1,0,0
10357,0,0,1,0,0
10358,0,0,1,0,0
10359,0,0,1,0,0
10360,0,0,1,0,0
10361,0,0,1,0,0
10362,0,0,1,0,0
10363,0,0,1,0,0
10364,0,0,1,0,0
10365,0,0,1,0,0
10366,0,0,1,0,0
10367,0,0,1,0,0
10368,0,0,1,0,0
10369,1,1,1,0,0
10370,4,2,1,0,0
10371,6,-6,1,0,0
10372,-5,-9,1,0,0
10373,-14,4,1,0,0
10374,0,18,1,0,0
10375,19,9,1,0,0
10376,17,-13,1,0,0
10377,-3,-21,1,0,0
10378,-19,-7,1,0,0
10379,-15,13,1,0,0
10380,3,21,1,0,0
10381,18,12,1,0,0
10382,22,-6,1,0,0
10383,11,-19,1,0,0
10384,-5,-21,1,0,0
10385,-17,-11,1,0,0
10386,-20,4,1,0,0
10387,-15,15,1,0,0
10388,-3,21,1,0,0
10389,8,20,1,0,0
10390,17,13,1,0,0
10391,21,5,1,0,0
10392,22,-4,1,0,0
10393,19,-11,1,0,0
10394,14,-16,1,0,0
10395,9,-19,1,0,0
10396,5,-21,1,0,0
10397,1,-21,1,0,0
10398,-3,-21,1,0,0
10399,-4,-20,1,0,0
10400,-4,-18,1,0,0
10401,-4,-14,1,0,0
10402,-3,-11,1,0,0
10403,-1,-7,1,0,0
10404,1,-3,1,0,0
10405,1,-1,1,0,0
10406,0,0,1,0,0
10407,-1,1,1,0,0
10408,-1,3,1,0,0
10409,1,7,1,0,0
10410,3,11,1,0,0
10411,4,14,1,0,0
10412,4,18,1,0,0
10413,4,20,1,0,0
10414,3,21,1,0,0
10415,-1,21,1,0,0
10416,-5,21,1,0,0
10417,-9,19,1,0,0
10418,-14,16,1,0,0
10419,-19,11,1,0,0
10420,-22,4,1,0,0
10421,-21,-5,1,0,0
10422,-17,-13,1,0,0
10423,-8,-20,1,0,0
10424,3,-21,1,0,0
10425,15,-15,1,0,0
10426,20,-4,1,0,0
10427,17,11,1,0,0
10428,5,21,1,0,0
10429,-11,19,1,0,0
10430,-22,6,1,0,0
10431,-18,-12,1,0,0
10432,-3,-21,1,0,0
10433,15,-13,1,0,0
10434,19,7,1,0,0
10435,3,21,1,0,0
10436,-17,13,1,0,0
10437,-19,-9,1,0,0
10438,0,-18,1,0,0
10439,14,-4,1,0,0
10440,5,9,1,0,0
10441,-6,6,1,0,0
10442,-4,-2,1,0,0
10443,-1,-1,1,0,0
10444,0,0,1,0,0
10445,0,0,1,0,0
10446,-1,-3,1,0,0
10447,7,-5,1,0,0
10448,10,6,1,0,0
10449,-3,15,1,0,0
10450,-17,1,1,0,0
10451,-8,-18,1,0,0
10452,14,-16,1,0,0
10453,22,4,1,0,0
10454,8,20,1,0,0
10455,-12,16,1,0,0
10456,-20,-2,1,0,0
10457,-11,-17,1,0,0
10458,7,-21,1,0,0
10459,20,-10,1,0,0
10460,22,6,1,0,0
10461,12,18,1,0,0
10462,-3,21,1,0,0
10463,-15,15,1,0,0
10464,-20,4,1,0,0
10465,-19,-7,1,0,0
10466,-12,-16,1,0,0
10467,-4,-20,1,0,0
10468,5,-21,1,0,0
10469,12,-18,1,0,0
10470,17,-13,1,0,0
10471,20,-8,1,0,0
10472,22,-4,1,0,0
10473,22,0,1,0,0
10474,22,4,1,0,0
10475,21,5,1,0,0
10476,19,5,1,0,0
10477,15,5,1,0,0
10478,12,4,1,0,0
10479,8,2,1,0,0
10480,4,0,1,0,0
10481,2,0,1,0,0
10482,0,0,1,0,0
10483,0,2,1,0,0
10484,0,4,1,0,0
10485,-2,8,1,0,0
10486,-4,12,1,0,0
10487,-5,15,1,0,0
10488,-5,19,1,0,0
10489,-5,21,1,0,0
10490,-4,22,1,0,0
10491,0,22,1,0,0
10492,4,22,1,0,0
10493,8,20,1,0,0
10494,13,17,1,0,0
10495,18,12,1,0,0
10496,21,5,1,0,0
10497,20,-4,1,0,0
10498,16,-12,1,0,0
10499,7,-19,1,0,0
10500,-4,-20,1,0,0
10501,-15,-15,1,0,0
10502,-21,-3,1,0,0
10503,-18,12,1,0,0
10504,-6,22,1,0,0
10505,10,20,1,0,0
10506,21,7,1,0,0
10507,17,-11,1,0,0
10508,2,-20,1,0,0
10509,-16,-12,1,0,0
10510,-20,8,1,0,0
10511,-4,22,1,0,0
10512,16,14,1,0,0
10513,18,-8,1,0,0
10514,-1,-17,1,0,0
10515,-15,-3,1,0,0
10516,-6,10,1,0,0
10517,5,7,1,0,0
10518,3,-1,1,0,0
10519,0,0,1,0,0
10520,0,0,1,0,0
10521,0,0,1,0,0
10522,0,0,1,0,0
10523,0,0,1,0,0
10524,0,0,1,0,0
10525,0,0,1,0,0
10526,0,0,1,0,0
10527,0,0,1,0,0
10528,0,0,1,0,0
10529,0,0,1,0,0
10530,0,0,1,0,0
10531,1,1,1,0,0
10532,4,2,1,0,0
10533,6,-6,1,0,0
10534,-5,-9,1,0,0
10535,-14,4,1,0,0
10536,0,18,1,0,0
10537,19,9,1,0,0
10538,17,-13,1,0,0
10539,-3,-21,1,0,0
10540,-19,-7,1,0,0
10541,-15,13,1,0,0
10542,3,21,1,0,0
10543,18,12,1,0,0
10544,22,-6,1,0,0
10545,11,-19,1,0,0
10546,-5,-21,1,0,0
10547,-17,-11,1,0,0
10548,-20,4,1,0,0
10549,-15,15,1,0,0
10550,-3,21,1,0,0
10551,8,20,1,0,0
10552,17,13,1,0,0
10553,21,5,1,0,0
10554,22,-4,1,0,0
10555,19,-11,1,0,0
10556,14,-16,1,0,0
10557,9,-19,1,0,0
10558,5,-21,1,0,0
10559,1,-21,1,0,0
10560,-3,-21,1,0,0
10561,-4,-20,1,0,0
10562,-4,-18,1,0,0
10563,-4,-14,1,0,0
10564,-3,-11,1,0,0
10565,-1,-7,1,0,0
10566,1,-3,1,0,0
10567,1,-1,1,0,0
10568,0,0,1,0,0
10569,-1,1,1,0,0
10570,-1,3,1,0,0
10571,1,7,1,0,0
10572,3,11,1,0,0
10573,4,14,1,0,0
10574,4,18,1,0,0
10575,4,20,1,0,0
10576,3,21,1,0,0
10577,-1,21,1,0,0
10578,-5,21,1,0,0
10579,-9,19,1,0,0
10580,-14,16,1,0,0
10581,-19,11,1,0,0
10582,-22,4,1,0,0
10583,-21,-5,1,0,0
10584,-17,-13,1,0,0
10585,-8,-20,1,0,0
10586,3,-21,1,0,0
10587,15,-15,1,0,0
10588,20,-4,1,0,0
10589,17,11,1,0,0
10590,5,21,1,0,0
10591,-11,19,1,0,0
10592,-22,6,1,0,0
10593,-18,-12,1,0,0
10594,-3,-21,1,0,0
10595,15,-13,1,0,0
10596,19,7,1,0,0
10597,3,21,1,0,0
10598,-17,13,1,0,0
10599,-19,-9,1,0,0
10600,0,-18,1,0,0
10601,14,-4,1,0,0
10602,5,9,1,0,0
10603,-6,6,1,0,0
10604,-4,-2,1,0,0
10605,-1,-1,1,0,0
10606,0,0,1,0,0
10607,0,0,1,0,0
10608,3,-1,1,0,0
10609,5,7,1,0,0
10610,-6,10,1,0,0
10611,-15,-3,1,0,0
10612,-1,-17,1,0,0
10613,18,-8,1,0,0
10614,16,14,1,0,0
10615,-4,22,1,0,0
10616,-20,8,1,0,0
10617,-16,-12,1,0,0
10618,2,-20,1,0,0
10619,17,-11,1,0,0
10620,21,7,1,0,0
10621,10,20,1,0,0
10622,-6,22,1,0,0
10623,-18,12,1,0,0
10624,-21,-3,1,0,0
10625,-15,-15,1,0,0
10626,-4,-20,1,0,0
10627,7,-19,1,0,0
10628,16,-12,1,0,0
10629,20,-4,1,0,0
10630,21,5,1,0,0
10631,18,12,1,0,0
10632,13,17,1,0,0
10633,8,20,1,0,0
10634,4,22,1,0,0
10635,0,22,1,0,0
10636,-4,22,1,0,0
10637,-5,21,1,0,0
10638,-5,19,1,0,0
10639,-5,15,1,0,0
10640,-4,12,1,0,0
10641,-2,8,1,0,0
10642,0,4,1,0,0
10643,0,2,1,0,0
10644,0,0,1,0,0
10645,0,-2,1,0,0
10646,0,-4,1,0,0
10647,2,-8,1,0,0
10648,4,-12,1,0,0
10649,5,-15,1,0,0
10650,5,-19,1,0,0
10651,5,-21,1,0,0
10652,4,-22,1,0,0
10653,0,-22,1,0,0
10654,-4,-22,1,0,0
10655,-8,-20,1,0,0
10656,-13,-17,1,0,0
10657,-18,-12,1,0,0
10658,-21,-5,1,0,0
10659,-20,4,1,0,0
10660,-16,12,1,0,0
10661,-7,19,1,0,0
10662,4,20,1,0,0
10663,15,15,1,0,0
10664,21,3,1,0,0
10665,18,-12,1,0,0
10666,6,-22,1,0,0
10667,-10,-20,1,0,0
10668,-21,-7,1,0,0
10669,-17,11,1,0,0
10670,-2,20,1,0,0
10671,16,12,1,0,0
10672,20,-8,1,0,0
10673,4,-22,1,0,0
10674,-16,-14,1,0,0
10675,-18,8,1,0,0
10676,1,17,1,0,0
10677,15,3,1,0,0
10678,6,-10,1,0,0
10679,-5,-7,1,0,0
10680,-3,1,1,0,0
10681,0,0,1,0,0
10682,0,0,1,0,0
10683,0,0,1,0,0
10684,0,0,1,0,0
10685,0,0,1,0,0
10686,0,0,1,0,0
10687,0,0,1,0,0
10688,0,0,1,0,0
10689,0,0,1,0,0
10690,0,0,1,0,0
10691,0,0,1,0,0
10692,0,0,1,0,0
10693,0,0,1,0,0
10694,0,0,1,0,0
10695,0,0,1,0,0
10696,0,0,1,0,0
10697,0,0,1,0,0
10698,0,0,1,0,0
10699,0,0,1,0,0
10700,0,0,1,0,0
10701,0,0,1,0,0
10702,0,0,1,0,0
10703,0,0,1,0,0
10704,0,0,1,0,0
10705,0,0,1,0,0
10706,0,0,1,0,0
10707,0,0,1,0,0
10708,0,0,1,0,0
10709,0,0,1,0,0
10710,0,0,1,0,0
10711,0,0,1,0,0
10712,0,0,1,0,0
10713,0,0,1,0,0
10714,0,0,1,0,0
10715,0,0,1,0,0
10716,0,0,1,0,0
10717,0,0,1,0,0
10718,0,0,1,0,0
10719,0,0,1,0,0
10720,0,0,1,0,0
10721,0,0,1,0,0
10722,0,0,1,0,0
10723,0,0,1,0,0
10724,0,0,1,0,0
10725,0,0,1,0,0
10726,0,0,1,0,0
10727,0,0,1,0,0
10728,0,0,1,0,0
10729,0,0,1,0,0
10730,0,0,1,0,0
10731,0,0,1,0,0
10732,0,0,1,0,0
10733,0,0,1,0,0
10734,0,0,1,0,0
10735,0,0,1,0,0
10736,0,0,1,0,0
10737,0,0,1,0,0
10738,0,0,1,0,0
10739,0,0,1,0,0
10740,0,0,1,0,0
10741,0,0,1,0,0
10742,0,0,1,0,0
10743,0,0,1,0,0
10744,0,0,1,0,0
10745,0,0,1,0,0
10746,0,0,1,0,0
10747,0,0,1,0,0
10748,0,0,1,0,0
10749,0,0,1,0,0
10750,0,0,1,0,0
10751,0,0,1,0,0
10752,0,0,1,0,0
10753,-1,1,1,0,0
10754,-2,4,1,0,0
10755,6,6,1,0,0
10756,9,-5,1,0,0
10757,-4,-14,1,0,0
10758,-18,0,1,0,0
10759,-9,19,1,0,0
10760,13,17,1,0,0
10761,21,-3,1,0,0
10762,7,-19,1,0,0
10763,-13,-15,1,0,0
10764,-21,3,1,0,0
10765,-12,18,1,0,0
10766,6,22,1,0,0
10767,19,11,1,0,0
10768,21,-5,1,0,0
10769,11,-17,1,0,0
10770,-4,-20,1,0,0
10771,-15,-15,1,0,0
10772,-21,-3,1,0,0
10773,-20,8,1,0,0
10774,-13,17,1,0,0
10775,-5,21,1,0,0
10776,4,22,1,0,0
10777,11,19,1,0,0
10778,16,14,1,0,0
10779,19,9,1,0,0
10780,21,5,1,0,0
10781,21,1,1,0,0
10782,21,-3,1,0,0
10783,20,-4,1,0,0
10784,18,-4,1,0,0
10785,14,-4,1,0,0
10786,11,-3,1,0,0
10787,7,-1,1,0,0
10788,3,1,1,0,0
10789,1,1,1,0,0
10790,0,0,1,0,0
10791,-1,-1,1,0,0
10792,-3,-1,1,0,0
10793,-7,1,1,0,0
10794,-11,3,1,0,0
10795,-14,4,1,0,0
10796,-18,4,1,0,0
10797,-20,4,1,0,0
10798,-21,3,1,0,0
10799,-21,-1,1,0,0
10800,-21,-5,1,0,0
10801,-19,-9,1,0,0
10802,-16,-14,1,0,0
10803,-11,-19,1,0,0
10804,-4,-22,1,0,0
10805,5,-21,1,0,0
10806,13,-17,1,0,0
10807,20,-8,1,0,0
10808,21,3,1,0,0
10809,15,15,1,0,0
10810,4,20,1,0,0
10811,-11,17,1,0,0
10812,-21,5,1,0,0
10813,-19,-11,1,0,0
10814,-6,-22,1,0,0
10815,12,-18,1,0,0
10816,21,-3,1,0,0
10817,13,15,1,0,0
10818,-7,19,1,0,0
10819,-21,3,1,0,0
10820,-13,-17,1,0,0
10821,9,-19,1,0,0
10822,18,0,1,0,0
10823,4,14,1,0,0
10824,-9,5,1,0,0
10825,-6,-6,1,0,0
10826,2,-4,1,0,0
10827,1,-1,1,0,0
10828,0,0,1,0,0
10829,0,0,1,0,0
10830,-3,1,1,0,0
10831,-5,-7,1,0,0
10832,6,-10,1,0,0
10833,15,3,1,0,0
10834,1,17,1,0,0
10835,-18,8,1,0,0
10836,-16,-14,1,0,0
10837,4,-22,1,0,0
10838,20,-8,1,0,0
10839,16,12,1,0,0
10840,-2,20,1,0,0
10841,-17,11,1,0,0
10842,-21,-7,1,0,0
10843,-10,-20,1,0,0
10844,6,-22,1,0,0
10845,18,-12,1,0,0
10846,21,3,1,0,0
10847,15,15,1,0,0
10848,4,20,1,0,0
10849,-7,19,1,0,0
10850,-16,12,1,0,0
10851,-20,4,1,0,0
10852,-21,-5,1,0,0
10853,-18,-12,1,0,0
10854,-13,-17,1,0,0
10855,-8,-20,1,0,0
10856,-4,-22,1,0,0
10857,0,-22,1,0,0
10858,4,-22,1,0,0
10859,5,-21,1,0,0
10860,5,-19,1,0,0
10861,5,-15,1,0,0
10862,4,-12,1,0,0
10863,2,-8,1,0,0
10864,0,-4,1,0,0
10865,0,-2,1,0,0
10866,0,0,1,0,0
10867,2,0,1,0,0
10868,4,0,1,0,0
10869,8,2,1,0,0
10870,12,4,1,0,0
10871,15,5,1,0,0
10872,19,5,1,0,0
10873,21,5,1,0,0
10874,22,4,1,0,0
10875,22,0,1,0,0
10876,22,-4,1,0,0
10877,20,-8,1,0,0
10878,17,-13,1,0,0
10879,12,-18,1,0,0
10880,5,-21,1,0,0
10881,-4,-20,1,0,0
10882,-12,-16,1,0,0
10883,-19,-7,1,0,0
10884,-20,4,1,0,0
10885,-15,15,1,0,0
10886,-3,21,1,0,0
10887,12,18,1,0,0
10888,22,6,1,0,0
10889,20,-10,1,0,0
10890,7,-21,1,0,0
10891,-11,-17,1,0,0
10892,-20,-2,1,0,0
10893,-12,16,1,0,0
10894,8,20,1,0,0
10895,22,4,1,0,0
10896,14,-16,1,0,0
10897,-8,-18,1,0,0
10898,-17,1,1,0,0
10899,-3,15,1,0,0
10900,10,6,1,0,0
10901,7,-5,1,0,0
10902,-1,-3,1,0,0
10903,0,0,1,0,0
10904,0,0,1,0,0
10905,0,0,1,0,0
10906,0,0,1,0,0
10907,0,0,1,0,0
10908,0,0,1,0,0
10909,0,0,1,0,0
10910,0,0,1,0,0
10911,0,0,1,0,0
10912,0,0,1,0,0
10913,0,0,1,0,0
10914,0,0,1,0,0
10915,-1,1,1,0,0
10916,-2,4,1,0,0
10917,6,6,1,0,0
10918,9,-5,1,0,0
10919,-4,-14,1,0,0
10920,-18,0,1,0,0
10921,-9,19,1,0,0
10922,13,17,1,0,0
10923,21,-3,1,0,0
10924,7,-19,1,0,0
10925,-13,-15,1,0,0
10926,-21,3,1,0,0
10927,-12,18,1,0,0
10928,6,22,1,0,0
10929,19,11,1,0,0
10930,21,-5,1,0,0
10931,11,-17,1,0,0
10932,-4,-20,1,0,0
10933,-15,-15,1,0,0
10934,-21,-3,1,0,0
10935,-20,8,1,0,0
10936,-13,17,1,0,0
10937,-5,21,1,0,0
10938,4,22,1,0,0
10939,11,19,1,0,0
10940,16,14,1,0,0
10941,19,9,1,0,0
10942,21,5,1,0,0
10943,21,1,1,0,0
10944,21,-3,1,0,0
10945,20,-4,1,0,0
10946,18,-4,1,0,0
10947,14,-4,1,0,0
10948,11,-3,1,0,0
10949,7,-1,1,0,0
10950,3,1,1,0,0
10951,1,1,1,0,0
10952,0,0,1,0,0
10953,-1,-1,1,0,0
10954,-3,-1,1,0,0
10955,-7,1,1,0,0
10956,-11,3,1,0,0
10957,-14,4,1,0,0
10958,-18,4,1,0,0
10959,-20,4,1,0,0
10960,-21,3,1,0,0
10961,-21,-1,1,0,0
10962,-21,-5,1,0,0
10963,-19,-9,1,0,0
10964,-16,-14,1,0,0
10965,-11,-19,1,0,0
10966,-4,-22,1,0,0
10967,5,-21,1,0,0
10968,13,-17,1,0,0
10969,20,-8,1,0,0
10970,21,3,1,0,0
10971,15,15,1,0,0
10972,4,20,1,0,0
10973,-11,17,1,0,0
10974,-21,5,1,0,0
10975,-19,-11,1,0,0
10976,-6,-22,1,0,0
10977,12,-18,1,0,0
10978,21,-3,1,0,0
10979,13,15,1,0,0
10980,-7,19,1,0,0
10981,-21,3,1,0,0
10982,-13,-17,1,0,0
10983,9,-19,1,0,0
10984,18,0,1,0,0
10985,4,14,1,0,0
10986,-9,5,1,0,0
10987,-6,-6,1,0,0
10988,2,-4,1,0,0
10989,1,-1,1,0,0
10990,0,0,1,0,0
10991,0,0,1,0,0
10992,-1,-3,1,0,0
10993,7,-5,1,0,0
10994,10,6,1,0,0
10995,-3,15,1,0,0
10996,-17,1,1,0,0
10997,-8,-18,1,0,0
10998,14,-16,1,0,0
10999,22,4,1,0,0
11000,8,20,1,0,0
11001,-12,16,1,0,0
11002,-20,-2,1,0,0
11003,-11,-17,1,0,0
11004,7,-21,1,0,0
11005,20,-10,1,0,0
11006,22,6,1,0,0
11007,12,18,1,0,0
11008,-3,21,1,0,0
11009,-15,15,1,0,0
11010,-20,4,1,0,0
11011,-19,-7,1,0,0
11012,-12,-16,1,0,0
11013,-4,-20,1,0,0
11014,5,-21,1,0,0
11015,12,-18,1,0,0
11016,17,-13,1,0,0
11017,20,-8,1,0,0
11018,22,-4,1,0,0
11019,22,0,1,0,0
11020,22,4,1,0,0
11021,21,5,1,0,0
11022,19,5,1,0,0
11023,15,5,1,0,0
11024,12,4,1,0,0
11025,8,2,1,0,0
11026,4,0,1,0,0
11027,2,0,1,0,0
11028,0,0,1,0,0
11029,2,0,1,0,0
11030,4,0,1,0,0
11031,8,2,1,0,0
11032,12,4,1,0,0
11033,15,5,1,0,0
11034,19,5,1,0,0
11035,21,5,1,0,0
11036,22,4,1,0,0
11037,22,0,1,0,0
11038,22,-4,1,0,0
11039,20,-8,1,0,0
11040,17,-13,1,0,0
11041,12,-18,1,0,0
11042,5,-21,1,0,0
11043,-4,-20,1,0,0
11044,-12,-16,1,0,0
11045,-19,-7,1,0,0
11046,-20,4,1,0,0
11047,-15,15,1,0,0
11048,-3,21,1,0,0
11049,12,18,1,0,0
11050,22,6,1,0,0
11051,20,-10,1,0,0
11052,7,-21,1,0,0
11053,-11,-17,1,0,0
11054,-20,-2,1,0,0
11055,-12,16,1,0,0
11056,8,20,1,0,0
11057,22,4,1,0,0
11058,14,-16,1,0,0
11059,-8,-18,1,0,0
11060,-17,1,1,0,0
11061,-3,15,1,0,0
11062,10,6,1,0,0
11063,7,-5,1,0,0
11064,-1,-3,1,0,0
11065,0,0,1,0,0
11066,0,0,1,0,0
11067,0,0,1,0,0
11068,0,0,1,0,0
11069,0,0,1,0,0
11070,0,0,1,0,0
11071,0,0,1,0,0
11072,0,0,1,0,0
11073,0,0,1,0,0
11074,0,0,1,0,0
11075,0,0,1,0,0
11076,0,0,1,0,0
11077,0,0,1,0,0
11078,0,0,1,0,0
11079,0,0,1,0,0
11080,0,0,1,0,0
11081,0,0,1,0,0
11082,0,0,1,0,0
11083,0,0,1,0,0
11084,0,0,1,0,0
11085,0,0,1,0,0
11086,0,0,1,0,0
11087,0,0,1,0,0
11088,0,0,1,0,0
11089,0,0,1,0,0
11090,0,0,1,0,0
11091,0,0,1,0,0
11092,0,0,1,0,0
11093,0,0,1,0,0
11094,0,0,1,0,0
11095,0,0,1,0,0
11096,0,0,1,0,0
11097,0,0,1,0,0
11098,0,0,1,0,0
11099,0,0,1,0,0
11100,0,0,1,0,0
11101,0,0,1,0,0
11102,0,0,1,0,0
11103,0,0,1,0,0
11104,0,0,1,0,0
11105,0,0,1,0,0
11106,0,0,1,0,0
11107,0,0,1,0,0
11108,0,0,1,0,0
11109,0,0,1,0,0
11110,0,0,1,0,0
11111,0,0,1,0,0
11112,0,0,1,0,0
11113,0,0,1,0,0
11114,0,0,1,0,0
11115,0,0,1,0,0
11116,0,0,1,0,0
11117,0,0,1,0,0
11118,0,0,1,0,0
11119,0,0,1,0,0
11120,0,0,1,0,0
11121,0,0,1,0,0
11122,0,0,1,0,0
11123,0,0,1,0,0
11124,0,0,1,0,0
11125,0,0,1,0,0
11126,0,0,1,0,0
11127,0,0,1,0,0
11128,0,0,1,0,0
11129,0,0,1,0,0
11130,0,0,1,0,0
11131,0,0,1,0,0
11132,0,0,1,0,0
11133,0,0,1,0,0
11134,0,0,1,0,0
11135,0,0,1,0,0
11136,0,0,1,0,0
11137,-1,1,1,0,0
11138,-2,4,1,0,0
11139,6,6,1,0,0
11140,9,-5,1,0,0
11141,-4,-14,1,0,0
11142,-18,0,1,0,0
11143,-9,19,1,0,0
11144,13,17,1,0,0
11145,21,-3,1,0,0
11146,7,-19,1,0,0
11147,-13,-15,1,0,0
11148,-21,3,1,0,0
11149,-12,18,1,0,0
11150,6,22,1,0,0
11151,19,11,1,0,0
11152,21,-5,1,0,0
11153,11,-17,1,0,0
11154,-4,-20,1,0,0
11155,-15,-15,1,0,0
11156,-21,-3,1,0,0
11157,-20,8,1,0,0
11158,-13,17,1,0,0
11159,-5,21,1,0,0
11160,4,22,1,0,0
11161,11,19,1,0,0
11162,16,14,1,0,0
11163,19,9,1,0,0
11164,21,5,1,0,0
11165,21,1,1,0,0
11166,21,-3,1,0,0
11167,20,-4,1,0,0
11168,18,-4,1,0,0
11169,14,-4,1,0,0
11170,11,-3,1,0,0
11171,7,-1,1,0,0
11172,3,1,1,0,0
11173,1,1,1,0,0
11174,0,0,1,0,0
11175,-1,-1,1,0,0
11176,-3,-1,1,0,0
11177,-7,1,1,0,0
11178,-11,3,1,0,0
11179,-14,4,1,0,0
11180,-18,4,1,0,0
11181,-20,4,1,0,0
11182,-21,3,1,0,0
11183,-21,-1,1,0,0
11184,-21,-5,1,0,0
11185,-19,-9,1,0,0
11186,-16,-14,1,0,0
11187,-11,-19,1,0,0
11188,-4,-22,1,0,0
11189,5,-21,1,0,0
11190,13,-17,1,0,0
11191,20,-8,1,0,0
11192,21,3,1,0,0
11193,15,15,1,0,0
11194,4,20,1,0,0
11195,-11,17,1,0,0
11196,-21,5,1,0,0
11197,-19,-11,1,0,0
11198,-6,-22,1,0,0
11199,12,-18,1,0,0
11200,21,-3,1,0,0
11201,13,15,1,0,0
11202,-7,19,1,0,0
11203,-21,3,1,0,0
11204,-13,-17,1,0,0
11205,9,-19,1,0,0
11206,18,0,1,0,0
11207,4,14,1,0,0
11208,-9,5,1,0,0
11209,-6,-6,1,0,0
11210,2,-4,1,0,0
11211,1,-1,1,0,0
11212,0,0,1,0,0
11213,0,0,1,0,0
11214,1,3,1,0,0
11215,-7,5,1,0,0
11216,-10,-6,1,0,0
11217,3,-15,1,0,0
11218,17,-1,1,0,0
11219,8,18,1,0,0
11220,-14,16,1,0,0
11221,-22,-4,1,0,0
11222,-8,-20,1,0,0
11223,12,-16,1,0,0
11224,20,2,1,0,0
11225,11,17,1,0,0
11226,-7,21,1,0,0
11227,-20,10,1,0,0
11228,-22,-6,1,0,0
11229,-12,-18,1,0,0
11230,3,-21,1,0,0
11231,15,-15,1,0,0
11232,20,-4,1,0,0
11233,19,7,1,0,0
11234,12,16,1,0,0
11235,4,20,1,0,0
11236,-5,21,1,0,0
11237,-12,18,1,0,0
11238,-17,13,1,0,0
11239,-20,8,1,0,0
11240,-22,4,1,0,0
11241,-22,0,1,0,0
11242,-22,-4,1,0,0
11243,-21,-5,1,0,0
11244,-19,-5,1,0,0
11245,-15,-5,1,0,0
11246,-12,-4,1,0,0
11247,-8,-2,1,0,0
11248,-4,0,1,0,0
11249,-2,0,1,0,0
11250,0,0,1,0,0
11251,0,-2,1,0,0
11252,0,-4,1,0,0
11253,2,-8,1,0,0
11254,4,-12,1,0,0
11255,5,-15,1,0,0
11256,5,-19,1,0,0
11257,5,-21,1,0,0
11258,4,-22,1,0,0
11259,0,-22,1,0,0
11260,-4,-22,1,0,0
11261,-8,-20,1,0,0
11262,-13,-17,1,0,0
11263,-18,-12,1,0,0
11264,-21,-5,1,0,0
11265,-20,4,1,0,0
11266,-16,12,1,0,0
11267,-7,19,1,0,0
11268,4,20,1,0,0
11269,15,15,1,0,0
11270,21,3,1,0,0
11271,18,-12,1,0,0
11272,6,-22,1,0,0
11273,-10,-20,1,0,0
11274,-21,-7,1,0,0
11275,-17,11,1,0,0
11276,-2,20,1,0,0
11277,16,12,1,0,0
11278,20,-8,1,0,0
11279,4,-22,1,0,0
11280,-16,-14,1,0,0
11281,-18,8,1,0,0
11282,1,17,1,0,0
11283,15,3,1,0,0
11284,6,-10,1,0,0
11285,-5,-7,1,0,0
11286,-3,1,1,0,0
11287,0,0,1,0,0
11288,0,0,1,0,0
11289,0,0,1,0,0
11290,0,0,1,0,0
11291,0,0,1,0,0
11292,0,0,1,0,0
11293,0,0,1,0,0
11294,0,0,1,0,0
11295,0,0,1,0,0
11296,0,0,1,0,0
11297,0,0,1,0,0
11298,0,0,1,0,0
11299,-1,1,1,0,0
11300,-2,4,1,0,0
11301,6,6,1,0,0
11302,9,-5,1,0,0
11303,-4,-14,1,0,0
11304,-18,0,1,0,0
11305,-9,19,1,0,0
11306,13,17,1,0,0
11307,21,-3,1,0,0
11308,7,-19,1,0,0
11309,-13,-15,1,0,0
11310,-21,3,1,0,0
11311,-12,18,1,0,0
11312,6,22,1,0,0
11313,19,11,1,0,0
11314,21,-5,1,0,0
11315,11,-17,1,0,0
11316,-4,-20,1,0,0
11317,-15,-15,1,0,0
11318,-21,-3,1,0,0
11319,-20,8,1,0,0
11320,-13,17,1,0,0
11321,-5,21,1,0,0
11322,4,22,1,0,0
11323,11,19,1,0,0
11324,16,14,1,0,0
11325,19,9,1,0,0
11326,21,5,1,0,0
11327,21,1,1,0,0
11328,21,-3,1,0,0
11329,20,-4,1,0,0
11330,18,-4,1,0,0
11331,14,-4,1,0,0
11332,11,-3,1,0,0
11333,7,-1,1,0,0
11334,3,1,1,0,0
11335,1,1,1,0,0
11336,0,0,1,0,0
11337,-1,-1,1,0,0
11338,-3,-1,1,0,0
11339,-7,1,1,0,0
11340,-11,3,1,0,0
11341,-14,4,1,0,0
11342,-18,4,1,0,0
11343,-20,4,1,0,0
11344,-21,3,1,0,0
11345,-21,-1,1,0,0
11346,-21,-5,1,0,0
11347,-19,-9,1,0,0
11348,-16,-14,1,0,0
11349,-11,-19,1,0,0
11350,-4,-22,1,0,0
11351,5,-21,1,0,0
11352,13,-17,1,0,0
11353,20,-8,1,0,0
11354,21,3,1,0,0
11355,15,15,1,0,0
11356,4,20,1,0,0
11357,-11,17,1,0,0
11358,-21,5,1,0,0
11359,-19,-11,1,0,0
11360,-6,-22,1,0,0
11361,12,-18,1,0,0
11362,21,-3,1,0,0
11363,13,15,1,0,0
11364,-7,19,1,0,0
11365,-21,3,1,0,0
11366,-13,-17,1,0,0
11367,9,-19,1,0,0
11368,18,0,1,0,0
11369,4,14,1,0,0
11370,-9,5,1,0,0
11371,-6,-6,1,0,0
11372,2,-4,1,0,0
11373,1,-1,1,0,0
11374,0,0,1,0,0
11375,0,0,1,0,0
11376,1,3,1,0,0
11377,-7,5,1,0,0
11378,-10,-6,1,0,0
11379,3,-15,1,0,0
11380,17,-1,1,0,0
11381,8,18,1,0,0
11382,-14,16,1,0,0
11383,-22,-4,1,0,0
11384,-8,-20,1,0,0
11385,12,-16,1,0,0
11386,20,2,1,0,0
11387,11,17,1,0,0
11388,-7,21,1,0,0
11389,-20,10,1,0,0
11390,-22,-6,1,0,0
11391,-12,-18,1,0,0
11392,3,-21,1,0,0
11393,15,-15,1,0,0
11394,20,-4,1,0,0
11395,19,7,1,0,0
11396,12,16,1,0,0
11397,4,20,1,0,0
11398,-5,21,1,0,0
11399,-12,18,1,0,0
11400,-17,13,1,0,0
11401,-20,8,1,0,0
11402,-22,4,1,0,0
11403,-22,0,1,0,0
11404,-22,-4,1,0,0
11405,-21,-5,1,0,0
11406,-19,-5,1,0,0
11407,-15,-5,1,0,0
11408,-12,-4,1,0,0
11409,-8,-2,1,0,0
11410,-4,0,1,0,0
11411,-2,0,1,0,0
11412,0,0,1,0,0
11413,0,-2,1,0,0
11414,0,-4,1,0,0
11415,2,-8,1,0,0
11416,4,-12,1,0,0
11417,5,-15,1,0,0
11418,5,-19,1,0,0
11419,5,-21,1,0,0
11420,4,-22,1,0,0
11421,0,-22,1,0,0
11422,-4,-22,1,0,0
11423,-8,-20,1,0,0
11424,-13,-17,1,0,0
11425,-18,-12,1,0,0
11426,-21,-5,1,0,0
11427,-20,4,1,0,0
11428,-16,12,1,0,0
11429,-7,19,1,0,0
11430,4,20,1,0,0
11431,15,15,1,0,0
11432,21,3,1,0,0
11433,18,-12,1,0,0
11434,6,-22,1,0,0
11435,-10,-20,1,0,0
11436,-21,-7,1,0,0
11437,-17,11,1,0,0
11438,-2,20,1,0,0
11439,16,12,1,0,0
11440,20,-8,1,0,0
11441,4,-22,1,0,0
11442,-16,-14,1,0,0
11443,-18,8,1,0,0
11444,1,17,1,0,0
11445,15,3,1,0,0
11446,6,-10,1,0,0
11447,-5,-7,1,0,0
11448,-3,1,1,0,0
11449,0,0,1,0,0
11450,0,0,1,0,0
11451,0,0,1,0,0
11452,0,0,1,0,0
11453,0,0,1,0,0
11454,0,0,1,0,0
11455,0,0,1,0,0
11456,0,0,1,0,0
11457,0,0,1,0,0
11458,0,0,1,0,0
11459,0,0,1,0,0
11460,0,0,1,0,0
11461,0,0,1,0,0
11462,0,0,1,0,0
11463,0,0,1,0,0
11464,0,0,1,0,0
11465,0,0,1,0,0
11466,0,0,1,0,0
11467,0,0,1,0,0
11468,0,0,1,0,0
11469,0,0,1,0,0
11470,0,0,1,0,0
11471,0,0,1,0,0
11472,0,0,1,0,0
11473,0,0,1,0,0
11474,0,0,1,0,0
11475,0,0,1,0,0
11476,0,0,1,0,0
11477,0,0,1,0,0
11478,0,0,1,0,0
11479,0,0,1,0,0
11480,0,0,1,0,0
11481,0,0,1,0,0
11482,0,0,1,0,0
11483,0,0,1,0,0
11484,0,0,1,0,0
11485,0,0,1,0,0
11486,0,0,1,0,0
11487,0,0,1,0,0
11488,0,0,1,0,0
11489,0,0,1,0,0
11490,0,0,1,0,0
11491,0,0,1,0,0
11492,0,0,1,0,0
11493,0,0,1,0,0
11494,0,0,1,0,0
11495,0,0,1,0,0
11496,0,0,1,0,0
11497,0,0,1,0,0
11498,0,0,1,0,0
11499,0,0,1,0,0
11500,0,0,1,0,0
11501,0,0,1,0,0
11502,0,0,1,0,0
11503,0,0,1,0,0
11504,0,0,1,0,0
11505,0,0,1,0,0
11506,0,0,1,0,0
11507,0,0,1,0,0
11508,0,0,1,0,0
11509,0,0,1,0,0
11510,0,0,1,0,0
11511,0,0,1,0,0
11512,0,0,1,0,0
11513,0,0,1,0,0
11514,0,0,1,0,0
11515,0,0,1,0,0
11516,0,0,1,0,0
11517,0,0,1,0,0
11518,0,0,1,0,0
11519,0,0,1,0,0
11520,0,0,1,0,0
11521,1,1,1,0,0
11522,4,2,1,0,0
11523,6,-6,1,0,0
11524,-5,-9,1,0,0
11525,-14,4,1,0,0
11526,0,18,1,0,0
11527,19,9,1,0,0
11528,17,-13,1,0,0
11529,-3,-21,1,0,0
11530,-19,-7,1,0,0
11531,-15,13,1,0,0
11532,3,21,1,0,0
11533,18,12,1,0,0
11534,22,-6,1,0,0
11535,11,-19,1,0,0
11536,-5,-21,1,0,0
11537,-17,-11,1,0,0
11538,-20,4,1,0,0
11539,-15,15,1,0,0
11540,-3,21,1,0,0
11541,8,20,1,0,0
11542,17,13,1,0,0
11543,21,5,1,0,0
11544,22,-4,1,0,0
11545,19,-11,1,0,0
11546,14,-16,1,0,0
11547,9,-19,1,0,0
11548,5,-21,1,0,0
11549,1,-21,1,0,0
11550,-3,-21,1,0,0
11551,-4,-20,1,0,0
11552,-4,-18,1,0,0
11553,-4,-14,1,0,0
11554,-3,-11,1,0,0
11555,-1,-7,1,0,0
11556,1,-3,1,0,0
11557,1,-1,1,0,0
11558,0,0,1,0,0
11559,-1,1,1,0,0
11560,-1,3,1,0,0
11561,1,7,1,0,0
11562,3,11,1,0,0
11563,4,14,1,0,0
11564,4,18,1,0,0
11565,4,20,1,0,0
11566,3,21,1,0,0
11567,-1,21,1,0,0
11568,-5,21,1,0,0
11569,-9,19,1,0,0
11570,-14,16,1,0,0
11571,-19,11,1,0,0
11572,-22,4,1,0,0
11573,-21,-5,1,0,0
11574,-17,-13,1,0,0
11575,-8,-20,1,0,0
11576,3,-21,1,0,0
11577,15,-15,1,0,0
11578,20,-4,1,0,0
11579,17,11,1,0,0
11580,5,21,1,0,0
11581,-11,19,1,0,0
11582,-22,6,1,0,0
11583,-18,-12,1,0,0
11584,-3,-21,1,0,0
11585,15,-13,1,0,0
11586,19,7,1,0,0
11587,3,21,1,0,0
11588,-17,13,1,0,0
11589,-19,-9,1,0,0
11590,0,-18,1,0,0
11591,14,-4,1,0,0
11592,5,9,1,0,0
11593,-6,6,1,0,0
11594,-4,-2,1,0,0
11595,-1,-1,1,0,0
11596,0,0,1,0,0
11597,0,0,1,0,0
11598,-1,-3,1,0,0
11599,7,-5,1,0,0
11600,10,6,1,0,0
11601,-3,15,1,0,0
11602,-17,1,1,0,0
11603,-8,-18,1,0,0
11604,14,-16,1,0,0
11605,22,4,1,0,0
11606,8,20,1,0,0
11607,-12,16,1,0,0
11608,-20,-2,1,0,0
11609,-11,-17,1,0,0
11610,7,-21,1,0,0
11611,20,-10,1,0,0
11612,22,6,1,0,0
11613,12,18,1,0,0
11614,-3,21,1,0,0
11615,-15,15,1,0,0
11616,-20,4,1,0,0
11617,-19,-7,1,0,0
11618,-12,-16,1,0,0
11619,-4,-20,1,0,0
11620,5,-21,1,0,0
11621,12,-18,1,0,0
11622,17,-13,1,0,0
11623,20,-8,1,0,0
11624,22,-4,1,0,0
11625,22,0,1,0,0
11626,22,4,1,0,0
11627,21,5,1,0,0
11628,19,5,1,0,0
11629,15,5,1,0,0
11630,12,4,1,0,0
11631,8,2,1,0,0
11632,4,0,1,0,0
11633,2,0,1,0,0
11634,0,0,1,0,0
11635,-2,0,1,0,0
11636,-4,0,1,0,0
11637,-8,-2,1,0,0
11638,-12,-4,1,0,0
11639,-15,-5,1,0,0
11640,-19,-5,1,0,0
11641,-21,-5,1,0,0
11642,-22,-4,1,0,0
11643,-22,0,1,0,0
11644,-22,4,1,0,0
11645,-20,8,1,0,0
11646,-17,13,1,0,0
11647,-12,18,1,0,0
11648,-5,21,1,0,0
11649,4,20,1,0,0
11650,12,16,1,0,0
11651,19,7,1,0,0
11652,20,-4,1,0,0
11653,15,-15,1,0,0
11654,3,-21,1,0,0
11655,-12,-18,1,0,0
11656,-22,-6,1,0,0
11657,-20,10,1,0,0
11658,-7,21,1,0,0
11659,11,17,1,0,0
11660,20,2,1,0,0
11661,12,-16,1,0,0
11662,-8,-20,1,0,0
11663,-22,-4,1,0,0
11664,-14,16,1,0,0
11665,8,18,1,0,0
11666,17,-1,1,0,0
11667,3,-15,1,0,0
11668,-10,-6,1,0,0
11669,-7,5,1,0,0
11670,1,3,1,0,0
11671,0,0,1,0,0
11672,0,0,1,0,0
11673,0,0,1,0,0
11674,0,0,1,0,0
11675,0,0,1,0,0
11676,0,0,1,0,0
11677,0,0,1,0,0
11678,0,0,1,0,0
11679,0,0,1,0,0
11680,0,0,1,0,0
11681,0,0,1,0,0
11682,0,0,1,0,0
11683,1,1,1,0,0
11684,4,2,1,0,0
11685,6,-6,1,0,0
11686,-5,-9,1,0,0
11687,-14,4,1,0,0
11688,0,18,1,0,0
11689,19,9,1,0,0
11690,17,-13,1,0,0
11691,-3,-21,1,0,0
11692,-19,-7,1,0,0
11693,-15,13,1,0,0
11694,3,21,1,0,0
11695,18,12,1,0,0
11696,22,-6,1,0,0
11697,11,-19,1,0,0
11698,-5,-21,1,0,0
11699,-17,-11,1,0,0
11700,-20,4,1,0,0
11701,-15,15,1,0,0
11702,-3,21,1,0,0
11703,8,20,1,0,0
11704,17,13,1,0,0
11705,21,5,1,0,0
11706,22,-4,1,0,0
11707,19,-11,1,0,0
11708,14,-16,1,0,0
11709,9,-19,1,0,0
11710,5,-21,1,0,0
11711,1,-21,1,0,0
11712,-3,-21,1,0,0
11713,-4,-20,1,0,0
11714,-4,-18,1,0,0
11715,-4,-14,1,0,0
11716,-3,-11,1,0,0
11717,-1,-7,1,0,0
11718,1,-3,1,0,0
11719,1,-1,1,0,0
11720,0,0,1,0,0
11721,-1,1,1,0,0
11722,-1,3,1,0,0
11723,1,7,1,0,0
11724,3,11,1,0,0
11725,4,14,1,0,0
11726,4,18,1,0,0
11727,4,20,1,0,0
11728,3,21,1,0,0
11729,-1,21,1,0,0
11730,-5,21,1,0,0
11731,-9,19,1,0,0
11732,-14,16,1,0,0
11733,-19,11,1,0,0
11734,-22,4,1,0,0
11735,-21,-5,1,0,0
11736,-17,-13,1,0,0
11737,-8,-20,1,0,0
11738,3,-21,1,0,0
11739,15,-15,1,0,0
11740,20,-4,1,0,0
11741,17,11,1,0,0
11742,5,21,1,0,0
11743,-11,19,1,0,0
11744,-22,6,1,0,0
11745,-18,-12,1,0,0
11746,-3,-21,1,0,0
11747,15,-13,1,0,0
11748,19,7,1,0,0
11749,3,21,1,0,0
11750,-17,13,1,0,0
11751,-19,-9,1,0,0
11752,0,-18,1,0,0
11753,14,-4,1,0,0
11754,5,9,1,0,0
11755,-6,6,1,0,0
11756,-4,-2,1,0,0
11757,-1,-1,1,0,0
11758,0,0,1,0,0
11759,0,0,1,0,0
11760,3,-1,1,0,0
11761,5,7,1,0,0
11762,-6,10,1,0,0
11763,-15,-3,1,0,0
11764,-1,-17,1,0,0
11765,18,-8,1,0,0
11766,16,14,1,0,0
11767,-4,22,1,0,0
11768,-20,8,1,0,0
11769,-16,-12,1,0,0
11770,2,-20,1,0,0
11771,17,-11,1,0,0
11772,21,7,1,0,0
11773,10,20,1,0,0
11774,-6,22,1,0,0
11775,-18,12,1,0,0
11776,-21,-3,1,0,0
11777,-15,-15,1,0,0
11778,-4,-20,1,0,0
11779,7,-19,1,0,0
11780,16,-12,1,0,0
11781,20,-4,1,0,0
11782,21,5,1,0,0
11783,18,12,1,0,0
11784,13,17,1,0,0
11785,8,20,1,0,0
11786,4,22,1,0,0
11787,0,22,1,0,0
11788,-4,22,1,0,0
11789,-5,21,1,0,0
11790,-5,19,1,0,0
11791,-5,15,1,0,0
11792,-4,12,1,0,0
11793,-2,8,1,0,0
11794,0,4,1,0,0
11795,0,2,1,0,0
11796,0,0,1,0,0
11797,-2,0,1,0,0
11798,-4,0,1,0,0
11799,-8,-2,1,0,0
11800,-12,-4,1,0,0
11801,-15,-5,1,0,0
11802,-19,-5,1,0,0
11803,-21,-5,1,0,0
11804,-22,-4,1,0,0
11805,-22,0,1,0,0
11806,-22,4,1,0,0
11807,-20,8,1,0,0
11808,-17,13,1,0,0
11809,-12,18,1,0,0
11810,-5,21,1,0,0
11811,4,20,1,0,0
11812,12,16,1,0,0
11813,19,7,1,0,0
11814,20,-4,1,0,0
11815,15,-15,1,0,0
11816,3,-21,1,0,0
11817,-12,-18,1,0,0
11818,-22,-6,1,0,0
11819,-20,10,1,0,0
11820,-7,21,1,0,0
11821,11,17,1,0,0
11822,20,2,1,0,0
11823,12,-16,1,0,0
11824,-8,-20,1,0,0
11825,-22,-4,1,0,0
11826,-14,16,1,0,0
11827,8,18,1,0,0
11828,17,-1,1,0,0
11829,3,-15,1,0,0
11830,-10,-6,1,0,0
11831,-7,5,1,0,0
11832,1,3,1,0,0
11833,0,0,1,0,0
11834,0,0,1,0,0
11835,0,0,1,0,0
11836,0,0,1,0,0
11837,0,0,1,0,0
11838,0,0,1,0,0
11839,0,0,1,0,0
11840,0,0,1,0,0
11841,0,0,1,0,0
11842,0,0,1,0,0
11843,0,0,1,0,0
11844,0,0,1,0,0
11845,0,0,1,0,0
11846,0,0,1,0,0
11847,0,0,1,0,0
11848,0,0,1,0,0
11849,0,0,1,0,0
11850,0,0,1,0,0
11851,0,0,1,0,0
11852,0,0,1,0,0
11853,0,0,1,0,0
11854,0,0,1,0,0
11855,0,0,1,0,0
11856,0,0,1,0,0
11857,0,0,1,0,0
11858,0,0,1,0,0
11859,0,0,1,0,0
11860,0,0,1,0,0
11861,0,0,1,0,0
11862,0,0,1,0,0
11863,0,0,1,0,0
11864,0,0,1,0,0
11865,0,0,1,0,0
11866,0,0,1,0,0
11867,0,0,1,0,0
11868,0,0,1,0,0
11869,0,0,1,0,0
11870,0,0,1,0,0
11871,0,0,1,0,0
11872,0,0,1,0,0
11873,0,0,1,0,0
11874,0,0,1,0,0
11875,0,0,1,0,0
11876,0,0,1,0,0
11877,0,0,1,0,0
11878,0,0,1,0,0
11879,0,0,1,0,0
11880,0,0,1,0,0
11881,0,0,1,0,0
11882,0,0,1,0,0
11883,0,0,1,0,0
11884,0,0,1,0,0
11885,0,0,1,0,0
11886,0,0,1,0,0
11887,0,0,1,0,0
11888,0,0,1,0,0
11889,0,0,1,0,0
11890,0,0,1,0,0
11891,0,0,1,0,0
11892,0,0,1,0,0
11893,0,0,1,0,0
11894,0,0,1,0,0
11895,0,0,1,0,0
11896,0,0,1,0,0
11897,0,0,1,0,0
11898,0,0,1,0,0
11899,0,0,1,0,0
11900,0,0,1,0,0
11901,0,0,1,0,0
11902,0,0,1,0,0
11903,0,0,1,0,0
11904,0,0,1,0,0
11905,-1,1,1,0,0
11906,-2,4,1,0,0
11907,6,6,1,0,0
11908,9,-5,1,0,0
11909,-4,-14,1,0,0
11910,-18,0,1,0,0
11911,-9,19,1,0,0
11912,13,17,1,0,0
11913,21,-3,1,0,0
11914,7,-19,1,0,0
11915,-13,-15,1,0,0
11916,-21,3,1,0,0
11917,-12,18,1,0,0
11918,6,22,1,0,0
11919,19,11,1,0,0
11920,21,-5,1,0,0
11921,11,-17,1,0,0
11922,-4,-20,1,0,0
11923,-15,-15,1,0,0
11924,-21,-3,1,0,0
11925,-20,8,1,0,0
11926,-13,17,1,0,0
11927,-5,21,1,0,0
11928,4,22,1,0,0
11929,11,19,1,0,0
11930,16,14,1,0,0
11931,19,9,1,0,0
11932,21,5,1,0,0
11933,21,1,1,0,0
11934,21,-3,1,0,0
11935,20,-4,1,0,0
11936,18,-4,1,0,0
11937,14,-4,1,0,0
11938,11,-3,1,0,0
11939,7,-1,1,0,0
11940,3,1,1,0,0
11941,1,1,1,0,0
11942,0,0,1,0,0
11943,-1,-1,1,0,0
11944,-3,-1,1,0,0
11945,-7,1,1,0,0
11946,-11,3,1,0,0
11947,-14,4,1,0,0
11948,-18,4,1,0,0
11949,-20,4,1,0,0
11950,-21,3,1,0,0
11951,-21,-1,1,0,0
11952,-21,-5,1,0,0
11953,-19,-9,1,0,0
11954,-16,-14,1,0,0
11955,-11,-19,1,0,0
11956,-4,-22,1,0,0
11957,5,-21,1,0,0
11958,13,-17,1,0,0
11959,20,-8,1,0,0
11960,21,3,1,0,0
11961,15,15,1,0,0
11962,4,20,1,0,0
11963,-11,17,1,0,0
11964,-21,5,1,0,0
11965,-19,-11,1,0,0
11966,-6,-22,1,0,0
11967,12,-18,1,0,0
11968,21,-3,1,0,0
11969,13,15,1,0,0
11970,-7,19,1,0,0
11971,-21,3,1,0,0
11972,-13,-17,1,0,0
11973,9,-19,1,0,0
11974,18,0,1,0,0
11975,4,14,1,0,0
11976,-9,5,1,0,0
11977,-6,-6,1,0,0
11978,2,-4,1,0,0
11979,1,-1,1,0,0
11980,0,0,1,0,0
11981,0,0,1,0,0
11982,-1,-3,1,0,0
11983,7,-5,1,0,0
11984,10,6,1,0,0
11985,-3,15,1,0,0
11986,-17,1,1,0,0
11987,-8,-18,1,0,0
11988,14,-16,1,0,0
11989,22,4,1,0,0
11990,8,20,1,0,0
11991,-12,16,1,0,0
11992,-20,-2,1,0,0
11993,-11,-17,1,0,0
11994,7,-21,1,0,0
11995,20,-10,1,0,0
11996,22,6,1,0,0
11997,12,18,1,0,0
11998,-3,21,1,0,0
11999,-15,15,1,0,0
12000,-20,4,1,0,0
12001,-19,-7,1,0,0
12002,-12,-16,1,0,0
12003,-4,-20,1,0,0
12004,5,-21,1,0,0
12005,12,-18,1,0,0
12006,17,-13,1,0,0
12007,20,-8,1,0,0
12008,22,-4,1,0,0
12009,22,0,1,0,0
12010,22,4,1,0,0
12011,21,5,1,0,0
12012,19,5,1,0,0
12013,15,5,1,0,0
12014,12,4,1,0,0
12015,8,2,1,0,0
12016,4,0,1,0,0
12017,2,0,1,0,0
12018,0,0,1,0,0
12019,0,2,1,0,0
12020,0,4,1,0,0
12021,-2,8,1,0,0
12022,-4,12,1,0,0
12023,-5,15,1,0,0
12024,-5,19,1,0,0
12025,-5,21,1,0,0
12026,-4,22,1,0,0
12027,0,22,1,0,0
12028,4,22,1,0,0
12029,8,20,1,0,0
12030,13,17,1,0,0
12031,18,12,1,0,0
12032,21,5,1,0,0
12033,20,-4,1,0,0
12034,16,-12,1,0,0
12035,7,-19,1,0,0
12036,-4,-20,1,0,0
12037,-15,-15,1,0,0
12038,-21,-3,1,0,0
12039,-18,12,1,0,0
12040,-6,22,1,0,0
12041,10,20,1,0,0
12042,21,7,1,0,0
12043,17,-11,1,0,0
12044,2,-20,1,0,0
12045,-16,-12,1,0,0
12046,-20,8,1,0,0
12047,-4,22,1,0,0
12048,16,14,1,0,0
12049,18,-8,1,0,0
12050,-1,-17,1,0,0
12051,-15,-3,1,0,0
12052,-6,10,1,0,0
12053,5,7,1,0,0
12054,3,-1,1,0,0
12055,0,0,1,0,0
12056,0,0,1,0,0
12057,0,0,1,0,0
12058,0,0,1,0,0
12059,0,0,1,0,0
12060,0,0,1,0,0
12061,0,0,1,0,0
12062,0,0,1,0,0
12063,0,0,1,0,0
12064,0,0,1,0,0
12065,0,0,1,0,0
12066,0,0,1,0,0
12067,-1,1,1,0,0
12068,-2,4,1,0,0
12069,6,6,1,0,0
12070,9,-5,1,0,0
12071,-4,-14,1,0,0
12072,-18,0,1,0,0
12073,-9,19,1,0,0
12074,13,17,1,0,0
12075,21,-3,1,0,0
12076,7,-19,1,0,0
12077,-13,-15,1,0,0
12078,-21,3,1,0,0
12079,-12,18,1,0,0
12080,6,22,1,0,0
12081,19,11,1,0,0
12082,21,-5,1,0,0
12083,11,-17,1,0,0
12084,-4,-20,1,0,0
12085,-15,-15,1,0,0
12086,-21,-3,1,0,0
12087,-20,8,1,0,0
12088,-13,17,1,0,0
12089,-5,21,1,0,0
12090,4,22,1,0,0
12091,11,19,1,0,0
12092,16,14,1,0,0
12093,19,9,1,0,0
12094,21,5,1,0,0
12095,21,1,1,0,0
12096,21,-3,1,0,0
12097,20,-4,1,0,0
12098,18,-4,1,0,0
12099,14,-4,1,0,0
12100,11,-3,1,0,0
12101,7,-1,1,0,0
12102,3,1,1,0,0
12103,1,1,1,0,0
12104,0,0,1,0,0
12105,-1,-1,1,0,0
12106,-3,-1,1,0,0
12107,-7,1,1,0,0
12108,-11,3,1,0,0
12109,-14,4,1,0,0
12110,-18,4,1,0,0
12111,-20,4,1,0,0
12112,-21,3,1,0,0
12113,-21,-1,1,0,0
12114,-21,-5,1,0,0
12115,-19,-9,1,0,0
12116,-16,-14,1,0,0
12117,-11,-19,1,0,0
12118,-4,-22,1,0,0
12119,5,-21,1,0,0
12120,13,-17,1,0,0
12121,20,-8,1,0,0
12122,21,3,1,0,0
12123,15,15,1,0,0
12124,4,20,1,0,0
12125,-11,17,1,0,0
12126,-21,5,1,0,0
12127,-19,-11,1,0,0
12128,-6,-22,1,0,0
12129,12,-18,1,0,0
12130,21,-3,1,0,0
12131,13,15,1,0,0
12132,-7,19,1,0,0
12133,-21,3,1,0,0
12134,-13,-17,1,0,0
12135,9,-19,1,0,0
12136,18,0,1,0,0
12137,4,14,1,0,0
12138,-9,5,1,0,0
12139,-6,-6,1,0,0
12140,2,-4,1,0,0
12141,1,-1,1,0,0
12142,0,0,1,0,0
12143,0,0,1,0,0
12144,1,3,1,0,0
12145,-7,5,1,0,0
12146,-10,-6,1,0,0
12147,3,-15,1,0,0
12148,17,-1,1,0,0
12149,8,18,1,0,0
12150,-14,16,1,0,0
12151,-22,-4,1,0,0
12152,-8,-20,1,0,0
12153,12,-16,1,0,0
12154,20,2,1,0,0
12155,11,17,1,0,0
12156,-7,21,1,0,0
12157,-20,10,1,0,0
12158,-22,-6,1,0,0
12159,-12,-18,1,0,0
12160,3,-21,1,0,0
12161,15,-15,1,0,0
12162,20,-4,1,0,0
12163,19,7,1,0,0
12164,12,16,1,0,0
12165,4,20,1,0,0
12166,-5,21,1,0,0
12167,-12,18,1,0,0
12168,-17,13,1,0,0
12169,-20,8,1,0,0
12170,-22,4,1,0,0
12171,-22,0,1,0,0
12172,-22,-4,1,0,0
12173,-21,-5,1,0,0
12174,-19,-5,1,0,0
12175,-15,-5,1,0,0
12176,-12,-4,1,0,0
12177,-8,-2,1,0,0
12178,-4,0,1,0,0
12179,-2,0,1,0,0
12180,0,0,1,0,0
12181,-2,0,1,0,0
12182,-4,0,1,0,0
12183,-8,-2,1,0,0
12184,-12,-4,1,0,0
12185,-15,-5,1,0,0
12186,-19,-5,1,0,0
12187,-21,-5,1,0,0
12188,-22,-4,1,0,0
12189,-22,0,1,0,0
12190,-22,4,1,0,0
12191,-20,8,1,0,0
12192,-17,13,1,0,0
12193,-12,18,1,0,0
12194,-5,21,1,0,0
12195,4,20,1,0,0
12196,12,16,1,0,0
12197,19,7,1,0,0
12198,20,-4,1,0,0
12199,15,-15,1,0,0
12200,3,-21,1,0,0
12201,-12,-18,1,0,0
12202,-22,-6,1,0,0
12203,-20,10,1,0,0
12204,-7,21,1,0,0
12205,11,17,1,0,0
12206,20,2,1,0,0
12207,12,-16,1,0,0
12208,-8,-20,1,0,0
12209,-22,-4,1,0,0
12210,-14,16,1,0,0
12211,8,18,1,0,0
12212,17,-1,1,0,0
12213,3,-15,1,0,0
12214,-10,-6,1,0,0
12215,-7,5,1,0,0
12216,1,3,1,0,0
12217,0,0,1,0,0
12218,0,0,1,0,0
12219,0,0,1,0,0
12220,0,0,1,0,0
12221,0,0,1,0,0
12222,0,0,1,0,0
12223,0,0,1,0,0
12224,0,0,1,0,0
12225,0,0,1,0,0
12226,0,0,1,0,0
12227,0,0,1,0,0
12228,0,0,1,0,0
12229,0,0,1,0,0
12230,0,0,1,0,0
12231,0,0,1,0,0
12232,0,0,1,0,0
12233,0,0,1,0,0
12234,0,0,1,0,0
12235,0,0,1,0,0
12236,0,0,1,0,0
12237,0,0,1,0,0
12238,0,0,1,0,0
12239,0,0,1,0,0
12240,0,0,1,0,0
12241,0,0,1,0,0
12242,0,0,1,0,0
12243,0,0,1,0,0
12244,0,0,1,0,0
12245,0,0,1,0,0
12246,0,0,1,0,0
12247,0,0,1,0,0
12248,0,0,1,0,0
12249,0,0,1,0,0
12250,0,0,1,0,0
12251,0,0,1,0,0
12252,0,0,1,0,0
12253,0,0,1,0,0
12254,0,0,1,0,0
12255,0,0,1,0,0
12256,0,0,1,0,0
12257,0,0,1,0,0
12258,0,0,1,0,0
12259,0,0,1,0,0
12260,0,0,1,0,0
12261,0,0,1,0,0
12262,0,0,1,0,0
12263,0,0,1,0,0
12264,0,0,1,0,0
12265,0,0,1,0,0
12266,0,0,1,0,0
12267,0,0,1,0,0
12268,0,0,1,0,0
12269,0,0,1,0,0
12270,0,0,1,0,0
12271,0,0,1,0,0
12272,0,0,1,0,0
12273,0,0,1,0,0
12274,0,0,1,0,0
12275,0,0,1,0,0
12276,0,0,1,0,0
12277,0,0,1,0,0
12278,0,0,1,0,0
12279,0,0,1,0,0
12280,0,0,1,0,0
12281,0,0,1,0,0
12282,0,0,1,0,0
12283,0,0,1,0,0
12284,0,0,1,0,0
12285,0,0,1,0,0
12286,0,0,1,0,0
12287,0,0,1,0,0
12288,0,0,1,0,0
12289,1,1,1,0,0
12290,4,2,1,0,0
12291,6,-6,1,0,0
12292,-5,-9,1,0,0
12293,-14,4,1,0,0
12294,0,18,1,0,0
12295,19,9,1,0,0
12296,17,-13,1,0,0
12297,-3,-21,1,0,0
12298,-19,-7,1,0,0
12299,-15,13,1,0,0
12300,3,21,1,0,0
12301,18,12,1,0,0
12302,22,-6,1,0,0
12303,11,-19,1,0,0
12304,-5,-21,1,0,0
12305,-17,-11,1,0,0
12306,-20,4,1,0,0
12307,-15,15,1,0,0
12308,-3,21,1,0,0
12309,8,20,1,0,0
12310,17,13,1,0,0
12311,21,5,1,0,0
12312,22,-4,1,0,0
12313,19,-11,1,0,0
12314,14,-16,1,0,0
12315,9,-19,1,0,0
12316,5,-21,1,0,0
12317,1,-21,1,0,0
12318,-3,-21,1,0,0
12319,-4,-20,1,0,0
12320,-4,-18,1,0,0
12321,-4,-14,1,0,0
12322,-3,-11,1,0,0
12323,-1,-7,1,0,0
12324,1,-3,1,0,0
12325,1,-1,1,0,0
12326,0,0,1,0,0
12327,-1,1,1,0,0
12328,-1,3,1,0,0
12329,1,7,1,0,0
12330,3,11,1,0,0
12331,4,14,1,0,0
12332,4,18,1,0,0
12333,4,20,1,0,0
12334,3,21,1,0,0
12335,-1,21,1,0,0
12336,-5,21,1,0,0
12337,-9,19,1,0,0
12338,-14,16,1,0,0
12339,-19,11,1,0,0
12340,-22,4,1,0,0
12341,-21,-5,1,0,0
12342,-17,-13,1,0,0
12343,-8,-20,1,0,0
12344,3,-21,1,0,0
12345,15,-15,1,0,0
12346,20,-4,1,0,0
12347,17,11,1,0,0
12348,5,21,1,0,0
12349,-11,19,1,0,0
12350,-22,6,1,0,0
12351,-18,-12,1,0,0
12352,-3,-21,1,0,0
12353,15,-13,1,0,0
12354,19,7,1,0,0
12355,3,21,1,0,0
12356,-17,13,1,0,0
12357,-19,-9,1,0,0
12358,0,-18,1,0,0
12359,14,-4,1,0,0
12360,5,9,1,0,0
12361,-6,6,1,0,0
12362,-4,-2,1,0,0
12363,-1,-1,1,0,0
12364,0,0,1,0,0
12365,0,0,1,0,0
12366,-1,-3,1,0,0
12367,7,-5,1,0,0
12368,10,6,1,0,0
12369,-3,15,1,0,0
12370,-17,1,1,0,0
12371,-8,-18,1,0,0
12372,14,-16,1,0,0
12373,22,4,1,0,0
12374,8,20,1,0,0
12375,-12,16,1,0,0
12376,-20,-2,1,0,0
12377,-11,-17,1,0,0
12378,7,-21,1,0,0
12379,20,-10,1,0,0
12380,22,6,1,0,0
12381,12,18,1,0,0
12382,-3,21,1,0,0
12383,-15,15,1,0,0
12384,-20,4,1,0,0
12385,-19,-7,1,0,0
12386,-12,-16,1,0,0
12387,-4,-20,1,0,0
12388,5,-21,1,0,0
12389,12,-18,1,0,0
12390,17,-13,1,0,0
12391,20,-8,1,0,0
12392,22,-4,1,0,0
12393,22,0,1,0,0
12394,22,4,1,0,0
12395,21,5,1,0,0
12396,19,5,1,0,0
12397,15,5,1,0,0
12398,12,4,1,0,0
12399,8,2,1,0,0
12400,4,0,1,0,0
12401,2,0,1,0,0
12402,0,0,1,0,0
12403,2,0,1,0,0
12404,4,0,1,0,0
12405,8,2,1,0,0
12406,12,4,1,0,0
12407,15,5,1,0,0
12408,19,5,1,0,0
12409,21,5,1,0,0
12410,22,4,1,0,0
12411,22,0,1,0,0
12412,22,-4,1,0,0
12413,20,-8,1,0,0
12414,17,-13,1,0,0
12415,12,-18,1,0,0
12416,5,-21,1,0,0
12417,-4,-20,1,0,0
12418,-12,-16,1,0,0
12419,-19,-7,1,0,0
12420,-20,4,1,0,0
12421,-15,15,1,0,0
12422,-3,21,1,0,0
12423,12,18,1,0,0
12424,22,6,1,0,0
12425,20,-10,1,0,0
12426,7,-21,1,0,0
12427,-11,-17,1,0,0
12428,-20,-2,1,0,0
12429,-12,16,1,0,0
12430,8,20,1,0,0
12431,22,4,1,0,0
12432,14,-16,1,0,0
12433,-8,-18,1,0,0
12434,-17,1,1,0,0
12435,-3,15,1,0,0
12436,10,6,1,0,0
12437,7,-5,1,0,0
12438,-1,-3,1,0,0
12439,0,0,1,0,0
12440,0,0,1,0,0
12441,0,0,1,0,0
12442,0,0,1,0,0
12443,0,0,1,0,0
12444,0,0,1,0,0
12445,0,0,1,0,0
12446,0,0,1,0,0
12447,0,0,1,0,0
12448,0,0,1,0,0
12449,0,0,1,0,0
12450,0,0,1,0,0
12451,-1,1,1,0,0
12452,-2,4,1,0,0
12453,6,6,1,0,0
12454,9,-5,1,0,0
12455,-4,-14,1,0,0
12456,-18,0,1,0,0
12457,-9,19,1,0,0
12458,13,17,1,0,0
12459,21,-3,1,0,0
12460,7,-19,1,0,0
12461,-13,-15,1,0,0
12462,-21,3,1,0,0
12463,-12,18,1,0,0
12464,6,22,1,0,0
12465,19,11,1,0,0
12466,21,-5,1,0,0
12467,11,-17,1,0,0
12468,-4,-20,1,0,0
12469,-15,-15,1,0,0
12470,-21,-3,1,0,0
12471,-20,8,1,0,0
12472,-13,17,1,0,0
12473,-5,21,1,0,0
12474,4,22,1,0,0
12475,11,19,1,0,0
12476,16,14,1,0,0
12477,19,9,1,0,0
12478,21,5,1,0,0
12479,21,1,1,0,0
12480,21,-3,1,0,0
12481,20,-4,1,0,0
12482,18,-4,1,0,0
12483,14,-4,1,0,0
12484,11,-3,1,0,0
12485,7,-1,1,0,0
12486,3,1,1,0,0
12487,1,1,1,0,0
12488,0,0,1,0,0
12489,-1,-1,1,0,0
12490,-3,-1,1,0,0
12491,-7,1,1,0,0
12492,-11,3,1,0,0
12493,-14,4,1,0,0
12494,-18,4,1,0,0
12495,-20,4,1,0,0
12496,-21,3,1,0,0
12497,-21,-1,1,0,0
12498,-21,-5,1,0,0
12499,-19,-9,1,0,0
12500,-16,-14,1,0,0
12501,-11,-19,1,0,0
12502,-4,-22,1,0,0
12503,5,-21,1,0,0
12504,13,-17,1,0,0
12505,20,-8,1,0,0
12506,21,3,1,0,0
12507,15,15,1,0,0
12508,4,20,1,0,0
12509,-11,17,1,0,0
12510,-21,5,1,0,0
12511,-19,-11,1,0,0
12512,-6,-22,1,0,0
12513,12,-18,1,0,0
12514,21,-3,1,0,0
12515,13,15,1,0,0
12516,-7,19,1,0,0
12517,-21,3,1,0,0
12518,-13,-17,1,0,0
12519,9,-19,1,0,0
12520,18,0,1,0,0
12521,4,14,1,0,0
12522,-9,5,1,0,0
12523,-6,-6,1,0,0
12524,2,-4,1,0,0
12525,1,-1,1,0,0
12526,0,0,1,0,0
12527,0,0,1,0,0
12528,3,-1,1,0,0
12529,5,7,1,0,0
12530,-6,10,1,0,0
12531,-15,-3,1,0,0
12532,-1,-17,1,0,0
12533,18,-8,1,0,0
12534,16,14,1,0,0
12535,-4,22,1,0,0
12536,-20,8,1,0,0
12537,-16,-12,1,0,0
12538,2,-20,1,0,0
12539,17,-11,1,0,0
12540,21,7,1,0,0
12541,10,20,1,0,0
12542,-6,22,1,0,0
12543,-18,12,1,0,0
12544,-21,-3,1,0,0
12545,-15,-15,1,0,0
12546,-4,-20,1,0,0
12547,7,-19,1,0,0
12548,16,-12,1,0,0
12549,20,-4,1,0,0
12550,21,5,1,0,0
12551,18,12,1,0,0
12552,13,17,1,0,0
12553,8,20,1,0,0
12554,4,22,1,0,0
12555,0,22,1,0,0
12556,-4,22,1,0,0
12557,-5,21,1,0,0
12558,-5,19,1,0,0
12559,-5,15,1,0,0
12560,-4,12,1,0,0
12561,-2,8,1,0,0
12562,0,4,1,0,0
12563,0,2,1,0,0
12564,0,0,1,0,0
12565,2,0,1,0,0
12566,4,0,1,0,0
12567,8,2,1,0,0
12568,12,4,1,0,0
12569,15,5,1,0,0
12570,19,5,1,0,0
12571,21,5,1,0,0
12572,22,4,1,0,0
12573,22,0,1,0,0
12574,22,-4,1,0,0
12575,20,-8,1,0,0
12576,17,-13,1,0,0
12577,12,-18,1,0,0
12578,5,-21,1,0,0
12579,-4,-20,1,0,0
12580,-12,-16,1,0,0
12581,-19,-7,1,0,0
12582,-20,4,1,0,0
12583,-15,15,1,0,0
12584,-3,21,1,0,0
12585,12,18,1,0,0
12586,22,6,1,0,0
12587,20,-10,1,0,0
12588,7,-21,1,0,0
12589,-11,-17,1,0,0
12590,-20,-2,1,0,0
12591,-12,16,1,0,0
12592,8,20,1,0,0
12593,22,4,1,0,0
12594,14,-16,1,0,0
12595,-8,-18,1,0,0
12596,-17,1,1,0,0
12597,-3,15,1,0,0
12598,10,6,1,0,0
12599,7,-5,1,0,0
12600,-1,-3,1,0,0
12601,0,0,1,0,0
12602,0,0,1,0,0
12603,0,0,1,0,0
12604,0,0,1,0,0
12605,0,0,1,0,0
12606,0,0,1,0,0
12607,0,0,1,0,0
12608,0,0,1,0,0
12609,0,0,1,0,0
12610,0,0,1,0,0
12611,0,0,1,0,0
12612,0,0,1,0,0
12613,0,0,1,0,0
12614,0,0,1,0,0
12615,0,0,1,0,0
12616,0,0,1,0,0
12617,0,0,1,0,0
12618,0,0,1,0,0
12619,0,0,1,0,0
12620,0,0,1,0,0
12621,0,0,1,0,0
12622,0,0,1,0,0
12623,0,0,1,0,0
12624,0,0,1,0,0
12625,0,0,1,0,0
12626,0,0,1,0,0
12627,0,0,1,0,0
12628,0,0,1,0,0
12629,0,0,1,0,0
12630,0,0,1,0,0
12631,0,0,1,0,0
12632,0,0,1,0,0
12633,0,0,1,0,0
12634,0,0,1,0,0
12635,0,0,1,0,0
12636,0,0,1,0,0
12637,0,0,1,0,0
12638,0,0,1,0,0
12639,0,0,1,0,0
12640,0,0,1,0,0
12641,0,0,1,0,0
12642,0,0,1,0,0
12643,0,0,1,0,0
12644,0,0,1,0,0
12645,0,0,1,0,0
12646,0,0,1,0,0
12647,0,0,1,0,0
12648,0,0,1,0,0
12649,0,0,1,0,0
12650,0,0,1,0,0
12651,0,0,1,0,0
12652,0,0,1,0,0
12653,0,0,1,0,0
12654,0,0,1,0,0
12655,0,0,1,0,0
12656,0,0,1,0,0
12657,0,0,1,0,0
12658,0,0,1,0,0
12659,0,0,1,0,0
12660,0,0,1,0,0
12661,0,0,1,0,0
12662,0,0,1,0,0
12663,0,0,1,0,0
12664,0,0,1,0,0
12665,0,0,1,0,0
12666,0,0,1,0,0
12667,0,0,1,0,0
12668,0,0,1,0,0
12669,0,0,1,0,0
12670,0,0,1,0,0
12671,0,0,1,0,0
12672,0,0,1,0,0
12673,1,1,1,0,0
12674,4,2,1,0,0
12675,6,-6,1,0,0
12676,-5,-9,1,0,0
12677,-14,4,1,0,0
12678,0,18,1,0,0
12679,19,9,1,0,0
12680,17,-13,1,0,0
12681,-3,-21,1,0,0
12682,-19,-7,1,0,0
12683,-15,13,1,0,0
12684,3,21,1,0,0
12685,18,12,1,0,0
12686,22,-6,1,0,0
12687,11,-19,1,0,0
12688,-5,-21,1,0,0
12689,-17,-11,1,0,0
12690,-20,4,1,0,0
12691,-15,15,1,0,0
12692,-3,21,1,0,0
12693,8,20,1,0,0
12694,17,13,1,0,0
12695,21,5,1,0,0
12696,22,-4,1,0,0
12697,19,-11,1,0,0
12698,14,-16,1,0,0
12699,9,-19,1,0,0
12700,5,-21,1,0,0
12701,1,-21,1,0,0
12702,-3,-21,1,0,0
12703,-4,-20,1,0,0
12704,-4,-18,1,0,0
12705,-4,-14,1,0,0
12706,-3,-11,1,0,0
12707,-1,-7,1,0,0
12708,1,-3,1,0,0
12709,1,-1,1,0,0
12710,0,0,1,0,0
12711,-1,1,1,0,0
12712,-1,3,1,0,0
12713,1,7,1,0,0
12714,3,11,1,0,0
12715,4,14,1,0,0
12716,4,18,1,0,0
12717,4,20,1,0,0
12718,3,21,1,0,0
12719,-1,21,1,0,0
12720,-5,21,1,0,0
12721,-9,19,1,0,0
12722,-14,16,1,0,0
12723,-19,11,1,0,0
12724,-22,4,1,0,0
12725,-21,-5,1,0,0
12726,-17,-13,1,0,0
12727,-8,-20,1,0,0
12728,3,-21,1,0,0
12729,15,-15,1,0,0
12730,20,-4,1,0,0
12731,17,11,1,0,0
12732,5,21,1,0,0
12733,-11,19,1,0,0
12734,-22,6,1,0,0
12735,-18,-12,1,0,0
12736,-3,-21,1,0,0
12737,15,-13,1,0,0
12738,19,7,1,0,0
12739,3,21,1,0,0
12740,-17,13,1,0,0
12741,-19,-9,1,0,0
12742,0,-18,1,0,0
12743,14,-4,1,0,0
12744,5,9,1,0,0
12745,-6,6,1,0,0
12746,-4,-2,1,0,0
12747,-1,-1,1,0,0
12748,0,0,1,0,0
12749,0,0,1,0,0
12750,-1,-3,1,0,0
12751,7,-5,1,0,0
12752,10,6,1,0,0
12753,-3,15,1,0,0
12754,-17,1,1,0,0
12755,-8,-18,1,0,0
12756,14,-16,1,0,0
12757,22,4,1,0,0
12758,8,20,1,0,0
12759,-12,16,1,0,0
12760,-20,-2,1,0,0
12761,-11,-17,1,0,0
12762,7,-21,1,0,0
12763,20,-10,1,0,0
12764,22,6,1,0,0
12765,12,18,1,0,0
12766,-3,21,1,0,0
12767,-15,15,1,0,0
12768,-20,4,1,0,0
12769,-19,-7,1,0,0
12770,-12,-16,1,0,0
12771,-4,-20,1,0,0
12772,5,-21,1,0,0
12773,12,-18,1,0,0
12774,17,-13,1,0,0
12775,20,-8,1,0,0
12776,22,-4,1,0,0
12777,22,0,1,0,0
12778,22,4,1,0,0
12779,21,5,1,0,0
12780,19,5,1,0,0
12781,15,5,1,0,0
12782,12,4,1,0,0
12783,8,2,1,0,0
12784,4,0,1,0,0
12785,2,0,1,0,0
12786,0,0,1,0,0
12787,0,-2,1,0,0
12788,0,-4,1,0,0
12789,2,-8,1,0,0
12790,4,-12,1,0,0
12791,5,-15,1,0,0
12792,5,-19,1,0,0
12793,5,-21,1,0,0
12794,4,-22,1,0,0
12795,0,-22,1,0,0
12796,-4,-22,1,0,0
12797,-8,-20,1,0,0
12798,-13,-17,1,0,0
12799,-18,-12,1,0,0
12800,-21,-5,1,0,0
12801,-20,4,1,0,0
12802,-16,12,1,0,0
12803,-7,19,1,0,0
12804,4,20,1,0,0
12805,15,15,1,0,0
12806,21,3,1,0,0
12807,18,-12,1,0,0
12808,6,-22,1,0,0
12809,-10,-20,1,0,0
12810,-21,-7,1,0,0
12811,-17,11,1,0,0
12812,-2,20,1,0,0
12813,16,12,1,0,0
12814,20,-8,1,0,0
12815,4,-22,1,0,0
12816,-16,-14,1,0,0
12817,-18,8,1,0,0
12818,1,17,1,0,0
12819,15,3,1,0,0
12820,6,-10,1,0,0
12821,-5,-7,1,0,0
12822,-3,1,1,0,0
12823,0,0,1,0,0
12824,0,0,1,0,0
12825,0,0,1,0,0
12826,0,0,1,0,0
12827,0,0,1,0,0
12828,0,0,1,0,0
12829,0,0,1,0,0
12830,0,0,1,0,0
12831,0,0,1,0,0
12832,0,0,1,0,0
12833,0,0,1,0,0
12834,0,0,1,0,0
12835,1,1,1,0,0
12836,4,2,1,0,0
12837,6,-6,1,0,0
12838,-5,-9,1,0,0
12839,-14,4,1,0,0
12840,0,18,1,0,0
12841,19,9,1,0,0
12842,17,-13,1,0,0
12843,-3,-21,1,0,0
12844,-19,-7,1,0,0
12845,-15,13,1,0,0
12846,3,21,1,0,0
12847,18,12,1,0,0
12848,22,-6,1,0,0
12849,11,-19,1,0,0
12850,-5,-21,1,0,0
12851,-17,-11,1,0,0
12852,-20,4,1,0,0
12853,-15,15,1,0,0
12854,-3,21,1,0,0
12855,8,20,1,0,0
12856,17,13,1,0,0
12857,21,5,1,0,0
12858,22,-4,1,0,0
12859,19,-11,1,0,0
12860,14,-16,1,0,0
12861,9,-19,1,0,0
12862,5,-21,1,0,0
12863,1,-21,1,0,0
12864,-3,-21,1,0,0
12865,-4,-20,1,0,0
12866,-4,-18,1,0,0
12867,-4,-14,1,0,0
12868,-3,-11,1,0,0
12869,-1,-7,1,0,0
12870,1,-3,1,0,0
12871,1,-1,1,0,0
12872,0,0,1,0,0
12873,-1,1,1,0,0
12874,-1,3,1,0,0
12875,1,7,1,0,0
12876,3,11,1,0,0
12877,4,14,1,0,0
12878,4,18,1,0,0
12879,4,20,1,0,0
12880,3,21,1,0,0
12881,-1,21,1,0,0
12882,-5,21,1,0,0
12883,-9,19,1,0,0
12884,-14,16,1,0,0
12885,-19,11,1,0,0
12886,-22,4,1,0,0
12887,-21,-5,1,0,0
12888,-17,-13,1,0,0
12889,-8,-20,1,0,0
12890,3,-21,1,0,0
12891,15,-15,1,0,0
12892,20,-4,1,0,0
12893,17,11,1,0,0
12894,5,21,1,0,0
12895,-11,19,1,0,0
12896,-22,6,1,0,0
12897,-18,-12,1,0,0
12898,-3,-21,1,0,0
12899,15,-13,1,0,0
12900,19,7,1,0,0
12901,3,21,1,0,0
12902,-17,13,1,0,0
12903,-19,-9,1,0,0
12904,0,-18,1,0,0
12905,14,-4,1,0,0
12906,5,9,1,0,0
12907,-6,6,1,0,0
12908,-4,-2,1,0,0
12909,-1,-1,1,0,0
12910,0,0,1,0,0
12911,0,0,1,0,0
12912,-3,1,1,0,0
12913,-5,-7,1,0,0
12914,6,-10,1,0,0
12915,15,3,1,0,0
12916,1,17,1,0,0
12917,-18,8,1,0,0
12918,-16,-14,1,0,0
12919,4,-22,1,0,0
12920,20,-8,1,0,0
12921,16,12,1,0,0
12922,-2,20,1,0,0
12923,-17,11,1,0,0
12924,-21,-7,1,0,0
12925,-10,-20,1,0,0
12926,6,-22,1,0,0
12927,18,-12,1,0,0
12928,21,3,1,0,0
12929,15,15,1,0,0
12930,4,20,1,0,0
12931,-7,19,1,0,0
12932,-16,12,1,0,0
12933,-20,4,1,0,0
12934,-21,-5,1,0,0
12935,-18,-12,1,0,0
12936,-13,-17,1,0,0
12937,-8,-20,1,0,0
12938,-4,-22,1,0,0
12939,0,-22,1,0,0
12940,4,-22,1,0,0
12941,5,-21,1,0,0
12942,5,-19,1,0,0
12943,5,-15,1,0,0
12944,4,-12,1,0,0
12945,2,-8,1,0,0
12946,0,-4,1,0,0
12947,0,-2,1,0,0
12948,0,0,1,0,0
12949,-2,0,1,0,0
12950,-4,0,1,0,0
12951,-8,-2,1,0,0
12952,-12,-4,1,0,0
12953,-15,-5,1,0,0
12954,-19,-5,1,0,0
12955,-21,-5,1,0,0
12956,-22,-4,1,0,0
12957,-22,0,1,0,0
12958,-22,4,1,0,0
12959,-20,8,1,0,0
12960,-17,13,1,0,0
12961,-12,18,1,0,0
12962,-5,21,1,0,0
12963,4,20,1,0,0
12964,12,16,1,0,0
12965,19,7,1,0,0
12966,20,-4,1,0,0
12967,15,-15,1,0,0
12968,3,-21,1,0,0
12969,-12,-18,1,0,0
12970,-22,-6,1,0,0
12971,-20,10,1,0,0
12972,-7,21,1,0,0
12973,11,17,1,0,0
12974,20,2,1,0,0
12975,12,-16,1,0,0
12976,-8,-20,1,0,0
12977,-22,-4,1,0,0
12978,-14,16,1,0,0
12979,8,18,1,0,0
12980,17,-1,1,0,0
12981,3,-15,1,0,0
12982,-10,-6,1,0,0
12983,-7,5,1,0,0
12984,1,3,1,0,0
12985,0,0,1,0,0
12986,0,0,1,0,0
12987,0,0,1,0,0
12988,0,0,1,0,0
12989,0,0,1,0,0
12990,0,0,1,0,0
12991,0,0,1,0,0
12992,0,0,1,0,0
12993,0,0,1,0,0
12994,0,0,1,0,0
12995,0,0,1,0,0
12996,0,0,1,0,0
12997,0,0,1,0,0
12998,0,0,1,0,0
12999,0,0,1,0,0
13000,0,0,1,0,0
13001,0,0,1,0,0
13002,0,0,1,0,0
13003,0,0,1,0,0
13004,0,0,1,0,0
13005,0,0,1,0,0
13006,0,0,1,0,0
13007,0,0,1,0,0
13008,0,0,1,0,0
13009,0,0,1,0,0
13010,0,0,1,0,0
13011,0,0,1,0,0
13012,0,0,1,0,0
13013,0,0,1,0,0
13014,0,0,1,0,0
13015,0,0,1,0,0
13016,0,0,1,0,0
13017,0,0,1,0,0
13018,0,0,1,0,0
13019,0,0,1,0,0
13020,0,0,1,0,0
13021,0,0,1,0,0
13022,0,0,1,0,0
13023,0,0,1,0,0
13024,0,0,1,0,0
13025,0,0,1,0,0
13026,0,0,1,0,0
13027,0,0,1,0,0
13028,0,0,1,0,0
13029,0,0,1,0,0
13030,0,0,1,0,0
13031,0,0,1,0,0
13032,0,0,1,0,0
13033,0,0,1,0,0
13034,0,0,1,0,0
13035,0,0,1,0,0
13036,0,0,1,0,0
13037,0,0,1,0,0
13038,0,0,1,0,0
13039,0,0,1,0,0
13040,0,0,1,0,0
13041,0,0,1,0,0
13042,0,0,1,0,0
13043,0,0,1,0,0
13044,0,0,1,0,0
13045,0,0,1,0,0
13046,0,0,1,0,0
13047,0,0,1,0,0
13048,0,0,1,0,0
13049,0,0,1,0,0
13050,0,0,1,0,0
13051,0,0,1,0,0
13052,0,0,1,0,0
13053,0,0,1,0,0
13054,0,0,1,0,0
13055,0,0,1,0,0
13056,0,0,1,0,0
13057,1,-1,1,0,0
13058,2,-4,1,0,0
13059,-6,-6,1,0,0
13060,-9,5,1,0,0
13061,4,14,1,0,0
13062,18,0,1,0,0
13063,9,-19,1,0,0
13064,-13,-17,1,0,0
13065,-21,3,1,0,0
13066,-7,19,1,0,0
13067,13,15,1,0,0
13068,21,-3,1,0,0
13069,12,-18,1,0,0
13070,-6,-22,1,0,0
13071,-19,-11,1,0,0
13072,-21,5,1,0,0
13073,-11,17,1,0,0
13074,4,20,1,0,0
13075,15,15,1,0,0
13076,21,3,1,0,0
13077,20,-8,1,0,0
13078,13,-17,1,0,0
13079,5,-21,1,0,0
13080,-4,-22,1,0,0
13081,-11,-19,1,0,0
13082,-16,-14,1,0,0
13083,-19,-9,1,0,0
13084,-21,-5,1,0,0
13085,-21,-1,1,0,0
13086,-21,3,1,0,0
13087,-20,4,1,0,0
13088,-18,4,1,0,0
13089,-14,4,1,0,0
13090,-11,3,1,0,0
13091,-7,1,1,0,0
13092,-3,-1,1,0,0
13093,-1,-1,1,0,0
13094,0,0,1,0,0
13095,1,1,1,0,0
13096,3,1,1,0,0
13097,7,-1,1,0,0
13098,11,-3,1,0,0
13099,14,-4,1,0,0
13100,18,-4,1,0,0
13101,20,-4,1,0,0
13102,21,-3,1,0,0
13103,21,1,1,0,0
13104,21,5,1,0,0
13105,19,9,1,0,0
13106,16,14,1,0,0
13107,11,19,1,0,0
13108,4,22,1,0,0
13109,-5,21,1,0,0
13110,-13,17,1,0,0
13111,-20,8,1,0,0
13112,-21,-3,1,0,0
13113,-15,-15,1,0,0
13114,-4,-20,1,0,0
13115,11,-17,1,0,0
13116,21,-5,1,0,0
13117,19,11,1,0,0
13118,6,22,1,0,0
13119,-12,18,1,0,0
13120,-21,3,1,0,0
13121,-13,-15,1,0,0
13122,7,-19,1,0,0
13123,21,-3,1,0,0
13124,13,17,1,0,0
13125,-9,19,1,0,0
13126,-18,0,1,0,0
13127,-4,-14,1,0,0
13128,9,-5,1,0,0
13129,6,6,1,0,0
13130,-2,4,1,0,0
13131,-1,1,1,0,0
13132,0,0,1,0,0
13133,0,0,1,0,0
13134,3,-1,1,0,0
13135,5,7,1,0,0
13136,-6,10,1,0,0
13137,-15,-3,1,0,0
13138,-1,-17,1,0,0
13139,18,-8,1,0,0
13140,16,14,1,0,0
13141,-4,22,1,0,0
13142,-20,8,1,0,0
13143,-16,-12,1,0,0
13144,2,-20,1,0,0
13145,17,-11,1,0,0
13146,21,7,1,0,0
13147,10,20,1,0,0
13148,-6,22,1,0,0
13149,-18,12,1,0,0
13150,-21,-3,1,0,0
13151,-15,-15,1,0,0
13152,-4,-20,1,0,0
13153,7,-19,1,0,0
13154,16,-12,1,0,0
13155,20,-4,1,0,0
13156,21,5,1,0,0
13157,18,12,1,0,0
13158,13,17,1,0,0
13159,8,20,1,0,0
13160,4,22,1,0,0
13161,0,22,1,0,0
13162,-4,22,1,0,0
13163,-5,21,1,0,0
13164,-5,19,1,0,0
13165,-5,15,1,0,0
13166,-4,12,1,0,0
13167,-2,8,1,0,0
13168,0,4,1,0,0
13169,0,2,1,0,0
13170,0,0,1,0,0
13171,-2,0,1,0,0
13172,-4,0,1,0,0
13173,-8,-2,1,0,0
13174,-12,-4,1,0,0
13175,-15,-5,1,0,0
13176,-19,-5,1,0,0
13177,-21,-5,1,0,0
13178,-22,-4,1,0,0
13179,-22,0,1,0,0
13180,-22,4,1,0,0
13181,-20,8,1,0,0
13182,-17,13,1,0,0
13183,-12,18,1,0,0
13184,-5,21,1,0,0
13185,4,20,1,0,0
13186,12,16,1,0,0
13187,19,7,1,0,0
13188,20,-4,1,0,0
13189,15,-15,1,0,0
13190,3,-21,1,0,0
13191,-12,-18,1,0,0
13192,-22,-6,1,0,0
13193,-20,10,1,0,0
13194,-7,21,1,0,0
13195,11,17,1,0,0
13196,20,2,1,0,0
13197,12,-16,1,0,0
13198,-8,-20,1,0,0
13199,-22,-4,1,0,0
13200,-14,16,1,0,0
13201,8,18,1,0,0
13202,17,-1,1,0,0
13203,3,-15,1,0,0
13204,-10,-6,1,0,0
13205,-7,5,1,0,0
13206,1,3,1,0,0
13207,0,0,1,0,0
13208,0,0,1,0,0
13209,0,0,1,0,0
13210,0,0,1,0,0
13211,0,0,1,0,0
13212,0,0,1,0,0
13213,0,0,1,0,0
13214,0,0,1,0,0
13215,0,0,1,0,0
13216,0,0,1,0,0
13217,0,0,1,0,0
13218,0,0,1,0,0
13219,-1,-1,1,0,0
13220,-4,-2,1,0,0
13221,-6,6,1,0,0
13222,5,9,1,0,0
13223,14,-4,1,0,0
13224,0,-18,1,0,0
13225,-19,-9,1,0,0
13226,-17,13,1,0,0
13227,3,21,1,0,0
13228,19,7,1,0,0
13229,15,-13,1,0,0
13230,-3,-21,1,0,0
13231,-18,-12,1,0,0
13232,-22,6,1,0,0
13233,-11,19,1,0,0
13234,5,21,1,0,0
13235,17,11,1,0,0
13236,20,-4,1,0,0
13237,15,-15,1,0,0
13238,3,-21,1,0,0
13239,-8,-20,1,0,0
13240,-17,-13,1,0,0
13241,-21,-5,1,0,0
13242,-22,4,1,0,0
13243,-19,11,1,0,0
13244,-14,16,1,0,0
13245,-9,19,1,0,0
13246,-5,21,1,0,0
13247,-1,21,1,0,0
13248,3,21,1,0,0
13249,4,20,1,0,0
13250,4,18,1,0,0
13251,4,14,1,0,0
13252,3,11,1,0,0
13253,1,7,1,0,0
13254,-1,3,1,0,0
13255,-1,1,1,0,0
13256,0,0,1,0,0
13257,1,-1,1,0,0
13258,1,-3,1,0,0
13259,-1,-7,1,0,0
13260,-3,-11,1,0,0
13261,-4,-14,1,0,0
13262,-4,-18,1,0,0
13263,-4,-20,1,0,0
13264,-3,-21,1,0,0
13265,1,-21,1,0,0
13266,5,-21,1,0,0
13267,9,-19,1,0,0
13268,14,-16,1,0,0
13269,19,-11,1,0,0
13270,22,-4,1,0,0
13271,21,5,1,0,0
13272,17,13,1,0,0
13273,8,20,1,0,0
13274,-3,21,1,0,0
13275,-15,15,1,0,0
13276,-20,4,1,0,0
13277,-17,-11,1,0,0
13278,-5,-21,1,0,0
13279,11,-19,1,0,0
13280,22,-6,1,0,0
13281,18,12,1,0,0
13282,3,21,1,0,0
13283,-15,13,1,0,0
13284,-19,-7,1,0,0
13285,-3,-21,1,0,0
13286,17,-13,1,0,0
13287,19,9,1,0,0
13288,0,18,1,0,0
13289,-14,4,1,0,0
13290,-5,-9,1,0,0
13291,6,-6,1,0,0
13292,4,2,1,0,0
13293,1,1,1,0,0
13294,0,0,1,0,0
13295,0,0,1,0,0
13296,1,3,1,0,0
13297,-7,5,1,0,0
13298,-10,-6,1,0,0
13299,3,-15,1,0,0
13300,17,-1,1,0,0
13301,8,18,1,0,0
13302,-14,16,1,0,0
13303,-22,-4,1,0,0
13304,-8,-20,1,0,0
13305,12,-16,1,0,0
13306,20,2,1,0,0
13307,11,17,1,0,0
13308,-7,21,1,0,0
13309,-20,10,1,0,0
13310,-22,-6,1,0,0
13311,-12,-18,1,0,0
13312,3,-21,1,0,0
13313,15,-15,1,0,0
13314,20,-4,1,0,0
13315,19,7,1,0,0
13316,12,16,1,0,0
13317,4,20,1,0,0
13318,-5,21,1,0,0
13319,-12,18,1,0,0
13320,-17,13,1,0,0
13321,-20,8,1,0,0
13322,-22,4,1,0,0
13323,-22,0,1,0,0
13324,-22,-4,1,0,0
13325,-21,-5,1,0,0
13326,-19,-5,1,0,0
13327,-15,-5,1,0,0
13328,-12,-4,1,0,0
13329,-8,-2,1,0,0
13330,-4,0,1,0,0
13331,-2,0,1,0,0
13332,0,0,1,0,0
13333,-2,0,1,0,0
13334,-4,0,1,0,0
13335,-8,-2,1,0,0
13336,-12,-4,1,0,0
13337,-15,-5,1,0,0
13338,-19,-5,1,0,0
13339,-21,-5,1,0,0
13340,-22,-4,1,0,0
13341,-22,0,1,0,0
13342,-22,4,1,0,0
13343,-20,8,1,0,0
13344,-17,13,1,0,0
13345,-12,18,1,0,0
13346,-5,21,1,0,0
13347,4,20,1,0,0
13348,12,16,1,0,0
13349,19,7,1,0,0
13350,20,-4,1,0,0
13351,15,-15,1,0,0
13352,3,-21,1,0,0
13353,-12,-18,1,0,0
13354,-22,-6,1,0,0
13355,-20,10,1,0,0
13356,-7,21,1,0,0
13357,11,17,1,0,0
13358,20,2,1,0,0
13359,12,-16,1,0,0
13360,-8,-20,1,0,0
13361,-22,-4,1,0,0
13362,-14,16,1,0,0
13363,8,18,1,0,0
13364,17,-1,1,0,0
13365,3,-15,1,0,0
13366,-10,-6,1,0,0
13367,-7,5,1,0,0
13368,1,3,1,0,0
13369,0,0,1,0,0
13370,0,0,1,0,0
13371,0,0,1,0,0
13372,0,0,1,0,0
13373,0,0,1,0,0
13374,0,0,1,0,0
13375,0,0,1,0,0
13376,0,0,1,0,0
13377,0,0,1,0,0
13378,0,0,1,0,0
13379,0,0,1,0,0
13380,0,0,1,0,0
13381,0,0,1,0,0
13382,0,0,1,0,0
13383,0,0,1,0,0
13384,0,0,1,0,0
13385,0,0,1,0,0
13386,0,0,1,0,0
13387,0,0,1,0,0
13388,0,0,1,0,0
13389,0,0,1,0,0
13390,0,0,1,0,0
13391,0,0,1,0,0
13392,0,0,1,0,0
13393,0,0,1,0,0
13394,0,0,1,0,0
13395,0,0,1,0,0
13396,0,0,1,0,0
13397,0,0,1,0,0
13398,0,0,1,0,0
13399,0,0,1,0,0
13400,0,0,1,0,0
13401,0,0,1,0,0
13402,0,0,1,0,0
13403,0,0,1,0,0
13404,0,0,1,0,0
13405,0,0,1,0,0
13406,0,0,1,0,0
13407,0,0,1,0,0
13408,0,0,1,0,0
13409,0,0,1,0,0
13410,0,0,1,0,0
13411,0,0,1,0,0
13412,0,0,1,0,0
13413,0,0,1,0,0
13414,0,0,1,0,0
13415,0,0,1,0,0
13416,0,0,1,0,0
13417,0,0,1,0,0
13418,0,0,1,0,0
13419,0,0,1,0,0
13420,0,0,1,0,0
13421,0,0,1,0,0
13422,0,0,1,0,0
13423,0,0,1,0,0
13424,0,0,1,0,0
13425,0,0,1,0,0
13426,0,0,1,0,0
13427,0,0,1,0,0
13428,0,0,1,0,0
13429,0,0,1,0,0
13430,0,0,1,0,0
13431,0,0,1,0,0
13432,0,0,1,0,0
13433,0,0,1,0,0
13434,0,0,1,0,0
13435,0,0,1,0,0
13436,0,0,1,0,0
13437,0,0,1,0,0
13438,0,0,1,0,0
13439,0,0,1,0,0
13440,0,0,1,0,0
13441,1,1,1,0,0
13442,4,2,1,0,0
13443,6,-6,1,0,0
13444,-5,-9,1,0,0
13445,-14,4,1,0,0
13446,0,18,1,0,0
13447,19,9,1,0,0
13448,17,-13,1,0,0
13449,-3,-21,1,0,0
13450,-19,-7,1,0,0
13451,-15,13,1,0,0
13452,3,21,1,0,0
13453,18,12,1,0,0
13454,22,-6,1,0,0
13455,11,-19,1,0,0
13456,-5,-21,1,0,0
13457,-17,-11,1,0,0
13458,-20,4,1,0,0
13459,-15,15,1,0,0
13460,-3,21,1,0,0
13461,8,20,1,0,0
13462,17,13,1,0,0
13463,21,5,1,0,0
13464,22,-4,1,0,0
13465,19,-11,1,0,0
13466,14,-16,1,0,0
13467,9,-19,1,0,0
13468,5,-21,1,0,0
13469,1,-21,1,0,0
13470,-3,-21,1,0,0
13471,-4,-20,1,0,0
13472,-4,-18,1,0,0
13473,-4,-14,1,0,0
13474,-3,-11,1,0,0
13475,-1,-7,1,0,0
13476,1,-3,1,0,0
13477,1,-1,1,0,0
13478,0,0,1,0,0
13479,-1,1,1,0,0
13480,-1,3,1,0,0
13481,1,7,1,0,0
13482,3,11,1,0,0
13483,4,14,1,0,0
13484,4,18,1,0,0
13485,4,20,1,0,0
13486,3,21,1,0,0
13487,-1,21,1,0,0
13488,-5,21,1,0,0
13489,-9,19,1,0,0
13490,-14,16,1,0,0
13491,-19,11,1,0,0
13492,-22,4,1,0,0
13493,-21,-5,1,0,0
13494,-17,-13,1,0,0
13495,-8,-20,1,0,0
13496,3,-21,1,0,0
13497,15,-15,1,0,0
13498,20,-4,1,0,0
13499,17,11,1,0,0
13500,5,21,1,0,0
13501,-11,19,1,0,0
13502,-22,6,1,0,0
13503,-18,-12,1,0,0
13504,-3,-21,1,0,0
13505,15,-13,1,0,0
13506,19,7,1,0,0
13507,3,21,1,0,0
13508,-17,13,1,0,0
13509,-19,-9,1,0,0
13510,0,-18,1,0,0
13511,14,-4,1,0,0
13512,5,9,1,0,0
13513,-6,6,1,0,0
13514,-4,-2,1,0,0
13515,-1,-1,1,0,0
13516,0,0,1,0,0
13517,0,0,1,0,0
13518,-3,1,1,0,0
13519,-5,-7,1,0,0
13520,6,-10,1,0,0
13521,15,3,1,0,0
13522,1,17,1,0,0
13523,-18,8,1,0,0
13524,-16,-14,1,0,0
13525,4,-22,1,0,0
13526,20,-8,1,0,0
13527,16,12,1,0,0
13528,-2,20,1,0,0
13529,-17,11,1,0,0
13530,-21,-7,1,0,0
13531,-10,-20,1,0,0
13532,6,-22,1,0,0
13533,18,-12,1,0,0
13534,21,3,1,0,0
13535,15,15,1,0,0
13536,4,20,1,0,0
13537,-7,19,1,0,0
13538,-16,12,1,0,0
13539,-20,4,1,0,0
13540,-21,-5,1,0,0
13541,-18,-12,1,0,0
13542,-13,-17,1,0,0
13543,-8,-20,1,0,0
13544,-4,-22,1,0,0
13545,0,-22,1,0,0
13546,4,-22,1,0,0
13547,5,-21,1,0,0
13548,5,-19,1,0,0
13549,5,-15,1,0,0
13550,4,-12,1,0,0
13551,2,-8,1,0,0
13552,0,-4,1,0,0
13553,0,-2,1,0,0
13554,0,0,1,0,0
13555,0,2,1,0,0
13556,0,4,1,0,0
13557,-2,8,1,0,0
13558,-4,12,1,0,0
13559,-5,15,1,0,0
13560,-5,19,1,0,0
13561,-5,21,1,0,0
13562,-4,22,1,0,0
13563,0,22,1,0,0
13564,4,22,1,0,0
13565,8,20,1,0,0
13566,13,17,1,0,0
13567,18,12,1,0,0
13568,21,5,1,0,0
13569,20,-4,1,0,0
13570,16,-12,1,0,0
13571,7,-19,1,0,0
13572,-4,-20,1,0,0
13573,-15,-15,1,0,0
13574,-21,-3,1,0,0
13575,-18,12,1,0,0
13576,-6,22,1,0,0
13577,10,20,1,0,0
13578,21,7,1,0,0
13579,17,-11,1,0,0
13580,2,-20,1,0,0
13581,-16,-12,1,0,0
13582,-20,8,1,0,0
13583,-4,22,1,0,0
13584,16,14,1,0,0
13585,18,-8,1,0,0
13586,-1,-17,1,0,0
13587,-15,-3,1,0,0
13588,-6,10,1,0,0
13589,5,7,1,0,0
13590,3,-1,1,0,0
13591,0,0,1,0,0
13592,0,0,1,0,0
13593,0,0,1,0,0
13594,0,0,1,0,0
13595,0,0,1,0,0
13596,0,0,1,0,0
13597,0,0,1,0,0
13598,0,0,1,0,0
13599,0,0,1,0,0
13600,0,0,1,0,0
13601,0,0,1,0,0
13602,0,0,1,0,0
13603,1,1,1,0,0
13604,4,2,1,0,0
13605,6,-6,1,0,0
13606,-5,-9,1,0,0
13607,-14,4,1,0,0
13608,0,18,1,0,0
13609,19,9,1,0,0
13610,17,-13,1,0,0
13611,-3,-21,1,0,0
13612,-19,-7,1,0,0
13613,-15,13,1,0,0
13614,3,21,1,0,0
13615,18,12,1,0,0
13616,22,-6,1,0,0
13617,11,-19,1,0,0
13618,-5,-21,1,0,0
13619,-17,-11,1,0,0
13620,-20,4,1,0,0
13621,-15,15,1,0,0
13622,-3,21,1,0,0
13623,8,20,1,0,0
13624,17,13,1,0,0
13625,21,5,1,0,0
13626,22,-4,1,0,0
13627,19,-11,1,0,0
13628,14,-16,1,0,0
13629,9,-19,1,0,0
13630,5,-21,1,0,0
13631,1,-21,1,0,0
13632,-3,-21,1,0,0
13633,-4,-20,1,0,0
13634,-4,-18,1,0,0
13635,-4,-14,1,0,0
13636,-3,-11,1,0,0
13637,-1,-7,1,0,0
13638,1,-3,1,0,0
13639,1,-1,1,0,0
13640,0,0,1,0,0
13641,-1,1,1,0,0
13642,-1,3,1,0,0
13643,1,7,1,0,0
13644,3,11,1,0,0
13645,4,14,1,0,0
13646,4,18,1,0,0
13647,4,20,1,0,0
13648,3,21,1,0,0
13649,-1,21,1,0,0
13650,-5,21,1,0,0
13651,-9,19,1,0,0
13652,-14,16,1,0,0
13653,-19,11,1,0,0
13654,-22,4,1,0,0
13655,-21,-5,1,0,0
13656,-17,-13,1,0,0
13657,-8,-20,1,0,0
13658,3,-21,1,0,0
13659,15,-15,1,0,0
13660,20,-4,1,0,0
13661,17,11,1,0,0
13662,5,21,1,0,0
13663,-11,19,1,0,0
13664,-22,6,1,0,0
13665,-18,-12,1,0,0
13666,-3,-21,1,0,0
13667,15,-13,1,0,0
13668,19,7,1,0,0
13669,3,21,1,0,0
13670,-17,13,1,0,0
13671,-19,-9,1,0,0
13672,0,-18,1,0,0
13673,14,-4,1,0,0
13674,5,9,1,0,0
13675,-6,6,1,0,0
13676,-4,-2,1,0,0
13677,-1,-1,1,0,0
13678,0,0,1,0,0
13679,0,0,1,0,0
13680,-1,-3,1,0,0
13681,7,-5,1,0,0
13682,10,6,1,0,0
13683,-3,15,1,0,0
13684,-17,1,1,0,0
13685,-8,-18,1,0,0
13686,14,-16,1,0,0
13687,22,4,1,0,0
13688,8,20,1,0,0
13689,-12,16,1,0,0
13690,-20,-2,1,0,0
13691,-11,-17,1,0,0
13692,7,-21,1,0,0
13693,20,-10,1,0,0
13694,22,6,1,0,0
13695,12,18,1,0,0
13696,-3,21,1,0,0
13697,-15,15,1,0,0
13698,-20,4,1,0,0
13699,-19,-7,1,0,0
13700,-12,-16,1,0,0
13701,-4,-20,1,0,0
13702,5,-21,1,0,0
13703,12,-18,1,0,0
13704,17,-13,1,0,0
13705,20,-8,1,0,0
13706,22,-4,1,0,0
13707,22,0,1,0,0
13708,22,4,1,0,0
13709,21,5,1,0,0
13710,19,5,1,0,0
13711,15,5,1,0,0
13712,12,4,1,0,0
13713,8,2,1,0,0
13714,4,0,1,0,0
13715,2,0,1,0,0
13716,0,0,1,0,0
13717,2,0,1,0,0
13718,4,0,1,0,0
13719,8,2,1,0,0
13720,12,4,1,0,0
13721,15,5,1,0,0
13722,19,5,1,0,0
13723,21,5,1,0,0
13724,22,4,1,0,0
13725,22,0,1,0,0
13726,22,-4,1,0,0
13727,20,-8,1,0,0
13728,17,-13,1,0,0
13729,12,-18,1,0,0
13730,5,-21,1,0,0
13731,-4,-20,1,0,0
13732,-12,-16,1,0,0
13733,-19,-7,1,0,0
13734,-20,4,1,0,0
13735,-15,15,1,0,0
13736,-3,21,1,0,0
13737,12,18,1,0,0
13738,22,6,1,0,0
13739,20,-10,1,0,0
13740,7,-21,1,0,0
13741,-11,-17,1,0,0
13742,-20,-2,1,0,0
13743,-12,16,1,0,0
13744,8,20,1,0,0
13745,22,4,1,0,0
13746,14,-16,1,0,0
13747,-8,-18,1,0,0
13748,-17,1,1,0,0
13749,-3,15,1,0,0
13750,10,6,1,0,0
13751,7,-5,1,0,0
13752,-1,-3,1,0,0
13753,0,0,1,0,0
13754,0,0,1,0,0
13755,0,0,1,0,0
13756,0,0,1,0,0
13757,0,0,1,0,0
13758,0,0,1,0,0
13759,0,0,1,0,0
13760,0,0,1,0,0
13761,0,0,1,0,0
13762,0,0,1,0,0
13763,0,0,1,0,0
13764,0,0,1,0,0
13765,0,0,1,0,0
13766,0,0,1,0,0
13767,0,0,1,0,0
13768,0,0,1,0,0
13769,0,0,1,0,0
13770,0,0,1,0,0
13771,0,0,1,0,0
13772,0,0,1,0,0
13773,0,0,1,0,0
13774,0,0,1,0,0
13775,0,0,1,0,0
13776,0,0,1,0,0
13777,0,0,1,0,0
13778,0,0,1,0,0
13779,0,0,1,0,0
13780,0,0,1,0,0
13781,0,0,1,0,0
13782,0,0,1,0,0
13783,0,0,1,0,0
13784,0,0,1,0,0
13785,0,0,1,0,0
13786,0,0,1,0,0
13787,0,0,1,0,0
13788,0,0,1,0,0
13789,0,0,1,0,0
13790,0,0,1,0,0
13791,0,0,1,0,0
13792,0,0,1,0,0
13793,0,0,1,0,0
13794,0,0,1,0,0
13795,0,0,1,0,0
13796,0,0,1,0,0
13797,0,0,1,0,0
13798,0,0,1,0,0
13799,0,0,1,0,0
13800,0,0,1,0,0
13801,0,0,1,0,0
13802,0,0,1,0,0
13803,0,0,1,0,0
13804,0,0,1,0,0
13805,0,0,1,0,0
13806,0,0,1,0,0
13807,0,0,1,0,0
13808,0,0,1,0,0
13809,0,0,1,0,0
13810,0,0,1,0,0
13811,0,0,1,0,0
13812,0,0,1,0,0
13813,0,0,1,0,0
13814,0,0,1,0,0
13815,0,0,1,0,0
13816,0,0,1,0,0
13817,0,0,1,0,0
13818,0,0,1,0,0
13819,0,0,1,0,0
13820,0,0,1,0,0
13821,0,0,1,0,0
13822,0,0,1,0,0
13823,0,0,1,0,0
13824,0,0,1,0,0
13825,1,-1,1,0,0
13826,2,-4,1,0,0
13827,-6,-6,1,0,0
13828,-9,5,1,0,0
13829,4,14,1,0,0
13830,18,0,1,0,0
13831,9,-19,1,0,0
13832,-13,-17,1,0,0
13833,-21,3,1,0,0
13834,-7,19,1,0,0
13835,13,15,1,0,0
13836,21,-3,1,0,0
13837,12,-18,1,0,0
13838,-6,-22,1,0,0
13839,-19,-11,1,0,0
13840,-21,5,1,0,0
13841,-11,17,1,0,0
13842,4,20,1,0,0
13843,15,15,1,0,0
13844,21,3,1,0,0
13845,20,-8,1,0,0
13846,13,-17,1,0,0
13847,5,-21,1,0,0
13848,-4,-22,1,0,0
13849,-11,-19,1,0,0
13850,-16,-14,1,0,0
13851,-19,-9,1,0,0
13852,-21,-5,1,0,0
13853,-21,-1,1,0,0
13854,-21,3,1,0,0
13855,-20,4,1,0,0
13856,-18,4,1,0,0
13857,-14,4,1,0,0
13858,-11,3,1,0,0
13859,-7,1,1,0,0
13860,-3,-1,1,0,0
13861,-1,-1,1,0,0
13862,0,0,1,0,0
13863,1,1,1,0,0
13864,3,1,1,0,0
13865,7,-1,1,0,0
13866,11,-3,1,0,0
13867,14,-4,1,0,0
13868,18,-4,1,0,0
13869,20,-4,1,0,0
13870,21,-3,1,0,0
13871,21,1,1,0,0
13872,21,5,1,0,0
13873,19,9,1,0,0
13874,16,14,1,0,0
13875,11,19,1,0,0
13876,4,22,1,0,0
13877,-5,21,1,0,0
13878,-13,17,1,0,0
13879,-20,8,1,0,0
13880,-21,-3,1,0,0
13881,-15,-15,1,0,0
13882,-4,-20,1,0,0
13883,11,-17,1,0,0
13884,21,-5,1,0,0
13885,19,11,1,0,0
13886,6,22,1,0,0
13887,-12,18,1,0,0
13888,-21,3,1,0,0
13889,-13,-15,1,0,0
13890,7,-19,1,0,0
13891,21,-3,1,0,0
13892,13,17,1,0,0
13893,-9,19,1,0,0
13894,-18,0,1,0,0
13895,-4,-14,1,0,0
13896,9,-5,1,0,0
13897,6,6,1,0,0
13898,-2,4,1,0,0
13899,-1,1,1,0,0
13900,0,0,1,0,0
13901,0,0,1,0,0
13902,1,3,1,0,0
13903,-7,5,1,0,0
13904,-10,-6,1,0,0
13905,3,-15,1,0,0
13906,17,-1,1,0,0
13907,8,18,1,0,0
13908,-14,16,1,0,0
13909,-22,-4,1,0,0
13910,-8,-20,1,0,0
13911,12,-16,1,0,0
13912,20,2,1,0,0
13913,11,17,1,0,0
13914,-7,21,1,0,0
13915,-20,10,1,0,0
13916,-22,-6,1,0,0
13917,-12,-18,1,0,0
13918,3,-21,1,0,0
13919,15,-15,1,0,0
13920,20,-4,1,0,0
13921,19,7,1,0,0
13922,12,16,1,0,0
13923,4,20,1,0,0
13924,-5,21,1,0,0
13925,-12,18,1,0,0
13926,-17,13,1,0,0
13927,-20,8,1,0,0
13928,-22,4,1,0,0
13929,-22,0,1,0,0
13930,-22,-4,1,0,0
13931,-21,-5,1,0,0
13932,-19,-5,1,0,0
13933,-15,-5,1,0,0
13934,-12,-4,1,0,0
13935,-8,-2,1,0,0
13936,-4,0,1,0,0
13937,-2,0,1,0,0
13938,0,0,1,0,0
13939,0,2,1,0,0
13940,0,4,1,0,0
13941,-2,8,1,0,0
13942,-4,12,1,0,0
13943,-5,15,1,0,0
13944,-5,19,1,0,0
13945,-5,21,1,0,0
13946,-4,22,1,0,0
13947,0,22,1,0,0
13948,4,22,1,0,0
13949,8,20,1,0,0
13950,13,17,1,0,0
13951,18,12,1,0,0
13952,21,5,1,0,0
13953,20,-4,1,0,0
13954,16,-12,1,0,0
13955,7,-19,1,0,0
13956,-4,-20,1,0,0
13957,-15,-15,1,0,0
13958,-21,-3,1,0,0
13959,-18,12,1,0,0
13960,-6,22,1,0,0
13961,10,20,1,0,0
13962,21,7,1,0,0
13963,17,-11,1,0,0
13964,2,-20,1,0,0
13965,-16,-12,1,0,0
13966,-20,8,1,0,0
13967,-4,22,1,0,0
13968,16,14,1,0,0
13969,18,-8,1,0,0
13970,-1,-17,1,0,0
13971,-15,-3,1,0,0
13972,-6,10,1,0,0
13973,5,7,1,0,0
13974,3,-1,1,0,0
13975,0,0,1,0,0
13976,0,0,1,0,0
13977,0,0,1,0,0
13978,0,0,1,0,0
13979,0,0,1,0,0
13980,0,0,1,0,0
13981,0,0,1,0,0
13982,0,0,1,0,0
13983,0,0,1,0,0
13984,0,0,1,0,0
13985,0,0,1,0,0
13986,0,0,1,0,0
13987,-1,1,1,0,0
13988,-2,4,1,0,0
13989,6,6,1,0,0
13990,9,-5,1,0,0
13991,-4,-14,1,0,0
13992,-18,0,1,0,0
13993,-9,19,1,0,0
13994,13,17,1,0,0
13995,21,-3,1,0,0
13996,7,-19,1,0,0
13997,-13,-15,1,0,0
13998,-21,3,1,0,0
13999,-12,18,1,0,0
14000,6,22,1,0,0
14001,19,11,1,0,0
14002,21,-5,1,0,0
14003,11,-17,1,0,0
14004,-4,-20,1,0,0
14005,-15,-15,1,0,0
14006,-21,-3,1,0,0
14007,-20,8,1,0,0
14008,-13,17,1,0,0
14009,-5,21,1,0,0
14010,4,22,1,0,0
14011,11,19,1,0,0
14012,16,14,1,0,0
14013,19,9,1,0,0
14014,21,5,1,0,0
14015,21,1,1,0,0
14016,21,-3,1,0,0
14017,20,-4,1,0,0
14018,18,-4,1,0,0
14019,14,-4,1,0,0
14020,11,-3,1,0,0
14021,7,-1,1,0,0
14022,3,1,1,0,0
14023,1,1,1,0,0
14024,0,0,1,0,0
14025,-1,-1,1,0,0
14026,-3,-1,1,0,0
14027,-7,1,1,0,0
14028,-11,3,1,0,0
14029,-14,4,1,0,0
14030,-18,4,1,0,0
14031,-20,4,1,0,0
14032,-21,3,1,0,0
14033,-21,-1,1,0,0
14034,-21,-5,1,0,0
14035,-19,-9,1,0,0
14036,-16,-14,1,0,0
14037,-11,-19,1,0,0
14038,-4,-22,1,0,0
14039,5,-21,1,0,0
14040,13,-17,1,0,0
14041,20,-8,1,0,0
14042,21,3,1,0,0
14043,15,15,1,0,0
14044,4,20,1,0,0
14045,-11,17,1,0,0
14046,-21,5,1,0,0
14047,-19,-11,1,0,0
14048,-6,-22,1,0,0
14049,12,-18,1,0,0
14050,21,-3,1,0,0
14051,13,15,1,0,0
14052,-7,19,1,0,0
14053,-21,3,1,0,0
14054,-13,-17,1,0,0
14055,9,-19,1,0,0
14056,18,0,1,0,0
14057,4,14,1,0,0
14058,-9,5,1,0,0
14059,-6,-6,1,0,0
14060,2,-4,1,0,0
14061,1,-1,1,0,0
14062,0,0,1,0,0
14063,0,0,1,0,0
14064,-3,1,1,0,0
14065,-5,-7,1,0,0
14066,6,-10,1,0,0
14067,15,3,1,0,0
14068,1,17,1,0,0
14069,-18,8,1,0,0
14070,-16,-14,1,0,0
14071,4,-22,1,0,0
14072,20,-8,1,0,0
14073,16,12,1,0,0
14074,-2,20,1,0,0
14075,-17,11,1,0,0
14076,-21,-7,1,0,0
14077,-10,-20,1,0,0
14078,6,-22,1,0,0
14079,18,-12,1,0,0
14080,21,3,1,0,0
14081,15,15,1,0,0
14082,4,20,1,0,0
14083,-7,19,1,0,0
14084,-16,12,1,0,0
14085,-20,4,1,0,0
14086,-21,-5,1,0,0
14087,-18,-12,1,0,0
14088,-13,-17,1,0,0
14089,-8,-20,1,0,0
14090,-4,-22,1,0,0
14091,0,-22,1,0,0
14092,4,-22,1,0,0
14093,5,-21,1,0,0
14094,5,-19,1,0,0
14095,5,-15,1,0,0
14096,4,-12,1,0,0
14097,2,-8,1,0,0
14098,0,-4,1,0,0
14099,0,-2,1,0,0
14100,0,0,1,0,0
14101,0,2,1,0,0
14102,0,4,1,0,0
14103,-2,8,1,0,0
14104,-4,12,1,0,0
14105,-5,15,1,0,0
14106,-5,19,1,0,0
14107,-5,21,1,0,0
14108,-4,22,1,0,0
14109,0,22,1,0,0
14110,4,22,1,0,0
14111,8,20,1,0,0
14112,13,17,1,0,0
14113,18,12,1,0,0
14114,21,5,1,0,0
14115,20,-4,1,0,0
14116,16,-12,1,0,0
14117,7,-19,1,0,0
14118,-4,-20,1,0,0
14119,-15,-15,1,0,0
14120,-21,-3,1,0,0
14121,-18,12,1,0,0
14122,-6,22,1,0,0
14123,10,20,1,0,0
14124,21,7,1,0,0
14125,17,-11,1,0,0
14126,2,-20,1,0,0
14127,-16,-12,1,0,0
14128,-20,8,1,0,0
14129,-4,22,1,0,0
14130,16,14,1,0,0
14131,18,-8,1,0,0
14132,-1,-17,1,0,0
14133,-15,-3,1,0,0
14134,-6,10,1,0,0
14135,5,7,1,0,0
14136,3,-1,1,0,0
14137,0,0,1,0,0
14138,0,0,1,0,0
14139,0,0,1,0,0
14140,0,0,1,0,0
14141,0,0,1,0,0
14142,0,0,1,0,0
14143,0,0,1,0,0
14144,0,0,1,0,0
14145,0,0,1,0,0
14146,0,0,1,0,0
14147,0,0,1,0,0
14148,0,0,1,0,0
14149,0,0,1,0,0
14150,0,0,1,0,0
14151,0,0,1,0,0
14152,0,0,1,0,0
14153,0,0,1,0,0
14154,0,0,1,0,0
14155,0,0,1,0,0
14156,0,0,1,0,0
14157,0,0,1,0,0
14158,0,0,1,0,0
14159,0,0,1,0,0
14160,0,0,1,0,0
14161,0,0,1,0,0
14162,0,0,1,0,0
14163,0,0,1,0,0
14164,0,0,1,0,0
14165,0,0,1,0,0
14166,0,0,1,0,0
14167,0,0,1,0,0
14168,0,0,1,0,0
14169,0,0,1,0,0
14170,0,0,1,0,0
14171,0,0,1,0,0
14172,0,0,1,0,0
14173,0,0,1,0,0
14174,0,0,1,0,0
14175,0,0,1,0,0
14176,0,0,1,0,0
14177,0,0,1,0,0
14178,0,0,1,0,0
14179,0,0,1,0,0
14180,0,0,1,0,0
14181,0,0,1,0,0
14182,0,0,1,0,0
14183,0,0,1,0,0
14184,0,0,1,0,0
14185,0,0,1,0,0
14186,0,0,1,0,0
14187,0,0,1,0,0
14188,0,0,1,0,0
14189,0,0,1,0,0
14190,0,0,1,0,0
14191,0,0,1,0,0
14192,0,0,1,0,0
14193,0,0,1,0,0
14194,0,0,1,0,0
14195,0,0,1,0,0
14196,0,0,1,0,0
14197,0,0,1,0,0
14198,0,0,1,0,0
14199,0,0,1,0,0
14200,0,0,1,0,0
14201,0,0,1,0,0
14202,0,0,1,0,0
14203,0,0,1,0,0
14204,0,0,1,0,0
14205,0,0,1,0,0
14206,0,0,1,0,0
14207,0,0,1,0,0
14208,0,0,1,0,0
14209,-1,1,1,0,0
14210,-2,4,1,0,0
14211,6,6,1,0,0
14212,9,-5,1,0,0
14213,-4,-14,1,0,0
14214,-18,0,1,0,0
14215,-9,19,1,0,0
14216,13,17,1,0,0
14217,21,-3,1,0,0
14218,7,-19,1,0,0
14219,-13,-15,1,0,0
14220,-21,3,1,0,0
14221,-12,18,1,0,0
14222,6,22,1,0,0
14223,19,11,1,0,0
14224,21,-5,1,0,0
14225,11,-17,1,0,0
14226,-4,-20,1,0,0
14227,-15,-15,1,0,0
14228,-21,-3,1,0,0
14229,-20,8,1,0,0
14230,-13,17,1,0,0
14231,-5,21,1,0,0
14232,4,22,1,0,0
14233,11,19,1,0,0
14234,16,14,1,0,0
14235,19,9,1,0,0
14236,21,5,1,0,0
14237,21,1,1,0,0
14238,21,-3,1,0,0
14239,20,-4,1,0,0
14240,18,-4,1,0,0
14241,14,-4,1,0,0
14242,11,-3,1,0,0
14243,7,-1,1,0,0
14244,3,1,1,0,0
14245,1,1,1,0,0
14246,0,0,1,0,0
14247,-1,-1,1,0,0
14248,-3,-1,1,0,0
14249,-7,1,1,0,0
14250,-11,3,1,0,0
14251,-14,4,1,0,0
14252,-18,4,1,0,0
14253,-20,4,1,0,0
14254,-21,3,1,0,0
14255,-21,-1,1,0,0
14256,-21,-5,1,0,0
14257,-19,-9,1,0,0
14258,-16,-14,1,0,0
14259,-11,-19,1,0,0
14260,-4,-22,1,0,0
14261,5,-21,1,0,0
14262,13,-17,1,0,0
14263,20,-8,1,0,0
14264,21,3,1,0,0
14265,15,15,1,0,0
14266,4,20,1,0,0
14267,-11,17,1,0,0
14268,-21,5,1,0,0
14269,-19,-11,1,0,0
14270,-6,-22,1,0,0
14271,12,-18,1,0,0
14272,21,-3,1,0,0
14273,13,15,1,0,0
14274,-7,19,1,0,0
14275,-21,3,1,0,0
14276,-13,-17,1,0,0
14277,9,-19,1,0,0
14278,18,0,1,0,0
14279,4,14,1,0,0
14280,-9,5,1,0,0
14281,-6,-6,1,0,0
14282,2,-4,1,0,0
14283,1,-1,1,0,0
14284,0,0,1,0,0
14285,0,0,1,0,0
14286,-3,1,1,0,0
14287,-5,-7,1,0,0
14288,6,-10,1,0,0
14289,15,3,1,0,0
14290,1,17,1,0,0
14291,-18,8,1,0,0
14292,-16,-14,1,0,0
14293,4,-22,1,0,0
14294,20,-8,1,0,0
14295,16,12,1,0,0
14296,-2,20,1,0,0
14297,-17,11,1,0,0
14298,-21,-7,1,0,0
14299,-10,-20,1,0,0
14300,6,-22,1,0,0
14301,18,-12,1,0,0
14302,21,3,1,0,0
14303,15,15,1,0,0
14304,4,20,1,0,0
14305,-7,19,1,0,0
14306,-16,12,1,0,0
14307,-20,4,1,0,0
14308,-21,-5,1,0,0
14309,-18,-12,1,0,0
14310,-13,-17,1,0,0
14311,-8,-20,1,0,0
14312,-4,-22,1,0,0
14313,0,-22,1,0,0
14314,4,-22,1,0,0
14315,5,-21,1,0,0
14316,5,-19,1,0,0
14317,5,-15,1,0,0
14318,4,-12,1,0,0
14319,2,-8,1,0,0
14320,0,-4,1,0,0
14321,0,-2,1,0,0
14322,0,0,1,0,0
14323,2,0,1,0,0
14324,4,0,1,0,0
14325,8,2,1,0,0
14326,12,4,1,0,0
14327,15,5,1,0,0
14328,19,5,1,0,0
14329,21,5,1,0,0
14330,22,4,1,0,0
14331,22,0,1,0,0
14332,22,-4,1,0,0
14333,20,-8,1,0,0
14334,17,-13,1,0,0
14335,12,-18,1,0,0
14336,5,-21,1,0,0
14337,-4,-20,1,0,0
14338,-12,-16,1,0,0
14339,-19,-7,1,0,0
14340,-20,4,1,0,0
14341,-15,15,1,0,0
14342,-3,21,1,0,0
14343,12,18,1,0,0
14344,22,6,1,0,0
14345,20,-10,1,0,0
14346,7,-21,1,0,0
14347,-11,-17,1,0,0
14348,-20,-2,1,0,0
14349,-12,16,1,0,0
14350,8,20,1,0,0
14351,22,4,1,0,0
14352,14,-16,1,0,0
14353,-8,-18,1,0,0
14354,-17,1,1,0,0
14355,-3,15,1,0,0
14356,10,6,1,0,0
14357,7,-5,1,0,0
14358,-1,-3,1,0,0
14359,0,0,1,0,0
14360,0,0,1,0,0
14361,0,0,1,0,0
14362,0,0,1,0,0
14363,0,0,1,0,0
14364,0,0,1,0,0
14365,0,0,1,0,0
14366,0,0,1,0,0
14367,0,0,1,0,0
14368,0,0,1,0,0
14369,0,0,1,0,0
14370,0,0,1,0,0
14371,-1,1,1,0,0
14372,-2,4,1,0,0
14373,6,6,1,0,0
14374,9,-5,1,0,0
14375,-4,-14,1,0,0
14376,-18,0,1,0,0
14377,-9,19,1,0,0
14378,13,17,1,0,0
14379,21,-3,1,0,0
14380,7,-19,1,0,0
14381,-13,-15,1,0,0
14382,-21,3,1,0,0
14383,-12,18,1,0,0
14384,6,22,1,0,0
14385,19,11,1,0,0
14386,21,-5,1,0,0
14387,11,-17,1,0,0
14388,-4,-20,1,0,0
14389,-15,-15,1,0,0
14390,-21,-3,1,0,0
14391,-20,8,1,0,0
14392,-13,17,1,0,0
14393,-5,21,1,0,0
14394,4,22,1,0,0
14395,11,19,1,0,0
14396,16,14,1,0,0
14397,19,9,1,0,0
14398,21,5,1,0,0
14399,21,1,1,0,0
14400,21,-3,1,0,0
14401,20,-4,1,0,0
14402,18,-4,1,0,0
14403,14,-4,1,0,0
14404,11,-3,1,0,0
14405,7,-1,1,0,0
14406,3,1,1,0,0
14407,1,1,1,0,0
14408,0,0,1,0,0
14409,-1,-1,1,0,0
14410,-3,-1,1,0,0
14411,-7,1,1,0,0
14412,-11,3,1,0,0
14413,-14,4,1,0,0
14414,-18,4,1,0,0
14415,-20,4,1,0,0
14416,-21,3,1,0,0
14417,-21,-1,1,0,0
14418,-21,-5,1,0,0
14419,-19,-9,1,0,0
14420,-16,-14,1,0,0
14421,-11,-19,1,0,0
14422,-4,-22,1,0,0
14423,5,-21,1,0,0
14424,13,-17,1,0,0
14425,20,-8,1,0,0
14426,21,3,1,0,0
14427,15,15,1,0,0
14428,4,20,1,0,0
14429,-11,17,1,0,0
14430,-21,5,1,0,0
14431,-19,-11,1,0,0
14432,-6,-22,1,0,0
14433,12,-18,1,0,0
14434,21,-3,1,0,0
14435,13,15,1,0,0
14436,-7,19,1,0,0
14437,-21,3,1,0,0
14438,-13,-17,1,0,0
14439,9,-19,1,0,0
14440,18,0,1,0,0
14441,4,14,1,0,0
14442,-9,5,1,0,0
14443,-6,-6,1,0,0
14444,2,-4,1,0,0
14445,1,-1,1,0,0
14446,0,0,1,0,0
14447,0,0,1,0,0
14448,-3,1,1,0,0
14449,-5,-7,1,0,0
14450,6,-10,1,0,0
14451,15,3,1,0,0
14452,1,17,1,0,0
14453,-18,8,1,0,0
14454,-16,-14,1,0,0
14455,4,-22,1,0,0
14456,20,-8,1,0,0
14457,16,12,1,0,0
14458,-2,20,1,0,0
14459,-17,11,1,0,0
14460,-21,-7,1,0,0
14461,-10,-20,1,0,0
14462,6,-22,1,0,0
14463,18,-12,1,0,0
14464,21,3,1,0,0
14465,15,15,1,0,0
14466,4,20,1,0,0
14467,-7,19,1,0,0
14468,-16,12,1,0,0
14469,-20,4,1,0,0
14470,-21,-5,1,0,0
14471,-18,-12,1,0,0
14472,-13,-17,1,0,0
14473,-8,-20,1,0,0
14474,-4,-22,1,0,0
14475,0,-22,1,0,0
14476,4,-22,1,0,0
14477,5,-21,1,0,0
14478,5,-19,1,0,0
14479,5,-15,1,0,0
14480,4,-12,1,0,0
14481,2,-8,1,0,0
14482,0,-4,1,0,0
14483,0,-2,1,0,0
14484,0,0,1,0,0
14485,-2,0,1,0,0
14486,-4,0,1,0,0
14487,-8,-2,1,0,0
14488,-12,-4,1,0,0
14489,-15,-5,1,0,0
14490,-19,-5,1,0,0
14491,-21,-5,1,0,0
14492,-22,-4,1,0,0
14493,-22,0,1,0,0
14494,-22,4,1,0,0
14495,-20,8,1,0,0
14496,-17,13,1,0,0
14497,-12,18,1,0,0
14498,-5,21,1,0,0
14499,4,20,1,0,0
14500,12,16,1,0,0
14501,19,7,1,0,0
14502,20,-4,1,0,0
14503,15,-15,1,0,0
14504,3,-21,1,0,0
14505,-12,-18,1,0,0
14506,-22,-6,1,0,0
14507,-20,10,1,0,0
14508,-7,21,1,0,0
14509,11,17,1,0,0
14510,20,2,1,0,0
14511,12,-16,1,0,0
14512,-8,-20,1,0,0
14513,-22,-4,1,0,0
14514,-14,16,1,0,0
14515,8,18,1,0,0
14516,17,-1,1,0,0
14517,3,-15,1,0,0
14518,-10,-6,1,0,0
14519,-7,5,1,0,0
14520,1,3,1,0,0
14521,0,0,1,0,0
14522,0,0,1,0,0
14523,0,0,1,0,0
14524,0,0,1,0,0
14525,0,0,1,0,0
14526,0,0,1,0,0
14527,0,0,1,0,0
14528,0,0,1,0,0
14529,0,0,1,0,0
14530,0,0,1,0,0
14531,0,0,1,0,0
14532,0,0,1,0,0
14533,0,0,1,0,0
14534,0,0,1,0,0
14535,0,0,1,0,0
14536,0,0,1,0,0
14537,0,0,1,0,0
14538,0,0,1,0,0
14539,0,0,1,0,0
14540,0,0,1,0,0
14541,0,0,1,0,0
14542,0,0,1,0,0
14543,0,0,1,0,0
14544,0,0,1,0,0
14545,0,0,1,0,0
14546,0,0,1,0,0
14547,0,0,1,0,0
14548,0,0,1,0,0
14549,0,0,1,0,0
14550,0,0,1,0,0
14551,0,0,1,0,0
14552,0,0,1,0,0
14553,0,0,1,0,0
14554,0,0,1,0,0
14555,0,0,1,0,0
14556,0,0,1,0,0
14557,0,0,1,0,0
14558,0,0,1,0,0
14559,0,0,1,0,0
14560,0,0,1,0,0
14561,0,0,1,0,0
14562,0,0,1,0,0
14563,0,0,1,0,0
14564,0,0,1,0,0
14565,0,0,1,0,0
14566,0,0,1,0,0
14567,0,0,1,0,0
14568,0,0,1,0,0
14569,0,0,1,0,0
14570,0,0,1,0,0
14571,0,0,1,0,0
14572,0,0,1,0,0
14573,0,0,1,0,0
14574,0,0,1,0,0
14575,0,0,1,0,0
14576,0,0,1,0,0
14577,0,0,1,0,0
14578,0,0,1,0,0
14579,0,0,1,0,0
14580,0,0,1,0,0
14581,0,0,1,0,0
14582,0,0,1,0,0
14583,0,0,1,0,0
14584,0,0,1,0,0
14585,0,0,1,0,0
14586,0,0,1,0,0
14587,0,0,1,0,0
14588,0,0,1,0,0
14589,0,0,1,0,0
14590,0,0,1,0,0
14591,0,0,1,0,0
14592,0,0,1,0,0
14593,1,1,1,0,0
14594,4,2,1,0,0
14595,6,-6,1,0,0
14596,-5,-9,1,0,0
14597,-14,4,1,0,0
14598,0,18,1,0,0
14599,19,9,1,0,0
14600,17,-13,1,0,0
14601,-3,-21,1,0,0
14602,-19,-7,1,0,0
14603,-15,13,1,0,0
14604,3,21,1,0,0
14605,18,12,1,0,0
14606,22,-6,1,0,0
14607,11,-19,1,0,0
14608,-5,-21,1,0,0
14609,-17,-11,1,0,0
14610,-20,4,1,0,0
14611,-15,15,1,0,0
14612,-3,21,1,0,0
14613,8,20,1,0,0
14614,17,13,1,0,0
14615,21,5,1,0,0
14616,22,-4,1,0,0
14617,19,-11,1,0,0
14618,14,-16,1,0,0
14619,9,-19,1,0,0
14620,5,-21,1,0,0
14621,1,-21,1,0,0
14622,-3,-21,1,0,0
14623,-4,-20,1,0,0
14624,-4,-18,1,0,0
14625,-4,-14,1,0,0
14626,-3,-11,1,0,0
14627,-1,-7,1,0,0
14628,1,-3,1,0,0
14629,1,-1,1,0,0
14630,0,0,1,0,0
14631,-1,1,1,0,0
14632,-1,3,1,0,0
14633,1,7,1,0,0
14634,3,11,1,0,0
14635,4,14,1,0,0
14636,4,18,1,0,0
14637,4,20,1,0,0
14638,3,21,1,0,0
14639,-1,21,1,0,0
14640,-5,21,1,0,0
14641,-9,19,1,0,0
14642,-14,16,1,0,0
14643,-19,11,1,0,0
14644,-22,4,1,0,0
14645,-21,-5,1,0,0
14646,-17,-13,1,0,0
14647,-8,-20,1,0,0
14648,3,-21,1,0,0
14649,15,-15,1,0,0
14650,20,-4,1,0,0
14651,17,11,1,0,0
14652,5,21,1,0,0
14653,-11,19,1,0,0
14654,-22,6,1,0,0
14655,-18,-12,1,0,0
14656,-3,-21,1,0,0
14657,15,-13,1,0,0
14658,19,7,1,0,0
14659,3,21,1,0,0
14660,-17,13,1,0,0
14661,-19,-9,1,0,0
14662,0,-18,1,0,0
14663,14,-4,1,0,0
14664,5,9,1,0,0
14665,-6,6,1,0,0
14666,-4,-2,1,0,0
14667,-1,-1,1,0,0
14668,0,0,1,0,0
14669,0,0,1,0,0
14670,3,-1,1,0,0
14671,5,7,1,0,0
14672,-6,10,1,0,0
14673,-15,-3,1,0,0
14674,-1,-17,1,0,0
14675,18,-8,1,0,0
14676,16,14,1,0,0
14677,-4,22,1,0,0
14678,-20,8,1,0,0
14679,-16,-12,1,0,0
14680,2,-20,1,0,0
14681,17,-11,1,0,0
14682,21,7,1,0,0
14683,10,20,1,0,0
14684,-6,22,1,0,0
14685,-18,12,1,0,0
14686,-21,-3,1,0,0
14687,-15,-15,1,0,0
14688,-4,-20,1,0,0
14689,7,-19,1,0,0
14690,16,-12,1,0,0
14691,20,-4,1,0,0
14692,21,5,1,0,0
14693,18,12,1,0,0
14694,13,17,1,0,0
14695,8,20,1,0,0
14696,4,22,1,0,0
14697,0,22,1,0,0
14698,-4,22,1,0,0
14699,-5,21,1,0,0
14700,-5,19,1,0,0
14701,-5,15,1,0,0
14702,-4,12,1,0,0
14703,-2,8,1,0,0
14704,0,4,1,0,0
14705,0,2,1,0,0
14706,0,0,1,0,0
14707,0,2,1,0,0
14708,0,4,1,0,0
14709,-2,8,1,0,0
14710,-4,12,1,0,0
14711,-5,15,1,0,0
14712,-5,19,1,0,0
14713,-5,21,1,0,0
14714,-4,22,1,0,0
14715,0,22,1,0,0
14716,4,22,1,0,0
14717,8,20,1,0,0
14718,13,17,1,0,0
14719,18,12,1,0,0
14720,21,5,1,0,0
14721,20,-4,1,0,0
14722,16,-12,1,0,0
14723,7,-19,1,0,0
14724,-4,-20,1,0,0
14725,-15,-15,1,0,0
14726,-21,-3,1,0,0
14727,-18,12,1,0,0
14728,-6,22,1,0,0
14729,10,20,1,0,0
14730,21,7,1,0,0
14731,17,-11,1,0,0
14732,2,-20,1,0,0
14733,-16,-12,1,0,0
14734,-20,8,1,0,0
14735,-4,22,1,0,0
14736,16,14,1,0,0
14737,18,-8,1,0,0
14738,-1,-17,1,0,0
14739,-15,-3,1,0,0
14740,-6,10,1,0,0
14741,5,7,1,0,0
14742,3,-1,1,0,0
14743,0,0,1,0,0
14744,0,0,1,0,0
14745,0,0,1,0,0
14746,0,0,1,0,0
14747,0,0,1,0,0
14748,0,0,1,0,0
14749,0,0,1,0,0
14750,0,0,1,0,0
14751,0,0,1,0,0
14752,0,0,1,0,0
14753,0,0,1,0,0
14754,0,0,1,0,0
14755,-1,-1,1,0,0
14756,-4,-2,1,0,0
14757,-6,6,1,0,0
14758,5,9,1,0,0
14759,14,-4,1,0,0
14760,0,-18,1,0,0
14761,-19,-9,1,0,0
14762,-17,13,1,0,0
14763,3,21,1,0,0
14764,19,7,1,0,0
14765,15,-13,1,0,0
14766,-3,-21,1,0,0
14767,-18,-12,1,0,0
14768,-22,6,1,0,0
14769,-11,19,1,0,0
14770,5,21,1,0,0
14771,17,11,1,0,0
14772,20,-4,1,0,0
14773,15,-15,1,0,0
14774,3,-21,1,0,0
14775,-8,-20,1,0,0
14776,-17,-13,1,0,0
14777,-21,-5,1,0,0
14778,-22,4,1,0,0
14779,-19,11,1,0,0
14780,-14,16,1,0,0
14781,-9,19,1,0,0
14782,-5,21,1,0,0
14783,-1,21,1,0,0
14784,3,21,1,0,0
14785,4,20,1,0,0
14786,4,18,1,0,0
14787,4,14,1,0,0
14788,3,11,1,0,0
14789,1,7,1,0,0
14790,-1,3,1,0,0
14791,-1,1,1,0,0
14792,0,0,1,0,0
14793,1,-1,1,0,0
14794,1,-3,1,0,0
14795,-1,-7,1,0,0
14796,-3,-11,1,0,0
14797,-4,-14,1,0,0
14798,-4,-18,1,0,0
14799,-4,-20,1,0,0
14800,-3,-21,1,0,0
14801,1,-21,1,0,0
14802,5,-21,1,0,0
14803,9,-19,1,0,0
14804,14,-16,1,0,0
14805,19,-11,1,0,0
14806,22,-4,1,0,0
14807,21,5,1,0,0
14808,17,13,1,0,0
14809,8,20,1,0,0
14810,-3,21,1,0,0
14811,-15,15,1,0,0
14812,-20,4,1,0,0
14813,-17,-11,1,0,0
14814,-5,-21,1,0,0
14815,11,-19,1,0,0
14816,22,-6,1,0,0
14817,18,12,1,0,0
14818,3,21,1,0,0
14819,-15,13,1,0,0
14820,-19,-7,1,0,0
14821,-3,-21,1,0,0
14822,17,-13,1,0,0
14823,19,9,1,0,0
14824,0,18,1,0,0
14825,-14,4,1,0,0
14826,-5,-9,1,0,0
14827,6,-6,1,0,0
14828,4,2,1,0,0
14829,1,1,1,0,0
14830,0,0,1,0,0
14831,0,0,1,0,0
14832,1,3,1,0,0
14833,-7,5,1,0,0
14834,-10,-6,1,0,0
14835,3,-15,1,0,0
14836,17,-1,1,0,0
14837,8,18,1,0,0
14838,-14,16,1,0,0
14839,-22,-4,1,0,0
14840,-8,-20,1,0,0
14841,12,-16,1,0,0
14842,20,2,1,0,0
14843,11,17,1,0,0
14844,-7,21,1,0,0
14845,-20,10,1,0,0
14846,-22,-6,1,0,0
14847,-12,-18,1,0,0
14848,3,-21,1,0,0
14849,15,-15,1,0,0
14850,20,-4,1,0,0
14851,19,7,1,0,0
14852,12,16,1,0,0
14853,4,20,1,0,0
14854,-5,21,1,0,0
14855,-12,18,1,0,0
14856,-17,13,1,0,0
14857,-20,8,1,0,0
14858,-22,4,1,0,0
14859,-22,0,1,0,0
14860,-22,-4,1,0,0
14861,-21,-5,1,0,0
14862,-19,-5,1,0,0
14863,-15,-5,1,0,0
14864,-12,-4,1,0,0
14865,-8,-2,1,0,0
14866,-4,0,1,0,0
14867,-2,0,1,0,0
14868,0,0,1,0,0
14869,0,2,1,0,0
14870,0,4,1,0,0
14871,-2,8,1,0,0
14872,-4,12,1,0,0
14873,-5,15,1,0,0
14874,-5,19,1,0,0
14875,-5,21,1,0,0
14876,-4,22,1,0,0
14877,0,22,1,0,0
14878,4,22,1,0,0
14879,8,20,1,0,0
14880,13,17,1,0,0
14881,18,12,1,0,0
14882,21,5,1,0,0
14883,20,-4,1,0,0
14884,16,-12,1,0,0
14885,7,-19,1,0,0
14886,-4,-20,1,0,0
14887,-15,-15,1,0,0
14888,-21,-3,1,0,0
14889,-18,12,1,0,0
14890,-6,22,1,0,0
14891,10,20,1,0,0
14892,21,7,1,0,0
14893,17,-11,1,0,0
14894,2,-20,1,0,0
14895,-16,-12,1,0,0
14896,-20,8,1,0,0
14897,-4,22,1,0,0
14898,16,14,1,0,0
14899,18,-8,1,0,0
14900,-1,-17,1,0,0
14901,-15,-3,1,0,0
14902,-6,10,1,0,0
14903,5,7,1,0,0
14904,3,-1,1,0,0
14905,0,0,1,0,0
14906,0,0,1,0,0
14907,0,0,1,0,0
14908,0,0,1,0,0
14909,0,0,1,0,0
14910,0,0,1,0,0
14911,0,0,1,0,0
14912,0,0,1,0,0
14913,0,0,1,0,0
14914,0,0,1,0,0
14915,0,0,1,0,0
14916,0,0,1,0,0
14917,0,0,1,0,0
14918,0,0,1,0,0
14919,0,0,1,0,0
14920,0,0,1,0,0
14921,0,0,1,0,0
14922,0,0,1,0,0
14923,0,0,1,0,0
14924,0,0,1,0,0
14925,0,0,1,0,0
14926,0,0,1,0,0
14927,0,0,1,0,0
14928,0,0,1,0,0
14929,0,0,1,0,0
14930,0,0,1,0,0
14931,0,0,1,0,0
14932,0,0,1,0,0
14933,0,0,1,0,0
14934,0,0,1,0,0
14935,0,0,1,0,0
14936,0,0,1,0,0
14937,0,0,1,0,0
14938,0,0,1,0,0
14939,0,0,1,0,0
14940,0,0,1,0,0
14941,0,0,1,0,0
14942,0,0,1,0,0
14943,0,0,1,0,0
14944,0,0,1,0,0
14945,0,0,1,0,0
14946,0,0,1,0,0
14947,0,0,1,0,0
14948,0,0,1,0,0
14949,0,0,1,0,0
14950,0,0,1,0,0
14951,0,0,1,0,0
14952,0,0,1,0,0
14953,0,0,1,0,0
14954,0,0,1,0,0
14955,0,0,1,0,0
14956,0,0,1,0,0
14957,0,0,1,0,0
14958,0,0,1,0,0
14959,0,0,1,0,0
14960,0,0,1,0,0
14961,0,0,1,0,0
14962,0,0,1,0,0
14963,0,0,1,0,0
14964,0,0,1,0,0
14965,0,0,1,0,0
14966,0,0,1,0,0
14967,0,0,1,0,0
14968,0,0,1,0,0
14969,0,0,1,0,0
14970,0,0,1,0,0
14971,0,0,1,0,0
14972,0,0,1,0,0
14973,0,0,1,0,0
14974,0,0,1,0,0
14975,0,0,1,0,0
14976,0,0,1,0,0
14977,1,-1,1,0,0
14978,2,-4,1,0,0
14979,-6,-6,1,0,0
14980,-9,5,1,0,0
14981,4,14,1,0,0
14982,18,0,1,0,0
14983,9,-19,1,0,0
14984,-13,-17,1,0,0
14985,-21,3,1,0,0
14986,-7,19,1,0,0
14987,13,15,1,0,0
14988,21,-3,1,0,0
14989,12,-18,1,0,0
14990,-6,-22,1,0,0
14991,-19,-11,1,0,0
14992,-21,5,1,0,0
14993,-11,17,1,0,0
14994,4,20,1,0,0
14995,15,15,1,0,0
14996,21,3,1,0,0
14997,20,-8,1,0,0
14998,13,-17,1,0,0
14999,5,-21,1,0,0
15000,-4,-22,1,0,0
15001,-11,-19,1,0,0
15002,-16,-14,1,0,0
15003,-19,-9,1,0,0
15004,-21,-5,1,0,0
15005,-21,-1,1,0,0
15006,-21,3,1,0,0
15007,-20,4,1,0,0
15008,-18,4,1,0,0
15009,-14,4,1,0,0
15010,-11,3,1,0,0
15011,-7,1,1,0,0
15012,-3,-1,1,0,0
15013,-1,-1,1,0,0
15014,0,0,1,0,0
15015,1,1,1,0,0
15016,3,1,1,0,0
15017,7,-1,1,0,0
15018,11,-3,1,0,0
15019,14,-4,1,0,0
15020,18,-4,1,0,0
15021,20,-4,1,0,0
15022,21,-3,1,0,0
15023,21,1,1,0,0
15024,21,5,1,0,0
15025,19,9,1,0,0
15026,16,14,1,0,0
15027,11,19,1,0,0
15028,4,22,1,0,0
15029,-5,21,1,0,0
15030,-13,17,1,0,0
15031,-20,8,1,0,0
15032,-21,-3,1,0,0
15033,-15,-15,1,0,0
15034,-4,-20,1,0,0
15035,11,-17,1,0,0
15036,21,-5,1,0,0
15037,19,11,1,0,0
15038,6,22,1,0,0
15039,-12,18,1,0,0
15040,-21,3,1,0,0
15041,-13,-15,1,0,0
15042,7,-19,1,0,0
15043,21,-3,1,0,0
15044,13,17,1,0,0
15045,-9,19,1,0,0
15046,-18,0,1,0,0
15047,-4,-14,1,0,0
15048,9,-5,1,0,0
15049,6,6,1,0,0
15050,-2,4,1,0,0
15051,-1,1,1,0,0
15052,0,0,1,0,0
15053,0,0,1,0,0
15054,-1,-3,1,0,0
15055,7,-5,1,0,0
15056,10,6,1,0,0
15057,-3,15,1,0,0
15058,-17,1,1,0,0
15059,-8,-18,1,0,0
15060,14,-16,1,0,0
15061,22,4,1,0,0
15062,8,20,1,0,0
15063,-12,16,1,0,0
15064,-20,-2,1,0,0
15065,-11,-17,1,0,0
15066,7,-21,1,0,0
15067,20,-10,1,0,0
15068,22,6,1,0,0
15069,12,18,1,0,0
15070,-3,21,1,0,0
15071,-15,15,1,0,0
15072,-20,4,1,0,0
15073,-19,-7,1,0,0
15074,-12,-16,1,0,0
15075,-4,-20,1,0,0
15076,5,-21,1,0,0
15077,12,-18,1,0,0
15078,17,-13,1,0,0
15079,20,-8,1,0,0
15080,22,-4,1,0,0
15081,22,0,1,0,0
15082,22,4,1,0,0
15083,21,5,1,0,0
15084,19,5,1,0,0
15085,15,5,1,0,0
15086,12,4,1,0,0
15087,8,2,1,0,0
15088,4,0,1,0,0
15089,2,0,1,0,0
15090,0,0,1,0,0
15091,0,-2,1,0,0
15092,0,-4,1,0,0
15093,2,-8,1,0,0
15094,4,-12,1,0,0
15095,5,-15,1,0,0
15096,5,-19,1,0,0
15097,5,-21,1,0,0
15098,4,-22,1,0,0
15099,0,-22,1,0,0
15100,-4,-22,1,0,0
15101,-8,-20,1,0,0
15102,-13,-17,1,0,0
15103,-18,-12,1,0,0
15104,-21,-5,1,0,0
15105,-20,4,1,0,0
15106,-16,12,1,0,0
15107,-7,19,1,0,0
15108,4,20,1,0,0
15109,15,15,1,0,0
15110,21,3,1,0,0
15111,18,-12,1,0,0
15112,6,-22,1,0,0
15113,-10,-20,1,0,0
15114,-21,-7,1,0,0
15115,-17,11,1,0,0
15116,-2,20,1,0,0
15117,16,12,1,0,0
15118,20,-8,1,0,0
15119,4,-22,1,0,0
15120,-16,-14,1,0,0
15121,-18,8,1,0,0
15122,1,17,1,0,0
15123,15,3,1,0,0
15124,6,-10,1,0,0
15125,-5,-7,1,0,0
15126,-3,1,1,0,0
15127,0,0,1,0,0
15128,0,0,1,0,0
15129,0,0,1,0,0
15130,0,0,1,0,0
15131,0,0,1,0,0
15132,0,0,1,0,0
15133,0,0,1,0,0
15134,0,0,1,0,0
15135,0,0,1,0,0
15136,0,0,1,0,0
15137,0,0,1,0,0
15138,0,0,1,0,0
15139,1,-1,1,0,0
15140,2,-4,1,0,0
15141,-6,-6,1,0,0
15142,-9,5,1,0,0
15143,4,14,1,0,0
15144,18,0,1,0,0
15145,9,-19,1,0,0
15146,-13,-17,1,0,0
15147,-21,3,1,0,0
15148,-7,19,1,0,0
15149,13,15,1,0,0
15150,21,-3,1,0,0
15151,12,-18,1,0,0
15152,-6,-22,1,0,0
15153,-19,-11,1,0,0
15154,-21,5,1,0,0
15155,-11,17,1,0,0
15156,4,20,1,0,0
15157,15,15,1,0,0
15158,21,3,1,0,0
15159,20,-8,1,0,0
15160,13,-17,1,0,0
15161,5,-21,1,0,0
15162,-4,-22,1,0,0
15163,-11,-19,1,0,0
15164,-16,-14,1,0,0
15165,-19,-9,1,0,0
15166,-21,-5,1,0,0
15167,-21,-1,1,0,0
15168,-21,3,1,0,0
15169,-20,4,1,0,0
15170,-18,4,1,0,0
15171,-14,4,1,0,0
15172,-11,3,1,0,0
15173,-7,1,1,0,0
15174,-3,-1,1,0,0
15175,-1,-1,1,0,0
15176,0,0,1,0,0
15177,1,1,1,0,0
15178,3,1,1,0,0
15179,7,-1,1,0,0
15180,11,-3,1,0,0
15181,14,-4,1,0,0
15182,18,-4,1,0,0
15183,20,-4,1,0,0
15184,21,-3,1,0,0
15185,21,1,1,0,0
15186,21,5,1,0,0
15187,19,9,1,0,0
15188,16,14,1,0,0
15189,11,19,1,0,0
15190,4,22,1,0,0
15191,-5,21,1,0,0
15192,-13,17,1,0,0
15193,-20,8,1,0,0
15194,-21,-3,1,0,0
15195,-15,-15,1,0,0
15196,-4,-20,1,0,0
15197,11,-17,1,0,0
15198,21,-5,1,0,0
15199,19,11,1,0,0
15200,6,22,1,0,0
15201,-12,18,1,0,0
15202,-21,3,1,0,0
15203,-13,-15,1,0,0
15204,7,-19,1,0,0
15205,21,-3,1,0,0
15206,13,17,1,0,0
15207,-9,19,1,0,0
15208,-18,0,1,0,0
15209,-4,-14,1,0,0
15210,9,-5,1,0,0
15211,6,6,1,0,0
15212,-2,4,1,0,0
15213,-1,1,1,0,0
15214,0,0,1,0,0
15215,0,0,1,0,0
15216,1,3,1,0,0
15217,-7,5,1,0,0
15218,-10,-6,1,0,0
15219,3,-15,1,0,0
15220,17,-1,1,0,0
15221,8,18,1,0,0
15222,-14,16,1,0,0
15223,-22,-4,1,0,0
15224,-8,-20,1,0,0
15225,12,-16,1,0,0
15226,20,2,1,0,0
15227,11,17,1,0,0
15228,-7,21,1,0,0
15229,-20,10,1,0,0
15230,-22,-6,1,0,0
15231,-12,-18,1,0,0
15232,3,-21,1,0,0
15233,15,-15,1,0,0
15234,20,-4,1,0,0
15235,19,7,1,0,0
15236,12,16,1,0,0
15237,4,20,1,0,0
15238,-5,21,1,0,0
15239,-12,18,1,0,0
15240,-17,13,1,0,0
15241,-20,8,1,0,0
15242,-22,4,1,0,0
15243,-22,0,1,0,0
15244,-22,-4,1,0,0
15245,-21,-5,1,0,0
15246,-19,-5,1,0,0
15247,-15,-5,1,0,0
15248,-12,-4,1,0,0
15249,-8,-2,1,0,0
15250,-4,0,1,0,0
15251,-2,0,1,0,0
15252,0,0,1,0,0
15253,0,-2,1,0,0
15254,0,-4,1,0,0
15255,2,-8,1,0,0
15256,4,-12,1,0,0
15257,5,-15,1,0,0
15258,5,-19,1,0,0
15259,5,-21,1,0,0
15260,4,-22,1,0,0
15261,0,-22,1,0,0
15262,-4,-22,1,0,0
15263,-8,-20,1,0,0
15264,-13,-17,1,0,0
15265,-18,-12,1,0,0
15266,-21,-5,1,0,0
15267,-20,4,1,0,0
15268,-16,12,1,0,0
15269,-7,19,1,0,0
15270,4,20,1,0,0
15271,15,15,1,0,0
15272,21,3,1,0,0
15273,18,-12,1,0,0
15274,6,-22,1,0,0
15275,-10,-20,1,0,0
15276,-21,-7,1,0,0
15277,-17,11,1,0,0
15278,-2,20,1,0,0
15279,16,12,1,0,0
15280,20,-8,1,0,0
15281,4,-22,1,0,0
15282,-16,-14,1,0,0
15283,-18,8,1,0,0
15284,1,17,1,0,0
15285,15,3,1,0,0
15286,6,-10,1,0,0
15287,-5,-7,1,0,0
15288,-3,1,1,0,0
15289,0,0,1,0,0
15290,0,0,1,0,0
15291,0,0,1,0,0
15292,0,0,1,0,0
15293,0,0,1,0,0
15294,0,0,1,0,0
15295,0,0,1,0,0
15296,0,0,1,0,0
15297,0,0,1,0,0
15298,0,0,1,0,0
15299,0,0,1,0,0
15300,0,0,1,0,0
15301,0,0,1,0,0
15302,0,0,1,0,0
15303,0,0,1,0,0
15304,0,0,1,0,0
15305,0,0,1,0,0
15306,0,0,1,0,0
15307,0,0,1,0,0
15308,0,0,1,0,0
15309,0,0,1,0,0
15310,0,0,1,0,0
15311,0,0,1,0,0
15312,0,0,1,0,0
15313,0,0,1,0,0
15314,0,0,1,0,0
15315,0,0,1,0,0
15316,0,0,1,0,0
15317,0,0,1,0,0
15318,0,0,1,0,0
15319,0,0,1,0,0
15320,0,0,1,0,0
15321,0,0,1,0,0
15322,0,0,1,0,0
15323,0,0,1,0,0
15324,0,0,1,0,0
15325,0,0,1,0,0
15326,0,0,1,0,0
15327,0,0,1,0,0
15328,0,0,1,0,0
15329,0,0,1,0,0
15330,0,0,1,0,0
15331,0,0,1,0,0
15332,0,0,1,0,0
15333,0,0,1,0,0
15334,0,0,1,0,0
15335,0,0,1,0,0
15336,0,0,1,0,0
15337,0,0,1,0,0
15338,0,0,1,0,0
15339,0,0,1,0,0
15340,0,0,1,0,0
15341,0,0,1,0,0
15342,0,0,1,0,0
15343,0,0,1,0,0
15344,0,0,1,0,0
15345,0,0,1,0,0
15346,0,0,1,0,0
15347,0,0,1,0,0
15348,0,0,1,0,0
15349,0,0,1,0,0
15350,0,0,1,0,0
15351,0,0,1,0,0
15352,0,0,1,0,0
15353,0,0,1,0,0
15354,0,0,1,0,0
15355,0,0,1,0,0
15356,0,0,1,0,0
15357,0,0,1,0,0
15358,0,0,1,0,0
15359,0,0,1,0,0
15360,0,0,1,0,0
15361,-1,1,1,0,0
15362,-2,4,1,0,0
15363,6,6,1,0,0
15364,9,-5,1,0,0
15365,-4,-14,1,0,0
15366,-18,0,1,0,0
15367,-9,19,1,0,0
15368,13,17,1,0,0
15369,21,-3,1,0,0
15370,7,-19,1,0,0
15371,-13,-15,1,0,0
15372,-21,3,1,0,0
15373,-12,18,1,0,0
15374,6,22,1,0,0
15375,19,11,1,0,0
15376,21,-5,1,0,0
15377,11,-17,1,0,0
15378,-4,-20,1,0,0
15379,-15,-15,1,0,0
15380,-21,-3,1,0,0
15381,-20,8,1,0,0
15382,-13,17,1,0,0
15383,-5,21,1,0,0
15384,4,22,1,0,0
15385,11,19,1,0,0
15386,16,14,1,0,0
15387,19,9,1,0,0
15388,21,5,1,0,0
15389,21,1,1,0,0
15390,21,-3,1,0,0
15391,20,-4,1,0,0
15392,18,-4,1,0,0
15393,14,-4,1,0,0
15394,11,-3,1,0,0
15395,7,-1,1,0,0
15396,3,1,1,0,0
15397,1,1,1,0,0
15398,0,0,1,0,0
15399,-1,-1,1,0,0
15400,-3,-1,1,0,0
15401,-7,1,1,0,0
15402,-11,3,1,0,0
15403,-14,4,1,0,0
15404,-18,4,1,0,0
15405,-20,4,1,0,0
15406,-21,3,1,0,0
15407,-21,-1,1,0,0
15408,-21,-5,1,0,0
15409,-19,-9,1,0,0
15410,-16,-14,1,0,0
15411,-11,-19,1,0,0
15412,-4,-22,1,0,0
15413,5,-21,1,0,0
15414,13,-17,1,0,0
15415,20,-8,1,0,0
15416,21,3,1,0,0
15417,15,15,1,0,0
15418,4,20,1,0,0
15419,-11,17,1,0,0
15420,-21,5,1,0,0
15421,-19,-11,1,0,0
15422,-6,-22,1,0,0
15423,12,-18,1,0,0
15424,21,-3,1,0,0
15425,13,15,1,0,0
15426,-7,19,1,0,0
15427,-21,3,1,0,0
15428,-13,-17,1,0,0
15429,9,-19,1,0,0
15430,18,0,1,0,0
15431,4,14,1,0,0
15432,-9,5,1,0,0
15433,-6,-6,1,0,0
15434,2,-4,1,0,0
15435,1,-1,1,0,0
15436,0,0,1,0,0
15437,0,0,1,0,0
15438,-1,-3,1,0,0
15439,7,-5,1,0,0
15440,10,6,1,0,0
15441,-3,15,1,0,0
15442,-17,1,1,0,0
15443,-8,-18,1,0,0
15444,14,-16,1,0,0
15445,22,4,1,0,0
15446,8,20,1,0,0
15447,-12,16,1,0,0
15448,-20,-2,1,0,0
15449,-11,-17,1,0,0
15450,7,-21,1,0,0
15451,20,-10,1,0,0
15452,22,6,1,0,0
15453,12,18,1,0,0
15454,-3,21,1,0,0
15455,-15,15,1,0,0
15456,-20,4,1,0,0
15457,-19,-7,1,0,0
15458,-12,-16,1,0,0
15459,-4,-20,1,0,0
15460,5,-21,1,0,0
15461,12,-18,1,0,0
15462,17,-13,1,0,0
15463,20,-8,1,0,0
15464,22,-4,1,0,0
15465,22,0,1,0,0
15466,22,4,1,0,0
15467,21,5,1,0,0
15468,19,5,1,0,0
15469,15,5,1,0,0
15470,12,4,1,0,0
15471,8,2,1,0,0
15472,4,0,1,0,0
15473,2,0,1,0,0
15474,0,0,1,0,0
15475,0,2,1,0,0
15476,0,4,1,0,0
15477,-2,8,1,0,0
15478,-4,12,1,0,0
15479,-5,15,1,0,0
15480,-5,19,1,0,0
15481,-5,21,1,0,0
15482,-4,22,1,0,0
15483,0,22,1,0,0
15484,4,22,1,0,0
15485,8,20,1,0,0
15486,13,17,1,0,0
15487,18,12,1,0,0
15488,21,5,1,0,0
15489,20,-4,1,0,0
15490,16,-12,1,0,0
15491,7,-19,1,0,0
15492,-4,-20,1,0,0
15493,-15,-15,1,0,0
15494,-21,-3,1,0,0
15495,-18,12,1,0,0
15496,-6,22,1,0,0
15497,10,20,1,0,0
15498,21,7,1,0,0
15499,17,-11,1,0,0
15500,2,-20,1,0,0
15501,-16,-12,1,0,0
15502,-20,8,1,0,0
15503,-4,22,1,0,0
15504,16,14,1,0,0
15505,18,-8,1,0,0
15506,-1,-17,1,0,0
15507,-15,-3,1,0,0
15508,-6,10,1,0,0
15509,5,7,1,0,0
15510,3,-1,1,0,0
15511,0,0,1,0,0
15512,0,0,1,0,0
15513,0,0,1,0,0
15514,0,0,1,0,0
15515,0,0,1,0,0
15516,0,0,1,0,0
15517,0,0,1,0,0
15518,0,0,1,0,0
15519,0,0,1,0,0
15520,0,0,1,0,0
15521,0,0,1,0,0
15522,0,0,1,0,0
15523,-1,1,1,0,0
15524,-2,4,1,0,0
15525,6,6,1,0,0
15526,9,-5,1,0,0
15527,-4,-14,1,0,0
15528,-18,0,1,0,0
15529,-9,19,1,0,0
15530,13,17,1,0,0
15531,21,-3,1,0,0
15532,7,-19,1,0,0
15533,-13,-15,1,0,0
15534,-21,3,1,0,0
15535,-12,18,1,0,0
15536,6,22,1,0,0
15537,19,11,1,0,0
15538,21,-5,1,0,0
15539,11,-17,1,0,0
15540,-4,-20,1,0,0
15541,-15,-15,1,0,0
15542,-21,-3,1,0,0
15543,-20,8,1,0,0
15544,-13,17,1,0,0
15545,-5,21,1,0,0
15546,4,22,1,0,0
15547,11,19,1,0,0
15548,16,14,1,0,0
15549,19,9,1,0,0
15550,21,5,1,0,0
15551,21,1,1,0,0
15552,21,-3,1,0,0
15553,20,-4,1,0,0
15554,18,-4,1,0,0
15555,14,-4,1,0,0
15556,11,-3,1,0,0
15557,7,-1,1,0,0
15558,3,1,1,0,0
15559,1,1,1,0,0
15560,0,0,1,0,0
15561,-1,-1,1,0,0
15562,-3,-1,1,0,0
15563,-7,1,1,0,0
15564,-11,3,1,0,0
15565,-14,4,1,0,0
15566,-18,4,1,0,0
15567,-20,4,1,0,0
15568,-21,3,1,0,0
15569,-21,-1,1,0,0
15570,-21,-5,1,0,0
15571,-19,-9,1,0,0
15572,-16,-14,1,0,0
15573,-11,-19,1,0,0
15574,-4,-22,1,0,0
15575,5,-21,1,0,0
15576,13,-17,1,0,0
15577,20,-8,1,0,0
15578,21,3,1,0,0
15579,15,15,1,0,0
15580,4,20,1,0,0
15581,-11,17,1,0,0
15582,-21,5,1,0,0
15583,-19,-11,1,0,0
15584,-6,-22,1,0,0
15585,12,-18,1,0,0
15586,21,-3,1,0,0
15587,13,15,1,0,0
15588,-7,19,1,0,0
15589,-21,3,1,0,0
15590,-13,-17,1,0,0
15591,9,-19,1,0,0
15592,18,0,1,0,0
15593,4,14,1,0,0
15594,-9,5,1,0,0
15595,-6,-6,1,0,0
15596,2,-4,1,0,0
15597,1,-1,1,0,0
15598,0,0,1,0,0
15599,0,0,1,0,0
15600,-1,-3,1,0,0
15601,7,-5,1,0,0
15602,10,6,1,0,0
15603,-3,15,1,0,0
15604,-17,1,1,0,0
15605,-8,-18,1,0,0
15606,14,-16,1,0,0
15607,22,4,1,0,0
15608,8,20,1,0,0
15609,-12,16,1,0,0
15610,-20,-2,1,0,0
15611,-11,-17,1,0,0
15612,7,-21,1,0,0
15613,20,-10,1,0,0
15614,22,6,1,0,0
15615,12,18,1,0,0
15616,-3,21,1,0,0
15617,-15,15,1,0,0
15618,-20,4,1,0,0
15619,-19,-7,1,0,0
15620,-12,-16,1,0,0
15621,-4,-20,1,0,0
15622,5,-21,1,0,0
15623,12,-18,1,0,0
15624,17,-13,1,0,0
15625,20,-8,1,0,0
15626,22,-4,1,0,0
15627,22,0,1,0,0
15628,22,4,1,0,0
15629,21,5,1,0,0
15630,19,5,1,0,0
15631,15,5,1,0,0
15632,12,4,1,0,0
15633,8,2,1,0,0
15634,4,0,1,0,0
15635,2,0,1,0,0
15636,0,0,1,0,0
15637,0,2,1,0,0
15638,0,4,1,0,0
15639,-2,8,1,0,0
15640,-4,12,1,0,0
15641,-5,15,1,0,0
15642,-5,19,1,0,0
15643,-5,21,1,0,0
15644,-4,22,1,0,0
15645,0,22,1,0,0
15646,4,22,1,0,0
15647,8,20,1,0,0
15648,13,17,1,0,0
15649,18,12,1,0,0
15650,21,5,1,0,0
15651,20,-4,1,0,0
15652,16,-12,1,0,0
15653,7,-19,1,0,0
15654,-4,-20,1,0,0
15655,-15,-15,1,0,0
15656,-21,-3,1,0,0
15657,-18,12,1,0,0
15658,-6,22,1,0,0
15659,10,20,1,0,0
15660,21,7,1,0,0
15661,17,-11,1,0,0
15662,2,-20,1,0,0
15663,-16,-12,1,0,0
15664,-20,8,1,0,0
15665,-4,22,1,0,0
15666,16,14,1,0,0
15667,18,-8,1,0,0
15668,-1,-17,1,0,0
15669,-15,-3,1,0,0
15670,-6,10,1,0,0
15671,5,7,1,0,0
15672,3,-1,1,0,0
15673,0,0,1,0,0
15674,0,0,1,0,0
15675,0,0,1,0,0
15676,0,0,1,0,0
15677,0,0,1,0,0
15678,0,0,1,0,0
15679,0,0,1,0,0
15680,0,0,1,0,0
15681,0,0,1,0,0
15682,0,0,1,0,0
15683,0,0,1,0,0
15684,0,0,1,0,0
15685,0,0,1,0,0
15686,0,0,1,0,0
15687,0,0,1,0,0
15688,0,0,1,0,0
15689,0,0,1,0,0
15690,0,0,1,0,0
15691,0,0,1,0,0
15692,0,0,1,0,0
15693,0,0,1,0,0
15694,0,0,1,0,0
15695,0,0,1,0,0
15696,0,0,1,0,0
15697,0,0,1,0,0
15698,0,0,1,0,0
15699,0,0,1,0,0
15700,0,0,1,0,0
15701,0,0,1,0,0
15702,0,0,1,0,0
15703,0,0,1,0,0
15704,0,0,1,0,0
15705,0,0,1,0,0
15706,0,0,1,0,0
15707,0,0,1,0,0
15708,0,0,1,0,0
15709,0,0,1,0,0
15710,0,0,1,0,0
15711,0,0,1,0,0
15712,0,0,1,0,0
15713,0,0,1,0,0
15714,0,0,1,0,0
15715,0,0,1,0,0
15716,0,0,1,0,0
15717,0,0,1,0,0
15718,0,0,1,0,0
15719,0,0,1,0,0
15720,0,0,1,0,0
15721,0,0,1,0,0
15722,0,0,1,0,0
15723,0,0,1,0,0
15724,0,0,1,0,0
15725,0,0,1,0,0
15726,0,0,1,0,0
15727,0,0,1,0,0
15728,0,0,1,0,0
15729,0,0,1,0,0
15730,0,0,1,0,0
15731,0,0,1,0,0
15732,0,0,1,0,0
15733,0,0,1,0,0
15734,0,0,1,0,0
15735,0,0,1,0,0
15736,0,0,1,0,0
15737,0,0,1,0,0
15738,0,0,1,0,0
15739,0,0,1,0,0
15740,0,0,1,0,0
15741,0,0,1,0,0
15742,0,0,1,0,0
15743,0,0,1,0,0
15744,0,0,1,0,0
15745,1,1,1,0,0
15746,4,2,1,0,0
15747,6,-6,1,0,0
15748,-5,-9,1,0,0
15749,-14,4,1,0,0
15750,0,18,1,0,0
15751,19,9,1,0,0
15752,17,-13,1,0,0
15753,-3,-21,1,0,0
15754,-19,-7,1,0,0
15755,-15,13,1,0,0
15756,3,21,1,0,0
15757,18,12,1,0,0
15758,22,-6,1,0,0
15759,11,-19,1,0,0
15760,-5,-21,1,0,0
15761,-17,-11,1,0,0
15762,-20,4,1,0,0
15763,-15,15,1,0,0
15764,-3,21,1,0,0
15765,8,20,1,0,0
15766,17,13,1,0,0
15767,21,5,1,0,0
15768,22,-4,1,0,0
15769,19,-11,1,0,0
15770,14,-16,1,0,0
15771,9,-19,1,0,0
15772,5,-21,1,0,0
15773,1,-21,1,0,0
15774,-3,-21,1,0,0
15775,-4,-20,1,0,0
15776,-4,-18,1,0,0
15777,-4,-14,1,0,0
15778,-3,-11,1,0,0
15779,-1,-7,1,0,0
15780,1,-3,1,0,0
15781,1,-1,1,0,0
15782,0,0,1,0,0
15783,-1,1,1,0,0
15784,-1,3,1,0,0
15785,1,7,1,0,0
15786,3,11,1,0,0
15787,4,14,1,0,0
15788,4,18,1,0,0
15789,4,20,1,0,0
15790,3,21,1,0,0
15791,-1,21,1,0,0
15792,-5,21,1,0,0
15793,-9,19,1,0,0
15794,-14,16,1,0,0
15795,-19,11,1,0,0
15796,-22,4,1,0,0
15797,-21,-5,1,0,0
15798,-17,-13,1,0,0
15799,-8,-20,1,0,0
15800,3,-21,1,0,0
15801,15,-15,1,0,0
15802,20,-4,1,0,0
15803,17,11,1,0,0
15804,5,21,1,0,0
15805,-11,19,1,0,0
15806,-22,6,1,0,0
15807,-18,-12,1,0,0
15808,-3,-21,1,0,0
15809,15,-13,1,0,0
15810,19,7,1,0,0
15811,3,21,1,0,0
15812,-17,13,1,0,0
15813,-19,-9,1,0,0
15814,0,-18,1,0,0
15815,14,-4,1,0,0
15816,5,9,1,0,0
15817,-6,6,1,0,0
15818,-4,-2,1,0,0
15819,-1,-1,1,0,0
15820,0,0,1,0,0
15821,0,0,1,0,0
15822,1,3,1,0,0
15823,-7,5,1,0,0
15824,-10,-6,1,0,0
15825,3,-15,1,0,0
15826,17,-1,1,0,0
15827,8,18,1,0,0
15828,-14,16,1,0,0
15829,-22,-4,1,0,0
15830,-8,-20,1,0,0
15831,12,-16,1,0,0
15832,20,2,1,0,0
15833,11,17,1,0,0
15834,-7,21,1,0,0
15835,-20,10,1,0,0
15836,-22,-6,1,0,0
15837,-12,-18,1,0,0
15838,3,-21,1,0,0
15839,15,-15,1,0,0
15840,20,-4,1,0,0
15841,19,7,1,0,0
15842,12,16,1,0,0
15843,4,20,1,0,0
15844,-5,21,1,0,0
15845,-12,18,1,0,0
15846,-17,13,1,0,0
15847,-20,8,1,0,0
15848,-22,4,1,0,0
15849,-22,0,1,0,0
15850,-22,-4,1,0,0
15851,-21,-5,1,0,0
15852,-19,-5,1,0,0
15853,-15,-5,1,0,0
15854,-12,-4,1,0,0
15855,-8,-2,1,0,0
15856,-4,0,1,0,0
15857,-2,0,1,0,0
15858,0,0,1,0,0
15859,0,-2,1,0,0
15860,0,-4,1,0,0
15861,2,-8,1,0,0
15862,4,-12,1,0,0
15863,5,-15,1,0,0
15864,5,-19,1,0,0
15865,5,-21,1,0,0
15866,4,-22,1,0,0
15867,0,-22,1,0,0
15868,-4,-22,1,0,0
15869,-8,-20,1,0,0
15870,-13,-17,1,0,0
15871,-18,-12,1,0,0
15872,-21,-5,1,0,0
15873,-20,4,1,0,0
15874,-16,12,1,0,0
15875,-7,19,1,0,0
15876,4,20,1,0,0
15877,15,15,1,0,0
15878,21,3,1,0,0
15879,18,-12,1,0,0
15880,6,-22,1,0,0
15881,-10,-20,1,0,0
15882,-21,-7,1,0,0
15883,-17,11,1,0,0
15884,-2,20,1,0,0
15885,16,12,1,0,0
15886,20,-8,1,0,0
15887,4,-22,1,0,0
15888,-16,-14,1,0,0
15889,-18,8,1,0,0
15890,1,17,1,0,0
15891,15,3,1,0,0
15892,6,-10,1,0,0
15893,-5,-7,1,0,0
15894,-3,1,1,0,0
15895,0,0,1,0,0
15896,0,0,1,0,0
15897,0,0,1,0,0
15898,0,0,1,0,0
15899,0,0,1,0,0
15900,0,0,1,0,0
15901,0,0,1,0,0
15902,0,0,1,0,0
15903,0,0,1,0,0
15904,0,0,1,0,0
15905,0,0,1,0,0
15906,0,0,1,0,0
15907,1,1,1,0,0
15908,4,2,1,0,0
15909,6,-6,1,0,0
15910,-5,-9,1,0,0
15911,-14,4,1,0,0
15912,0,18,1,0,0
15913,19,9,1,0,0
15914,17,-13,1,0,0
15915,-3,-21,1,0,0
15916,-19,-7,1,0,0
15917,-15,13,1,0,0
15918,3,21,1,0,0
15919,18,12,1,0,0
15920,22,-6,1,0,0
15921,11,-19,1,0,0
15922,-5,-21,1,0,0
15923,-17,-11,1,0,0
15924,-20,4,1,0,0
15925,-15,15,1,0,0
15926,-3,21,1,0,0
15927,8,20,1,0,0
15928,17,13,1,0,0
15929,21,5,1,0,0
15930,22,-4,1,0,0
15931,19,-11,1,0,0
15932,14,-16,1,0,0
15933,9,-19,1,0,0
15934,5,-21,1,0,0
15935,1,-21,1,0,0
15936,-3,-21,1,0,0
15937,-4,-20,1,0,0
15938,-4,-18,1,0,0
15939,-4,-14,1,0,0
15940,-3,-11,1,0,0
15941,-1,-7,1,0,0
15942,1,-3,1,0,0
15943,1,-1,1,0,0
15944,0,0,1,0,0
15945,-1,1,1,0,0
15946,-1,3,1,0,0
15947,1,7,1,0,0
15948,3,11,1,0,0
15949,4,14,1,0,0
15950,4,18,1,0,0
15951,4,20,1,0,0
15952,3,21,1,0,0
15953,-1,21,1,0,0
15954,-5,21,1,0,0
15955,-9,19,1,0,0
15956,-14,16,1,0,0
15957,-19,11,1,0,0
15958,-22,4,1,0,0
15959,-21,-5,1,0,0
15960,-17,-13,1,0,0
15961,-8,-20,1,0,0
15962,3,-21,1,0,0
15963,15,-15,1,0,0
15964,20,-4,1,0,0
15965,17,11,1,0,0
15966,5,21,1,0,0
15967,-11,19,1,0,0
15968,-22,6,1,0,0
15969,-18,-12,1,0,0
15970,-3,-21,1,0,0
15971,15,-13,1,0,0
15972,19,7,1,0,0
15973,3,21,1,0,0
15974,-17,13,1,0,0
15975,-19,-9,1,0,0
15976,0,-18,1,0,0
15977,14,-4,1,0,0
15978,5,9,1,0,0
15979,-6,6,1,0,0
15980,-4,-2,1,0,0
15981,-1,-1,1,0,0
15982,0,0,1,0,0
15983,0,0,1,0,0
15984,3,-1,1,0,0
15985,5,7,1,0,0
15986,-6,10,1,0,0
15987,-15,-3,1,0,0
15988,-1,-17,1,0,0
15989,18,-8,1,0,0
15990,16,14,1,0,0
15991,-4,22,1,0,0
15992,-20,8,1,0,0
15993,-16,-12,1,0,0
15994,2,-20,1,0,0
15995,17,-11,1,0,0
15996,21,7,1,0,0
15997,10,20,1,0,0
15998,-6,22,1,0,0
15999,-18,12,1,0,0
16000,-21,-3,1,0,0
16001,-15,-15,1,0,0
16002,-4,-20,1,0,0
16003,7,-19,1,0,0
16004,16,-12,1,0,0
16005,20,-4,1,0,0
16006,21,5,1,0,0
16007,18,12,1,0,0
16008,13,17,1,0,0
16009,8,20,1,0,0
16010,4,22,1,0,0
16011,0,22,1,0,0
16012,-4,22,1,0,0
16013,-5,21,1,0,0
16014,-5,19,1,0,0
16015,-5,15,1,0,0
16016,-4,12,1,0,0
16017,-2,8,1,0,0
16018,0,4,1,0,0
16019,0,2,1,0,0
16020,0,0,1,0,0
16021,2,0,1,0,0
16022,4,0,1,0,0
16023,8,2,1,0,0
16024,12,4,1,0,0
16025,15,5,1,0,0
16026,19,5,1,0,0
16027,21,5,1,0,0
16028,22,4,1,0,0
16029,22,0,1,0,0
16030,22,-4,1,0,0
16031,20,-8,1,0,0
16032,17,-13,1,0,0
16033,12,-18,1,0,0
16034,5,-21,1,0,0
16035,-4,-20,1,0,0
16036,-12,-16,1,0,0
16037,-19,-7,1,0,0
16038,-20,4,1,0,0
16039,-15,15,1,0,0
16040,-3,21,1,0,0
16041,12,18,1,0,0
16042,22,6,1,0,0
16043,20,-10,1,0,0
16044,7,-21,1,0,0
16045,-11,-17,1,0,0
16046,-20,-2,1,0,0
16047,-12,16,1,0,0
16048,8,20,1,0,0
16049,22,4,1,0,0
16050,14,-16,1,0,0
16051,-8,-18,1,0,0
16052,-17,1,1,0,0
16053,-3,15,1,0,0
16054,10,6,1,0,0
16055,7,-5,1,0,0
16056,-1,-3,1,0,0
16057,0,0,1,0,0
16058,0,0,1,0,0
16059,0,0,1,0,0
16060,0,0,1,0,0
16061,0,0,1,0,0
16062,0,0,1,0,0
16063,0,0,1,0,0
16064,0,0,1,0,0
16065,0,0,1,0,0
16066,0,0,1,0,0
16067,0,0,1,0,0
16068,0,0,1,0,0
16069,0,0,1,0,0
16070,0,0,1,0,0
16071,0,0,1,0,0
16072,0,0,1,0,0
16073,0,0,1,0,0
16074,0,0,1,0,0
16075,0,0,1,0,0
16076,0,0,1,0,0
16077,0,0,1,0,0
16078,0,0,1,0,0
16079,0,0,1,0,0
16080,0,0,1,0,0
16081,0,0,1,0,0
16082,0,0,1,0,0
16083,0,0,1,0,0
16084,0,0,1,0,0
16085,0,0,1,0,0
16086,0,0,1,0,0
16087,0,0,1,0,0
16088,0,0,1,0,0
16089,0,0,1,0,0
16090,0,0,1,0,0
16091,0,0,1,0,0
16092,0,0,1,0,0
16093,0,0,1,0,0
16094,0,0,1,0,0
16095,0,0,1,0,0
16096,0,0,1,0,0
16097,0,0,1,0,0
16098,0,0,1,0,0
16099,0,0,1,0,0
16100,0,0,1,0,0
16101,0,0,1,0,0
16102,0,0,1,0,0
16103,0,0,1,0,0
16104,0,0,1,0,0
16105,0,0,1,0,0
16106,0,0,1,0,0
16107,0,0,1,0,0
16108,0,0,1,0,0
16109,0,0,1,0,0
16110,0,0,1,0,0
16111,0,0,1,0,0
16112,0,0,1,0,0
16113,0,0,1,0,0
16114,0,0,1,0,0
16115,0,0,1,0,0
16116,0,0,1,0,0
16117,0,0,1,0,0
16118,0,0,1,0,0
16119,0,0,1,0,0
16120,0,0,1,0,0
16121,0,0,1,0,0
16122,0,0,1,0,0
16123,0,0,1,0,0
16124,0,0,1,0,0
16125,0,0,1,0,0
16126,0,0,1,0,0
16127,0,0,1,0,0
16128,0,0,1,0,0
16129,-1,-1,1,0,0
16130,-4,-2,1,0,0
16131,-6,6,1,0,0
16132,5,9,1,0,0
16133,14,-4,1,0,0
16134,0,-18,1,0,0
16135,-19,-9,1,0,0
16136,-17,13,1,0,0
16137,3,21,1,0,0
16138,19,7,1,0,0
16139,15,-13,1,0,0
16140,-3,-21,1,0,0
16141,-18,-12,1,0,0
16142,-22,6,1,0,0
16143,-11,19,1,0,0
16144,5,21,1,0,0
16145,17,11,1,0,0
16146,20,-4,1,0,0
16147,15,-15,1,0,0
16148,3,-21,1,0,0
16149,-8,-20,1,0,0
16150,-17,-13,1,0,0
16151,-21,-5,1,0,0
16152,-22,4,1,0,0
16153,-19,11,1,0,0
16154,-14,16,1,0,0
16155,-9,19,1,0,0
16156,-5,21,1,0,0
16157,-1,21,1,0,0
16158,3,21,1,0,0
16159,4,20,1,0,0
16160,4,18,1,0,0
16161,4,14,1,0,0
16162,3,11,1,0,0
16163,1,7,1,0,0
16164,-1,3,1,0,0
16165,-1,1,1,0,0
16166,0,0,1,0,0
16167,1,-1,1,0,0
16168,1,-3,1,0,0
16169,-1,-7,1,0,0
16170,-3,-11,1,0,0
16171,-4,-14,1,0,0
16172,-4,-18,1,0,0
16173,-4,-20,1,0,0
16174,-3,-21,1,0,0
16175,1,-21,1,0,0
16176,5,-21,1,0,0
16177,9,-19,1,0,0
16178,14,-16,1,0,0
16179,19,-11,1,0,0
16180,22,-4,1,0,0
16181,21,5,1,0,0
16182,17,13,1,0,0
16183,8,20,1,0,0
16184,-3,21,1,0,0
16185,-15,15,1,0,0
16186,-20,4,1,0,0
16187,-17,-11,1,0,0
16188,-5,-21,1,0,0
16189,11,-19,1,0,0
16190,22,-6,1,0,0
16191,18,12,1,0,0
16192,3,21,1,0,0
16193,-15,13,1,0,0
16194,-19,-7,1,0,0
16195,-3,-21,1,0,0
16196,17,-13,1,0,0
16197,19,9,1,0,0
16198,0,18,1,0,0
16199,-14,4,1,0,0
16200,-5,-9,1,0,0
16201,6,-6,1,0,0
16202,4,2,1,0,0
16203,1,1,1,0,0
16204,0,0,1,0,0
16205,0,0,1,0,0
16206,-3,1,1,0,0
16207,-5,-7,1,0,0
16208,6,-10,1,0,0
16209,15,3,1,0,0
16210,1,17,1,0,0
16211,-18,8,1,0,0
16212,-16,-14,1,0,0
16213,4,-22,1,0,0
16214,20,-8,1,0,0
16215,16,12,1,0,0
16216,-2,20,1,0,0
16217,-17,11,1,0,0
16218,-21,-7,1,0,0
16219,-10,-20,1,0,0
16220,6,-22,1,0,0
16221,18,-12,1,0,0
16222,21,3,1,0,0
16223,15,15,1,0,0
16224,4,20,1,0,0
16225,-7,19,1,0,0
16226,-16,12,1,0,0
16227,-20,4,1,0,0
16228,-21,-5,1,0,0
16229,-18,-12,1,0,0
16230,-13,-17,1,0,0
16231,-8,-20,1,0,0
16232,-4,-22,1,0,0
16233,0,-22,1,0,0
16234,4,-22,1,0,0
16235,5,-21,1,0,0
16236,5,-19,1,0,0
16237,5,-15,1,0,0
16238,4,-12,1,0,0
16239,2,-8,1,0,0
16240,0,-4,1,0,0
16241,0,-2,1,0,0
16242,0,0,1,0,0
16243,2,0,1,0,0
16244,4,0,1,0,0
16245,8,2,1,0,0
16246,12,4,1,0,0
16247,15,5,1,0,0
16248,19,5,1,0,0
16249,21,5,1,0,0
16250,22,4,1,0,0
16251,22,0,1,0,0
16252,22,-4,1,0,0
16253,20,-8,1,0,0
16254,17,-13,1,0,0
16255,12,-18,1,0,0
16256,5,-21,1,0,0
16257,-4,-20,1,0,0
16258,-12,-16,1,0,0
16259,-19,-7,1,0,0
16260,-20,4,1,0,0
16261,-15,15,1,0,0
16262,-3,21,1,0,0
16263,12,18,1,0,0
16264,22,6,1,0,0
16265,20,-10,1,0,0
16266,7,-21,1,0,0
16267,-11,-17,1,0,0
16268,-20,-2,1,0,0
16269,-12,16,1,0,0
16270,8,20,1,0,0
16271,22,4,1,0,0
16272,14,-16,1,0,0
16273,-8,-18,1,0,0
16274,-17,1,1,0,0
16275,-3,15,1,0,0
16276,10,6,1,0,0
16277,7,-5,1,0,0
16278,-1,-3,1,0,0
16279,0,0,1,0,0
16280,0,0,1,0,0
16281,0,0,1,0,0
16282,0,0,1,0,0
16283,0,0,1,0,0
16284,0,0,1,0,0
16285,0,0,1,0,0
16286,0,0,1,0,0
16287,0,0,1,0,0
16288,0,0,1,0,0
16289,0,0,1,0,0
16290,0,0,1,0,0
16291,1,-1,1,0,0
16292,2,-4,1,0,0
16293,-6,-6,1,0,0
16294,-9,5,1,0,0
16295,4,14,1,0,0
16296,18,0,1,0,0
16297,9,-19,1,0,0
16298,-13,-17,1,0,0
16299,-21,3,1,0,0
16300,-7,19,1,0,0
16301,13,15,1,0,0
16302,21,-3,1,0,0
16303,12,-18,1,0,0
16304,-6,-22,1,0,0
16305,-19,-11,1,0,0
16306,-21,5,1,0,0
16307,-11,17,1,0,0
16308,4,20,1,0,0
16309,15,15,1,0,0
16310,21,3,1,0,0
16311,20,-8,1,0,0
16312,13,-17,1,0,0
16313,5,-21,1,0,0
16314,-4,-22,1,0,0
16315,-11,-19,1,0,0
16316,-16,-14,1,0,0
16317,-19,-9,1,0,0
16318,-21,-5,1,0,0
16319,-21,-1,1,0,0
16320,-21,3,1,0,0
16321,-20,4,1,0,0
16322,-18,4,1,0,0
16323,-14,4,1,0,0
16324,-11,3,1,0,0
16325,-7,1,1,0,0
16326,-3,-1,1,0,0
16327,-1,-1,1,0,0
16328,0,0,1,0,0
16329,1,1,1,0,0
16330,3,1,1,0,0
16331,7,-1,1,0,0
16332,11,-3,1,0,0
16333,14,-4,1,0,0
16334,18,-4,1,0,0
16335,20,-4,1,0,0
16336,21,-3,1,0,0
16337,21,1,1,0,0
16338,21,5,1,0,0
16339,19,9,1,0,0
16340,16,14,1,0,0
16341,11,19,1,0,0
16342,4,22,1,0,0
16343,-5,21,1,0,0
16344,-13,17,1,0,0
16345,-20,8,1,0,0
16346,-21,-3,1,0,0
16347,-15,-15,1,0,0
16348,-4,-20,1,0,0
16349,11,-17,1,0,0
16350,21,-5,1,0,0
16351,19,11,1,0,0
16352,6,22,1,0,0
16353,-12,18,1,0,0
16354,-21,3,1,0,0
16355,-13,-15,1,0,0
16356,7,-19,1,0,0
16357,21,-3,1,0,0
16358,13,17,1,0,0
16359,-9,19,1,0,0
16360,-18,0,1,0,0
16361,-4,-14,1,0,0
16362,9,-5,1,0,0
16363,6,6,1,0,0
16364,-2,4,1,0,0
16365,-1,1,1,0,0
16366,0,0,1,0,0
16367,0,0,1,0,0
16368,-3,1,1,0,0
16369,-5,-7,1,0,0
16370,6,-10,1,0,0
16371,15,3,1,0,0
16372,1,17,1,0,0
16373,-18,8,1,0,0
16374,-16,-14,1,0,0
16375,4,-22,1,0,0
16376,20,-8,1,0,0
16377,16,12,1,0,0
16378,-2,20,1,0,0
16379,-17,11,1,0,0
16380,-21,-7,1,0,0
16381,-10,-20,1,0,0
16382,6,-22,1,0,0
16383,18,-12,1,0,0
16384,21,3,1,0,0
16385,15,15,1,0,0
16386,4,20,1,0,0
16387,-7,19,1,0,0
16388,-16,12,1,0,0
16389,-20,4,1,0,0
16390,-21,-5,1,0,0
16391,-18,-12,1,0,0
16392,-13,-17,1,0,0
16393,-8,-20,1,0,0
16394,-4,-22,1,0,0
16395,0,-22,1,0,0
16396,4,-22,1,0,0
16397,5,-21,1,0,0
16398,5,-19,1,0,0
16399,5,-15,1,0,0
16400,4,-12,1,0,0
16401,2,-8,1,0,0
16402,0,-4,1,0,0
16403,0,-2,1,0,0
16404,0,0,1,0,0
16405,2,0,1,0,0
16406,4,0,1,0,0
16407,8,2,1,0,0
16408,12,4,1,0,0
16409,15,5,1,0,0
16410,19,5,1,0,0
16411,21,5,1,0,0
16412,22,4,1,0,0
16413,22,0,1,0,0
16414,22,-4,1,0,0
16415,20,-8,1,0,0
16416,17,-13,1,0,0
16417,12,-18,1,0,0
16418,5,-21,1,0,0
16419,-4,-20,1,0,0
16420,-12,-16,1,0,0
16421,-19,-7,1,0,0
16422,-20,4,1,0,0
16423,-15,15,1,0,0
16424,-3,21,1,0,0
16425,12,18,1,0,0
16426,22,6,1,0,0
16427,20,-10,1,0,0
16428,7,-21,1,0,0
16429,-11,-17,1,0,0
16430,-20,-2,1,0,0
16431,-12,16,1,0,0
16432,8,20,1,0,0
16433,22,4,1,0,0
16434,14,-16,1,0,0
16435,-8,-18,1,0,0
16436,-17,1,1,0,0
16437,-3,15,1,0,0
16438,10,6,1,0,0
16439,7,-5,1,0,0
16440,-1,-3,1,0,0
16441,0,0,1,0,0
16442,0,0,1,0,0
16443,0,0,1,0,0
16444,0,0,1,0,0
16445,0,0,1,0,0
16446,0,0,1,0,0
16447,0,0,1,0,0
16448,0,0,1,0,0
16449,0,0,1,0,0
16450,0,0,1,0,0
16451,0,0,1,0,0
16452,0,0,1,0,0
16453,0,0,1,0,0
16454,0,0,1,0,0
16455,0,0,1,0,0
16456,0,0,1,0,0
16457,0,0,1,0,0
16458,0,0,1,0,0
16459,0,0,1,0,0
16460,0,0,1,0,0
16461,0,0,1,0,0
16462,0,0,1,0,0
16463,0,0,1,0,0
16464,0,0,1,0,0
16465,0,0,1,0,0
16466,0,0,1,0,0
16467,0,0,1,0,0
16468,0,0,1,0,0
16469,0,0,1,0,0
16470,0,0,1,0,0
16471,0,0,1,0,0
16472,0,0,1,0,0
16473,0,0,1,0,0
16474,0,0,1,0,0
16475,0,0,1,0,0
16476,0,0,1,0,0
16477,0,0,1,0,0
16478,0,0,1,0,0
16479,0,0,1,0,0
16480,0,0,1,0,0
16481,0,0,1,0,0
16482,0,0,1,0,0
16483,0,0,1,0,0
16484,0,0,1,0,0
16485,0,0,1,0,0
16486,0,0,1,0,0
16487,0,0,1,0,0
16488,0,0,1,0,0
16489,0,0,1,0,0
16490,0,0,1,0,0
16491,0,0,1,0,0
16492,0,0,1,0,0
16493,0,0,1,0,0
16494,0,0,1,0,0
16495,0,0,1,0,0
16496,0,0,1,0,0
16497,0,0,1,0,0
16498,0,0,1,0,0
16499,0,0,1,0,0
16500,0,0,1,0,0
16501,0,0,1,0,0
16502,0,0,1,0,0
16503,0,0,1,0,0
16504,0,0,1,0,0
16505,0,0,1,0,0
16506,0,0,1,0,0
16507,0,0,1,0,0
16508,0,0,1,0,0
16509,0,0,1,0,0
16510,0,0,1,0,0
16511,0,0,1,0,0
16512,0,0,1,0,0
16513,-1,1,1,0,0
16514,-2,4,1,0,0
16515,6,6,1,0,0
16516,9,-5,1,0,0
16517,-4,-14,1,0,0
16518,-18,0,1,0,0
16519,-9,19,1,0,0
16520,13,17,1,0,0
16521,21,-3,1,0,0
16522,7,-19,1,0,0
16523,-13,-15,1,0,0
16524,-21,3,1,0,0
16525,-12,18,1,0,0
16526,6,22,1,0,0
16527,19,11,1,0,0
16528,21,-5,1,0,0
16529,11,-17,1,0,0
16530,-4,-20,1,0,0
16531,-15,-15,1,0,0
16532,-21,-3,1,0,0
16533,-20,8,1,0,0
16534,-13,17,1,0,0
16535,-5,21,1,0,0
16536,4,22,1,0,0
16537,11,19,1,0,0
16538,16,14,1,0,0
16539,19,9,1,0,0
16540,21,5,1,0,0
16541,21,1,1,0,0
16542,21,-3,1,0,0
16543,20,-4,1,0,0
16544,18,-4,1,0,0
16545,14,-4,1,0,0
16546,11,-3,1,0,0
16547,7,-1,1,0,0
16548,3,1,1,0,0
16549,1,1,1,0,0
16550,0,0,1,0,0
16551,-1,-1,1,0,0
16552,-3,-1,1,0,0
16553,-7,1,1,0,0
16554,-11,3,1,0,0
16555,-14,4,1,0,0
16556,-18,4,1,0,0
16557,-20,4,1,0,0
16558,-21,3,1,0,0
16559,-21,-1,1,0,0
16560,-21,-5,1,0,0
16561,-19,-9,1,0,0
16562,-16,-14,1,0,0
16563,-11,-19,1,0,0
16564,-4,-22,1,0,0
16565,5,-21,1,0,0
16566,13,-17,1,0,0
16567,20,-8,1,0,0
16568,21,3,1,0,0
16569,15,15,1,0,0
16570,4,20,1,0,0
16571,-11,17,1,0,0
16572,-21,5,1,0,0
16573,-19,-11,1,0,0
16574,-6,-22,1,0,0
16575,12,-18,1,0,0
16576,21,-3,1,0,0
16577,13,15,1,0,0
16578,-7,19,1,0,0
16579,-21,3,1,0,0
16580,-13,-17,1,0,0
16581,9,-19,1,0,0
16582,18,0,1,0,0
16583,4,14,1,0,0
16584,-9,5,1,0,0
16585,-6,-6,1,0,0
16586,2,-4,1,0,0
16587,1,-1,1,0,0
16588,0,0,1,0,0
16589,0,0,1,0,0
16590,1,3,1,0,0
16591,-7,5,1,0,0
16592,-10,-6,1,0,0
16593,3,-15,1,0,0
16594,17,-1,1,0,0
16595,8,18,1,0,0
16596,-14,16,1,0,0
16597,-22,-4,1,0,0
16598,-8,-20,1,0,0
16599,12,-16,1,0,0
16600,20,2,1,0,0
16601,11,17,1,0,0
16602,-7,21,1,0,0
16603,-20,10,1,0,0
16604,-22,-6,1,0,0
16605,-12,-18,1,0,0
16606,3,-21,1,0,0
16607,15,-15,1,0,0
16608,20,-4,1,0,0
16609,19,7,1,0,0
16610,12,16,1,0,0
16611,4,20,1,0,0
16612,-5,21,1,0,0
16613,-12,18,1,0,0
16614,-17,13,1,0,0
16615,-20,8,1,0,0
16616,-22,4,1,0,0
16617,-22,0,1,0,0
16618,-22,-4,1,0,0
16619,-21,-5,1,0,0
16620,-19,-5,1,0,0
16621,-15,-5,1,0,0
16622,-12,-4,1,0,0
16623,-8,-2,1,0,0
16624,-4,0,1,0,0
16625,-2,0,1,0,0
16626,0,0,1,0,0
16627,-2,0,1,0,0
16628,-4,0,1,0,0
16629,-8,-2,1,0,0
16630,-12,-4,1,0,0
16631,-15,-5,1,0,0
16632,-19,-5,1,0,0
16633,-21,-5,1,0,0
16634,-22,-4,1,0,0
16635,-22,0,1,0,0
16636,-22,4,1,0,0
16637,-20,8,1,0,0
16638,-17,13,1,0,0
16639,-12,18,1,0,0
16640,-5,21,1,0,0
16641,4,20,1,0,0
16642,12,16,1,0,0
16643,19,7,1,0,0
16644,20,-4,1,0,0
16645,15,-15,1,0,0
16646,3,-21,1,0,0
16647,-12,-18,1,0,0
16648,-22,-6,1,0,0
16649,-20,10,1,0,0
16650,-7,21,1,0,0
16651,11,17,1,0,0
16652,20,2,1,0,0
16653,12,-16,1,0,0
16654,-8,-20,1,0,0
16655,-22,-4,1,0,0
16656,-14,16,1,0,0
16657,8,18,1,0,0
16658,17,-1,1,0,0
16659,3,-15,1,0,0
16660,-10,-6,1,0,0
16661,-7,5,1,0,0
16662,1,3,1,0,0
16663,0,0,1,0,0
16664,0,0,1,0,0
16665,0,0,1,0,0
16666,0,0,1,0,0
16667,0,0,1,0,0
16668,0,0,1,0,0
16669,0,0,1,0,0
16670,0,0,1,0,0
16671,0,0,1,0,0
16672,0,0,1,0,0
16673,0,0,1,0,0
16674,0,0,1,0,0
16675,-1,1,1,0,0
16676,-2,4,1,0,0
16677,6,6,1,0,0
16678,9,-5,1,0,0
16679,-4,-14,1,0,0
16680,-18,0,1,0,0
16681,-9,19,1,0,0
16682,13,17,1,0,0
16683,21,-3,1,0,0
16684,7,-19,1,0,0
16685,-13,-15,1,0,0
16686,-21,3,1,0,0
16687,-12,18,1,0,0
16688,6,22,1,0,0
16689,19,11,1,0,0
16690,21,-5,1,0,0
16691,11,-17,1,0,0
16692,-4,-20,1,0,0
16693,-15,-15,1,0,0
16694,-21,-3,1,0,0
16695,-20,8,1,0,0
16696,-13,17,1,0,0
16697,-5,21,1,0,0
16698,4,22,1,0,0
16699,11,19,1,0,0
16700,16,14,1,0,0
16701,19,9,1,0,0
16702,21,5,1,0,0
16703,21,1,1,0,0
16704,21,-3,1,0,0
16705,20,-4,1,0,0
16706,18,-4,1,0,0
16707,14,-4,1,0,0
16708,11,-3,1,0,0
16709,7,-1,1,0,0
16710,3,1,1,0,0
16711,1,1,1,0,0
16712,0,0,1,0,0
16713,-1,-1,1,0,0
16714,-3,-1,1,0,0
16715,-7,1,1,0,0
16716,-11,3,1,0,0
16717,-14,4,1,0,0
16718,-18,4,1,0,0
16719,-20,4,1,0,0
16720,-21,3,1,0,0
16721,-21,-1,1,0,0
16722,-21,-5,1,0,0
16723,-19,-9,1,0,0
16724,-16,-14,1,0,0
16725,-11,-19,1,0,0
16726,-4,-22,1,0,0
16727,5,-21,1,0,0
16728,13,-17,1,0,0
16729,20,-8,1,0,0
16730,21,3,1,0,0
16731,15,15,1,0,0
16732,4,20,1,0,0
16733,-11,17,1,0,0
16734,-21,5,1,0,0
16735,-19,-11,1,0,0
16736,-6,-22,1,0,0
16737,12,-18,1,0,0
16738,21,-3,1,0,0
16739,13,15,1,0,0
16740,-7,19,1,0,0
16741,-21,3,1,0,0
16742,-13,-17,1,0,0
16743,9,-19,1,0,0
16744,18,0,1,0,0
16745,4,14,1,0,0
16746,-9,5,1,0,0
16747,-6,-6,1,0,0
16748,2,-4,1,0,0
16749,1,-1,1,0,0
16750,0,0,1,0,0
16751,0,0,1,0,0
16752,-3,1,1,0,0
16753,-5,-7,1,0,0
16754,6,-10,1,0,0
16755,15,3,1,0,0
16756,1,17,1,0,0
16757,-18,8,1,0,0
16758,-16,-14,1,0,0
16759,4,-22,1,0,0
16760,20,-8,1,0,0
16761,16,12,1,0,0
16762,-2,20,1,0,0
16763,-17,11,1,0,0
16764,-21,-7,1,0,0
16765,-10,-20,1,0,0
16766,6,-22,1,0,0
16767,18,-12,1,0,0
16768,21,3,1,0,0
16769,15,15,1,0,0
16770,4,20,1,0,0
16771,-7,19,1,0,0
16772,-16,12,1,0,0
16773,-20,4,1,0,0
16774,-21,-5,1,0,0
16775,-18,-12,1,0,0
16776,-13,-17,1,0,0
16777,-8,-20,1,0,0
16778,-4,-22,1,0,0
16779,0,-22,1,0,0
16780,4,-22,1,0,0
16781,5,-21,1,0,0
16782,5,-19,1,0,0
16783,5,-15,1,0,0
16784,4,-12,1,0,0
16785,2,-8,1,0,0
16786,0,-4,1,0,0
16787,0,-2,1,0,0
16788,0,0,1,0,0
16789,0,-2,1,0,0
16790,0,-4,1,0,0
16791,2,-8,1,0,0
16792,4,-12,1,0,0
16793,5,-15,1,0,0
16794,5,-19,1,0,0
16795,5,-21,1,0,0
16796,4,-22,1,0,0
16797,0,-22,1,0,0
16798,-4,-22,1,0,0
16799,-8,-20,1,0,0
16800,-13,-17,1,0,0
16801,-18,-12,1,0,0
16802,-21,-5,1,0,0
16803,-20,4,1,0,0
16804,-16,12,1,0,0
16805,-7,19,1,0,0
16806,4,20,1,0,0
16807,15,15,1,0,0
16808,21,3,1,0,0
16809,18,-12,1,0,0
16810,6,-22,1,0,0
16811,-10,-20,1,0,0
16812,-21,-7,1,0,0
16813,-17,11,1,0,0
16814,-2,20,1,0,0
16815,16,12,1,0,0
16816,20,-8,1,0,0
16817,4,-22,1,0,0
16818,-16,-14,1,0,0
16819,-18,8,1,0,0
16820,1,17,1,0,0
16821,15,3,1,0,0
16822,6,-10,1,0,0
16823,-5,-7,1,0,0
16824,-3,1,1,0,0
16825,0,0,1,0,0
16826,0,0,1,0,0
16827,0,0,1,0,0
16828,0,0,1,0,0
16829,0,0,1,0,0
16830,0,0,1,0,0
16831,0,0,1,0,0
16832,0,0,1,0,0
16833,0,0,1,0,0
16834,0,0,1,0,0
16835,0,0,1,0,0
16836,0,0,1,0,0
16837,0,0,1,0,0
16838,0,0,1,0,0
16839,0,0,1,0,0
16840,0,0,1,0,0
16841,0,0,1,0,0
16842,0,0,1,0,0
16843,0,0,1,0,0
16844,0,0,1,0,0
16845,0,0,1,0,0
16846,0,0,1,0,0
16847,0,0,1,0,0
16848,0,0,1,0,0
16849,0,0,1,0,0
16850,0,0,1,0,0
16851,0,0,1,0,0
16852,0,0,1,0,0
16853,0,0,1,0,0
16854,0,0,1,0,0
16855,0,0,1,0,0
16856,0,0,1,0,0
16857,0,0,1,0,0
16858,0,0,1,0,0
16859,0,0,1,0,0
16860,0,0,1,0,0
16861,0,0,1,0,0
16862,0,0,1,0,0
16863,0,0,1,0,0
16864,0,0,1,0,0
16865,0,0,1,0,0
16866,0,0,1,0,0
16867,0,0,1,0,0
16868,0,0,1,0,0
16869,0,0,1,0,0
16870,0,0,1,0,0
16871,0,0,1,0,0
16872,0,0,1,0,0
16873,0,0,1,0,0
16874,0,0,1,0,0
16875,0,0,1,0,0
16876,0,0,1,0,0
16877,0,0,1,0,0
16878,0,0,1,0,0
16879,0,0,1,0,0
16880,0,0,1,0,0
16881,0,0,1,0,0
16882,0,0,1,0,0
16883,0,0,1,0,0
16884,0,0,1,0,0
16885,0,0,1,0,0
16886,0,0,1,0,0
16887,0,0,1,0,0
16888,0,0,1,0,0
16889,0,0,1,0,0
16890,0,0,1,0,0
16891,0,0,1,0,0
16892,0,0,1,0,0
16893,0,0,1,0,0
16894,0,0,1,0,0
16895,0,0,1,0,0
16896,0,0,1,0,0
16897,1,-1,1,0,0
16898,2,-4,1,0,0
16899,-6,-6,1,0,0
16900,-9,5,1,0,0
16901,4,14,1,0,0
16902,18,0,1,0,0
16903,9,-19,1,0,0
16904,-13,-17,1,0,0
16905,-21,3,1,0,0
16906,-7,19,1,0,0
16907,13,15,1,0,0
16908,21,-3,1,0,0
16909,12,-18,1,0,0
16910,-6,-22,1,0,0
16911,-19,-11,1,0,0
16912,-21,5,1,0,0
16913,-11,17,1,0,0
16914,4,20,1,0,0
16915,15,15,1,0,0
16916,21,3,1,0,0
16917,20,-8,1,0,0
16918,13,-17,1,0,0
16919,5,-21,1,0,0
16920,-4,-22,1,0,0
16921,-11,-19,1,0,0
16922,-16,-14,1,0,0
16923,-19,-9,1,0,0
16924,-21,-5,1,0,0
16925,-21,-1,1,0,0
16926,-21,3,1,0,0
16927,-20,4,1,0,0
16928,-18,4,1,0,0
16929,-14,4,1,0,0
16930,-11,3,1,0,0
16931,-7,1,1,0,0
16932,-3,-1,1,0,0
16933,-1,-1,1,0,0
16934,0,0,1,0,0
16935,1,1,1,0,0
16936,3,1,1,0,0
16937,7,-1,1,0,0
16938,11,-3,1,0,0
16939,14,-4,1,0,0
16940,18,-4,1,0,0
16941,20,-4,1,0,0
16942,21,-3,1,0,0
16943,21,1,1,0,0
16944,21,5,1,0,0
16945,19,9,1,0,0
16946,16,14,1,0,0
16947,11,19,1,0,0
16948,4,22,1,0,0
16949,-5,21,1,0,0
16950,-13,17,1,0,0
16951,-20,8,1,0,0
16952,-21,-3,1,0,0
16953,-15,-15,1,0,0
16954,-4,-20,1,0,0
16955,11,-17,1,0,0
16956,21,-5,1,0,0
16957,19,11,1,0,0
16958,6,22,1,0,0
16959,-12,18,1,0,0
16960,-21,3,1,0,0
16961,-13,-15,1,0,0
16962,7,-19,1,0,0
16963,21,-3,1,0,0
16964,13,17,1,0,0
16965,-9,19,1,0,0
16966,-18,0,1,0,0
16967,-4,-14,1,0,0
16968,9,-5,1,0,0
16969,6,6,1,0,0
16970,-2,4,1,0,0
16971,-1,1,1,0,0
16972,0,0,1,0,0
16973,0,0,1,0,0
16974,3,-1,1,0,0
16975,5,7,1,0,0
16976,-6,10,1,0,0
16977,-15,-3,1,0,0
16978,-1,-17,1,0,0
16979,18,-8,1,0,0
16980,16,14,1,0,0
16981,-4,22,1,0,0
16982,-20,8,1,0,0
16983,-16,-12,1,0,0
16984,2,-20,1,0,0
16985,17,-11,1,0,0
16986,21,7,1,0,0
16987,10,20,1,0,0
16988,-6,22,1,0,0
16989,-18,12,1,0,0
16990,-21,-3,1,0,0
16991,-15,-15,1,0,0
16992,-4,-20,1,0,0
16993,7,-19,1,0,0
16994,16,-12,1,0,0
16995,20,-4,1,0,0
16996,21,5,1,0,0
16997,18,12,1,0,0
16998,13,17,1,0,0
16999,8,20,1,0,0
17000,4,22,1,0,0
17001,0,22,1,0,0
17002,-4,22,1,0,0
17003,-5,21,1,0,0
17004,-5,19,1,0,0
17005,-5,15,1,0,0
17006,-4,12,1,0,0
17007,-2,8,1,0,0
17008,0,4,1,0,0
17009,0,2,1,0,0
17010,0,0,1,0,0
17011,2,0,1,0,0
17012,4,0,1,0,0
17013,8,2,1,0,0
17014,12,4,1,0,0
17015,15,5,1,0,0
17016,19,5,1,0,0
17017,21,5,1,0,0
17018,22,4,1,0,0
17019,22,0,1,0,0
17020,22,-4,1,0,0
17021,20,-8,1,0,0
17022,17,-13,1,0,0
17023,12,-18,1,0,0
17024,5,-21,1,0,0
17025,-4,-20,1,0,0
17026,-12,-16,1,0,0
17027,-19,-7,1,0,0
17028,-20,4,1,0,0
17029,-15,15,1,0,0
17030,-3,21,1,0,0
17031,12,18,1,0,0
17032,22,6,1,0,0
17033,20,-10,1,0,0
17034,7,-21,1,0,0
17035,-11,-17,1,0,0
17036,-20,-2,1,0,0
17037,-12,16,1,0,0
17038,8,20,1,0,0
17039,22,4,1,0,0
17040,14,-16,1,0,0
17041,-8,-18,1,0,0
17042,-17,1,1,0,0
17043,-3,15,1,0,0
17044,10,6,1,0,0
17045,7,-5,1,0,0
17046,-1,-3,1,0,0
17047,0,0,1,0,0
17048,0,0,1,0,0
17049,0,0,1,0,0
17050,0,0,1,0,0
17051,0,0,1,0,0
17052,0,0,1,0,0
17053,0,0,1,0,0
17054,0,0,1,0,0
17055,0,0,1,0,0
17056,0,0,1,0,0
17057,0,0,1,0,0
17058,0,0,1,0,0
17059,-1,-1,1,0,0
17060,-4,-2,1,0,0
17061,-6,6,1,0,0
17062,5,9,1,0,0
17063,14,-4,1,0,0
17064,0,-18,1,0,0
17065,-19,-9,1,0,0
17066,-17,13,1,0,0
17067,3,21,1,0,0
17068,19,7,1,0,0
17069,15,-13,1,0,0
17070,-3,-21,1,0,0
17071,-18,-12,1,0,0
17072,-22,6,1,0,0
17073,-11,19,1,0,0
17074,5,21,1,0,0
17075,17,11,1,0,0
17076,20,-4,1,0,0
17077,15,-15,1,0,0
17078,3,-21,1,0,0
17079,-8,-20,1,0,0
17080,-17,-13,1,0,0
17081,-21,-5,1,0,0
17082,-22,4,1,0,0
17083,-19,11,1,0,0
17084,-14,16,1,0,0
17085,-9,19,1,0,0
17086,-5,21,1,0,0
17087,-1,21,1,0,0
17088,3,21,1,0,0
17089,4,20,1,0,0
17090,4,18,1,0,0
17091,4,14,1,0,0
17092,3,11,1,0,0
17093,1,7,1,0,0
17094,-1,3,1,0,0
17095,-1,1,1,0,0
17096,0,0,1,0,0
17097,1,-1,1,0,0
17098,1,-3,1,0,0
17099,-1,-7,1,0,0
17100,-3,-11,1,0,0
17101,-4,-14,1,0,0
17102,-4,-18,1,0,0
17103,-4,-20,1,0,0
17104,-3,-21,1,0,0
17105,1,-21,1,0,0
17106,5,-21,1,0,0
17107,9,-19,1,0,0
17108,14,-16,1,0,0
17109,19,-11,1,0,0
17110,22,-4,1,0,0
17111,21,5,1,0,0
17112,17,13,1,0,0
17113,8,20,1,0,0
17114,-3,21,1,0,0
17115,-15,15,1,0,0
17116,-20,4,1,0,0
17117,-17,-11,1,0,0
17118,-5,-21,1,0,0
17119,11,-19,1,0,0
17120,22,-6,1,0,0
17121,18,12,1,0,0
17122,3,21,1,0,0
17123,-15,13,1,0,0
17124,-19,-7,1,0,0
17125,-3,-21,1,0,0
17126,17,-13,1,0,0
17127,19,9,1,0,0
17128,0,18,1,0,0
17129,-14,4,1,0,0
17130,-5,-9,1,0,0
17131,6,-6,1,0,0
17132,4,2,1,0,0
17133,1,1,1,0,0
17134,0,0,1,0,0
17135,0,0,1,0,0
17136,3,-1,1,0,0
17137,5,7,1,0,0
17138,-6,10,1,0,0
17139,-15,-3,1,0,0
17140,-1,-17,1,0,0
17141,18,-8,1,0,0
17142,16,14,1,0,0
17143,-4,22,1,0,0
17144,-20,8,1,0,0
17145,-16,-12,1,0,0
17146,2,-20,1,0,0
17147,17,-11,1,0,0
17148,21,7,1,0,0
17149,10,20,1,0,0
17150,-6,22,1,0,0
17151,-18,12,1,0,0
17152,-21,-3,1,0,0
17153,-15,-15,1,0,0
17154,-4,-20,1,0,0
17155,7,-19,1,0,0
17156,16,-12,1,0,0
17157,20,-4,1,0,0
17158,21,5,1,0,0
17159,18,12,1,0,0
17160,13,17,1,0,0
17161,8,20,1,0,0
17162,4,22,1,0,0
17163,0,22,1,0,0
17164,-4,22,1,0,0
17165,-5,21,1,0,0
17166,-5,19,1,0,0
17167,-5,15,1,0,0
17168,-4,12,1,0,0
17169,-2,8,1,0,0
17170,0,4,1,0,0
17171,0,2,1,0,0
17172,0,0,1,0,0
17173,2,0,1,0,0
17174,4,0,1,0,0
17175,8,2,1,0,0
17176,12,4,1,0,0
17177,15,5,1,0,0
17178,19,5,1,0,0
17179,21,5,1,0,0
17180,22,4,1,0,0
17181,22,0,1,0,0
17182,22,-4,1,0,0
17183,20,-8,1,0,0
17184,17,-13,1,0,0
17185,12,-18,1,0,0
17186,5,-21,1,0,0
17187,-4,-20,1,0,0
17188,-12,-16,1,0,0
17189,-19,-7,1,0,0
17190,-20,4,1,0,0
17191,-15,15,1,0,0
17192,-3,21,1,0,0
17193,12,18,1,0,0
17194,22,6,1,0,0
17195,20,-10,1,0,0
17196,7,-21,1,0,0
17197,-11,-17,1,0,0
17198,-20,-2,1,0,0
17199,-12,16,1,0,0
17200,8,20,1,0,0
17201,22,4,1,0,0
17202,14,-16,1,0,0
17203,-8,-18,1,0,0
17204,-17,1,1,0,0
17205,-3,15,1,0,0
17206,10,6,1,0,0
17207,7,-5,1,0,0
17208,-1,-3,1,0,0
17209,0,0,1,0,0
17210,0,0,1,0,0
17211,0,0,1,0,0
17212,0,0,1,0,0
17213,0,0,1,0,0
17214,0,0,1,0,0
17215,0,0,1,0,0
17216,0,0,1,0,0
17217,0,0,1,0,0
17218,0,0,1,0,0
17219,0,0,1,0,0
17220,0,0,1,0,0
17221,0,0,1,0,0
17222,0,0,1,0,0
17223,0,0,1,0,0
17224,0,0,1,0,0
17225,0,0,1,0,0
17226,0,0,1,0,0
17227,0,0,1,0,0
17228,0,0,1,0,0
17229,0,0,1,0,0
17230,0,0,1,0,0
17231,0,0,1,0,0
17232,0,0,1,0,0
17233,0,0,1,0,0
17234,0,0,1,0,0
17235,0,0,1,0,0
17236,0,0,1,0,0
17237,0,0,1,0,0
17238,0,0,1,0,0
17239,0,0,1,0,0
17240,0,0,1,0,0
17241,0,0,1,0,0
17242,0,0,1,0,0
17243,0,0,1,0,0
17244,0,0,1,0,0
17245,0,0,1,0,0
17246,0,0,1,0,0
17247,0,0,1,0,0
17248,0,0,1,0,0
17249,0,0,1,0,0
17250,0,0,1,0,0
17251,0,0,1,0,0
17252,0,0,1,0,0
17253,0,0,1,0,0
17254,0,0,1,0,0
17255,0,0,1,0,0
17256,0,0,1,0,0
17257,0,0,1,0,0
17258,0,0,1,0,0
17259,0,0,1,0,0
17260,0,0,1,0,0
17261,0,0,1,0,0
17262,0,0,1,0,0
17263,0,0,1,0,0
17264,0,0,1,0,0
17265,0,0,1,0,0
17266,0,0,1,0,0
17267,0,0,1,0,0
17268,0,0,1,0,0
17269,0,0,1,0,0
17270,0,0,1,0,0
17271,0,0,1,0,0
17272,0,0,1,0,0
17273,0,0,1,0,0
17274,0,0,1,0,0
17275,0,0,1,0,0
17276,0,0,1,0,0
17277,0,0,1,0,0
17278,0,0,1,0,0
17279,0,0,1,0,0
17280,0,0,1,0,0
17281,-1,-1,1,0,0
17282,-4,-2,1,0,0
17283,-6,6,1,0,0
17284,5,9,1,0,0
17285,14,-4,1,0,0
17286,0,-18,1,0,0
17287,-19,-9,1,0,0
17288,-17,13,1,0,0
17289,3,21,1,0,0
17290,19,7,1,0,0
17291,15,-13,1,0,0
17292,-3,-21,1,0,0
17293,-18,-12,1,0,0
17294,-22,6,1,0,0
17295,-11,19,1,0,0
17296,5,21,1,0,0
17297,17,11,1,0,0
17298,20,-4,1,0,0
17299,15,-15,1,0,0
17300,3,-21,1,0,0
17301,-8,-20,1,0,0
17302,-17,-13,1,0,0
17303,-21,-5,1,0,0
17304,-22,4,1,0,0
17305,-19,11,1,0,0
17306,-14,16,1,0,0
17307,-9,19,1,0,0
17308,-5,21,1,0,0
17309,-1,21,1,0,0
17310,3,21,1,0,0
17311,4,20,1,0,0
17312,4,18,1,0,0
17313,4,14,1,0,0
17314,3,11,1,0,0
17315,1,7,1,0,0
17316,-1,3,1,0,0
17317,-1,1,1,0,0
17318,0,0,1,0,0
17319,1,-1,1,0,0
17320,1,-3,1,0,0
17321,-1,-7,1,0,0
17322,-3,-11,1,0,0
17323,-4,-14,1,0,0
17324,-4,-18,1,0,0
17325,-4,-20,1,0,0
17326,-3,-21,1,0,0
17327,1,-21,1,0,0
17328,5,-21,1,0,0
17329,9,-19,1,0,0
17330,14,-16,1,0,0
17331,19,-11,1,0,0
17332,22,-4,1,0,0
17333,21,5,1,0,0
17334,17,13,1,0,0
17335,8,20,1,0,0
17336,-3,21,1,0,0
17337,-15,15,1,0,0
17338,-20,4,1,0,0
17339,-17,-11,1,0,0
17340,-5,-21,1,0,0
17341,11,-19,1,0,0
17342,22,-6,1,0,0
17343,18,12,1,0,0
17344,3,21,1,0,0
17345,-15,13,1,0,0
17346,-19,-7,1,0,0
17347,-3,-21,1,0,0
17348,17,-13,1,0,0
17349,19,9,1,0,0
17350,0,18,1,0,0
17351,-14,4,1,0,0
17352,-5,-9,1,0,0
17353,6,-6,1,0,0
17354,4,2,1,0,0
17355,1,1,1,0,0
17356,0,0,1,0,0
17357,0,0,1,0,0
17358,1,3,1,0,0
17359,-7,5,1,0,0
17360,-10,-6,1,0,0
17361,3,-15,1,0,0
17362,17,-1,1,0,0
17363,8,18,1,0,0
17364,-14,16,1,0,0
17365,-22,-4,1,0,0
17366,-8,-20,1,0,0
17367,12,-16,1,0,0
17368,20,2,1,0,0
17369,11,17,1,0,0
17370,-7,21,1,0,0
17371,-20,10,1,0,0
17372,-22,-6,1,0,0
17373,-12,-18,1,0,0
17374,3,-21,1,0,0
17375,15,-15,1,0,0
17376,20,-4,1,0,0
17377,19,7,1,0,0
17378,12,16,1,0,0
17379,4,20,1,0,0
17380,-5,21,1,0,0
17381,-12,18,1,0,0
17382,-17,13,1,0,0
17383,-20,8,1,0,0
17384,-22,4,1,0,0
17385,-22,0,1,0,0
17386,-22,-4,1,0,0
17387,-21,-5,1,0,0
17388,-19,-5,1,0,0
17389,-15,-5,1,0,0
17390,-12,-4,1,0,0
17391,-8,-2,1,0,0
17392,-4,0,1,0,0
17393,-2,0,1,0,0
17394,0,0,1,0,0
17395,-2,0,1,0,0
17396,-4,0,1,0,0
17397,-8,-2,1,0,0
17398,-12,-4,1,0,0
17399,-15,-5,1,0,0
17400,-19,-5,1,0,0
17401,-21,-5,1,0,0
17402,-22,-4,1,0,0
17403,-22,0,1,0,0
17404,-22,4,1,0,0
17405,-20,8,1,0,0
17406,-17,13,1,0,0
17407,-12,18,1,0,0
17408,-5,21,1,0,0
17409,4,20,1,0,0
17410,12,16,1,0,0
17411,19,7,1,0,0
17412,20,-4,1,0,0
17413,15,-15,1,0,0
17414,3,-21,1,0,0
17415,-12,-18,1,0,0
17416,-22,-6,1,0,0
17417,-20,10,1,0,0
17418,-7,21,1,0,0
17419,11,17,1,0,0
17420,20,2,1,0,0
17421,12,-16,1,0,0
17422,-8,-20,1,0,0
17423,-22,-4,1,0,0
17424,-14,16,1,0,0
17425,8,18,1,0,0
17426,17,-1,1,0,0
17427,3,-15,1,0,0
17428,-10,-6,1,0,0
17429,-7,5,1,0,0
17430,1,3,1,0,0
17431,0,0,1,0,0
17432,0,0,1,0,0
17433,0,0,1,0,0
17434,0,0,1,0,0
17435,0,0,1,0,0
17436,0,0,1,0,0
17437,0,0,1,0,0
17438,0,0,1,0,0
17439,0,0,1,0,0
17440,0,0,1,0,0
17441,0,0,1,0,0
17442,0,0,1,0,0
17443,-1,-1,1,0,0
17444,-4,-2,1,0,0
17445,-6,6,1,0,0
17446,5,9,1,0,0
17447,14,-4,1,0,0
17448,0,-18,1,0,0
17449,-19,-9,1,0,0
17450,-17,13,1,0,0
17451,3,21,1,0,0
17452,19,7,1,0,0
17453,15,-13,1,0,0
17454,-3,-21,1,0,0
17455,-18,-12,1,0,0
17456,-22,6,1,0,0
17457,-11,19,1,0,0
17458,5,21,1,0,0
17459,17,11,1,0,0
17460,20,-4,1,0,0
17461,15,-15,1,0,0
17462,3,-21,1,0,0
17463,-8,-20,1,0,0
17464,-17,-13,1,0,0
17465,-21,-5,1,0,0
17466,-22,4,1,0,0
17467,-19,11,1,0,0
17468,-14,16,1,0,0
17469,-9,19,1,0,0
17470,-5,21,1,0,0
17471,-1,21,1,0,0
17472,3,21,1,0,0
17473,4,20,1,0,0
17474,4,18,1,0,0
17475,4,14,1,0,0
17476,3,11,1,0,0
17477,1,7,1,0,0
17478,-1,3,1,0,0
17479,-1,1,1,0,0
17480,0,0,1,0,0
17481,1,-1,1,0,0
17482,1,-3,1,0,0
17483,-1,-7,1,0,0
17484,-3,-11,1,0,0
17485,-4,-14,1,0,0
17486,-4,-18,1,0,0
17487,-4,-20,1,0,0
17488,-3,-21,1,0,0
17489,1,-21,1,0,0
17490,5,-21,1,0,0
17491,9,-19,1,0,0
17492,14,-16,1,0,0
17493,19,-11,1,0,0
17494,22,-4,1,0,0
17495,21,5,1,0,0
17496,17,13,1,0,0
17497,8,20,1,0,0
17498,-3,21,1,0,0
17499,-15,15,1,0,0
17500,-20,4,1,0,0
17501,-17,-11,1,0,0
17502,-5,-21,1,0,0
17503,11,-19,1,0,0
17504,22,-6,1,0,0
17505,18,12,1,0,0
17506,3,21,1,0,0
17507,-15,13,1,0,0
17508,-19,-7,1,0,0
17509,-3,-21,1,0,0
17510,17,-13,1,0,0
17511,19,9,1,0,0
17512,0,18,1,0,0
17513,-14,4,1,0,0
17514,-5,-9,1,0,0
17515,6,-6,1,0,0
17516,4,2,1,0,0
17517,1,1,1,0,0
17518,0,0,1,0,0
17519,0,0,1,0,0
17520,1,3,1,0,0
17521,-7,5,1,0,0
17522,-10,-6,1,0,0
17523,3,-15,1,0,0
17524,17,-1,1,0,0
17525,8,18,1,0,0
17526,-14,16,1,0,0
17527,-22,-4,1,0,0
17528,-8,-20,1,0,0
17529,12,-16,1,0,0
17530,20,2,1,0,0
17531,11,17,1,0,0
17532,-7,21,1,0,0
17533,-20,10,1,0,0
17534,-22,-6,1,0,0
17535,-12,-18,1,0,0
17536,3,-21,1,0,0
17537,15,-15,1,0,0
17538,20,-4,1,0,0
17539,19,7,1,0,0
17540,12,16,1,0,0
17541,4,20,1,0,0
17542,-5,21,1,0,0
17543,-12,18,1,0,0
17544,-17,13,1,0,0
17545,-20,8,1,0,0
17546,-22,4,1,0,0
17547,-22,0,1,0,0
17548,-22,-4,1,0,0
17549,-21,-5,1,0,0
17550,-19,-5,1,0,0
17551,-15,-5,1,0,0
17552,-12,-4,1,0,0
17553,-8,-2,1,0,0
17554,-4,0,1,0,0
17555,-2,0,1,0,0
17556,0,0,1,0,0
17557,0,2,1,0,0
17558,0,4,1,0,0
17559,-2,8,1,0,0
17560,-4,12,1,0,0
17561,-5,15,1,0,0
17562,-5,19,1,0,0
17563,-5,21,1,0,0
17564,-4,22,1,0,0
17565,0,22,1,0,0
17566,4,22,1,0,0
17567,8,20,1,0,0
17568,13,17,1,0,0
17569,18,12,1,0,0
17570,21,5,1,0,0
17571,20,-4,1,0,0
17572,16,-12,1,0,0
17573,7,-19,1,0,0
17574,-4,-20,1,0,0
17575,-15,-15,1,0,0
17576,-21,-3,1,0,0
17577,-18,12,1,0,0
17578,-6,22,1,0,0
17579,10,20,1,0,0
17580,21,7,1,0,0
17581,17,-11,1,0,0
17582,2,-20,1,0,0
17583,-16,-12,1,0,0
17584,-20,8,1,0,0
17585,-4,22,1,0,0
17586,16,14,1,0,0
17587,18,-8,1,0,0
17588,-1,-17,1,0,0
17589,-15,-3,1,0,0
17590,-6,10,1,0,0
17591,5,7,1,0,0
17592,3,-1,1,0,0
17593,0,0,1,0,0
17594,0,0,1,0,0
17595,0,0,1,0,0
17596,0,0,1,0,0
17597,0,0,1,0,0
17598,0,0,1,0,0
17599,0,0,1,0,0
17600,0,0,1,0,0
17601,0,0,1,0,0
17602,0,0,1,0,0
17603,0,0,1,0,0
17604,0,0,1,0,0
17605,0,0,1,0,0
17606,0,0,1,0,0
17607,0,0,1,0,0
17608,0,0,1,0,0
17609,0,0,1,0,0
17610,0,0,1,0,0
17611,0,0,1,0,0
17612,0,0,1,0,0
17613,0,0,1,0,0
17614,0,0,1,0,0
17615,0,0,1,0,0
17616,0,0,1,0,0
17617,0,0,1,0,0
17618,0,0,1,0,0
17619,0,0,1,0,0
17620,0,0,1,0,0
17621,0,0,1,0,0
17622,0,0,1,0,0
17623,0,0,1,0,0
17624,0,0,1,0,0
17625,0,0,1,0,0
17626,0,0,1,0,0
17627,0,0,1,0,0
17628,0,0,1,0,0
17629,0,0,1,0,0
17630,0,0,1,0,0
17631,0,0,1,0,0
17632,0,0,1,0,0
17633,0,0,1,0,0
17634,0,0,1,0,0
17635,0,0,1,0,0
17636,0,0,1,0,0
17637,0,0,1,0,0
17638,0,0,1,0,0
17639,0,0,1,0,0
17640,0,0,1,0,0
17641,0,0,1,0,0
17642,0,0,1,0,0
17643,0,0,1,0,0
17644,0,0,1,0,0
17645,0,0,1,0,0
17646,0,0,1,0,0
17647,0,0,1,0,0
17648,0,0,1,0,0
17649,0,0,1,0,0
17650,0,0,1,0,0
17651,0,0,1,0,0
17652,0,0,1,0,0
17653,0,0,1,0,0
17654,0,0,1,0,0
17655,0,0,1,0,0
17656,0,0,1,0,0
17657,0,0,1,0,0
17658,0,0,1,0,0
17659,0,0,1,0,0
17660,0,0,1,0,0
17661,0,0,1,0,0
17662,0,0,1,0,0
17663,0,0,1,0,0
17664,0,0,1,0,0
17665,1,1,1,0,0
17666,4,2,1,0,0
17667,6,-6,1,0,0
17668,-5,-9,1,0,0
17669,-14,4,1,0,0
17670,0,18,1,0,0
17671,19,9,1,0,0
17672,17,-13,1,0,0
17673,-3,-21,1,0,0
17674,-19,-7,1,0,0
17675,-15,13,1,0,0
17676,3,21,1,0,0
17677,18,12,1,0,0
17678,22,-6,1,0,0
17679,11,-19,1,0,0
17680,-5,-21,1,0,0
17681,-17,-11,1,0,0
17682,-20,4,1,0,0
17683,-15,15,1,0,0
17684,-3,21,1,0,0
17685,8,20,1,0,0
17686,17,13,1,0,0
17687,21,5,1,0,0
17688,22,-4,1,0,0
17689,19,-11,1,0,0
17690,14,-16,1,0,0
17691,9,-19,1,0,0
17692,5,-21,1,0,0
17693,1,-21,1,0,0
17694,-3,-21,1,0,0
17695,-4,-20,1,0,0
17696,-4,-18,1,0,0
17697,-4,-14,1,0,0
17698,-3,-11,1,0,0
17699,-1,-7,1,0,0
17700,1,-3,1,0,0
17701,1,-1,1,0,0
17702,0,0,1,0,0
17703,-1,1,1,0,0
17704,-1,3,1,0,0
17705,1,7,1,0,0
17706,3,11,1,0,0
17707,4,14,1,0,0
17708,4,18,1,0,0
17709,4,20,1,0,0
17710,3,21,1,0,0
17711,-1,21,1,0,0
17712,-5,21,1,0,0
17713,-9,19,1,0,0
17714,-14,16,1,0,0
17715,-19,11,1,0,0
17716,-22,4,1,0,0
17717,-21,-5,1,0,0
17718,-17,-13,1,0,0
17719,-8,-20,1,0,0
17720,3,-21,1,0,0
17721,15,-15,1,0,0
17722,20,-4,1,0,0
17723,17,11,1,0,0
17724,5,21,1,0,0
17725,-11,19,1,0,0
17726,-22,6,1,0,0
17727,-18,-12,1,0,0
17728,-3,-21,1,0,0
17729,15,-13,1,0,0
17730,19,7,1,0,0
17731,3,21,1,0,0
17732,-17,13,1,0,0
17733,-19,-9,1,0,0
17734,0,-18,1,0,0
17735,14,-4,1,0,0
17736,5,9,1,0,0
17737,-6,6,1,0,0
17738,-4,-2,1,0,0
17739,-1,-1,1,0,0
17740,0,0,1,0,0
17741,0,0,1,0,0
17742,-1,-3,1,0,0
17743,7,-5,1,0,0
17744,10,6,1,0,0
17745,-3,15,1,0,0
17746,-17,1,1,0,0
17747,-8,-18,1,0,0
17748,14,-16,1,0,0
17749,22,4,1,0,0
17750,8,20,1,0,0
17751,-12,16,1,0,0
17752,-20,-2,1,0,0
17753,-11,-17,1,0,0
17754,7,-21,1,0,0
17755,20,-10,1,0,0
17756,22,6,1,0,0
17757,12,18,1,0,0
17758,-3,21,1,0,0
17759,-15,15,1,0,0
17760,-20,4,1,0,0
17761,-19,-7,1,0,0
17762,-12,-16,1,0,0
17763,-4,-20,1,0,0
17764,5,-21,1,0,0
17765,12,-18,1,0,0
17766,17,-13,1,0,0
17767,20,-8,1,0,0
17768,22,-4,1,0,0
17769,22,0,1,0,0
17770,22,4,1,0,0
17771,21,5,1,0,0
17772,19,5,1,0,0
17773,15,5,1,0,0
17774,12,4,1,0,0
17775,8,2,1,0,0
17776,4,0,1,0,0
17777,2,0,1,0,0
17778,0,0,1,0,0
17779,2,0,1,0,0
17780,4,0,1,0,0
17781,8,2,1,0,0
17782,12,4,1,0,0
17783,15,5,1,0,0
17784,19,5,1,0,0
17785,21,5,1,0,0
17786,22,4,1,0,0
17787,22,0,1,0,0
17788,22,-4,1,0,0
17789,20,-8,1,0,0
17790,17,-13,1,0,0
17791,12,-18,1,0,0
17792,5,-21,1,0,0
17793,-4,-20,1,0,0
17794,-12,-16,1,0,0
17795,-19,-7,1,0,0
17796,-20,4,1,0,0
17797,-15,15,1,0,0
17798,-3,21,1,0,0
17799,12,18,1,0,0
17800,22,6,1,0,0
17801,20,-10,1,0,0
17802,7,-21,1,0,0
17803,-11,-17,1,0,0
17804,-20,-2,1,0,0
17805,-12,16,1,0,0
17806,8,20,1,0,0
17807,22,4,1,0,0
17808,14,-16,1,0,0
17809,-8,-18,1,0,0
17810,-17,1,1,0,0
17811,-3,15,1,0,0
17812,10,6,1,0,0
17813,7,-5,1,0,0
17814,-1,-3,1,0,0
17815,0,0,1,0,0
17816,0,0,1,0,0
17817,0,0,1,0,0
17818,0,0,1,0,0
17819,0,0,1,0,0
17820,0,0,1,0,0
17821,0,0,1,0,0
17822,0,0,1,0,0
17823,0,0,1,0,0
17824,0,0,1,0,0
17825,0,0,1,0,0
17826,0,0,1,0,0
17827,1,-1,1,0,0
17828,2,-4,1,0,0
17829,-6,-6,1,0,0
17830,-9,5,1,0,0
17831,4,14,1,0,0
17832,18,0,1,0,0
17833,9,-19,1,0,0
17834,-13,-17,1,0,0
17835,-21,3,1,0,0
17836,-7,19,1,0,0
17837,13,15,1,0,0
17838,21,-3,1,0,0
17839,12,-18,1,0,0
17840,-6,-22,1,0,0
17841,-19,-11,1,0,0
17842,-21,5,1,0,0
17843,-11,17,1,0,0
17844,4,20,1,0,0
17845,15,15,1,0,0
17846,21,3,1,0,0
17847,20,-8,1,0,0
17848,13,-17,1,0,0
17849,5,-21,1,0,0
17850,-4,-22,1,0,0
17851,-11,-19,1,0,0
17852,-16,-14,1,0,0
17853,-19,-9,1,0,0
17854,-21,-5,1,0,0
17855,-21,-1,1,0,0
17856,-21,3,1,0,0
17857,-20,4,1,0,0
17858,-18,4,1,0,0
17859,-14,4,1,0,0
17860,-11,3,1,0,0
17861,-7,1,1,0,0
17862,-3,-1,1,0,0
17863,-1,-1,1,0,0
17864,0,0,1,0,0
17865,1,1,1,0,0
17866,3,1,1,0,0
17867,7,-1,1,0,0
17868,11,-3,1,0,0
17869,14,-4,1,0,0
17870,18,-4,1,0,0
17871,20,-4,1,0,0
17872,21,-3,1,0,0
17873,21,1,1,0,0
17874,21,5,1,0,0
17875,19,9,1,0,0
17876,16,14,1,0,0
17877,11,19,1,0,0
17878,4,22,1,0,0
17879,-5,21,1,0,0
17880,-13,17,1,0,0
17881,-20,8,1,0,0
17882,-21,-3,1,0,0
17883,-15,-15,1,0,0
17884,-4,-20,1,0,0
17885,11,-17,1,0,0
17886,21,-5,1,0,0
17887,19,11,1,0,0
17888,6,22,1,0,0
17889,-12,18,1,0,0
17890,-21,3,1,0,0
17891,-13,-15,1,0,0
17892,7,-19,1,0,0
17893,21,-3,1,0,0
17894,13,17,1,0,0
17895,-9,19,1,0,0
17896,-18,0,1,0,0
17897,-4,-14,1,0,0
17898,9,-5,1,0,0
17899,6,6,1,0,0
17900,-2,4,1,0,0
17901,-1,1,1,0,0
17902,0,0,1,0,0
17903,0,0,1,0,0
17904,-1,-3,1,0,0
17905,7,-5,1,0,0
17906,10,6,1,0,0
17907,-3,15,1,0,0
17908,-17,1,1,0,0
17909,-8,-18,1,0,0
17910,14,-16,1,0,0
17911,22,4,1,0,0
17912,8,20,1,0,0
17913,-12,16,1,0,0
17914,-20,-2,1,0,0
17915,-11,-17,1,0,0
17916,7,-21,1,0,0
17917,20,-10,1,0,0
17918,22,6,1,0,0
17919,12,18,1,0,0
17920,-3,21,1,0,0
17921,-15,15,1,0,0
17922,-20,4,1,0,0
17923,-19,-7,1,0,0
17924,-12,-16,1,0,0
17925,-4,-20,1,0,0
17926,5,-21,1,0,0
17927,12,-18,1,0,0
17928,17,-13,1,0,0
17929,20,-8,1,0,0
17930,22,-4,1,0,0
17931,22,0,1,0,0
17932,22,4,1,0,0
17933,21,5,1,0,0
17934,19,5,1,0,0
17935,15,5,1,0,0
17936,12,4,1,0,0
17937,8,2,1,0,0
17938,4,0,1,0,0
17939,2,0,1,0,0
17940,0,0,1,0,0
17941,2,0,1,0,0
17942,4,0,1,0,0
17943,8,2,1,0,0
17944,12,4,1,0,0
17945,15,5,1,0,0
17946,19,5,1,0,0
17947,21,5,1,0,0
17948,22,4,1,0,0
17949,22,0,1,0,0
17950,22,-4,1,0,0
17951,20,-8,1,0,0
17952,17,-13,1,0,0
17953,12,-18,1,0,0
17954,5,-21,1,0,0
17955,-4,-20,1,0,0
17956,-12,-16,1,0,0
17957,-19,-7,1,0,0
17958,-20,4,1,0,0
17959,-15,15,1,0,0
17960,-3,21,1,0,0
17961,12,18,1,0,0
17962,22,6,1,0,0
17963,20,-10,1,0,0
17964,7,-21,1,0,0
17965,-11,-17,1,0,0
17966,-20,-2,1,0,0
17967,-12,16,1,0,0
17968,8,20,1,0,0
17969,22,4,1,0,0
17970,14,-16,1,0,0
17971,-8,-18,1,0,0
17972,-17,1,1,0,0
17973,-3,15,1,0,0
17974,10,6,1,0,0
17975,7,-5,1,0,0
17976,-1,-3,1,0,0
17977,0,0,1,0,0
17978,0,0,1,0,0
17979,0,0,1,0,0
17980,0,0,1,0,0
17981,0,0,1,0,0
17982,0,0,1,0,0
17983,0,0,1,0,0
17984,0,0,1,0,0
17985,0,0,1,0,0
17986,0,0,1,0,0
17987,0,0,1,0,0
17988,0,0,1,0,0
17989,0,0,1,0,0
17990,0,0,1,0,0
17991,0,0,1,0,0
17992,0,0,1,0,0
17993,0,0,1,0,0
17994,0,0,1,0,0
17995,0,0,1,0,0
17996,0,0,1,0,0
17997,0,0,1,0,0
17998,0,0,1,0,0
17999,0,0,1,0,0
18000,0,0,1,0,0
18001,0,0,1,0,0
18002,0,0,1,0,0
18003,0,0,1,0,0
18004,0,0,1,0,0
18005,0,0,1,0,0
18006,0,0,1,0,0
18007,0,0,1,0,0
18008,0,0,1,0,0
18009,0,0,1,0,0
18010,0,0,1,0,0
18011,0,0,1,0,0
18012,0,0,1,0,0
18013,0,0,1,0,0
18014,0,0,1,0,0
18015,0,0,1,0,0
18016,0,0,1,0,0
18017,0,0,1,0,0
18018,0,0,1,0,0
18019,0,0,1,0,0
18020,0,0,1,0,0
18021,0,0,1,0,0
18022,0,0,1,0,0
18023,0,0,1,0,0
18024,0,0,1,0,0
18025,0,0,1,0,0
18026,0,0,1,0,0
18027,0,0,1,0,0
18028,0,0,1,0,0
18029,0,0,1,0,0
18030,0,0,1,0,0
18031,0,0,1,0,0
18032,0,0,1,0,0
18033,0,0,1,0,0
18034,0,0,1,0,0
18035,0,0,1,0,0
18036,0,0,1,0,0
18037,0,0,1,0,0
18038,0,0,1,0,0
18039,0,0,1,0,0
18040,0,0,1,0,0
18041,0,0,1,0,0
18042,0,0,1,0,0
18043,0,0,1,0,0
18044,0,0,1,0,0
18045,0,0,1,0,0
18046,0,0,1,0,0
18047,0,0,1,0,0
18048,0,0,1,0,0
18049,1,1,1,0,0
18050,4,2,1,0,0
18051,6,-6,1,0,0
18052,-5,-9,1,0,0
18053,-14,4,1,0,0
18054,0,18,1,0,0
18055,19,9,1,0,0
18056,17,-13,1,0,0
18057,-3,-21,1,0,0
18058,-19,-7,1,0,0
18059,-15,13,1,0,0
18060,3,21,1,0,0
18061,18,12,1,0,0
18062,22,-6,1,0,0
18063,11,-19,1,0,0
18064,-5,-21,1,0,0
18065,-17,-11,1,0,0
18066,-20,4,1,0,0
18067,-15,15,1,0,0
18068,-3,21,1,0,0
18069,8,20,1,0,0
18070,17,13,1,0,0
18071,21,5,1,0,0
18072,22,-4,1,0,0
18073,19,-11,1,0,0
18074,14,-16,1,0,0
18075,9,-19,1,0,0
18076,5,-21,1,0,0
18077,1,-21,1,0,0
18078,-3,-21,1,0,0
18079,-4,-20,1,0,0
18080,-4,-18,1,0,0
18081,-4,-14,1,0,0
18082,-3,-11,1,0,0
18083,-1,-7,1,0,0
18084,1,-3,1,0,0
18085,1,-1,1,0,0
18086,0,0,1,0,0
18087,-1,1,1,0,0
18088,-1,3,1,0,0
18089,1,7,1,0,0
18090,3,11,1,0,0
18091,4,14,1,0,0
18092,4,18,1,0,0
18093,4,20,1,0,0
18094,3,21,1,0,0
18095,-1,21,1,0,0
18096,-5,21,1,0,0
18097,-9,19,1,0,0
18098,-14,16,1,0,0
18099,-19,11,1,0,0
18100,-22,4,1,0,0
18101,-21,-5,1,0,0
18102,-17,-13,1,0,0
18103,-8,-20,1,0,0
18104,3,-21,1,0,0
18105,15,-15,1,0,0
18106,20,-4,1,0,0
18107,17,11,1,0,0
18108,5,21,1,0,0
18109,-11,19,1,0,0
18110,-22,6,1,0,0
18111,-18,-12,1,0,0
18112,-3,-21,1,0,0
18113,15,-13,1,0,0
18114,19,7,1,0,0
18115,3,21,1,0,0
18116,-17,13,1,0,0
18117,-19,-9,1,0,0
18118,0,-18,1,0,0
18119,14,-4,1,0,0
18120,5,9,1,0,0
18121,-6,6,1,0,0
18122,-4,-2,1,0,0
18123,-1,-1,1,0,0
18124,0,0,1,0,0
18125,0,0,1,0,0
18126,-1,-3,1,0,0
18127,7,-5,1,0,0
18128,10,6,1,0,0
18129,-3,15,1,0,0
18130,-17,1,1,0,0
18131,-8,-18,1,0,0
18132,14,-16,1,0,0
18133,22,4,1,0,0
18134,8,20,1,0,0
18135,-12,16,1,0,0
18136,-20,-2,1,0,0
18137,-11,-17,1,0,0
18138,7,-21,1,0,0
18139,20,-10,1,0,0
18140,22,6,1,0,0
18141,12,18,1,0,0
18142,-3,21,1,0,0
18143,-15,15,1,0,0
18144,-20,4,1,0,0
18145,-19,-7,1,0,0
18146,-12,-16,1,0,0
18147,-4,-20,1,0,0
18148,5,-21,1,0,0
18149,12,-18,1,0,0
18150,17,-13,1,0,0
18151,20,-8,1,0,0
18152,22,-4,1,0,0
18153,22,0,1,0,0
18154,22,4,1,0,0
18155,21,5,1,0,0
18156,19,5,1,0,0
18157,15,5,1,0,0
18158,12,4,1,0,0
18159,8,2,1,0,0
18160,4,0,1,0,0
18161,2,0,1,0,0
18162,0,0,1,0,0
18163,-2,0,1,0,0
18164,-4,0,1,0,0
18165,-8,-2,1,0,0
18166,-12,-4,1,0,0
18167,-15,-5,1,0,0
18168,-19,-5,1,0,0
18169,-21,-5,1,0,0
18170,-22,-4,1,0,0
18171,-22,0,1,0,0
18172,-22,4,1,0,0
18173,-20,8,1,0,0
18174,-17,13,1,0,0
18175,-12,18,1,0,0
18176,-5,21,1,0,0
18177,4,20,1,0,0
18178,12,16,1,0,0
18179,19,7,1,0,0
18180,20,-4,1,0,0
18181,15,-15,1,0,0
18182,3,-21,1,0,0
18183,-12,-18,1,0,0
18184,-22,-6,1,0,0
18185,-20,10,1,0,0
18186,-7,21,1,0,0
18187,11,17,1,0,0
18188,20,2,1,0,0
18189,12,-16,1,0,0
18190,-8,-20,1,0,0
18191,-22,-4,1,0,0
18192,-14,16,1,0,0
18193,8,18,1,0,0
18194,17,-1,1,0,0
18195,3,-15,1,0,0
18196,-10,-6,1,0,0
18197,-7,5,1,0,0
18198,1,3,1,0,0
18199,0,0,1,0,0
18200,0,0,1,0,0
18201,0,0,1,0,0
18202,0,0,1,0,0
18203,0,0,1,0,0
18204,0,0,1,0,0
18205,0,0,1,0,0
18206,0,0,1,0,0
18207,0,0,1,0,0
18208,0,0,1,0,0
18209,0,0,1,0,0
18210,0,0,1,0,0
18211,1,1,1,0,0
18212,4,2,1,0,0
18213,6,-6,1,0,0
18214,-5,-9,1,0,0
18215,-14,4,1,0,0
18216,0,18,1,0,0
18217,19,9,1,0,0
18218,17,-13,1,0,0
18219,-3,-21,1,0,0
18220,-19,-7,1,0,0
18221,-15,13,1,0,0
18222,3,21,1,0,0
18223,18,12,1,0,0
18224,22,-6,1,0,0
18225,11,-19,1,0,0
18226,-5,-21,1,0,0
18227,-17,-11,1,0,0
18228,-20,4,1,0,0
18229,-15,15,1,0,0
18230,-3,21,1,0,0
18231,8,20,1,0,0
18232,17,13,1,0,0
18233,21,5,1,0,0
18234,22,-4,1,0,0
18235,19,-11,1,0,0
18236,14,-16,1,0,0
18237,9,-19,1,0,0
18238,5,-21,1,0,0
18239,1,-21,1,0,0
18240,-3,-21,1,0,0
18241,-4,-20,1,0,0
18242,-4,-18,1,0,0
18243,-4,-14,1,0,0
18244,-3,-11,1,0,0
18245,-1,-7,1,0,0
18246,1,-3,1,0,0
18247,1,-1,1,0,0
18248,0,0,1,0,0
18249,-1,1,1,0,0
18250,-1,3,1,0,0
18251,1,7,1,0,0
18252,3,11,1,0,0
18253,4,14,1,0,0
18254,4,18,1,0,0
18255,4,20,1,0,0
18256,3,21,1,0,0
18257,-1,21,1,0,0
18258,-5,21,1,0,0
18259,-9,19,1,0,0
18260,-14,16,1,0,0
18261,-19,11,1,0,0
18262,-22,4,1,0,0
18263,-21,-5,1,0,0
18264,-17,-13,1,0,0
18265,-8,-20,1,0,0
18266,3,-21,1,0,0
18267,15,-15,1,0,0
18268,20,-4,1,0,0
18269,17,11,1,0,0
18270,5,21,1,0,0
18271,-11,19,1,0,0
18272,-22,6,1,0,0
18273,-18,-12,1,0,0
18274,-3,-21,1,0,0
18275,15,-13,1,0,0
18276,19,7,1,0,0
18277,3,21,1,0,0
18278,-17,13,1,0,0
18279,-19,-9,1,0,0
18280,0,-18,1,0,0
18281,14,-4,1,0,0
18282,5,9,1,0,0
18283,-6,6,1,0,0
18284,-4,-2,1,0,0
18285,-1,-1,1,0,0
18286,0,0,1,0,0
18287,0,0,1,0,0
18288,1,3,1,0,0
18289,-7,5,1,0,0
18290,-10,-6,1,0,0
18291,3,-15,1,0,0
18292,17,-1,1,0,0
18293,8,18,1,0,0
18294,-14,16,1,0,0
18295,-22,-4,1,0,0
18296,-8,-20,1,0,0
18297,12,-16,1,0,0
18298,20,2,1,0,0
18299,11,17,1,0,0
18300,-7,21,1,0,0
18301,-20,10,1,0,0
18302,-22,-6,1,0,0
18303,-12,-18,1,0,0
18304,3,-21,1,0,0
18305,15,-15,1,0,0
18306,20,-4,1,0,0
18307,19,7,1,0,0
18308,12,16,1,0,0
18309,4,20,1,0,0
18310,-5,21,1,0,0
18311,-12,18,1,0,0
18312,-17,13,1,0,0
18313,-20,8,1,0,0
18314,-22,4,1,0,0
18315,-22,0,1,0,0
18316,-22,-4,1,0,0
18317,-21,-5,1,0,0
18318,-19,-5,1,0,0
18319,-15,-5,1,0,0
18320,-12,-4,1,0,0
18321,-8,-2,1,0,0
18322,-4,0,1,0,0
18323,-2,0,1,0,0
18324,0,0,1,0,0
18325,2,0,1,0,0
18326,4,0,1,0,0
18327,8,2,1,0,0
18328,12,4,1,0,0
18329,15,5,1,0,0
18330,19,5,1,0,0
18331,21,5,1,0,0
18332,22,4,1,0,0
18333,22,0,1,0,0
18334,22,-4,1,0,0
18335,20,-8,1,0,0
18336,17,-13,1,0,0
18337,12,-18,1,0,0
18338,5,-21,1,0,0
18339,-4,-20,1,0,0
18340,-12,-16,1,0,0
18341,-19,-7,1,0,0
18342,-20,4,1,0,0
18343,-15,15,1,0,0
18344,-3,21,1,0,0
18345,12,18,1,0,0
18346,22,6,1,0,0
18347,20,-10,1,0,0
18348,7,-21,1,0,0
18349,-11,-17,1,0,0
18350,-20,-2,1,0,0
18351,-12,16,1,0,0
18352,8,20,1,0,0
18353,22,4,1,0,0
18354,14,-16,1,0,0
18355,-8,-18,1,0,0
18356,-17,1,1,0,0
18357,-3,15,1,0,0
18358,10,6,1,0,0
18359,7,-5,1,0,0
18360,-1,-3,1,0,0
18361,0,0,1,0,0
18362,0,0,1,0,0
18363,0,0,1,0,0
18364,0,0,1,0,0
18365,0,0,1,0,0
18366,0,0,1,0,0
18367,0,0,1,0,0
18368,0,0,1,0,0
18369,0,0,1,0,0
18370,0,0,1,0,0
18371,0,0,1,0,0
18372,0,0,1,0,0
18373,0,0,1,0,0
18374,0,0,1,0,0
18375,0,0,1,0,0
18376,0,0,1,0,0
18377,0,0,1,0,0
18378,0,0,1,0,0
18379,0,0,1,0,0
18380,0,0,1,0,0
18381,0,0,1,0,0
18382,0,0,1,0,0
18383,0,0,1,0,0
18384,0,0,1,0,0
18385,0,0,1,0,0
18386,0,0,1,0,0
18387,0,0,1,0,0
18388,0,0,1,0,0
18389,0,0,1,0,0
18390,0,0,1,0,0
18391,0,0,1,0,0
18392,0,0,1,0,0
18393,0,0,1,0,0
18394,0,0,1,0,0
18395,0,0,1,0,0
18396,0,0,1,0,0
18397,0,0,1,0,0
18398,0,0,1,0,0
18399,0,0,1,0,0
18400,0,0,1,0,0
18401,0,0,1,0,0
18402,0,0,1,0,0
18403,0,0,1,0,0
18404,0,0,1,0,0
18405,0,0,1,0,0
18406,0,0,1,0,0
18407,0,0,1,0,0
18408,0,0,1,0,0
18409,0,0,1,0,0
18410,0,0,1,0,0
18411,0,0,1,0,0
18412,0,0,1,0,0
18413,0,0,1,0,0
18414,0,0,1,0,0
18415,0,0,1,0,0
18416,0,0,1,0,0
18417,0,0,1,0,0
18418,0,0,1,0,0
18419,0,0,1,0,0
18420,0,0,1,0,0
18421,0,0,1,0,0
18422,0,0,1,0,0
18423,0,0,1,0,0
18424,0,0,1,0,0
18425,0,0,1,0,0
18426,0,0,1,0,0
18427,0,0,1,0,0
18428,0,0,1,0,0
18429,0,0,1,0,0
18430,0,0,1,0,0
18431,0,0,1,0,0
18432,0,0,1,0,0
18433,-1,-1,1,0,0
18434,-4,-2,1,0,0
18435,-6,6,1,0,0
18436,5,9,1,0,0
18437,14,-4,1,0,0
18438,0,-18,1,0,0
18439,-19,-9,1,0,0
18440,-17,13,1,0,0
18441,3,21,1,0,0
18442,19,7,1,0,0
18443,15,-13,1,0,0
18444,-3,-21,1,0,0
18445,-18,-12,1,0,0
18446,-22,6,1,0,0
18447,-11,19,1,0,0
18448,5,21,1,0,0
18449,17,11,1,0,0
18450,20,-4,1,0,0
18451,15,-15,1,0,0
18452,3,-21,1,0,0
18453,-8,-20,1,0,0
18454,-17,-13,1,0,0
18455,-21,-5,1,0,0
18456,-22,4,1,0,0
18457,-19,11,1,0,0
18458,-14,16,1,0,0
18459,-9,19,1,0,0
18460,-5,21,1,0,0
18461,-1,21,1,0,0
18462,3,21,1,0,0
18463,4,20,1,0,0
18464,4,18,1,0,0
18465,4,14,1,0,0
18466,3,11,1,0,0
18467,1,7,1,0,0
18468,-1,3,1,0,0
18469,-1,1,1,0,0
18470,0,0,1,0,0
18471,1,-1,1,0,0
18472,1,-3,1,0,0
18473,-1,-7,1,0,0
18474,-3,-11,1,0,0
18475,-4,-14,1,0,0
18476,-4,-18,1,0,0
18477,-4,-20,1,0,0
18478,-3,-21,1,0,0
18479,1,-21,1,0,0
18480,5,-21,1,0,0
18481,9,-19,1,0,0
18482,14,-16,1,0,0
18483,19,-11,1,0,0
18484,22,-4,1,0,0
18485,21,5,1,0,0
18486,17,13,1,0,0
18487,8,20,1,0,0
18488,-3,21,1,0,0
18489,-15,15,1,0,0
18490,-20,4,1,0,0
18491,-17,-11,1,0,0
18492,-5,-21,1,0,0
18493,11,-19,1,0,0
18494,22,-6,1,0,0
18495,18,12,1,0,0
18496,3,21,1,0,0
18497,-15,13,1,0,0
18498,-19,-7,1,0,0
18499,-3,-21,1,0,0
18500,17,-13,1,0,0
18501,19,9,1,0,0
18502,0,18,1,0,0
18503,-14,4,1,0,0
18504,-5,-9,1,0,0
18505,6,-6,1,0,0
18506,4,2,1,0,0
18507,1,1,1,0,0
18508,0,0,1,0,0
18509,0,0,1,0,0
18510,-1,-3,1,0,0
18511,7,-5,1,0,0
18512,10,6,1,0,0
18513,-3,15,1,0,0
18514,-17,1,1,0,0
18515,-8,-18,1,0,0
18516,14,-16,1,0,0
18517,22,4,1,0,0
18518,8,20,1,0,0
18519,-12,16,1,0,0
18520,-20,-2,1,0,0
18521,-11,-17,1,0,0
18522,7,-21,1,0,0
18523,20,-10,1,0,0
18524,22,6,1,0,0
18525,12,18,1,0,0
18526,-3,21,1,0,0
18527,-15,15,1,0,0
18528,-20,4,1,0,0
18529,-19,-7,1,0,0
18530,-12,-16,1,0,0
18531,-4,-20,1,0,0
18532,5,-21,1,0,0
18533,12,-18,1,0,0
18534,17,-13,1,0,0
18535,20,-8,1,0,0
18536,22,-4,1,0,0
18537,22,0,1,0,0
18538,22,4,1,0,0
18539,21,5,1,0,0
18540,19,5,1,0,0
18541,15,5,1,0,0
18542,12,4,1,0,0
18543,8,2,1,0,0
18544,4,0,1,0,0
18545,2,0,1,0,0
18546,0,0,1,0,0
18547,-2,0,1,0,0
18548,-4,0,1,0,0
18549,-8,-2,1,0,0
18550,-12,-4,1,0,0
18551,-15,-5,1,0,0
18552,-19,-5,1,0,0
18553,-21,-5,1,0,0
18554,-22,-4,1,0,0
18555,-22,0,1,0,0
18556,-22,4,1,0,0
18557,-20,8,1,0,0
18558,-17,13,1,0,0
18559,-12,18,1,0,0
18560,-5,21,1,0,0
18561,4,20,1,0,0
18562,12,16,1,0,0
18563,19,7,1,0,0
18564,20,-4,1,0,0
18565,15,-15,1,0,0
18566,3,-21,1,0,0
18567,-12,-18,1,0,0
18568,-22,-6,1,0,0
18569,-20,10,1,0,0
18570,-7,21,1,0,0
18571,11,17,1,0,0
18572,20,2,1,0,0
18573,12,-16,1,0,0
18574,-8,-20,1,0,0
18575,-22,-4,1,0,0
18576,-14,16,1,0,0
18577,8,18,1,0,0
18578,17,-1,1,0,0
18579,3,-15,1,0,0
18580,-10,-6,1,0,0
18581,-7,5,1,0,0
18582,1,3,1,0,0
18583,0,0,1,0,0
18584,0,0,1,0,0
18585,0,0,1,0,0
18586,0,0,1,0,0
18587,0,0,1,0,0
18588,0,0,1,0,0
18589,0,0,1,0,0
18590,0,0,1,0,0
18591,0,0,1,0,0
18592,0,0,1,0,0
18593,0,0,1,0,0
18594,0,0,1,0,0
18595,1,1,1,0,0
18596,4,2,1,0,0
18597,6,-6,1,0,0
18598,-5,-9,1,0,0
18599,-14,4,1,0,0
18600,0,18,1,0,0
18601,19,9,1,0,0
18602,17,-13,1,0,0
18603,-3,-21,1,0,0
18604,-19,-7,1,0,0
18605,-15,13,1,0,0
18606,3,21,1,0,0
18607,18,12,1,0,0
18608,22,-6,1,0,0
18609,11,-19,1,0,0
18610,-5,-21,1,0,0
18611,-17,-11,1,0,0
18612,-20,4,1,0,0
18613,-15,15,1,0,0
18614,-3,21,1,0,0
18615,8,20,1,0,0
18616,17,13,1,0,0
18617,21,5,1,0,0
18618,22,-4,1,0,0
18619,19,-11,1,0,0
18620,14,-16,1,0,0
18621,9,-19,1,0,0
18622,5,-21,1,0,0
18623,1,-21,1,0,0
18624,-3,-21,1,0,0
18625,-4,-20,1,0,0
18626,-4,-18,1,0,0
18627,-4,-14,1,0,0
18628,-3,-11,1,0,0
18629,-1,-7,1,0,0
18630,1,-3,1,0,0
18631,1,-1,1,0,0
18632,0,0,1,0,0
18633,-1,1,1,0,0
18634,-1,3,1,0,0
18635,1,7,1,0,0
18636,3,11,1,0,0
18637,4,14,1,0,0
18638,4,18,1,0,0
18639,4,20,1,0,0
18640,3,21,1,0,0
18641,-1,21,1,0,0
18642,-5,21,1,0,0
18643,-9,19,1,0,0
18644,-14,16,1,0,0
18645,-19,11,1,0,0
18646,-22,4,1,0,0
18647,-21,-5,1,0,0
18648,-17,-13,1,0,0
18649,-8,-20,1,0,0
18650,3,-21,1,0,0
18651,15,-15,1,0,0
18652,20,-4,1,0,0
18653,17,11,1,0,0
18654,5,21,1,0,0
18655,-11,19,1,0,0
18656,-22,6,1,0,0
18657,-18,-12,1,0,0
18658,-3,-21,1,0,0
18659,15,-13,1,0,0
18660,19,7,1,0,0
18661,3,21,1,0,0
18662,-17,13,1,0,0
18663,-19,-9,1,0,0
18664,0,-18,1,0,0
18665,14,-4,1,0,0
18666,5,9,1,0,0
18667,-6,6,1,0,0
18668,-4,-2,1,0,0
18669,-1,-1,1,0,0
18670,0,0,1,0,0
18671,0,0,1,0,0
18672,-1,-3,1,0,0
18673,7,-5,1,0,0
18674,10,6,1,0,0
18675,-3,15,1,0,0
18676,-17,1,1,0,0
18677,-8,-18,1,0,0
18678,14,-16,1,0,0
18679,22,4,1,0,0
18680,8,20,1,0,0
18681,-12,16,1,0,0
18682,-20,-2,1,0,0
18683,-11,-17,1,0,0
18684,7,-21,1,0,0
18685,20,-10,1,0,0
18686,22,6,1,0,0
18687,12,18,1,0,0
18688,-3,21,1,0,0
18689,-15,15,1,0,0
18690,-20,4,1,0,0
18691,-19,-7,1,0,0
18692,-12,-16,1,0,0
18693,-4,-20,1,0,0
18694,5,-21,1,0,0
18695,12,-18,1,0,0
18696,17,-13,1,0,0
18697,20,-8,1,0,0
18698,22,-4,1,0,0
18699,22,0,1,0,0
18700,22,4,1,0,0
18701,21,5,1,0,0
18702,19,5,1,0,0
18703,15,5,1,0,0
18704,12,4,1,0,0
18705,8,2,1,0,0
18706,4,0,1,0,0
18707,2,0,1,0,0
18708,0,0,1,0,0
18709,-2,0,1,0,0
18710,-4,0,1,0,0
18711,-8,-2,1,0,0
18712,-12,-4,1,0,0
18713,-15,-5,1,0,0
18714,-19,-5,1,0,0
18715,-21,-5,1,0,0
18716,-22,-4,1,0,0
18717,-22,0,1,0,0
18718,-22,4,1,0,0
18719,-20,8,1,0,0
18720,-17,13,1,0,0
18721,-12,18,1,0,0
18722,-5,21,1,0,0
18723,4,20,1,0,0
18724,12,16,1,0,0
18725,19,7,1,0,0
18726,20,-4,1,0,0
18727,15,-15,1,0,0
18728,3,-21,1,0,0
18729,-12,-18,1,0,0
18730,-22,-6,1,0,0
18731,-20,10,1,0,0
18732,-7,21,1,0,0
18733,11,17,1,0,0
18734,20,2,1,0,0
18735,12,-16,1,0,0
18736,-8,-20,1,0,0
18737,-22,-4,1,0,0
18738,-14,16,1,0,0
18739,8,18,1,0,0
18740,17,-1,1,0,0
18741,3,-15,1,0,0
18742,-10,-6,1,0,0
18743,-7,5,1,0,0
18744,1,3,1,0,0
18745,0,0,1,0,0
18746,0,0,1,0,0
18747,0,0,1,0,0
18748,0,0,1,0,0
18749,0,0,1,0,0
18750,0,0,1,0,0
18751,0,0,1,0,0
18752,0,0,1,0,0
18753,0,0,1,0,0
18754,0,0,1,0,0
18755,0,0,1,0,0
18756,0,0,1,0,0
18757,0,0,1,0,0
18758,0,0,1,0,0
18759,0,0,1,0,0
18760,0,0,1,0,0
18761,0,0,1,0,0
18762,0,0,1,0,0
18763,0,0,1,0,0
18764,0,0,1,0,0
18765,0,0,1,0,0
18766,0,0,1,0,0
18767,0,0,1,0,0
18768,0,0,1,0,0
18769,0,0,1,0,0
18770,0,0,1,0,0
18771,0,0,1,0,0
18772,0,0,1,0,0
18773,0,0,1,0,0
18774,0,0,1,0,0
18775,0,0,1,0,0
18776,0,0,1,0,0
18777,0,0,1,0,0
18778,0,0,1,0,0
18779,0,0,1,0,0
18780,0,0,1,0,0
18781,0,0,1,0,0
18782,0,0,1,0,0
18783,0,0,1,0,0
18784,0,0,1,0,0
18785,0,0,1,0,0
18786,0,0,1,0,0
18787,0,0,1,0,0
18788,0,0,1,0,0
18789,0,0,1,0,0
18790,0,0,1,0,0
18791,0,0,1,0,0
18792,0,0,1,0,0
18793,0,0,1,0,0
18794,0,0,1,0,0
18795,0,0,1,0,0
18796,0,0,1,0,0
18797,0,0,1,0,0
18798,0,0,1,0,0
18799,0,0,1,0,0
18800,0,0,1,0,0
18801,0,0,1,0,0
18802,0,0,1,0,0
18803,0,0,1,0,0
18804,0,0,1,0,0
18805,0,0,1,0,0
18806,0,0,1,0,0
18807,0,0,1,0,0
18808,0,0,1,0,0
18809,0,0,1,0,0
18810,0,0,1,0,0
18811,0,0,1,0,0
18812,0,0,1,0,0
18813,0,0,1,0,0
18814,0,0,1,0,0
18815,0,0,1,0,0
18816,0,0,1,0,0
18817,1,-1,1,0,0
18818,2,-4,1,0,0
18819,-6,-6,1,0,0
18820,-9,5,1,0,0
18821,4,14,1,0,0
18822,18,0,1,0,0
18823,9,-19,1,0,0
18824,-13,-17,1,0,0
18825,-21,3,1,0,0
18826,-7,19,1,0,0
18827,13,15,1,0,0
18828,21,-3,1,0,0
18829,12,-18,1,0,0
18830,-6,-22,1,0,0
18831,-19,-11,1,0,0
18832,-21,5,1,0,0
18833,-11,17,1,0,0
18834,4,20,1,0,0
18835,15,15,1,0,0
18836,21,3,1,0,0
18837,20,-8,1,0,0
18838,13,-17,1,0,0
18839,5,-21,1,0,0
18840,-4,-22,1,0,0
18841,-11,-19,1,0,0
18842,-16,-14,1,0,0
18843,-19,-9,1,0,0
18844,-21,-5,1,0,0
18845,-21,-1,1,0,0
18846,-21,3,1,0,0
18847,-20,4,1,0,0
18848,-18,4,1,0,0
18849,-14,4,1,0,0
18850,-11,3,1,0,0
18851,-7,1,1,0,0
18852,-3,-1,1,0,0
18853,-1,-1,1,0,0
18854,0,0,1,0,0
18855,1,1,1,0,0
18856,3,1,1,0,0
18857,7,-1,1,0,0
18858,11,-3,1,0,0
18859,14,-4,1,0,0
18860,18,-4,1,0,0
18861,20,-4,1,0,0
18862,21,-3,1,0,0
18863,21,1,1,0,0
18864,21,5,1,0,0
18865,19,9,1,0,0
18866,16,14,1,0,0
18867,11,19,1,0,0
18868,4,22,1,0,0
18869,-5,21,1,0,0
18870,-13,17,1,0,0
18871,-20,8,1,0,0
18872,-21,-3,1,0,0
18873,-15,-15,1,0,0
18874,-4,-20,1,0,0
18875,11,-17,1,0,0
18876,21,-5,1,0,0
18877,19,11,1,0,0
18878,6,22,1,0,0
18879,-12,18,1,0,0
18880,-21,3,1,0,0
18881,-13,-15,1,0,0
18882,7,-19,1,0,0
18883,21,-3,1,0,0
18884,13,17,1,0,0
18885,-9,19,1,0,0
18886,-18,0,1,0,0
18887,-4,-14,1,0,0
18888,9,-5,1,0,0
18889,6,6,1,0,0
18890,-2,4,1,0,0
18891,-1,1,1,0,0
18892,0,0,1,0,0
18893,0,0,1,0,0
18894,-1,-3,1,0,0
18895,7,-5,1,0,0
18896,10,6,1,0,0
18897,-3,15,1,0,0
18898,-17,1,1,0,0
18899,-8,-18,1,0,0
18900,14,-16,1,0,0
18901,22,4,1,0,0
18902,8,20,1,0,0
18903,-12,16,1,0,0
18904,-20,-2,1,0,0
18905,-11,-17,1,0,0
18906,7,-21,1,0,0
18907,20,-10,1,0,0
18908,22,6,1,0,0
18909,12,18,1,0,0
18910,-3,21,1,0,0
18911,-15,15,1,0,0
18912,-20,4,1,0,0
18913,-19,-7,1,0,0
18914,-12,-16,1,0,0
18915,-4,-20,1,0,0
18916,5,-21,1,0,0
18917,12,-18,1,0,0
18918,17,-13,1,0,0
18919,20,-8,1,0,0
18920,22,-4,1,0,0
18921,22,0,1,0,0
18922,22,4,1,0,0
18923,21,5,1,0,0
18924,19,5,1,0,0
18925,15,5,1,0,0
18926,12,4,1,0,0
18927,8,2,1,0,0
18928,4,0,1,0,0
18929,2,0,1,0,0
18930,0,0,1,0,0
18931,2,0,1,0,0
18932,4,0,1,0,0
18933,8,2,1,0,0
18934,12,4,1,0,0
18935,15,5,1,0,0
18936,19,5,1,0,0
18937,21,5,1,0,0
18938,22,4,1,0,0
18939,22,0,1,0,0
18940,22,-4,1,0,0
18941,20,-8,1,0,0
18942,17,-13,1,0,0
18943,12,-18,1,0,0
18944,5,-21,1,0,0
18945,-4,-20,1,0,0
18946,-12,-16,1,0,0
18947,-19,-7,1,0,0
18948,-20,4,1,0,0
18949,-15,15,1,0,0
18950,-3,21,1,0,0
18951,12,18,1,0,0
18952,22,6,1,0,0
18953,20,-10,1,0,0
18954,7,-21,1,0,0
18955,-11,-17,1,0,0
18956,-20,-2,1,0,0
18957,-12,16,1,0,0
18958,8,20,1,0,0
18959,22,4,1,0,0
18960,14,-16,1,0,0
18961,-8,-18,1,0,0
18962,-17,1,1,0,0
18963,-3,15,1,0,0
18964,10,6,1,0,0
18965,7,-5,1,0,0
18966,-1,-3,1,0,0
18967,0,0,1,0,0
18968,0,0,1,0,0
18969,0,0,1,0,0
18970,0,0,1,0,0
18971,0,0,1,0,0
18972,0,0,1,0,0
18973,0,0,1,0,0
18974,0,0,1,0,0
18975,0,0,1,0,0
18976,0,0,1,0,0
18977,0,0,1,0,0
18978,0,0,1,0,0
18979,1,-1,1,0,0
18980,2,-4,1,0,0
18981,-6,-6,1,0,0
18982,-9,5,1,0,0
18983,4,14,1,0,0
18984,18,0,1,0,0
18985,9,-19,1,0,0
18986,-13,-17,1,0,0
18987,-21,3,1,0,0
18988,-7,19,1,0,0
18989,13,15,1,0,0
18990,21,-3,1,0,0
18991,12,-18,1,0,0
18992,-6,-22,1,0,0
18993,-19,-11,1,0,0
18994,-21,5,1,0,0
18995,-11,17,1,0,0
18996,4,20,1,0,0
18997,15,15,1,0,0
18998,21,3,1,0,0
18999,20,-8,1,0,0
19000,13,-17,1,0,0
19001,5,-21,1,0,0
19002,-4,-22,1,0,0
19003,-11,-19,1,0,0
19004,-16,-14,1,0,0
19005,-19,-9,1,0,0
19006,-21,-5,1,0,0
19007,-21,-1,1,0,0
19008,-21,3,1,0,0
19009,-20,4,1,0,0
19010,-18,4,1,0,0
19011,-14,4,1,0,0
19012,-11,3,1,0,0
19013,-7,1,1,0,0
19014,-3,-1,1,0,0
19015,-1,-1,1,0,0
19016,0,0,1,0,0
19017,1,1,1,0,0
19018,3,1,1,0,0
19019,7,-1,1,0,0
19020,11,-3,1,0,0
19021,14,-4,1,0,0
19022,18,-4,1,0,0
19023,20,-4,1,0,0
19024,21,-3,1,0,0
19025,21,1,1,0,0
19026,21,5,1,0,0
19027,19,9,1,0,0
19028,16,14,1,0,0
19029,11,19,1,0,0
19030,4,22,1,0,0
19031,-5,21,1,0,0
19032,-13,17,1,0,0
19033,-20,8,1,0,0
19034,-21,-3,1,0,0
19035,-15,-15,1,0,0
19036,-4,-20,1,0,0
19037,11,-17,1,0,0
19038,21,-5,1,0,0
19039,19,11,1,0,0
19040,6,22,1,0,0
19041,-12,18,1,0,0
19042,-21,3,1,0,0
19043,-13,-15,1,0,0
19044,7,-19,1,0,0
19045,21,-3,1,0,0
19046,13,17,1,0,0
19047,-9,19,1,0,0
19048,-18,0,1,0,0
19049,-4,-14,1,0,0
19050,9,-5,1,0,0
19051,6,6,1,0,0
19052,-2,4,1,0,0
19053,-1,1,1,0,0
19054,0,0,1,0,0
19055,0,0,1,0,0
19056,-3,1,1,0,0
19057,-5,-7,1,0,0
19058,6,-10,1,0,0
19059,15,3,1,0,0
19060,1,17,1,0,0
19061,-18,8,1,0,0
19062,-16,-14,1,0,0
19063,4,-22,1,0,0
19064,20,-8,1,0,0
19065,16,12,1,0,0
19066,-2,20,1,0,0
19067,-17,11,1,0,0
19068,-21,-7,1,0,0
19069,-10,-20,1,0,0
19070,6,-22,1,0,0
19071,18,-12,1,0,0
19072,21,3,1,0,0
19073,15,15,1,0,0
19074,4,20,1,0,0
19075,-7,19,1,0,0
19076,-16,12,1,0,0
19077,-20,4,1,0,0
19078,-21,-5,1,0,0
19079,-18,-12,1,0,0
19080,-13,-17,1,0,0
19081,-8,-20,1,0,0
19082,-4,-22,1,0,0
19083,0,-22,1,0,0
19084,4,-22,1,0,0
19085,5,-21,1,0,0
19086,5,-19,1,0,0
19087,5,-15,1,0,0
19088,4,-12,1,0,0
19089,2,-8,1,0,0
19090,0,-4,1,0,0
19091,0,-2,1,0,0
19092,0,0,1,0,0
19093,2,0,1,0,0
19094,4,0,1,0,0
19095,8,2,1,0,0
19096,12,4,1,0,0
19097,15,5,1,0,0
19098,19,5,1,0,0
19099,21,5,1,0,0
19100,22,4,1,0,0
19101,22,0,1,0,0
19102,22,-4,1,0,0
19103,20,-8,1,0,0
19104,17,-13,1,0,0
19105,12,-18,1,0,0
19106,5,-21,1,0,0
19107,-4,-20,1,0,0
19108,-12,-16,1,0,0
19109,-19,-7,1,0,0
19110,-20,4,1,0,0
19111,-15,15,1,0,0
19112,-3,21,1,0,0
19113,12,18,1,0,0
19114,22,6,1,0,0
19115,20,-10,1,0,0
19116,7,-21,1,0,0
19117,-11,-17,1,0,0
19118,-20,-2,1,0,0
19119,-12,16,1,0,0
19120,8,20,1,0,0
19121,22,4,1,0,0
19122,14,-16,1,0,0
19123,-8,-18,1,0,0
19124,-17,1,1,0,0
19125,-3,15,1,0,0
19126,10,6,1,0,0
19127,7,-5,1,0,0
19128,-1,-3,1,0,0
19129,0,0,1,0,0
19130,0,0,1,0,0
19131,0,0,1,0,0
19132,0,0,1,0,0
19133,0,0,1,0,0
19134,0,0,1,0,0
19135,0,0,1,0,0
19136,0,0,1,0,0
19137,0,0,1,0,0
19138,0,0,1,0,0
19139,0,0,1,0,0
19140,0,0,1,0,0
19141,0,0,1,0,0
19142,0,0,1,0,0
19143,0,0,1,0,0
19144,0,0,1,0,0
19145,0,0,1,0,0
19146,0,0,1,0,0
19147,0,0,1,0,0
19148,0,0,1,0,0
19149,0,0,1,0,0
19150,0,0,1,0,0
19151,0,0,1,0,0
19152,0,0,1,0,0
19153,0,0,1,0,0
19154,0,0,1,0,0
19155,0,0,1,0,0
19156,0,0,1,0,0
19157,0,0,1,0,0
19158,0,0,1,0,0
19159,0,0,1,0,0
19160,0,0,1,0,0
19161,0,0,1,0,0
19162,0,0,1,0,0
19163,0,0,1,0,0
19164,0,0,1,0,0
19165,0,0,1,0,0
19166,0,0,1,0,0
19167,0,0,1,0,0
19168,0,0,1,0,0
19169,0,0,1,0,0
19170,0,0,1,0,0
19171,0,0,1,0,0
19172,0,0,1,0,0
19173,0,0,1,0,0
19174,0,0,1,0,0
19175,0,0,1,0,0
19176,0,0,1,0,0
19177,0,0,1,0,0
19178,0,0,1,0,0
19179,0,0,1,0,0
19180,0,0,1,0,0
19181,0,0,1,0,0
19182,0,0,1,0,0
19183,0,0,1,0,0
19184,0,0,1,0,0
19185,0,0,1,0,0
19186,0,0,1,0,0
19187,0,0,1,0,0
19188,0,0,1,0,0
19189,0,0,1,0,0
19190,0,0,1,0,0
19191,0,0,1,0,0
19192,0,0,1,0,0
19193,0,0,1,0,0
19194,0,0,1,0,0
19195,0,0,1,0,0
19196,0,0,1,0,0
19197,0,0,1,0,0
19198,0,0,1,0,0
19199,0,0,1,0,0
19200,0,0,1,0,0
19201,1,-1,1,0,0
19202,2,-4,1,0,0
19203,-6,-6,1,0,0
19204,-9,5,1,0,0
19205,4,14,1,0,0
19206,18,0,1,0,0
19207,9,-19,1,0,0
19208,-13,-17,1,0,0
19209,-21,3,1,0,0
19210,-7,19,1,0,0
19211,13,15,1,0,0
19212,21,-3,1,0,0
19213,12,-18,1,0,0
19214,-6,-22,1,0,0
19215,-19,-11,1,0,0
19216,-21,5,1,0,0
19217,-11,17,1,0,0
19218,4,20,1,0,0
19219,15,15,1,0,0
19220,21,3,1,0,0
19221,20,-8,1,0,0
19222,13,-17,1,0,0
19223,5,-21,1,0,0
19224,-4,-22,1,0,0
19225,-11,-19,1,0,0
19226,-16,-14,1,0,0
19227,-19,-9,1,0,0
19228,-21,-5,1,0,0
19229,-21,-1,1,0,0
19230,-21,3,1,0,0
19231,-20,4,1,0,0
19232,-18,4,1,0,0
19233,-14,4,1,0,0
19234,-11,3,1,0,0
19235,-7,1,1,0,0
19236,-3,-1,1,0,0
19237,-1,-1,1,0,0
19238,0,0,1,0,0
19239,1,1,1,0,0
19240,3,1,1,0,0
19241,7,-1,1,0,0
19242,11,-3,1,0,0
19243,14,-4,1,0,0
19244,18,-4,1,0,0
19245,20,-4,1,0,0
19246,21,-3,1,0,0
19247,21,1,1,0,0
19248,21,5,1,0,0
19249,19,9,1,0,0
19250,16,14,1,0,0
19251,11,19,1,0,0
19252,4,22,1,0,0
19253,-5,21,1,0,0
19254,-13,17,1,0,0
19255,-20,8,1,0,0
19256,-21,-3,1,0,0
19257,-15,-15,1,0,0
19258,-4,-20,1,0,0
19259,11,-17,1,0,0
19260,21,-5,1,0,0
19261,19,11,1,0,0
19262,6,22,1,0,0
19263,-12,18,1,0,0
19264,-21,3,1,0,0
19265,-13,-15,1,0,0
19266,7,-19,1,0,0
19267,21,-3,1,0,0
19268,13,17,1,0,0
19269,-9,19,1,0,0
19270,-18,0,1,0,0
19271,-4,-14,1,0,0
19272,9,-5,1,0,0
19273,6,6,1,0,0
19274,-2,4,1,0,0
19275,-1,1,1,0,0
19276,0,0,1,0,0
19277,0,0,1,0,0
19278,1,3,1,0,0
19279,-7,5,1,0,0
19280,-10,-6,1,0,0
19281,3,-15,1,0,0
19282,17,-1,1,0,0
19283,8,18,1,0,0
19284,-14,16,1,0,0
19285,-22,-4,1,0,0
19286,-8,-20,1,0,0
19287,12,-16,1,0,0
19288,20,2,1,0,0
19289,11,17,1,0,0
19290,-7,21,1,0,0
19291,-20,10,1,0,0
19292,-22,-6,1,0,0
19293,-12,-18,1,0,0
19294,3,-21,1,0,0
19295,15,-15,1,0,0
19296,20,-4,1,0,0
19297,19,7,1,0,0
19298,12,16,1,0,0
19299,4,20,1,0,0
19300,-5,21,1,0,0
19301,-12,18,1,0,0
19302,-17,13,1,0,0
19303,-20,8,1,0,0
19304,-22,4,1,0,0
19305,-22,0,1,0,0
19306,-22,-4,1,0,0
19307,-21,-5,1,0,0
19308,-19,-5,1,0,0
19309,-15,-5,1,0,0
19310,-12,-4,1,0,0
19311,-8,-2,1,0,0
19312,-4,0,1,0,0
19313,-2,0,1,0,0
19314,0,0,1,0,0
19315,2,0,1,0,0
19316,4,0,1,0,0
19317,8,2,1,0,0
19318,12,4,1,0,0
19319,15,5,1,0,0
19320,19,5,1,0,0
19321,21,5,1,0,0
19322,22,4,1,0,0
19323,22,0,1,0,0
19324,22,-4,1,0,0
19325,20,-8,1,0,0
19326,17,-13,1,0,0
19327,12,-18,1,0,0
19328,5,-21,1,0,0
19329,-4,-20,1,0,0
19330,-12,-16,1,0,0
19331,-19,-7,1,0,0
19332,-20,4,1,0,0
19333,-15,15,1,0,0
19334,-3,21,1,0,0
19335,12,18,1,0,0
19336,22,6,1,0,0
19337,20,-10,1,0,0
19338,7,-21,1,0,0
19339,-11,-17,1,0,0
19340,-20,-2,1,0,0
19341,-12,16,1,0,0
19342,8,20,1,0,0
19343,22,4,1,0,0
19344,14,-16,1,0,0
19345,-8,-18,1,0,0
19346,-17,1,1,0,0
19347,-3,15,1,0,0
19348,10,6,1,0,0
19349,7,-5,1,0,0
19350,-1,-3,1,0,0
19351,0,0,1,0,0
19352,0,0,1,0,0
19353,0,0,1,0,0
19354,0,0,1,0,0
19355,0,0,1,0,0
19356,0,0,1,0,0
19357,0,0,1,0,0
19358,0,0,1,0,0
19359,0,0,1,0,0
19360,0,0,1,0,0
19361,0,0,1,0,0
19362,0,0,1,0,0
19363,1,-1,1,0,0
19364,2,-4,1,0,0
19365,-6,-6,1,0,0
19366,-9,5,1,0,0
19367,4,14,1,0,0
19368,18,0,1,0,0
19369,9,-19,1,0,0
19370,-13,-17,1,0,0
19371,-21,3,1,0,0
19372,-7,19,1,0,0
19373,13,15,1,0,0
19374,21,-3,1,0,0
19375,12,-18,1,0,0
19376,-6,-22,1,0,0
19377,-19,-11,1,0,0
19378,-21,5,1,0,0
19379,-11,17,1,0,0
19380,4,20,1,0,0
19381,15,15,1,0,0
19382,21,3,1,0,0
19383,20,-8,1,0,0
19384,13,-17,1,0,0
19385,5,-21,1,0,0
19386,-4,-22,1,0,0
19387,-11,-19,1,0,0
19388,-16,-14,1,0,0
19389,-19,-9,1,0,0
19390,-21,-5,1,0,0
19391,-21,-1,1,0,0
19392,-21,3,1,0,0
19393,-20,4,1,0,0
19394,-18,4,1,0,0
19395,-14,4,1,0,0
19396,-11,3,1,0,0
19397,-7,1,1,0,0
19398,-3,-1,1,0,0
19399,-1,-1,1,0,0
19400,0,0,1,0,0
19401,1,1,1,0,0
19402,3,1,1,0,0
19403,7,-1,1,0,0
19404,11,-3,1,0,0
19405,14,-4,1,0,0
19406,18,-4,1,0,0
19407,20,-4,1,0,0
19408,21,-3,1,0,0
19409,21,1,1,0,0
19410,21,5,1,0,0
19411,19,9,1,0,0
19412,16,14,1,0,0
19413,11,19,1,0,0
19414,4,22,1,0,0
19415,-5,21,1,0,0
19416,-13,17,1,0,0
19417,-20,8,1,0,0
19418,-21,-3,1,0,0
19419,-15,-15,1,0,0
19420,-4,-20,1,0,0
19421,11,-17,1,0,0
19422,21,-5,1,0,0
19423,19,11,1,0,0
19424,6,22,1,0,0
19425,-12,18,1,0,0
19426,-21,3,1,0,0
19427,-13,-15,1,0,0
19428,7,-19,1,0,0
19429,21,-3,1,0,0
19430,13,17,1,0,0
19431,-9,19,1,0,0
19432,-18,0,1,0,0
19433,-4,-14,1,0,0
19434,9,-5,1,0,0
19435,6,6,1,0,0
19436,-2,4,1,0,0
19437,-1,1,1,0,0
19438,0,0,1,0,0
19439,0,0,1,0,0
19440,-1,-3,1,0,0
19441,7,-5,1,0,0
19442,10,6,1,0,0
19443,-3,15,1,0,0
19444,-17,1,1,0,0
19445,-8,-18,1,0,0
19446,14,-16,1,0,0
19447,22,4,1,0,0
19448,8,20,1,0,0
19449,-12,16,1,0,0
19450,-20,-2,1,0,0
19451,-11,-17,1,0,0
19452,7,-21,1,0,0
19453,20,-10,1,0,0
19454,22,6,1,0,0
19455,12,18,1,0,0
19456,-3,21,1,0,0
19457,-15,15,1,0,0
19458,-20,4,1,0,0
19459,-19,-7,1,0,0
19460,-12,-16,1,0,0
19461,-4,-20,1,0,0
19462,5,-21,1,0,0
19463,12,-18,1,0,0
19464,17,-13,1,0,0
19465,20,-8,1,0,0
19466,22,-4,1,0,0
19467,22,0,1,0,0
19468,22,4,1,0,0
19469,21,5,1,0,0
19470,19,5,1,0,0
19471,15,5,1,0,0
19472,12,4,1,0,0
19473,8,2,1,0,0
19474,4,0,1,0,0
19475,2,0,1,0,0
19476,0,0,1,0,0
19477,0,2,1,0,0
19478,0,4,1,0,0
19479,-2,8,1,0,0
19480,-4,12,1,0,0
19481,-5,15,1,0,0
19482,-5,19,1,0,0
19483,-5,21,1,0,0
19484,-4,22,1,0,0
19485,0,22,1,0,0
19486,4,22,1,0,0
19487,8,20,1,0,0
19488,13,17,1,0,0
19489,18,12,1,0,0
19490,21,5,1,0,0
19491,20,-4,1,0,0
19492,16,-12,1,0,0
19493,7,-19,1,0,0
19494,-4,-20,1,0,0
19495,-15,-15,1,0,0
19496,-21,-3,1,0,0
19497,-18,12,1,0,0
19498,-6,22,1,0,0
19499,10,20,1,0,0
19500,21,7,1,0,0
19501,17,-11,1,0,0
19502,2,-20,1,0,0
19503,-16,-12,1,0,0
19504,-20,8,1,0,0
19505,-4,22,1,0,0
19506,16,14,1,0,0
19507,18,-8,1,0,0
19508,-1,-17,1,0,0
19509,-15,-3,1,0,0
19510,-6,10,1,0,0
19511,5,7,1,0,0
19512,3,-1,1,0,0
19513,0,0,1,0,0
19514,0,0,1,0,0
19515,0,0,1,0,0
19516,0,0,1,0,0
19517,0,0,1,0,0
19518,0,0,1,0,0
19519,0,0,1,0,0
19520,0,0,1,0,0
19521,0,0,1,0,0
19522,0,0,1,0,0
19523,0,0,1,0,0
19524,0,0,1,0,0
19525,0,0,1,0,0
19526,0,0,1,0,0
19527,0,0,1,0,0
19528,0,0,1,0,0
19529,0,0,1,0,0
19530,0,0,1,0,0
19531,0,0,1,0,0
19532,0,0,1,0,0
19533,0,0,1,0,0
19534,0,0,1,0,0
19535,0,0,1,0,0
19536,0,0,1,0,0
19537,0,0,1,0,0
19538,0,0,1,0,0
19539,0,0,1,0,0
19540,0,0,1,0,0
19541,0,0,1,0,0
19542,0,0,1,0,0
19543,0,0,1,0,0
19544,0,0,1,0,0
19545,0,0,1,0,0
19546,0,0,1,0,0
19547,0,0,1,0,0
19548,0,0,1,0,0
19549,0,0,1,0,0
19550,0,0,1,0,0
19551,0,0,1,0,0
19552,0,0,1,0,0
19553,0,0,1,0,0
19554,0,0,1,0,0
19555,0,0,1,0,0
19556,0,0,1,0,0
19557,0,0,1,0,0
19558,0,0,1,0,0
19559,0,0,1,0,0
19560,0,0,1,0,0
19561,0,0,1,0,0
19562,0,0,1,0,0
19563,0,0,1,0,0
19564,0,0,1,0,0
19565,0,0,1,0,0
19566,0,0,1,0,0
19567,0,0,1,0,0
19568,0,0,1,0,0
19569,0,0,1,0,0
19570,0,0,1,0,0
19571,0,0,1,0,0
19572,0,0,1,0,0
19573,0,0,1,0,0
19574,0,0,1,0,0
19575,0,0,1,0,0
19576,0,0,1,0,0
19577,0,0,1,0,0
19578,0,0,1,0,0
19579,0,0,1,0,0
19580,0,0,1,0,0
19581,0,0,1,0,0
19582,0,0,1,0,0
19583,0,0,1,0,0
19584,0,0,1,0,0
19585,-1,1,1,0,0
19586,-2,4,1,0,0
19587,6,6,1,0,0
19588,9,-5,1,0,0
19589,-4,-14,1,0,0
19590,-18,0,1,0,0
19591,-9,19,1,0,0
19592,13,17,1,0,0
19593,21,-3,1,0,0
19594,7,-19,1,0,0
19595,-13,-15,1,0,0
19596,-21,3,1,0,0
19597,-12,18,1,0,0
19598,6,22,1,0,0
19599,19,11,1,0,0
19600,21,-5,1,0,0
19601,11,-17,1,0,0
19602,-4,-20,1,0,0
19603,-15,-15,1,0,0
19604,-21,-3,1,0,0
19605,-20,8,1,0,0
19606,-13,17,1,0,0
19607,-5,21,1,0,0
19608,4,22,1,0,0
19609,11,19,1,0,0
19610,16,14,1,0,0
19611,19,9,1,0,0
19612,21,5,1,0,0
19613,21,1,1,0,0
19614,21,-3,1,0,0
19615,20,-4,1,0,0
19616,18,-4,1,0,0
19617,14,-4,1,0,0
19618,11,-3,1,0,0
19619,7,-1,1,0,0
19620,3,1,1,0,0
19621,1,1,1,0,0
19622,0,0,1,0,0
19623,-1,-1,1,0,0
19624,-3,-1,1,0,0
19625,-7,1,1,0,0
19626,-11,3,1,0,0
19627,-14,4,1,0,0
19628,-18,4,1,0,0
19629,-20,4,1,0,0
19630,-21,3,1,0,0
19631,-21,-1,1,0,0
19632,-21,-5,1,0,0
19633,-19,-9,1,0,0
19634,-16,-14,1,0,0
19635,-11,-19,1,0,0
19636,-4,-22,1,0,0
19637,5,-21,1,0,0
19638,13,-17,1,0,0
19639,20,-8,1,0,0
19640,21,3,1,0,0
19641,15,15,1,0,0
19642,4,20,1,0,0
19643,-11,17,1,0,0
19644,-21,5,1,0,0
19645,-19,-11,1,0,0
19646,-6,-22,1,0,0
19647,12,-18,1,0,0
19648,21,-3,1,0,0
19649,13,15,1,0,0
19650,-7,19,1,0,0
19651,-21,3,1,0,0
19652,-13,-17,1,0,0
19653,9,-19,1,0,0
19654,18,0,1,0,0
19655,4,14,1,0,0
19656,-9,5,1,0,0
19657,-6,-6,1,0,0
19658,2,-4,1,0,0
19659,1,-1,1,0,0
19660,0,0,1,0,0
19661,0,0,1,0,0
19662,1,3,1,0,0
19663,-7,5,1,0,0
19664,-10,-6,1,0,0
19665,3,-15,1,0,0
19666,17,-1,1,0,0
19667,8,18,1,0,0
19668,-14,16,1,0,0
19669,-22,-4,1,0,0
19670,-8,-20,1,0,0
19671,12,-16,1,0,0
19672,20,2,1,0,0
19673,11,17,1,0,0
19674,-7,21,1,0,0
19675,-20,10,1,0,0
19676,-22,-6,1,0,0
19677,-12,-18,1,0,0
19678,3,-21,1,0,0
19679,15,-15,1,0,0
19680,20,-4,1,0,0
19681,19,7,1,0,0
19682,12,16,1,0,0
19683,4,20,1,0,0
19684,-5,21,1,0,0
19685,-12,18,1,0,0
19686,-17,13,1,0,0
19687,-20,8,1,0,0
19688,-22,4,1,0,0
19689,-22,0,1,0,0
19690,-22,-4,1,0,0
19691,-21,-5,1,0,0
19692,-19,-5,1,0,0
19693,-15,-5,1,0,0
19694,-12,-4,1,0,0
19695,-8,-2,1,0,0
19696,-4,0,1,0,0
19697,-2,0,1,0,0
19698,0,0,1,0,0
19699,0,2,1,0,0
19700,0,4,1,0,0
19701,-2,8,1,0,0
19702,-4,12,1,0,0
19703,-5,15,1,0,0
19704,-5,19,1,0,0
19705,-5,21,1,0,0
19706,-4,22,1,0,0
19707,0,22,1,0,0
19708,4,22,1,0,0
19709,8,20,1,0,0
19710,13,17,1,0,0
19711,18,12,1,0,0
19712,21,5,1,0,0
19713,20,-4,1,0,0
19714,16,-12,1,0,0
19715,7,-19,1,0,0
19716,-4,-20,1,0,0
19717,-15,-15,1,0,0
19718,-21,-3,1,0,0
19719,-18,12,1,0,0
19720,-6,22,1,0,0
19721,10,20,1,0,0
19722,21,7,1,0,0
19723,17,-11,1,0,0
19724,2,-20,1,0,0
19725,-16,-12,1,0,0
19726,-20,8,1,0,0
19727,-4,22,1,0,0
19728,16,14,1,0,0
19729,18,-8,1,0,0
19730,-1,-17,1,0,0
19731,-15,-3,1,0,0
19732,-6,10,1,0,0
19733,5,7,1,0,0
19734,3,-1,1,0,0
19735,0,0,1,0,0
19736,0,0,1,0,0
19737,0,0,1,0,0
19738,0,0,1,0,0
19739,0,0,1,0,0
19740,0,0,1,0,0
19741,0,0,1,0,0
19742,0,0,1,0,0
19743,0,0,1,0,0
19744,0,0,1,0,0
19745,0,0,1,0,0
19746,0,0,1,0,0
19747,-1,-1,1,0,0
19748,-4,-2,1,0,0
19749,-6,6,1,0,0
19750,5,9,1,0,0
19751,14,-4,1,0,0
19752,0,-18,1,0,0
19753,-19,-9,1,0,0
19754,-17,13,1,0,0
19755,3,21,1,0,0
19756,19,7,1,0,0
19757,15,-13,1,0,0
19758,-3,-21,1,0,0
19759,-18,-12,1,0,0
19760,-22,6,1,0,0
19761,-11,19,1,0,0
19762,5,21,1,0,0
19763,17,11,1,0,0
19764,20,-4,1,0,0
19765,15,-15,1,0,0
19766,3,-21,1,0,0
19767,-8,-20,1,0,0
19768,-17,-13,1,0,0
19769,-21,-5,1,0,0
19770,-22,4,1,0,0
19771,-19,11,1,0,0
19772,-14,16,1,0,0
19773,-9,19,1,0,0
19774,-5,21,1,0,0
19775,-1,21,1,0,0
19776,3,21,1,0,0
19777,4,20,1,0,0
19778,4,18,1,0,0
19779,4,14,1,0,0
19780,3,11,1,0,0
19781,1,7,1,0,0
19782,-1,3,1,0,0
19783,-1,1,1,0,0
19784,0,0,1,0,0
19785,1,-1,1,0,0
19786,1,-3,1,0,0
19787,-1,-7,1,0,0
19788,-3,-11,1,0,0
19789,-4,-14,1,0,0
19790,-4,-18,1,0,0
19791,-4,-20,1,0,0
19792,-3,-21,1,0,0
19793,1,-21,1,0,0
19794,5,-21,1,0,0
19795,9,-19,1,0,0
19796,14,-16,1,0,0
19797,19,-11,1,0,0
19798,22,-4,1,0,0
19799,21,5,1,0,0
19800,17,13,1,0,0
19801,8,20,1,0,0
19802,-3,21,1,0,0
19803,-15,15,1,0,0
19804,-20,4,1,0,0
19805,-17,-11,1,0,0
19806,-5,-21,1,0,0
19807,11,-19,1,0,0
19808,22,-6,1,0,0
19809,18,12,1,0,0
19810,3,21,1,0,0
19811,-15,13,1,0,0
19812,-19,-7,1,0,0
19813,-3,-21,1,0,0
19814,17,-13,1,0,0
19815,19,9,1,0,0
19816,0,18,1,0,0
19817,-14,4,1,0,0
19818,-5,-9,1,0,0
19819,6,-6,1,0,0
19820,4,2,1,0,0
19821,1,1,1,0,0
19822,0,0,1,0,0
19823,0,0,1,0,0
19824,-3,1,1,0,0
19825,-5,-7,1,0,0
19826,6,-10,1,0,0
19827,15,3,1,0,0
19828,1,17,1,0,0
19829,-18,8,1,0,0
19830,-16,-14,1,0,0
19831,4,-22,1,0,0
19832,20,-8,1,0,0
19833,16,12,1,0,0
19834,-2,20,1,0,0
19835,-17,11,1,0,0
19836,-21,-7,1,0,0
19837,-10,-20,1,0,0
19838,6,-22,1,0,0
19839,18,-12,1,0,0
19840,21,3,1,0,0
19841,15,15,1,0,0
19842,4,20,1,0,0
19843,-7,19,1,0,0
19844,-16,12,1,0,0
19845,-20,4,1,0,0
19846,-21,-5,1,0,0
19847,-18,-12,1,0,0
19848,-13,-17,1,0,0
19849,-8,-20,1,0,0
19850,-4,-22,1,0,0
19851,0,-22,1,0,0
19852,4,-22,1,0,0
19853,5,-21,1,0,0
19854,5,-19,1,0,0
19855,5,-15,1,0,0
19856,4,-12,1,0,0
19857,2,-8,1,0,0
19858,0,-4,1,0,0
19859,0,-2,1,0,0
19860,0,0,1,0,0
19861,0,2,1,0,0
19862,0,4,1,0,0
19863,-2,8,1,0,0
19864,-4,12,1,0,0
19865,-5,15,1,0,0
19866,-5,19,1,0,0
19867,-5,21,1,0,0
19868,-4,22,1,0,0
19869,0,22,1,0,0
19870,4,22,1,0,0
19871,8,20,1,0,0
19872,13,17,1,0,0
19873,18,12,1,0,0
19874,21,5,1,0,0
19875,20,-4,1,0,0
19876,16,-12,1,0,0
19877,7,-19,1,0,0
19878,-4,-20,1,0,0
19879,-15,-15,1,0,0
19880,-21,-3,1,0,0
19881,-18,12,1,0,0
19882,-6,22,1,0,0
19883,10,20,1,0,0
19884,21,7,1,0,0
19885,17,-11,1,0,0
19886,2,-20,1,0,0
19887,-16,-12,1,0,0
19888,-20,8,1,0,0
19889,-4,22,1,0,0
19890,16,14,1,0,0
19891,18,-8,1,0,0
19892,-1,-17,1,0,0
19893,-15,-3,1,0,0
19894,-6,10,1,0,0
19895,5,7,1,0,0
19896,3,-1,1,0,0
19897,0,0,1,0,0
19898,0,0,1,0,0
19899,0,0,1,0,0
19900,0,0,1,0,0
19901,0,0,1,0,0
19902,0,0,1,0,0
19903,0,0,1,0,0
19904,0,0,1,0,0
19905,0,0,1,0,0
19906,0,0,1,0,0
19907,0,0,1,0,0
19908,0,0,1,0,0
19909,0,0,1,0,0
19910,0,0,1,0,0
19911,0,0,1,0,0
19912,0,0,1,0,0
19913,0,0,1,0,0
19914,0,0,1,0,0
19915,0,0,1,0,0
19916,0,0,1,0,0
19917,0,0,1,0,0
19918,0,0,1,0,0
19919,0,0,1,0,0
19920,0,0,1,0,0
19921,0,0,1,0,0
19922,0,0,1,0,0
19923,0,0,1,0,0
19924,0,0,1,0,0
19925,0,0,1,0,0
19926,0,0,1,0,0
19927,0,0,1,0,0
19928,0,0,1,0,0
19929,0,0,1,0,0
19930,0,0,1,0,0
19931,0,0,1,0,0
19932,0,0,1,0,0
19933,0,0,1,0,0
19934,0,0,1,0,0
19935,0,0,1,0,0
19936,0,0,1,0,0
19937,0,0,1,0,0
19938,0,0,1,0,0
19939,0,0,1,0,0
19940,0,0,1,0,0
19941,0,0,1,0,0
19942,0,0,1,0,0
19943,0,0,1,0,0
19944,0,0,1,0,0
19945,0,0,1,0,0
19946,0,0,1,0,0
19947,0,0,1,0,0
19948,0,0,1,0,0
19949,0,0,1,0,0
19950,0,0,1,0,0
19951,0,0,1,0,0
19952,0,0,1,0,0
19953,0,0,1,0,0
19954,0,0,1,0,0
19955,0,0,1,0,0
19956,0,0,1,0,0
19957,0,0,1,0,0
19958,0,0,1,0,0
19959,0,0,1,0,0
19960,0,0,1,0,0
19961,0,0,1,0,0
19962,0,0,1,0,0
19963,0,0,1,0,0
19964,0,0,1,0,0
19965,0,0,1,0,0
19966,0,0,1,0,0
19967,0,0,1,0,0
19968,0,0,1,0,0
19969,-1,-1,1,0,0
19970,-4,-2,1,0,0
19971,-6,6,1,0,0
19972,5,9,1,0,0
19973,14,-4,1,0,0
19974,0,-18,1,0,0
19975,-19,-9,1,0,0
19976,-17,13,1,0,0
19977,3,21,1,0,0
19978,19,7,1,0,0
19979,15,-13,1,0,0
19980,-3,-21,1,0,0
19981,-18,-12,1,0,0
19982,-22,6,1,0,0
19983,-11,19,1,0,0
19984,5,21,1,0,0
19985,17,11,1,0,0
19986,20,-4,1,0,0
19987,15,-15,1,0,0
19988,3,-21,1,0,0
19989,-8,-20,1,0,0
19990,-17,-13,1,0,0
19991,-21,-5,1,0,0
19992,-22,4,1,0,0
19993,-19,11,1,0,0
19994,-14,16,1,0,0
19995,-9,19,1,0,0
19996,-5,21,1,0,0
19997,-1,21,1,0,0
19998,3,21,1,0,0
19999,4,20,1,0,0
20000,4,18,1,0,0
20001,4,14,1,0,0
20002,3,11,1,0,0
20003,1,7,1,0,0
20004,-1,3,1,0,0
20005,-1,1,1,0,0
20006,0,0,1,0,0
20007,1,-1,1,0,0
20008,1,-3,1,0,0
20009,-1,-7,1,0,0
20010,-3,-11,1,0,0
20011,-4,-14,1,0,0
20012,-4,-18,1,0,0
20013,-4,-20,1,0,0
20014,-3,-21,1,0,0
20015,1,-21,1,0,0
20016,5,-21,1,0,0
20017,9,-19,1,0,0
20018,14,-16,1,0,0
20019,19,-11,1,0,0
20020,22,-4,1,0,0
20021,21,5,1,0,0
20022,17,13,1,0,0
20023,8,20,1,0,0
20024,-3,21,1,0,0
20025,-15,15,1,0,0
20026,-20,4,1,0,0
20027,-17,-11,1,0,0
20028,-5,-21,1,0,0
20029,11,-19,1,0,0
20030,22,-6,1,0,0
20031,18,12,1,0,0
20032,3,21,1,0,0
20033,-15,13,1,0,0
20034,-19,-7,1,0,0
20035,-3,-21,1,0,0
20036,17,-13,1,0,0
20037,19,9,1,0,0
20038,0,18,1,0,0
20039,-14,4,1,0,0
20040,-5,-9,1,0,0
20041,6,-6,1,0,0
20042,4,2,1,0,0
20043,1,1,1,0,0
20044,0,0,1,0,0
20045,0,0,1,0,0
20046,1,3,1,0,0
20047,-7,5,1,0,0
20048,-10,-6,1,0,0
20049,3,-15,1,0,0
20050,17,-1,1,0,0
20051,8,18,1,0,0
20052,-14,16,1,0,0
20053,-22,-4,1,0,0
20054,-8,-20,1,0,0
20055,12,-16,1,0,0
20056,20,2,1,0,0
20057,11,17,1,0,0
20058,-7,21,1,0,0
20059,-20,10,1,0,0
20060,-22,-6,1,0,0
20061,-12,-18,1,0,0
20062,3,-21,1,0,0
20063,15,-15,1,0,0
20064,20,-4,1,0,0
20065,19,7,1,0,0
20066,12,16,1,0,0
20067,4,20,1,0,0
20068,-5,21,1,0,0
20069,-12,18,1,0,0
20070,-17,13,1,0,0
20071,-20,8,1,0,0
20072,-22,4,1,0,0
20073,-22,0,1,0,0
20074,-22,-4,1,0,0
20075,-21,-5,1,0,0
20076,-19,-5,1,0,0
20077,-15,-5,1,0,0
20078,-12,-4,1,0,0
20079,-8,-2,1,0,0
20080,-4,0,1,0,0
20081,-2,0,1,0,0
20082,0,0,1,0,0
20083,-2,0,1,0,0
20084,-4,0,1,0,0
20085,-8,-2,1,0,0
20086,-12,-4,1,0,0
20087,-15,-5,1,0,0
20088,-19,-5,1,0,0
20089,-21,-5,1,0,0
20090,-22,-4,1,0,0
20091,-22,0,1,0,0
20092,-22,4,1,0,0
20093,-20,8,1,0,0
20094,-17,13,1,0,0
20095,-12,18,1,0,0
20096,-5,21,1,0,0
20097,4,20,1,0,0
20098,12,16,1,0,0
20099,19,7,1,0,0
20100,20,-4,1,0,0
20101,15,-15,1,0,0
20102,3,-21,1,0,0
20103,-12,-18,1,0,0
20104,-22,-6,1,0,0
20105,-20,10,1,0,0
20106,-7,21,1,0,0
20107,11,17,1,0,0
20108,20,2,1,0,0
20109,12,-16,1,0,0
20110,-8,-20,1,0,0
20111,-22,-4,1,0,0
20112,-14,16,1,0,0
20113,8,18,1,0,0
20114,17,-1,1,0,0
20115,3,-15,1,0,0
20116,-10,-6,1,0,0
20117,-7,5,1,0,0
20118,1,3,1,0,0
20119,0,0,1,0,0
20120,0,0,1,0,0
20121,0,0,1,0,0
20122,0,0,1,0,0
20123,0,0,1,0,0
20124,0,0,1,0,0
20125,0,0,1,0,0
20126,0,0,1,0,0
20127,0,0,1,0,0
20128,0,0,1,0,0
20129,0,0,1,0,0
20130,0,0,1,0,0
20131,1,-1,1,0,0
20132,2,-4,1,0,0
20133,-6,-6,1,0,0
20134,-9,5,1,0,0
20135,4,14,1,0,0
20136,18,0,1,0,0
20137,9,-19,1,0,0
20138,-13,-17,1,0,0
20139,-21,3,1,0,0
20140,-7,19,1,0,0
20141,13,15,1,0,0
20142,21,-3,1,0,0
20143,12,-18,1,0,0
20144,-6,-22,1,0,0
20145,-19,-11,1,0,0
20146,-21,5,1,0,0
20147,-11,17,1,0,0
20148,4,20,1,0,0
20149,15,15,1,0,0
20150,21,3,1,0,0
20151,20,-8,1,0,0
20152,13,-17,1,0,0
20153,5,-21,1,0,0
20154,-4,-22,1,0,0
20155,-11,-19,1,0,0
20156,-16,-14,1,0,0
20157,-19,-9,1,0,0
20158,-21,-5,1,0,0
20159,-21,-1,1,0,0
20160,-21,3,1,0,0
20161,-20,4,1,0,0
20162,-18,4,1,0,0
20163,-14,4,1,0,0
20164,-11,3,1,0,0
20165,-7,1,1,0,0
20166,-3,-1,1,0,0
20167,-1,-1,1,0,0
20168,0,0,1,0,0
20169,1,1,1,0,0
20170,3,1,1,0,0
20171,7,-1,1,0,0
20172,11,-3,1,0,0
20173,14,-4,1,0,0
20174,18,-4,1,0,0
20175,20,-4,1,0,0
20176,21,-3,1,0,0
20177,21,1,1,0,0
20178,21,5,1,0,0
20179,19,9,1,0,0
20180,16,14,1,0,0
20181,11,19,1,0,0
20182,4,22,1,0,0
20183,-5,21,1,0,0
20184,-13,17,1,0,0
20185,-20,8,1,0,0
20186,-21,-3,1,0,0
20187,-15,-15,1,0,0
20188,-4,-20,1,0,0
20189,11,-17,1,0,0
20190,21,-5,1,0,0
20191,19,11,1,0,0
20192,6,22,1,0,0
20193,-12,18,1,0,0
20194,-21,3,1,0,0
20195,-13,-15,1,0,0
20196,7,-19,1,0,0
20197,21,-3,1,0,0
20198,13,17,1,0,0
20199,-9,19,1,0,0
20200,-18,0,1,0,0
20201,-4,-14,1,0,0
20202,9,-5,1,0,0
20203,6,6,1,0,0
20204,-2,4,1,0,0
20205,-1,1,1,0,0
20206,0,0,1,0,0
20207,0,0,1,0,0
20208,-1,-3,1,0,0
20209,7,-5,1,0,0
20210,10,6,1,0,0
20211,-3,15,1,0,0
20212,-17,1,1,0,0
20213,-8,-18,1,0,0
20214,14,-16,1,0,0
20215,22,4,1,0,0
20216,8,20,1,0,0
20217,-12,16,1,0,0
20218,-20,-2,1,0,0
20219,-11,-17,1,0,0
20220,7,-21,1,0,0
20221,20,-10,1,0,0
20222,22,6,1,0,0
20223,12,18,1,0,0
20224,-3,21,1,0,0
20225,-15,15,1,0,0
20226,-20,4,1,0,0
20227,-19,-7,1,0,0
20228,-12,-16,1,0,0
20229,-4,-20,1,0,0
20230,5,-21,1,0,0
20231,12,-18,1,0,0
20232,17,-13,1,0,0
20233,20,-8,1,0,0
20234,22,-4,1,0,0
20235,22,0,1,0,0
20236,22,4,1,0,0
20237,21,5,1,0,0
20238,19,5,1,0,0
20239,15,5,1,0,0
20240,12,4,1,0,0
20241,8,2,1,0,0
20242,4,0,1,0,0
20243,2,0,1,0,0
20244,0,0,1,0,0
20245,0,-2,1,0,0
20246,0,-4,1,0,0
20247,2,-8,1,0,0
20248,4,-12,1,0,0
20249,5,-15,1,0,0
20250,5,-19,1,0,0
20251,5,-21,1,0,0
20252,4,-22,1,0,0
20253,0,-22,1,0,0
20254,-4,-22,1,0,0
20255,-8,-20,1,0,0
20256,-13,-17,1,0,0
20257,-18,-12,1,0,0
20258,-21,-5,1,0,0
20259,-20,4,1,0,0
20260,-16,12,1,0,0
20261,-7,19,1,0,0
20262,4,20,1,0,0
20263,15,15,1,0,0
20264,21,3,1,0,0
20265,18,-12,1,0,0
20266,6,-22,1,0,0
20267,-10,-20,1,0,0
20268,-21,-7,1,0,0
20269,-17,11,1,0,0
20270,-2,20,1,0,0
20271,16,12,1,0,0
20272,20,-8,1,0,0
20273,4,-22,1,0,0
20274,-16,-14,1,0,0
20275,-18,8,1,0,0
20276,1,17,1,0,0
20277,15,3,1,0,0
20278,6,-10,1,0,0
20279,-5,-7,1,0,0
20280,-3,1,1,0,0
20281,0,0,1,0,0
20282,0,0,1,0,0
20283,0,0,1,0,0
20284,0,0,1,0,0
20285,0,0,1,0,0
20286,0,0,1,0,0
20287,0,0,1,0,0
20288,0,0,1,0,0
20289,0,0,1,0,0
20290,0,0,1,0,0
20291,0,0,1,0,0
20292,0,0,1,0,0
20293,0,0,1,0,0
20294,0,0,1,0,0
20295,0,0,1,0,0
20296,0,0,1,0,0
20297,0,0,1,0,0
20298,0,0,1,0,0
20299,0,0,1,0,0
20300,0,0,1,0,0
20301,0,0,1,0,0
20302,0,0,1,0,0
20303,0,0,1,0,0
20304,0,0,1,0,0
20305,0,0,1,0,0
20306,0,0,1,0,0
20307,0,0,1,0,0
20308,0,0,1,0,0
20309,0,0,1,0,0
20310,0,0,1,0,0
20311,0,0,1,0,0
20312,0,0,1,0,0
20313,0,0,1,0,0
20314,0,0,1,0,0
20315,0,0,1,0,0
20316,0,0,1,0,0
20317,0,0,1,0,0
20318,0,0,1,0,0
20319,0,0,1,0,0
20320,0,0,1,0,0
20321,0,0,1,0,0
20322,0,0,1,0,0
20323,0,0,1,0,0
20324,0,0,1,0,0
20325,0,0,1,0,0
20326,0,0,1,0,0
20327,0,0,1,0,0
20328,0,0,1,0,0
20329,0,0,1,0,0
20330,0,0,1,0,0
20331,0,0,1,0,0
20332,0,0,1,0,0
20333,0,0,1,0,0
20334,0,0,1,0,0
20335,0,0,1,0,0
20336,0,0,1,0,0
20337,0,0,1,0,0
20338,0,0,1,0,0
20339,0,0,1,0,0
20340,0,0,1,0,0
20341,0,0,1,0,0
20342,0,0,1,0,0
20343,0,0,1,0,0
20344,0,0,1,0,0
20345,0,0,1,0,0
20346,0,0,1,0,0
20347,0,0,1,0,0
20348,0,0,1,0,0
20349,0,0,1,0,0
20350,0,0,1,0,0
20351,0,0,1,0,0
20352,0,0,1,0,0
20353,1,-1,1,0,0
20354,2,-4,1,0,0
20355,-6,-6,1,0,0
20356,-9,5,1,0,0
20357,4,14,1,0,0
20358,18,0,1,0,0
20359,9,-19,1,0,0
20360,-13,-17,1,0,0
20361,-21,3,1,0,0
20362,-7,19,1,0,0
20363,13,15,1,0,0
20364,21,-3,1,0,0
20365,12,-18,1,0,0
20366,-6,-22,1,0,0
20367,-19,-11,1,0,0
20368,-21,5,1,0,0
20369,-11,17,1,0,0
20370,4,20,1,0,0
20371,15,15,1,0,0
20372,21,3,1,0,0
20373,20,-8,1,0,0
20374,13,-17,1,0,0
20375,5,-21,1,0,0
20376,-4,-22,1,0,0
20377,-11,-19,1,0,0
20378,-16,-14,1,0,0
20379,-19,-9,1,0,0
20380,-21,-5,1,0,0
20381,-21,-1,1,0,0
20382,-21,3,1,0,0
20383,-20,4,1,0,0
20384,-18,4,1,0,0
20385,-14,4,1,0,0
20386,-11,3,1,0,0
20387,-7,1,1,0,0
20388,-3,-1,1,0,0
20389,-1,-1,1,0,0
20390,0,0,1,0,0
20391,1,1,1,0,0
20392,3,1,1,0,0
20393,7,-1,1,0,0
20394,11,-3,1,0,0
20395,14,-4,1,0,0
20396,18,-4,1,0,0
20397,20,-4,1,0,0
20398,21,-3,1,0,0
20399,21,1,1,0,0
20400,21,5,1,0,0
20401,19,9,1,0,0
20402,16,14,1,0,0
20403,11,19,1,0,0
20404,4,22,1,0,0
20405,-5,21,1,0,0
20406,-13,17,1,0,0
20407,-20,8,1,0,0
20408,-21,-3,1,0,0
20409,-15,-15,1,0,0
20410,-4,-20,1,0,0
20411,11,-17,1,0,0
20412,21,-5,1,0,0
20413,19,11,1,0,0
20414,6,22,1,0,0
20415,-12,18,1,0,0
20416,-21,3,1,0,0
20417,-13,-15,1,0,0
20418,7,-19,1,0,0
20419,21,-3,1,0,0
20420,13,17,1,0,0
20421,-9,19,1,0,0
20422,-18,0,1,0,0
20423,-4,-14,1,0,0
20424,9,-5,1,0,0
20425,6,6,1,0,0
20426,-2,4,1,0,0
20427,-1,1,1,0,0
20428,0,0,1,0,0
20429,0,0,1,0,0
20430,-3,1,1,0,0
20431,-5,-7,1,0,0
20432,6,-10,1,0,0
20433,15,3,1,0,0
20434,1,17,1,0,0
20435,-18,8,1,0,0
20436,-16,-14,1,0,0
20437,4,-22,1,0,0
20438,20,-8,1,0,0
20439,16,12,1,0,0
20440,-2,20,1,0,0
20441,-17,11,1,0,0
20442,-21,-7,1,0,0
20443,-10,-20,1,0,0
20444,6,-22,1,0,0
20445,18,-12,1,0,0
20446,21,3,1,0,0
20447,15,15,1,0,0
20448,4,20,1,0,0
20449,-7,19,1,0,0
20450,-16,12,1,0,0
20451,-20,4,1,0,0
20452,-21,-5,1,0,0
20453,-18,-12,1,0,0
20454,-13,-17,1,0,0
20455,-8,-20,1,0,0
20456,-4,-22,1,0,0
20457,0,-22,1,0,0
20458,4,-22,1,0,0
20459,5,-21,1,0,0
20460,5,-19,1,0,0
20461,5,-15,1,0,0
20462,4,-12,1,0,0
20463,2,-8,1,0,0
20464,0,-4,1,0,0
20465,0,-2,1,0,0
20466,0,0,1,0,0
20467,0,-2,1,0,0
20468,0,-4,1,0,0
20469,2,-8,1,0,0
20470,4,-12,1,0,0
20471,5,-15,1,0,0
20472,5,-19,1,0,0
20473,5,-21,1,0,0
20474,4,-22,1,0,0
20475,0,-22,1,0,0
20476,-4,-22,1,0,0
20477,-8,-20,1,0,0
20478,-13,-17,1,0,0
20479,-18,-12,1,0,0
20480,-21,-5,1,0,0
20481,-20,4,1,0,0
20482,-16,12,1,0,0
20483,-7,19,1,0,0
20484,4,20,1,0,0
20485,15,15,1,0,0
20486,21,3,1,0,0
20487,18,-12,1,0,0
20488,6,-22,1,0,0
20489,-10,-20,1,0,0
20490,-21,-7,1,0,0
20491,-17,11,1,0,0
20492,-2,20,1,0,0
20493,16,12,1,0,0
20494,20,-8,1,0,0
20495,4,-22,1,0,0
20496,-16,-14,1,0,0
20497,-18,8,1,0,0
20498,1,17,1,0,0
20499,15,3,1,0,0
20500,6,-10,1,0,0
20501,-5,-7,1,0,0
20502,-3,1,1,0,0
20503,0,0,1,0,0
20504,0,0,1,0,0
20505,0,0,1,0,0
20506,0,0,1,0,0
20507,0,0,1,0,0
20508,0,0,1,0,0
20509,0,0,1,0,0
20510,0,0,1,0,0
20511,0,0,1,0,0
20512,0,0,1,0,0
20513,0,0,1,0,0
20514,0,0,1,0,0
20515,1,1,1,0,0
20516,4,2,1,0,0
20517,6,-6,1,0,0
20518,-5,-9,1,0,0
20519,-14,4,1,0,0
20520,0,18,1,0,0
20521,19,9,1,0,0
20522,17,-13,1,0,0
20523,-3,-21,1,0,0
20524,-19,-7,1,0,0
20525,-15,13,1,0,0
20526,3,21,1,0,0
20527,18,12,1,0,0
20528,22,-6,1,0,0
20529,11,-19,1,0,0
20530,-5,-21,1,0,0
20531,-17,-11,1,0,0
20532,-20,4,1,0,0
20533,-15,15,1,0,0
20534,-3,21,1,0,0
20535,8,20,1,0,0
20536,17,13,1,0,0
20537,21,5,1,0,0
20538,22,-4,1,0,0
20539,19,-11,1,0,0
20540,14,-16,1,0,0
20541,9,-19,1,0,0
20542,5,-21,1,0,0
20543,1,-21,1,0,0
20544,-3,-21,1,0,0
20545,-4,-20,1,0,0
20546,-4,-18,1,0,0
20547,-4,-14,1,0,0
20548,-3,-11,1,0,0
20549,-1,-7,1,0,0
20550,1,-3,1,0,0
20551,1,-1,1,0,0
20552,0,0,1,0,0
20553,-1,1,1,0,0
20554,-1,3,1,0,0
20555,1,7,1,0,0
20556,3,11,1,0,0
20557,4,14,1,0,0
20558,4,18,1,0,0
20559,4,20,1,0,0
20560,3,21,1,0,0
20561,-1,21,1,0,0
20562,-5,21,1,0,0
20563,-9,19,1,0,0
20564,-14,16,1,0,0
20565,-19,11,1,0,0
20566,-22,4,1,0,0
20567,-21,-5,1,0,0
20568,-17,-13,1,0,0
20569,-8,-20,1,0,0
20570,3,-21,1,0,0
20571,15,-15,1,0,0
20572,20,-4,1,0,0
20573,17,11,1,0,0
20574,5,21,1,0,0
20575,-11,19,1,0,0
20576,-22,6,1,0,0
20577,-18,-12,1,0,0
20578,-3,-21,1,0,0
20579,15,-13,1,0,0
20580,19,7,1,0,0
20581,3,21,1,0,0
20582,-17,13,1,0,0
20583,-19,-9,1,0,0
20584,0,-18,1,0,0
20585,14,-4,1,0,0
20586,5,9,1,0,0
20587,-6,6,1,0,0
20588,-4,-2,1,0,0
20589,-1,-1,1,0,0
20590,0,0,1,0,0
20591,0,0,1,0,0
20592,-3,1,1,0,0
20593,-5,-7,1,0,0
20594,6,-10,1,0,0
20595,15,3,1,0,0
20596,1,17,1,0,0
20597,-18,8,1,0,0
20598,-16,-14,1,0,0
20599,4,-22,1,0,0
20600,20,-8,1,0,0
20601,16,12,1,0,0
20602,-2,20,1,0,0
20603,-17,11,1,0,0
20604,-21,-7,1,0,0
20605,-10,-20,1,0,0
20606,6,-22,1,0,0
20607,18,-12,1,0,0
20608,21,3,1,0,0
20609,15,15,1,0,0
20610,4,20,1,0,0
20611,-7,19,1,0,0
20612,-16,12,1,0,0
20613,-20,4,1,0,0
20614,-21,-5,1,0,0
20615,-18,-12,1,0,0
20616,-13,-17,1,0,0
20617,-8,-20,1,0,0
20618,-4,-22,1,0,0
20619,0,-22,1,0,0
20620,4,-22,1,0,0
20621,5,-21,1,0,0
20622,5,-19,1,0,0
20623,5,-15,1,0,0
20624,4,-12,1,0,0
20625,2,-8,1,0,0
20626,0,-4,1,0,0
20627,0,-2,1,0,0
20628,0,0,1,0,0
20629,2,0,1,0,0
20630,4,0,1,0,0
20631,8,2,1,0,0
20632,12,4,1,0,0
20633,15,5,1,0,0
20634,19,5,1,0,0
20635,21,5,1,0,0
20636,22,4,1,0,0
20637,22,0,1,0,0
20638,22,-4,1,0,0
20639,20,-8,1,0,0
20640,17,-13,1,0,0
20641,12,-18,1,0,0
20642,5,-21,1,0,0
20643,-4,-20,1,0,0
20644,-12,-16,1,0,0
20645,-19,-7,1,0,0
20646,-20,4,1,0,0
20647,-15,15,1,0,0
20648,-3,21,1,0,0
20649,12,18,1,0,0
20650,22,6,1,0,0
20651,20,-10,1,0,0
20652,7,-21,1,0,0
20653,-11,-17,1,0,0
20654,-20,-2,1,0,0
20655,-12,16,1,0,0
20656,8,20,1,0,0
20657,22,4,1,0,0
20658,14,-16,1,0,0
20659,-8,-18,1,0,0
20660,-17,1,1,0,0
20661,-3,15,1,0,0
20662,10,6,1,0,0
20663,7,-5,1,0,0
20664,-1,-3,1,0,0
20665,0,0,1,0,0
20666,0,0,1,0,0
20667,0,0,1,0,0
20668,0,0,1,0,0
20669,0,0,1,0,0
20670,0,0,1,0,0
20671,0,0,1,0,0
20672,0,0,1,0,0
20673,0,0,1,0,0
20674,0,0,1,0,0
20675,0,0,1,0,0
20676,0,0,1,0,0
20677,0,0,1,0,0
20678,0,0,1,0,0
20679,0,0,1,0,0
20680,0,0,1,0,0
20681,0,0,1,0,0
20682,0,0,1,0,0
20683,0,0,1,0,0
20684,0,0,1,0,0
20685,0,0,1,0,0
20686,0,0,1,0,0
20687,0,0,1,0,0
20688,0,0,1,0,0
20689,0,0,1,0,0
20690,0,0,1,0,0
20691,0,0,1,0,0
20692,0,0,1,0,0
20693,0,0,1,0,0
20694,0,0,1,0,0
20695,0,0,1,0,0
20696,0,0,1,0,0
20697,0,0,1,0,0
20698,0,0,1,0,0
20699,0,0,1,0,0
20700,0,0,1,0,0
20701,0,0,1,0,0
20702,0,0,1,0,0
20703,0,0,1,0,0
20704,0,0,1,0,0
20705,0,0,1,0,0
20706,0,0,1,0,0
20707,0,0,1,0,0
20708,0,0,1,0,0
20709,0,0,1,0,0
20710,0,0,1,0,0
20711,0,0,1,0,0
20712,0,0,1,0,0
20713,0,0,1,0,0
20714,0,0,1,0,0
20715,0,0,1,0,0
20716,0,0,1,0,0
20717,0,0,1,0,0
20718,0,0,1,0,0
20719,0,0,1,0,0
20720,0,0,1,0,0
20721,0,0,1,0,0
20722,0,0,1,0,0
20723,0,0,1,0,0
20724,0,0,1,0,0
20725,0,0,1,0,0
20726,0,0,1,0,0
20727,0,0,1,0,0
20728,0,0,1,0,0
20729,0,0,1,0,0
20730,0,0,1,0,0
20731,0,0,1,0,0
20732,0,0,1,0,0
20733,0,0,1,0,0
20734,0,0,1,0,0
20735,0,0,1,0,0
20736,0,0,1,0,0
20737,1,1,1,0,0
20738,4,2,1,0,0
20739,6,-6,1,0,0
20740,-5,-9,1,0,0
20741,-14,4,1,0,0
20742,0,18,1,0,0
20743,19,9,1,0,0
20744,17,-13,1,0,0
20745,-3,-21,1,0,0
20746,-19,-7,1,0,0
20747,-15,13,1,0,0
20748,3,21,1,0,0
20749,18,12,1,0,0
20750,22,-6,1,0,0
20751,11,-19,1,0,0
20752,-5,-21,1,0,0
20753,-17,-11,1,0,0
20754,-20,4,1,0,0
20755,-15,15,1,0,0
20756,-3,21,1,0,0
20757,8,20,1,0,0
20758,17,13,1,0,0
20759,21,5,1,0,0
20760,22,-4,1,0,0
20761,19,-11,1,0,0
20762,14,-16,1,0,0
20763,9,-19,1,0,0
20764,5,-21,1,0,0
20765,1,-21,1,0,0
20766,-3,-21,1,0,0
20767,-4,-20,1,0,0
20768,-4,-18,1,0,0
20769,-4,-14,1,0,0
20770,-3,-11,1,0,0
20771,-1,-7,1,0,0
20772,1,-3,1,0,0
20773,1,-1,1,0,0
20774,0,0,1,0,0
20775,-1,1,1,0,0
20776,-1,3,1,0,0
20777,1,7,1,0,0
20778,3,11,1,0,0
20779,4,14,1,0,0
20780,4,18,1,0,0
20781,4,20,1,0,0
20782,3,21,1,0,0
20783,-1,21,1,0,0
20784,-5,21,1,0,0
20785,-9,19,1,0,0
20786,-14,16,1,0,0
20787,-19,11,1,0,0
20788,-22,4,1,0,0
20789,-21,-5,1,0,0
20790,-17,-13,1,0,0
20791,-8,-20,1,0,0
20792,3,-21,1,0,0
20793,15,-15,1,0,0
20794,20,-4,1,0,0
20795,17,11,1,0,0
20796,5,21,1,0,0
20797,-11,19,1,0,0
20798,-22,6,1,0,0
20799,-18,-12,1,0,0
20800,-3,-21,1,0,0
20801,15,-13,1,0,0
20802,19,7,1,0,0
20803,3,21,1,0,0
20804,-17,13,1,0,0
20805,-19,-9,1,0,0
20806,0,-18,1,0,0
20807,14,-4,1,0,0
20808,5,9,1,0,0
20809,-6,6,1,0,0
20810,-4,-2,1,0,0
20811,-1,-1,1,0,0
20812,0,0,1,0,0
20813,0,0,1,0,0
20814,1,3,1,0,0
20815,-7,5,1,0,0
20816,-10,-6,1,0,0
20817,3,-15,1,0,0
20818,17,-1,1,0,0
20819,8,18,1,0,0
20820,-14,16,1,0,0
20821,-22,-4,1,0,0
20822,-8,-20,1,0,0
20823,12,-16,1,0,0
20824,20,2,1,0,0
20825,11,17,1,0,0
20826,-7,21,1,0,0
20827,-20,10,1,0,0
20828,-22,-6,1,0,0
20829,-12,-18,1,0,0
20830,3,-21,1,0,0
20831,15,-15,1,0,0
20832,20,-4,1,0,0
20833,19,7,1,0,0
20834,12,16,1,0,0
20835,4,20,1,0,0
20836,-5,21,1,0,0
20837,-12,18,1,0,0
20838,-17,13,1,0,0
20839,-20,8,1,0,0
20840,-22,4,1,0,0
20841,-22,0,1,0,0
20842,-22,-4,1,0,0
20843,-21,-5,1,0,0
20844,-19,-5,1,0,0
20845,-15,-5,1,0,0
20846,-12,-4,1,0,0
20847,-8,-2,1,0,0
20848,-4,0,1,0,0
20849,-2,0,1,0,0
20850,0,0,1,0,0
20851,0,-2,1,0,0
20852,0,-4,1,0,0
20853,2,-8,1,0,0
20854,4,-12,1,0,0
20855,5,-15,1,0,0
20856,5,-19,1,0,0
20857,5,-21,1,0,0
20858,4,-22,1,0,0
20859,0,-22,1,0,0
20860,-4,-22,1,0,0
20861,-8,-20,1,0,0
20862,-13,-17,1,0,0
20863,-18,-12,1,0,0
20864,-21,-5,1,0,0
20865,-20,4,1,0,0
20866,-16,12,1,0,0
20867,-7,19,1,0,0
20868,4,20,1,0,0
20869,15,15,1,0,0
20870,21,3,1,0,0
20871,18,-12,1,0,0
20872,6,-22,1,0,0
20873,-10,-20,1,0,0
20874,-21,-7,1,0,0
20875,-17,11,1,0,0
20876,-2,20,1,0,0
20877,16,12,1,0,0
20878,20,-8,1,0,0
20879,4,-22,1,0,0
20880,-16,-14,1,0,0
20881,-18,8,1,0,0
20882,1,17,1,0,0
20883,15,3,1,0,0
20884,6,-10,1,0,0
20885,-5,-7,1,0,0
20886,-3,1,1,0,0
20887,0,0,1,0,0
20888,0,0,1,0,0
20889,0,0,1,0,0
20890,0,0,1,0,0
20891,0,0,1,0,0
20892,0,0,1,0,0
20893,0,0,1,0,0
20894,0,0,1,0,0
20895,0,0,1,0,0
20896,0,0,1,0,0
20897,0,0,1,0,0
20898,0,0,1,0,0
20899,-1,1,1,0,0
20900,-2,4,1,0,0
20901,6,6,1,0,0
20902,9,-5,1,0,0
20903,-4,-14,1,0,0
20904,-18,0,1,0,0
20905,-9,19,1,0,0
20906,13,17,1,0,0
20907,21,-3,1,0,0
20908,7,-19,1,0,0
20909,-13,-15,1,0,0
20910,-21,3,1,0,0
20911,-12,18,1,0,0
20912,6,22,1,0,0
20913,19,11,1,0,0
20914,21,-5,1,0,0
20915,11,-17,1,0,0
20916,-4,-20,1,0,0
20917,-15,-15,1,0,0
20918,-21,-3,1,0,0
20919,-20,8,1,0,0
20920,-13,17,1,0,0
20921,-5,21,1,0,0
20922,4,22,1,0,0
20923,11,19,1,0,0
20924,16,14,1,0,0
20925,19,9,1,0,0
20926,21,5,1,0,0
20927,21,1,1,0,0
20928,21,-3,1,0,0
20929,20,-4,1,0,0
20930,18,-4,1,0,0
20931,14,-4,1,0,0
20932,11,-3,1,0,0
20933,7,-1,1,0,0
20934,3,1,1,0,0
20935,1,1,1,0,0
20936,0,0,1,0,0
20937,-1,-1,1,0,0
20938,-3,-1,1,0,0
20939,-7,1,1,0,0
20940,-11,3,1,0,0
20941,-14,4,1,0,0
20942,-18,4,1,0,0
20943,-20,4,1,0,0
20944,-21,3,1,0,0
20945,-21,-1,1,0,0
20946,-21,-5,1,0,0
20947,-19,-9,1,0,0
20948,-16,-14,1,0,0
20949,-11,-19,1,0,0
20950,-4,-22,1,0,0
20951,5,-21,1,0,0
20952,13,-17,1,0,0
20953,20,-8,1,0,0
20954,21,3,1,0,0
20955,15,15,1,0,0
20956,4,20,1,0,0
20957,-11,17,1,0,0
20958,-21,5,1,0,0
20959,-19,-11,1,0,0
20960,-6,-22,1,0,0
20961,12,-18,1,0,0
20962,21,-3,1,0,0
20963,13,15,1,0,0
20964,-7,19,1,0,0
20965,-21,3,1,0,0
20966,-13,-17,1,0,0
20967,9,-19,1,0,0
20968,18,0,1,0,0
20969,4,14,1,0,0
20970,-9,5,1,0,0
20971,-6,-6,1,0,0
20972,2,-4,1,0,0
20973,1,-1,1,0,0
20974,0,0,1,0,0
20975,0,0,1,0,0
20976,-1,-3,1,0,0
20977,7,-5,1,0,0
20978,10,6,1,0,0
20979,-3,15,1,0,0
20980,-17,1,1,0,0
20981,-8,-18,1,0,0
20982,14,-16,1,0,0
20983,22,4,1,0,0
20984,8,20,1,0,0
20985,-12,16,1,0,0
20986,-20,-2,1,0,0
20987,-11,-17,1,0,0
20988,7,-21,1,0,0
20989,20,-10,1,0,0
20990,22,6,1,0,0
20991,12,18,1,0,0
20992,-3,21,1,0,0
20993,-15,15,1,0,0
20994,-20,4,1,0,0
20995,-19,-7,1,0,0
20996,-12,-16,1,0,0
20997,-4,-20,1,0,0
20998,5,-21,1,0,0
20999,12,-18,1,0,0
21000,17,-13,1,0,0
21001,20,-8,1,0,0
21002,22,-4,1,0,0
21003,22,0,1,0,0
21004,22,4,1,0,0
21005,21,5,1,0,0
21006,19,5,1,0,0
21007,15,5,1,0,0
21008,12,4,1,0,0
21009,8,2,1,0,0
21010,4,0,1,0,0
21011,2,0,1,0,0
21012,0,0,1,0,0
21013,2,0,1,0,0
21014,4,0,1,0,0
21015,8,2,1,0,0
21016,12,4,1,0,0
21017,15,5,1,0,0
21018,19,5,1,0,0
21019,21,5,1,0,0
21020,22,4,1,0,0
21021,22,0,1,0,0
21022,22,-4,1,0,0
21023,20,-8,1,0,0
21024,17,-13,1,0,0
21025,12,-18,1,0,0
21026,5,-21,1,0,0
21027,-4,-20,1,0,0
21028,-12,-16,1,0,0
21029,-19,-7,1,0,0
21030,-20,4,1,0,0
21031,-15,15,1,0,0
21032,-3,21,1,0,0
21033,12,18,1,0,0
21034,22,6,1,0,0
21035,20,-10,1,0,0
21036,7,-21,1,0,0
21037,-11,-17,1,0,0
21038,-20,-2,1,0,0
21039,-12,16,1,0,0
21040,8,20,1,0,0
21041,22,4,1,0,0
21042,14,-16,1,0,0
21043,-8,-18,1,0,0
21044,-17,1,1,0,0
21045,-3,15,1,0,0
21046,10,6,1,0,0
21047,7,-5,1,0,0
21048,-1,-3,1,0,0
21049,0,0,1,0,0
21050,0,0,1,0,0
21051,0,0,1,0,0
21052,0,0,1,0,0
21053,0,0,1,0,0
21054,0,0,1,0,0
21055,0,0,1,0,0
21056,0,0,1,0,0
21057,0,0,1,0,0
21058,0,0,1,0,0
21059,0,0,1,0,0
21060,0,0,1,0,0
21061,0,0,1,0,0
21062,0,0,1,0,0
21063,0,0,1,0,0
21064,0,0,1,0,0
21065,0,0,1,0,0
21066,0,0,1,0,0
21067,0,0,1,0,0
21068,0,0,1,0,0
21069,0,0,1,0,0
21070,0,0,1,0,0
21071,0,0,1,0,0
21072,0,0,1,0,0
21073,0,0,1,0,0
21074,0,0,1,0,0
21075,0,0,1,0,0
21076,0,0,1,0,0
21077,0,0,1,0,0
21078,0,0,1,0,0
21079,0,0,1,0,0
21080,0,0,1,0,0
21081,0,0,1,0,0
21082,0,0,1,0,0
21083,0,0,1,0,0
21084,0,0,1,0,0
21085,0,0,1,0,0
21086,0,0,1,0,0
21087,0,0,1,0,0
21088,0,0,1,0,0
21089,0,0,1,0,0
21090,0,0,1,0,0
21091,0,0,1,0,0
21092,0,0,1,0,0
21093,0,0,1,0,0
21094,0,0,1,0,0
21095,0,0,1,0,0
21096,0,0,1,0,0
21097,0,0,1,0,0
21098,0,0,1,0,0
21099,0,0,1,0,0
21100,0,0,1,0,0
21101,0,0,1,0,0
21102,0,0,1,0,0
21103,0,0,1,0,0
21104,0,0,1,0,0
21105,0,0,1,0,0
21106,0,0,1,0,0
21107,0,0,1,0,0
21108,0,0,1,0,0
21109,0,0,1,0,0
21110,0,0,1,0,0
21111,0,0,1,0,0
21112,0,0,1,0,0
21113,0,0,1,0,0
21114,0,0,1,0,0
21115,0,0,1,0,0
21116,0,0,1,0,0
21117,0,0,1,0,0
21118,0,0,1,0,0
21119,0,0,1,0,0
21120,0,0,1,0,0
21121,-1,-1,1,0,0
21122,-4,-2,1,0,0
21123,-6,6,1,0,0
21124,5,9,1,0,0
21125,14,-4,1,0,0
21126,0,-18,1,0,0
21127,-19,-9,1,0,0
21128,-17,13,1,0,0
21129,3,21,1,0,0
21130,19,7,1,0,0
21131,15,-13,1,0,0
21132,-3,-21,1,0,0
21133,-18,-12,1,0,0
21134,-22,6,1,0,0
21135,-11,19,1,0,0
21136,5,21,1,0,0
21137,17,11,1,0,0
21138,20,-4,1,0,0
21139,15,-15,1,0,0
21140,3,-21,1,0,0
21141,-8,-20,1,0,0
21142,-17,-13,1,0,0
21143,-21,-5,1,0,0
21144,-22,4,1,0,0
21145,-19,11,1,0,0
21146,-14,16,1,0,0
21147,-9,19,1,0,0
21148,-5,21,1,0,0
21149,-1,21,1,0,0
21150,3,21,1,0,0
21151,4,20,1,0,0
21152,4,18,1,0,0
21153,4,14,1,0,0
21154,3,11,1,0,0
21155,1,7,1,0,0
21156,-1,3,1,0,0
21157,-1,1,1,0,0
21158,0,0,1,0,0
21159,1,-1,1,0,0
21160,1,-3,1,0,0
21161,-1,-7,1,0,0
21162,-3,-11,1,0,0
21163,-4,-14,1,0,0
21164,-4,-18,1,0,0
21165,-4,-20,1,0,0
21166,-3,-21,1,0,0
21167,1,-21,1,0,0
21168,5,-21,1,0,0
21169,9,-19,1,0,0
21170,14,-16,1,0,0
21171,19,-11,1,0,0
21172,22,-4,1,0,0
21173,21,5,1,0,0
21174,17,13,1,0,0
21175,8,20,1,0,0
21176,-3,21,1,0,0
21177,-15,15,1,0,0
21178,-20,4,1,0,0
21179,-17,-11,1,0,0
21180,-5,-21,1,0,0
21181,11,-19,1,0,0
21182,22,-6,1,0,0
21183,18,12,1,0,0
21184,3,21,1,0,0
21185,-15,13,1,0,0
21186,-19,-7,1,0,0
21187,-3,-21,1,0,0
21188,17,-13,1,0,0
21189,19,9,1,0,0
21190,0,18,1,0,0
21191,-14,4,1,0,0
21192,-5,-9,1,0,0
21193,6,-6,1,0,0
21194,4,2,1,0,0
21195,1,1,1,0,0
21196,0,0,1,0,0
21197,0,0,1,0,0
21198,3,-1,1,0,0
21199,5,7,1,0,0
21200,-6,10,1,0,0
21201,-15,-3,1,0,0
21202,-1,-17,1,0,0
21203,18,-8,1,0,0
21204,16,14,1,0,0
21205,-4,22,1,0,0
21206,-20,8,1,0,0
21207,-16,-12,1,0,0
21208,2,-20,1,0,0
21209,17,-11,1,0,0
21210,21,7,1,0,0
21211,10,20,1,0,0
21212,-6,22,1,0,0
21213,-18,12,1,0,0
21214,-21,-3,1,0,0
21215,-15,-15,1,0,0
21216,-4,-20,1,0,0
21217,7,-19,1,0,0
21218,16,-12,1,0,0
21219,20,-4,1,0,0
21220,21,5,1,0,0
21221,18,12,1,0,0
21222,13,17,1,0,0
21223,8,20,1,0,0
21224,4,22,1,0,0
21225,0,22,1,0,0
21226,-4,22,1,0,0
21227,-5,21,1,0,0
21228,-5,19,1,0,0
21229,-5,15,1,0,0
21230,-4,12,1,0,0
21231,-2,8,1,0,0
21232,0,4,1,0,0
21233,0,2,1,0,0
21234,0,0,1,0,0
21235,2,0,1,0,0
21236,4,0,1,0,0
21237,8,2,1,0,0
21238,12,4,1,0,0
21239,15,5,1,0,0
21240,19,5,1,0,0
21241,21,5,1,0,0
21242,22,4,1,0,0
21243,22,0,1,0,0
21244,22,-4,1,0,0
21245,20,-8,1,0,0
21246,17,-13,1,0,0
21247,12,-18,1,0,0
21248,5,-21,1,0,0
21249,-4,-20,1,0,0
21250,-12,-16,1,0,0
21251,-19,-7,1,0,0
21252,-20,4,1,0,0
21253,-15,15,1,0,0
21254,-3,21,1,0,0
21255,12,18,1,0,0
21256,22,6,1,0,0
21257,20,-10,1,0,0
21258,7,-21,1,0,0
21259,-11,-17,1,0,0
21260,-20,-2,1,0,0
21261,-12,16,1,0,0
21262,8,20,1,0,0
21263,22,4,1,0,0
21264,14,-16,1,0,0
21265,-8,-18,1,0,0
21266,-17,1,1,0,0
21267,-3,15,1,0,0
21268,10,6,1,0,0
21269,7,-5,1,0,0
21270,-1,-3,1,0,0
21271,0,0,1,0,0
21272,0,0,1,0,0
21273,0,0,1,0,0
21274,0,0,1,0,0
21275,0,0,1,0,0
21276,0,0,1,0,0
21277,0,0,1,0,0
21278,0,0,1,0,0
21279,0,0,1,0,0
21280,0,0,1,0,0
21281,0,0,1,0,0
21282,0,0,1,0,0
21283,1,-1,1,0,0
21284,2,-4,1,0,0
21285,-6,-6,1,0,0
21286,-9,5,1,0,0
21287,4,14,1,0,0
21288,18,0,1,0,0
21289,9,-19,1,0,0
21290,-13,-17,1,0,0
21291,-21,3,1,0,0
21292,-7,19,1,0,0
21293,13,15,1,0,0
21294,21,-3,1,0,0
21295,12,-18,1,0,0
21296,-6,-22,1,0,0
21297,-19,-11,1,0,0
21298,-21,5,1,0,0
21299,-11,17,1,0,0
21300,4,20,1,0,0
21301,15,15,1,0,0
21302,21,3,1,0,0
21303,20,-8,1,0,0
21304,13,-17,1,0,0
21305,5,-21,1,0,0
21306,-4,-22,1,0,0
21307,-11,-19,1,0,0
21308,-16,-14,1,0,0
21309,-19,-9,1,0,0
21310,-21,-5,1,0,0
21311,-21,-1,1,0,0
21312,-21,3,1,0,0
21313,-20,4,1,0,0
21314,-18,4,1,0,0
21315,-14,4,1,0,0
21316,-11,3,1,0,0
21317,-7,1,1,0,0
21318,-3,-1,1,0,0
21319,-1,-1,1,0,0
21320,0,0,1,0,0
21321,1,1,1,0,0
21322,3,1,1,0,0
21323,7,-1,1,0,0
21324,11,-3,1,0,0
21325,14,-4,1,0,0
21326,18,-4,1,0,0
21327,20,-4,1,0,0
21328,21,-3,1,0,0
21329,21,1,1,0,0
21330,21,5,1,0,0
21331,19,9,1,0,0
21332,16,14,1,0,0
21333,11,19,1,0,0
21334,4,22,1,0,0
21335,-5,21,1,0,0
21336,-13,17,1,0,0
21337,-20,8,1,0,0
21338,-21,-3,1,0,0
21339,-15,-15,1,0,0
21340,-4,-20,1,0,0
21341,11,-17,1,0,0
21342,21,-5,1,0,0
21343,19,11,1,0,0
21344,6,22,1,0,0
21345,-12,18,1,0,0
21346,-21,3,1,0,0
21347,-13,-15,1,0,0
21348,7,-19,1,0,0
21349,21,-3,1,0,0
21350,13,17,1,0,0
21351,-9,19,1,0,0
21352,-18,0,1,0,0
21353,-4,-14,1,0,0
21354,9,-5,1,0,0
21355,6,6,1,0,0
21356,-2,4,1,0,0
21357,-1,1,1,0,0
21358,0,0,1,0,0
21359,0,0,1,0,0
21360,-3,1,1,0,0
21361,-5,-7,1,0,0
21362,6,-10,1,0,0
21363,15,3,1,0,0
21364,1,17,1,0,0
21365,-18,8,1,0,0
21366,-16,-14,1,0,0
21367,4,-22,1,0,0
21368,20,-8,1,0,0
21369,16,12,1,0,0
21370,-2,20,1,0,0
21371,-17,11,1,0,0
21372,-21,-7,1,0,0
21373,-10,-20,1,0,0
21374,6,-22,1,0,0
21375,18,-12,1,0,0
21376,21,3,1,0,0
21377,15,15,1,0,0
21378,4,20,1,0,0
21379,-7,19,1,0,0
21380,-16,12,1,0,0
21381,-20,4,1,0,0
21382,-21,-5,1,0,0
21383,-18,-12,1,0,0
21384,-13,-17,1,0,0
21385,-8,-20,1,0,0
21386,-4,-22,1,0,0
21387,0,-22,1,0,0
21388,4,-22,1,0,0
21389,5,-21,1,0,0
21390,5,-19,1,0,0
21391,5,-15,1,0,0
21392,4,-12,1,0,0
21393,2,-8,1,0,0
21394,0,-4,1,0,0
21395,0,-2,1,0,0
21396,0,0,1,0,0
21397,0,-2,1,0,0
21398,0,-4,1,0,0
21399,2,-8,1,0,0
21400,4,-12,1,0,0
21401,5,-15,1,0,0
21402,5,-19,1,0,0
21403,5,-21,1,0,0
21404,4,-22,1,0,0
21405,0,-22,1,0,0
21406,-4,-22,1,0,0
21407,-8,-20,1,0,0
21408,-13,-17,1,0,0
21409,-18,-12,1,0,0
21410,-21,-5,1,0,0
21411,-20,4,1,0,0
21412,-16,12,1,0,0
21413,-7,19,1,0,0
21414,4,20,1,0,0
21415,15,15,1,0,0
21416,21,3,1,0,0
21417,18,-12,1,0,0
21418,6,-22,1,0,0
21419,-10,-20,1,0,0
21420,-21,-7,1,0,0
21421,-17,11,1,0,0
21422,-2,20,1,0,0
21423,16,12,1,0,0
21424,20,-8,1,0,0
21425,4,-22,1,0,0
21426,-16,-14,1,0,0
21427,-18,8,1,0,0
21428,1,17,1,0,0
21429,15,3,1,0,0
21430,6,-10,1,0,0
21431,-5,-7,1,0,0
21432,-3,1,1,0,0
21433,0,0,1,0,0
21434,0,0,1,0,0
21435,0,0,1,0,0
21436,0,0,1,0,0
21437,0,0,1,0,0
21438,0,0,1,0,0
21439,0,0,1,0,0
21440,0,0,1,0,0
21441,0,0,1,0,0
21442,0,0,1,0,0
21443,0,0,1,0,0
21444,0,0,1,0,0
21445,0,0,1,0,0
21446,0,0,1,0,0
21447,0,0,1,0,0
21448,0,0,1,0,0
21449,0,0,1,0,0
21450,0,0,1,0,0
21451,0,0,1,0,0
21452,0,0,1,0,0
21453,0,0,1,0,0
21454,0,0,1,0,0
21455,0,0,1,0,0
21456,0,0,1,0,0
21457,0,0,1,0,0
21458,0,0,1,0,0
21459,0,0,1,0,0
21460,0,0,1,0,0
21461,0,0,1,0,0
21462,0,0,1,0,0
21463,0,0,1,0,0
21464,0,0,1,0,0
21465,0,0,1,0,0
21466,0,0,1,0,0
21467,0,0,1,0,0
21468,0,0,1,0,0
21469,0,0,1,0,0
21470,0,0,1,0,0
21471,0,0,1,0,0
21472,0,0,1,0,0
21473,0,0,1,0,0
21474,0,0,1,0,0
21475,0,0,1,0,0
21476,0,0,1,0,0
21477,0,0,1,0,0
21478,0,0,1,0,0
21479,0,0,1,0,0
21480,0,0,1,0,0
21481,0,0,1,0,0
21482,0,0,1,0,0
21483,0,0,1,0,0
21484,0,0,1,0,0
21485,0,0,1,0,0
21486,0,0,1,0,0
21487,0,0,1,0,0
21488,0,0,1,0,0
21489,0,0,1,0,0
21490,0,0,1,0,0
21491,0,0,1,0,0
21492,0,0,1,0,0
21493,0,0,1,0,0
21494,0,0,1,0,0
21495,0,0,1,0,0
21496,0,0,1,0,0
21497,0,0,1,0,0
21498,0,0,1,0,0
21499,0,0,1,0,0
21500,0,0,1,0,0
21501,0,0,1,0,0
21502,0,0,1,0,0
21503,0,0,1,0,0
21504,0,0,1,0,0
21505,1,-1,1,0,0
21506,2,-4,1,0,0
21507,-6,-6,1,0,0
21508,-9,5,1,0,0
21509,4,14,1,0,0
21510,18,0,1,0,0
21511,9,-19,1,0,0
21512,-13,-17,1,0,0
21513,-21,3,1,0,0
21514,-7,19,1,0,0
21515,13,15,1,0,0
21516,21,-3,1,0,0
21517,12,-18,1,0,0
21518,-6,-22,1,0,0
21519,-19,-11,1,0,0
21520,-21,5,1,0,0
21521,-11,17,1,0,0
21522,4,20,1,0,0
21523,15,15,1,0,0
21524,21,3,1,0,0
21525,20,-8,1,0,0
21526,13,-17,1,0,0
21527,5,-21,1,0,0
21528,-4,-22,1,0,0
21529,-11,-19,1,0,0
21530,-16,-14,1,0,0
21531,-19,-9,1,0,0
21532,-21,-5,1,0,0
21533,-21,-1,1,0,0
21534,-21,3,1,0,0
21535,-20,4,1,0,0
21536,-18,4,1,0,0
21537,-14,4,1,0,0
21538,-11,3,1,0,0
21539,-7,1,1,0,0
21540,-3,-1,1,0,0
21541,-1,-1,1,0,0
21542,0,0,1,0,0
21543,1,1,1,0,0
21544,3,1,1,0,0
21545,7,-1,1,0,0
21546,11,-3,1,0,0
21547,14,-4,1,0,0
21548,18,-4,1,0,0
21549,20,-4,1,0,0
21550,21,-3,1,0,0
21551,21,1,1,0,0
21552,21,5,1,0,0
21553,19,9,1,0,0
21554,16,14,1,0,0
21555,11,19,1,0,0
21556,4,22,1,0,0
21557,-5,21,1,0,0
21558,-13,17,1,0,0
21559,-20,8,1,0,0
21560,-21,-3,1,0,0
21561,-15,-15,1,0,0
21562,-4,-20,1,0,0
21563,11,-17,1,0,0
21564,21,-5,1,0,0
21565,19,11,1,0,0
21566,6,22,1,0,0
21567,-12,18,1,0,0
21568,-21,3,1,0,0
21569,-13,-15,1,0,0
21570,7,-19,1,0,0
21571,21,-3,1,0,0
21572,13,17,1,0,0
21573,-9,19,1,0,0
21574,-18,0,1,0,0
21575,-4,-14,1,0,0
21576,9,-5,1,0,0
21577,6,6,1,0,0
21578,-2,4,1,0,0
21579,-1,1,1,0,0
21580,0,0,1,0,0
21581,0,0,1,0,0
21582,1,3,1,0,0
21583,-7,5,1,0,0
21584,-10,-6,1,0,0
21585,3,-15,1,0,0
21586,17,-1,1,0,0
21587,8,18,1,0,0
21588,-14,16,1,0,0
21589,-22,-4,1,0,0
21590,-8,-20,1,0,0
21591,12,-16,1,0,0
21592,20,2,1,0,0
21593,11,17,1,0,0
21594,-7,21,1,0,0
21595,-20,10,1,0,0
21596,-22,-6,1,0,0
21597,-12,-18,1,0,0
21598,3,-21,1,0,0
21599,15,-15,1,0,0
21600,20,-4,1,0,0
21601,19,7,1,0,0
21602,12,16,1,0,0
21603,4,20,1,0,0
21604,-5,21,1,0,0
21605,-12,18,1,0,0
21606,-17,13,1,0,0
21607,-20,8,1,0,0
21608,-22,4,1,0,0
21609,-22,0,1,0,0
21610,-22,-4,1,0,0
21611,-21,-5,1,0,0
21612,-19,-5,1,0,0
21613,-15,-5,1,0,0
21614,-12,-4,1,0,0
21615,-8,-2,1,0,0
21616,-4,0,1,0,0
21617,-2,0,1,0,0
21618,0,0,1,0,0
21619,0,2,1,0,0
21620,0,4,1,0,0
21621,-2,8,1,0,0
21622,-4,12,1,0,0
21623,-5,15,1,0,0
21624,-5,19,1,0,0
21625,-5,21,1,0,0
21626,-4,22,1,0,0
21627,0,22,1,0,0
21628,4,22,1,0,0
21629,8,20,1,0,0
21630,13,17,1,0,0
21631,18,12,1,0,0
21632,21,5,1,0,0
21633,20,-4,1,0,0
21634,16,-12,1,0,0
21635,7,-19,1,0,0
21636,-4,-20,1,0,0
21637,-15,-15,1,0,0
21638,-21,-3,1,0,0
21639,-18,12,1,0,0
21640,-6,22,1,0,0
21641,10,20,1,0,0
21642,21,7,1,0,0
21643,17,-11,1,0,0
21644,2,-20,1,0,0
21645,-16,-12,1,0,0
21646,-20,8,1,0,0
21647,-4,22,1,0,0
21648,16,14,1,0,0
21649,18,-8,1,0,0
21650,-1,-17,1,0,0
21651,-15,-3,1,0,0
21652,-6,10,1,0,0
21653,5,7,1,0,0
21654,3,-1,1,0,0
21655,0,0,1,0,0
21656,0,0,1,0,0
21657,0,0,1,0,0
21658,0,0,1,0,0
21659,0,0,1,0,0
21660,0,0,1,0,0
21661,0,0,1,0,0
21662,0,0,1,0,0
21663,0,0,1,0,0
21664,0,0,1,0,0
21665,0,0,1,0,0
21666,0,0,1,0,0
21667,-1,-1,1,0,0
21668,-4,-2,1,0,0
21669,-6,6,1,0,0
21670,5,9,1,0,0
21671,14,-4,1,0,0
21672,0,-18,1,0,0
21673,-19,-9,1,0,0
21674,-17,13,1,0,0
21675,3,21,1,0,0
21676,19,7,1,0,0
21677,15,-13,1,0,0
21678,-3,-21,1,0,0
21679,-18,-12,1,0,0
21680,-22,6,1,0,0
21681,-11,19,1,0,0
21682,5,21,1,0,0
21683,17,11,1,0,0
21684,20,-4,1,0,0
21685,15,-15,1,0,0
21686,3,-21,1,0,0
21687,-8,-20,1,0,0
21688,-17,-13,1,0,0
21689,-21,-5,1,0,0
21690,-22,4,1,0,0
21691,-19,11,1,0,0
21692,-14,16,1,0,0
21693,-9,19,1,0,0
21694,-5,21,1,0,0
21695,-1,21,1,0,0
21696,3,21,1,0,0
21697,4,20,1,0,0
21698,4,18,1,0,0
21699,4,14,1,0,0
21700,3,11,1,0,0
21701,1,7,1,0,0
21702,-1,3,1,0,0
21703,-1,1,1,0,0
21704,0,0,1,0,0
21705,1,-1,1,0,0
21706,1,-3,1,0,0
21707,-1,-7,1,0,0
21708,-3,-11,1,0,0
21709,-4,-14,1,0,0
21710,-4,-18,1,0,0
21711,-4,-20,1,0,0
21712,-3,-21,1,0,0
21713,1,-21,1,0,0
21714,5,-21,1,0,0
21715,9,-19,1,0,0
21716,14,-16,1,0,0
21717,19,-11,1,0,0
21718,22,-4,1,0,0
21719,21,5,1,0,0
21720,17,13,1,0,0
21721,8,20,1,0,0
21722,-3,21,1,0,0
21723,-15,15,1,0,0
21724,-20,4,1,0,0
21725,-17,-11,1,0,0
21726,-5,-21,1,0,0
21727,11,-19,1,0,0
21728,22,-6,1,0,0
21729,18,12,1,0,0
21730,3,21,1,0,0
21731,-15,13,1,0,0
21732,-19,-7,1,0,0
21733,-3,-21,1,0,0
21734,17,-13,1,0,0
21735,19,9,1,0,0
21736,0,18,1,0,0
21737,-14,4,1,0,0
21738,-5,-9,1,0,0
21739,6,-6,1,0,0
21740,4,2,1,0,0
21741,1,1,1,0,0
21742,0,0,1,0,0
21743,0,0,1,0,0
21744,-1,-3,1,0,0
21745,7,-5,1,0,0
21746,10,6,1,0,0
21747,-3,15,1,0,0
21748,-17,1,1,0,0
21749,-8,-18,1,0,0
21750,14,-16,1,0,0
21751,22,4,1,0,0
21752,8,20,1,0,0
21753,-12,16,1,0,0
21754,-20,-2,1,0,0
21755,-11,-17,1,0,0
21756,7,-21,1,0,0
21757,20,-10,1,0,0
21758,22,6,1,0,0
21759,12,18,1,0,0
21760,-3,21,1,0,0
21761,-15,15,1,0,0
21762,-20,4,1,0,0
21763,-19,-7,1,0,0
21764,-12,-16,1,0,0
21765,-4,-20,1,0,0
21766,5,-21,1,0,0
21767,12,-18,1,0,0
21768,17,-13,1,0,0
21769,20,-8,1,0,0
21770,22,-4,1,0,0
21771,22,0,1,0,0
21772,22,4,1,0,0
21773,21,5,1,0,0
21774,19,5,1,0,0
21775,15,5,1,0,0
21776,12,4,1,0,0
21777,8,2,1,0,0
21778,4,0,1,0,0
21779,2,0,1,0,0
21780,0,0,1,0,0
21781,-2,0,1,0,0
21782,-4,0,1,0,0
21783,-8,-2,1,0,0
21784,-12,-4,1,0,0
21785,-15,-5,1,0,0
21786,-19,-5,1,0,0
21787,-21,-5,1,0,0
21788,-22,-4,1,0,0
21789,-22,0,1,0,0
21790,-22,4,1,0,0
21791,-20,8,1,0,0
21792,-17,13,1,0,0
21793,-12,18,1,0,0
21794,-5,21,1,0,0
21795,4,20,1,0,0
21796,12,16,1,0,0
21797,19,7,1,0,0
21798,20,-4,1,0,0
21799,15,-15,1,0,0
21800,3,-21,1,0,0
21801,-12,-18,1,0,0
21802,-22,-6,1,0,0
21803,-20,10,1,0,0
21804,-7,21,1,0,0
21805,11,17,1,0,0
21806,20,2,1,0,0
21807,12,-16,1,0,0
21808,-8,-20,1,0,0
21809,-22,-4,1,0,0
21810,-14,16,1,0,0
21811,8,18,1,0,0
21812,17,-1,1,0,0
21813,3,-15,1,0,0
21814,-10,-6,1,0,0
21815,-7,5,1,0,0
21816,1,3,1,0,0
21817,0,0,1,0,0
21818,0,0,1,0,0
21819,0,0,1,0,0
21820,0,0,1,0,0
21821,0,0,1,0,0
21822,0,0,1,0,0
21823,0,0,1,0,0
21824,0,0,1,0,0
21825,0,0,1,0,0
21826,0,0,1,0,0
21827,0,0,1,0,0
21828,0,0,1,0,0
21829,0,0,1,0,0
21830,0,0,1,0,0
21831,0,0,1,0,0
21832,0,0,1,0,0
21833,0,0,1,0,0
21834,0,0,1,0,0
21835,0,0,1,0,0
21836,0,0,1,0,0
21837,0,0,1,0,0
21838,0,0,1,0,0
21839,0,0,1,0,0
21840,0,0,1,0,0
21841,0,0,1,0,0
21842,0,0,1,0,0
21843,0,0,1,0,0
21844,0,0,1,0,0
21845,0,0,1,0,0
21846,0,0,1,0,0
21847,0,0,1,0,0
21848,0,0,1,0,0
21849,0,0,1,0,0
21850,0,0,1,0,0
21851,0,0,1,0,0
21852,0,0,1,0,0
21853,0,0,1,0,0
21854,0,0,1,0,0
21855,0,0,1,0,0
21856,0,0,1,0,0
21857,0,0,1,0,0
21858,0,0,1,0,0
21859,0,0,1,0,0
21860,0,0,1,0,0
21861,0,0,1,0,0
21862,0,0,1,0,0
21863,0,0,1,0,0
21864,0,0,1,0,0
21865,0,0,1,0,0
21866,0,0,1,0,0
21867,0,0,1,0,0
21868,0,0,1,0,0
21869,0,0,1,0,0
21870,0,0,1,0,0
21871,0,0,1,0,0
21872,0,0,1,0,0
21873,0,0,1,0,0
21874,0,0,1,0,0
21875,0,0,1,0,0
21876,0,0,1,0,0
21877,0,0,1,0,0
21878,0,0,1,0,0
21879,0,0,1,0,0
21880,0,0,1,0,0
21881,0,0,1,0,0
21882,0,0,1,0,0
21883,0,0,1,0,0
21884,0,0,1,0,0
21885,0,0,1,0,0
21886,0,0,1,0,0
21887,0,0,1,0,0
21888,0,0,1,0,0
21889,-1,1,1,0,0
21890,-2,4,1,0,0
21891,6,6,1,0,0
21892,9,-5,1,0,0
21893,-4,-14,1,0,0
21894,-18,0,1,0,0
21895,-9,19,1,0,0
21896,13,17,1,0,0
21897,21,-3,1,0,0
21898,7,-19,1,0,0
21899,-13,-15,1,0,0
21900,-21,3,1,0,0
21901,-12,18,1,0,0
21902,6,22,1,0,0
21903,19,11,1,0,0
21904,21,-5,1,0,0
21905,11,-17,1,0,0
21906,-4,-20,1,0,0
21907,-15,-15,1,0,0
21908,-21,-3,1,0,0
21909,-20,8,1,0,0
21910,-13,17,1,0,0
21911,-5,21,1,0,0
21912,4,22,1,0,0
21913,11,19,1,0,0
21914,16,14,1,0,0
21915,19,9,1,0,0
21916,21,5,1,0,0
21917,21,1,1,0,0
21918,21,-3,1,0,0
21919,20,-4,1,0,0
21920,18,-4,1,0,0
21921,14,-4,1,0,0
21922,11,-3,1,0,0
21923,7,-1,1,0,0
21924,3,1,1,0,0
21925,1,1,1,0,0
21926,0,0,1,0,0
21927,-1,-1,1,0,0
21928,-3,-1,1,0,0
21929,-7,1,1,0,0
21930,-11,3,1,0,0
21931,-14,4,1,0,0
21932,-18,4,1,0,0
21933,-20,4,1,0,0
21934,-21,3,1,0,0
21935,-21,-1,1,0,0
21936,-21,-5,1,0,0
21937,-19,-9,1,0,0
21938,-16,-14,1,0,0
21939,-11,-19,1,0,0
21940,-4,-22,1,0,0
21941,5,-21,1,0,0
21942,13,-17,1,0,0
21943,20,-8,1,0,0
21944,21,3,1,0,0
21945,15,15,1,0,0
21946,4,20,1,0,0
21947,-11,17,1,0,0
21948,-21,5,1,0,0
21949,-19,-11,1,0,0
21950,-6,-22,1,0,0
21951,12,-18,1,0,0
21952,21,-3,1,0,0
21953,13,15,1,0,0
21954,-7,19,1,0,0
21955,-21,3,1,0,0
21956,-13,-17,1,0,0
21957,9,-19,1,0,0
21958,18,0,1,0,0
21959,4,14,1,0,0
21960,-9,5,1,0,0
21961,-6,-6,1,0,0
21962,2,-4,1,0,0
21963,1,-1,1,0,0
21964,0,0,1,0,0
21965,0,0,1,0,0
21966,3,-1,1,0,0
21967,5,7,1,0,0
21968,-6,10,1,0,0
21969,-15,-3,1,0,0
21970,-1,-17,1,0,0
21971,18,-8,1,0,0
21972,16,14,1,0,0
21973,-4,22,1,0,0
21974,-20,8,1,0,0
21975,-16,-12,1,0,0
21976,2,-20,1,0,0
21977,17,-11,1,0,0
21978,21,7,1,0,0
21979,10,20,1,0,0
21980,-6,22,1,0,0
21981,-18,12,1,0,0
21982,-21,-3,1,0,0
21983,-15,-15,1,0,0
21984,-4,-20,1,0,0
21985,7,-19,1,0,0
21986,16,-12,1,0,0
21987,20,-4,1,0,0
21988,21,5,1,0,0
21989,18,12,1,0,0
21990,13,17,1,0,0
21991,8,20,1,0,0
21992,4,22,1,0,0
21993,0,22,1,0,0
21994,-4,22,1,0,0
21995,-5,21,1,0,0
21996,-5,19,1,0,0
21997,-5,15,1,0,0
21998,-4,12,1,0,0
21999,-2,8,1,0,0
22000,0,4,1,0,0
22001,0,2,1,0,0
22002,0,0,1,0,0
22003,-2,0,1,0,0
22004,-4,0,1,0,0
22005,-8,-2,1,0,0
22006,-12,-4,1,0,0
22007,-15,-5,1,0,0
22008,-19,-5,1,0,0
22009,-21,-5,1,0,0
22010,-22,-4,1,0,0
22011,-22,0,1,0,0
22012,-22,4,1,0,0
22013,-20,8,1,0,0
22014,-17,13,1,0,0
22015,-12,18,1,0,0
22016,-5,21,1,0,0
22017,4,20,1,0,0
22018,12,16,1,0,0
22019,19,7,1,0,0
22020,20,-4,1,0,0
22021,15,-15,1,0,0
22022,3,-21,1,0,0
22023,-12,-18,1,0,0
22024,-22,-6,1,0,0
22025,-20,10,1,0,0
22026,-7,21,1,0,0
22027,11,17,1,0,0
22028,20,2,1,0,0
22029,12,-16,1,0,0
22030,-8,-20,1,0,0
22031,-22,-4,1,0,0
22032,-14,16,1,0,0
22033,8,18,1,0,0
22034,17,-1,1,0,0
22035,3,-15,1,0,0
22036,-10,-6,1,0,0
22037,-7,5,1,0,0
22038,1,3,1,0,0
22039,0,0,1,0,0
22040,0,0,1,0,0
22041,0,0,1,0,0
22042,0,0,1,0,0
22043,0,0,1,0,0
22044,0,0,1,0,0
22045,0,0,1,0,0
22046,0,0,1,0,0
22047,0,0,1,0,0
22048,0,0,1,0,0
22049,0,0,1,0,0
22050,0,0,1,0,0
22051,-1,-1,1,0,0
22052,-4,-2,1,0,0
22053,-6,6,1,0,0
22054,5,9,1,0,0
22055,14,-4,1,0,0
22056,0,-18,1,0,0
22057,-19,-9,1,0,0
22058,-17,13,1,0,0
22059,3,21,1,0,0
22060,19,7,1,0,0
22061,15,-13,1,0,0
22062,-3,-21,1,0,0
22063,-18,-12,1,0,0
22064,-22,6,1,0,0
22065,-11,19,1,0,0
22066,5,21,1,0,0
22067,17,11,1,0,0
22068,20,-4,1,0,0
22069,15,-15,1,0,0
22070,3,-21,1,0,0
22071,-8,-20,1,0,0
22072,-17,-13,1,0,0
22073,-21,-5,1,0,0
22074,-22,4,1,0,0
22075,-19,11,1,0,0
22076,-14,16,1,0,0
22077,-9,19,1,0,0
22078,-5,21,1,0,0
22079,-1,21,1,0,0
22080,3,21,1,0,0
22081,4,20,1,0,0
22082,4,18,1,0,0
22083,4,14,1,0,0
22084,3,11,1,0,0
22085,1,7,1,0,0
22086,-1,3,1,0,0
22087,-1,1,1,0,0
22088,0,0,1,0,0
22089,1,-1,1,0,0
22090,1,-3,1,0,0
22091,-1,-7,1,0,0
22092,-3,-11,1,0,0
22093,-4,-14,1,0,0
22094,-4,-18,1,0,0
22095,-4,-20,1,0,0
22096,-3,-21,1,0,0
22097,1,-21,1,0,0
22098,5,-21,1,0,0
22099,9,-19,1,0,0
22100,14,-16,1,0,0
22101,19,-11,1,0,0
22102,22,-4,1,0,0
22103,21,5,1,0,0
22104,17,13,1,0,0
22105,8,20,1,0,0
22106,-3,21,1,0,0
22107,-15,15,1,0,0
22108,-20,4,1,0,0
22109,-17,-11,1,0,0
22110,-5,-21,1,0,0
22111,11,-19,1,0,0
22112,22,-6,1,0,0
22113,18,12,1,0,0
22114,3,21,1,0,0
22115,-15,13,1,0,0
22116,-19,-7,1,0,0
22117,-3,-21,1,0,0
22118,17,-13,1,0,0
22119,19,9,1,0,0
22120,0,18,1,0,0
22121,-14,4,1,0,0
22122,-5,-9,1,0,0
22123,6,-6,1,0,0
22124,4,2,1,0,0
22125,1,1,1,0,0
22126,0,0,1,0,0
22127,0,0,1,0,0
22128,-1,-3,1,0,0
22129,7,-5,1,0,0
22130,10,6,1,0,0
22131,-3,15,1,0,0
22132,-17,1,1,0,0
22133,-8,-18,1,0,0
22134,14,-16,1,0,0
22135,22,4,1,0,0
22136,8,20,1,0,0
22137,-12,16,1,0,0
22138,-20,-2,1,0,0
22139,-11,-17,1,0,0
22140,7,-21,1,0,0
22141,20,-10,1,0,0
22142,22,6,1,0,0
22143,12,18,1,0,0
22144,-3,21,1,0,0
22145,-15,15,1,0,0
22146,-20,4,1,0,0
22147,-19,-7,1,0,0
22148,-12,-16,1,0,0
22149,-4,-20,1,0,0
22150,5,-21,1,0,0
22151,12,-18,1,0,0
22152,17,-13,1,0,0
22153,20,-8,1,0,0
22154,22,-4,1,0,0
22155,22,0,1,0,0
22156,22,4,1,0,0
22157,21,5,1,0,0
22158,19,5,1,0,0
22159,15,5,1,0,0
22160,12,4,1,0,0
22161,8,2,1,0,0
22162,4,0,1,0,0
22163,2,0,1,0,0
22164,0,0,1,0,0
22165,2,0,1,0,0
22166,4,0,1,0,0
22167,8,2,1,0,0
22168,12,4,1,0,0
22169,15,5,1,0,0
22170,19,5,1,0,0
22171,21,5,1,0,0
22172,22,4,1,0,0
22173,22,0,1,0,0
22174,22,-4,1,0,0
22175,20,-8,1,0,0
22176,17,-13,1,0,0
22177,12,-18,1,0,0
22178,5,-21,1,0,0
22179,-4,-20,1,0,0
22180,-12,-16,1,0,0
22181,-19,-7,1,0,0
22182,-20,4,1,0,0
22183,-15,15,1,0,0
22184,-3,21,1,0,0
22185,12,18,1,0,0
22186,22,6,1,0,0
22187,20,-10,1,0,0
22188,7,-21,1,0,0
22189,-11,-17,1,0,0
22190,-20,-2,1,0,0
22191,-12,16,1,0,0
22192,8,20,1,0,0
22193,22,4,1,0,0
22194,14,-16,1,0,0
22195,-8,-18,1,0,0
22196,-17,1,1,0,0
22197,-3,15,1,0,0
22198,10,6,1,0,0
22199,7,-5,1,0,0
22200,-1,-3,1,0,0
22201,0,0,1,0,0
22202,0,0,1,0,0
22203,0,0,1,0,0
22204,0,0,1,0,0
22205,0,0,1,0,0
22206,0,0,1,0,0
22207,0,0,1,0,0
22208,0,0,1,0,0
22209,0,0,1,0,0
22210,0,0,1,0,0
22211,0,0,1,0,0
22212,0,0,1,0,0
22213,0,0,1,0,0
22214,0,0,1,0,0
22215,0,0,1,0,0
22216,0,0,1,0,0
22217,0,0,1,0,0
22218,0,0,1,0,0
22219,0,0,1,0,0
22220,0,0,1,0,0
22221,0,0,1,0,0
22222,0,0,1,0,0
22223,0,0,1,0,0
22224,0,0,1,0,0
22225,0,0,1,0,0
22226,0,0,1,0,0
22227,0,0,1,0,0
22228,0,0,1,0,0
22229,0,0,1,0,0
22230,0,0,1,0,0
22231,0,0,1,0,0
22232,0,0,1,0,0
22233,0,0,1,0,0
22234,0,0,1,0,0
22235,0,0,1,0,0
22236,0,0,1,0,0
22237,0,0,1,0,0
22238,0,0,1,0,0
22239,0,0,1,0,0
22240,0,0,1,0,0
22241,0,0,1,0,0
22242,0,0,1,0,0
22243,0,0,1,0,0
22244,0,0,1,0,0
22245,0,0,1,0,0
22246,0,0,1,0,0
22247,0,0,1,0,0
22248,0,0,1,0,0
22249,0,0,1,0,0
22250,0,0,1,0,0
22251,0,0,1,0,0
22252,0,0,1,0,0
22253,0,0,1,0,0
22254,0,0,1,0,0
22255,0,0,1,0,0
22256,0,0,1,0,0
22257,0,0,1,0,0
22258,0,0,1,0,0
22259,0,0,1,0,0
22260,0,0,1,0,0
22261,0,0,1,0,0
22262,0,0,1,0,0
22263,0,0,1,0,0
22264,0,0,1,0,0
22265,0,0,1,0,0
22266,0,0,1,0,0
22267,0,0,1,0,0
22268,0,0,1,0,0
22269,0,0,1,0,0
22270,0,0,1,0,0
22271,0,0,1,0,0
22272,0,0,1,0,0
22273,-1,-1,1,0,0
22274,-4,-2,1,0,0
22275,-6,6,1,0,0
22276,5,9,1,0,0
22277,14,-4,1,0,0
22278,0,-18,1,0,0
22279,-19,-9,1,0,0
22280,-17,13,1,0,0
22281,3,21,1,0,0
22282,19,7,1,0,0
22283,15,-13,1,0,0
22284,-3,-21,1,0,0
22285,-18,-12,1,0,0
22286,-22,6,1,0,0
22287,-11,19,1,0,0
22288,5,21,1,0,0
22289,17,11,1,0,0
22290,20,-4,1,0,0
22291,15,-15,1,0,0
22292,3,-21,1,0,0
22293,-8,-20,1,0,0
22294,-17,-13,1,0,0
22295,-21,-5,1,0,0
22296,-22,4,1,0,0
22297,-19,11,1,0,0
22298,-14,16,1,0,0
22299,-9,19,1,0,0
22300,-5,21,1,0,0
22301,-1,21,1,0,0
22302,3,21,1,0,0
22303,4,20,1,0,0
22304,4,18,1,0,0
22305,4,14,1,0,0
22306,3,11,1,0,0
22307,1,7,1,0,0
22308,-1,3,1,0,0
22309,-1,1,1,0,0
22310,0,0,1,0,0
22311,1,-1,1,0,0
22312,1,-3,1,0,0
22313,-1,-7,1,0,0
22314,-3,-11,1,0,0
22315,-4,-14,1,0,0
22316,-4,-18,1,0,0
22317,-4,-20,1,0,0
22318,-3,-21,1,0,0
22319,1,-21,1,0,0
22320,5,-21,1,0,0
22321,9,-19,1,0,0
22322,14,-16,1,0,0
22323,19,-11,1,0,0
22324,22,-4,1,0,0
22325,21,5,1,0,0
22326,17,13,1,0,0
22327,8,20,1,0,0
22328,-3,21,1,0,0
22329,-15,15,1,0,0
22330,-20,4,1,0,0
22331,-17,-11,1,0,0
22332,-5,-21,1,0,0
22333,11,-19,1,0,0
22334,22,-6,1,0,0
22335,18,12,1,0,0
22336,3,21,1,0,0
22337,-15,13,1,0,0
22338,-19,-7,1,0,0
22339,-3,-21,1,0,0
22340,17,-13,1,0,0
22341,19,9,1,0,0
22342,0,18,1,0,0
22343,-14,4,1,0,0
22344,-5,-9,1,0,0
22345,6,-6,1,0,0
22346,4,2,1,0,0
22347,1,1,1,0,0
22348,0,0,1,0,0
22349,0,0,1,0,0
22350,-3,1,1,0,0
22351,-5,-7,1,0,0
22352,6,-10,1,0,0
22353,15,3,1,0,0
22354,1,17,1,0,0
22355,-18,8,1,0,0
22356,-16,-14,1,0,0
22357,4,-22,1,0,0
22358,20,-8,1,0,0
22359,16,12,1,0,0
22360,-2,20,1,0,0
22361,-17,11,1,0,0
22362,-21,-7,1,0,0
22363,-10,-20,1,0,0
22364,6,-22,1,0,0
22365,18,-12,1,0,0
22366,21,3,1,0,0
22367,15,15,1,0,0
22368,4,20,1,0,0
22369,-7,19,1,0,0
22370,-16,12,1,0,0
22371,-20,4,1,0,0
22372,-21,-5,1,0,0
22373,-18,-12,1,0,0
22374,-13,-17,1,0,0
22375,-8,-20,1,0,0
22376,-4,-22,1,0,0
22377,0,-22,1,0,0
22378,4,-22,1,0,0
22379,5,-21,1,0,0
22380,5,-19,1,0,0
22381,5,-15,1,0,0
22382,4,-12,1,0,0
22383,2,-8,1,0,0
22384,0,-4,1,0,0
22385,0,-2,1,0,0
22386,0,0,1,0,0
22387,2,0,1,0,0
22388,4,0,1,0,0
22389,8,2,1,0,0
22390,12,4,1,0,0
22391,15,5,1,0,0
22392,19,5,1,0,0
22393,21,5,1,0,0
22394,22,4,1,0,0
22395,22,0,1,0,0
22396,22,-4,1,0,0
22397,20,-8,1,0,0
22398,17,-13,1,0,0
22399,12,-18,1,0,0
22400,5,-21,1,0,0
22401,-4,-20,1,0,0
22402,-12,-16,1,0,0
22403,-19,-7,1,0,0
22404,-20,4,1,0,0
22405,-15,15,1,0,0
22406,-3,21,1,0,0
22407,12,18,1,0,0
22408,22,6,1,0,0
22409,20,-10,1,0,0
22410,7,-21,1,0,0
22411,-11,-17,1,0,0
22412,-20,-2,1,0,0
22413,-12,16,1,0,0
22414,8,20,1,0,0
22415,22,4,1,0,0
22416,14,-16,1,0,0
22417,-8,-18,1,0,0
22418,-17,1,1,0,0
22419,-3,15,1,0,0
22420,10,6,1,0,0
22421,7,-5,1,0,0
22422,-1,-3,1,0,0
22423,0,0,1,0,0
22424,0,0,1,0,0
22425,0,0,1,0,0
22426,0,0,1,0,0
22427,0,0,1,0,0
22428,0,0,1,0,0
22429,0,0,1,0,0
22430,0,0,1,0,0
22431,0,0,1,0,0
22432,0,0,1,0,0
22433,0,0,1,0,0
22434,0,0,1,0,0
22435,1,1,1,0,0
22436,4,2,1,0,0
22437,6,-6,1,0,0
22438,-5,-9,1,0,0
22439,-14,4,1,0,0
22440,0,18,1,0,0
22441,19,9,1,0,0
22442,17,-13,1,0,0
22443,-3,-21,1,0,0
22444,-19,-7,1,0,0
22445,-15,13,1,0,0
22446,3,21,1,0,0
22447,18,12,1,0,0
22448,22,-6,1,0,0
22449,11,-19,1,0,0
22450,-5,-21,1,0,0
22451,-17,-11,1,0,0
22452,-20,4,1,0,0
22453,-15,15,1,0,0
22454,-3,21,1,0,0
22455,8,20,1,0,0
22456,17,13,1,0,0
22457,21,5,1,0,0
22458,22,-4,1,0,0
22459,19,-11,1,0,0
22460,14,-16,1,0,0
22461,9,-19,1,0,0
22462,5,-21,1,0,0
22463,1,-21,1,0,0
22464,-3,-21,1,0,0
22465,-4,-20,1,0,0
22466,-4,-18,1,0,0
22467,-4,-14,1,0,0
22468,-3,-11,1,0,0
22469,-1,-7,1,0,0
22470,1,-3,1,0,0
22471,1,-1,1,0,0
22472,0,0,1,0,0
22473,-1,1,1,0,0
22474,-1,3,1,0,0
22475,1,7,1,0,0
22476,3,11,1,0,0
22477,4,14,1,0,0
22478,4,18,1,0,0
22479,4,20,1,0,0
22480,3,21,1,0,0
22481,-1,21,1,0,0
22482,-5,21,1,0,0
22483,-9,19,1,0,0
22484,-14,16,1,0,0
22485,-19,11,1,0,0
22486,-22,4,1,0,0
22487,-21,-5,1,0,0
22488,-17,-13,1,0,0
22489,-8,-20,1,0,0
22490,3,-21,1,0,0
22491,15,-15,1,0,0
22492,20,-4,1,0,0
22493,17,11,1,0,0
22494,5,21,1,0,0
22495,-11,19,1,0,0
22496,-22,6,1,0,0
22497,-18,-12,1,0,0
22498,-3,-21,1,0,0
22499,15,-13,1,0,0
22500,19,7,1,0,0
22501,3,21,1,0,0
22502,-17,13,1,0,0
22503,-19,-9,1,0,0
22504,0,-18,1,0,0
22505,14,-4,1,0,0
22506,5,9,1,0,0
22507,-6,6,1,0,0
22508,-4,-2,1,0,0
22509,-1,-1,1,0,0
22510,0,0,1,0,0
22511,0,0,1,0,0
22512,3,-1,1,0,0
22513,5,7,1,0,0
22514,-6,10,1,0,0
22515,-15,-3,1,0,0
22516,-1,-17,1,0,0
22517,18,-8,1,0,0
22518,16,14,1,0,0
22519,-4,22,1,0,0
22520,-20,8,1,0,0
22521,-16,-12,1,0,0
22522,2,-20,1,0,0
22523,17,-11,1,0,0
22524,21,7,1,0,0
22525,10,20,1,0,0
22526,-6,22,1,0,0
22527,-18,12,1,0,0
22528,-21,-3,1,0,0
22529,-15,-15,1,0,0
22530,-4,-20,1,0,0
22531,7,-19,1,0,0
22532,16,-12,1,0,0
22533,20,-4,1,0,0
22534,21,5,1,0,0
22535,18,12,1,0,0
22536,13,17,1,0,0
22537,8,20,1,0,0
22538,4,22,1,0,0
22539,0,22,1,0,0
22540,-4,22,1,0,0
22541,-5,21,1,0,0
22542,-5,19,1,0,0
22543,-5,15,1,0,0
22544,-4,12,1,0,0
22545,-2,8,1,0,0
22546,0,4,1,0,0
22547,0,2,1,0,0
22548,0,0,1,0,0
22549,0,2,1,0,0
22550,0,4,1,0,0
22551,-2,8,1,0,0
22552,-4,12,1,0,0
22553,-5,15,1,0,0
22554,-5,19,1,0,0
22555,-5,21,1,0,0
22556,-4,22,1,0,0
22557,0,22,1,0,0
22558,4,22,1,0,0
22559,8,20,1,0,0
22560,13,17,1,0,0
22561,18,12,1,0,0
22562,21,5,1,0,0
22563,20,-4,1,0,0
22564,16,-12,1,0,0
22565,7,-19,1,0,0
22566,-4,-20,1,0,0
22567,-15,-15,1,0,0
22568,-21,-3,1,0,0
22569,-18,12,1,0,0
22570,-6,22,1,0,0
22571,10,20,1,0,0
22572,21,7,1,0,0
22573,17,-11,1,0,0
22574,2,-20,1,0,0
22575,-16,-12,1,0,0
22576,-20,8,1,0,0
22577,-4,22,1,0,0
22578,16,14,1,0,0
22579,18,-8,1,0,0
22580,-1,-17,1,0,0
22581,-15,-3,1,0,0
22582,-6,10,1,0,0
22583,5,7,1,0,0
22584,3,-1,1,0,0
22585,0,0,1,0,0
22586,0,0,1,0,0
22587,0,0,1,0,0
22588,0,0,1,0,0
22589,0,0,1,0,0
22590,0,0,1,0,0
22591,0,0,1,0,0
22592,0,0,1,0,0
22593,0,0,1,0,0
22594,0,0,1,0,0
22595,0,0,1,0,0
22596,0,0,1,0,0
22597,0,0,1,0,0
22598,0,0,1,0,0
22599,0,0,1,0,0
22600,0,0,1,0,0
22601,0,0,1,0,0
22602,0,0,1,0,0
22603,0,0,1,0,0
22604,0,0,1,0,0
22605,0,0,1,0,0
22606,0,0,1,0,0
22607,0,0,1,0,0
22608,0,0,1,0,0
22609,0,0,1,0,0
22610,0,0,1,0,0
22611,0,0,1,0,0
22612,0,0,1,0,0
22613,0,0,1,0,0
22614,0,0,1,0,0
22615,0,0,1,0,0
22616,0,0,1,0,0
22617,0,0,1,0,0
22618,0,0,1,0,0
22619,0,0,1,0,0
22620,0,0,1,0,0
22621,0,0,1,0,0
22622,0,0,1,0,0
22623,0,0,1,0,0
22624,0,0,1,0,0
22625,0,0,1,0,0
22626,0,0,1,0,0
22627,0,0,1,0,0
22628,0,0,1,0,0
22629,0,0,1,0,0
22630,0,0,1,0,0
22631,0,0,1,0,0
22632,0,0,1,0,0
22633,0,0,1,0,0
22634,0,0,1,0,0
22635,0,0,1,0,0
22636,0,0,1,0,0
22637,0,0,1,0,0
22638,0,0,1,0,0
22639,0,0,1,0,0
22640,0,0,1,0,0
22641,0,0,1,0,0
22642,0,0,1,0,0
22643,0,0,1,0,0
22644,0,0,1,0,0
22645,0,0,1,0,0
22646,0,0,1,0,0
22647,0,0,1,0,0
22648,0,0,1,0,0
22649,0,0,1,0,0
22650,0,0,1,0,0
22651,0,0,1,0,0
22652,0,0,1,0,0
22653,0,0,1,0,0
22654,0,0,1,0,0
22655,0,0,1,0,0
22656,0,0,1,0,0
22657,-1,-1,1,0,0
22658,-4,-2,1,0,0
22659,-6,6,1,0,0
22660,5,9,1,0,0
22661,14,-4,1,0,0
22662,0,-18,1,0,0
22663,-19,-9,1,0,0
22664,-17,13,1,0,0
22665,3,21,1,0,0
22666,19,7,1,0,0
22667,15,-13,1,0,0
22668,-3,-21,1,0,0
22669,-18,-12,1,0,0
22670,-22,6,1,0,0
22671,-11,19,1,0,0
22672,5,21,1,0,0
22673,17,11,1,0,0
22674,20,-4,1,0,0
22675,15,-15,1,0,0
22676,3,-21,1,0,0
22677,-8,-20,1,0,0
22678,-17,-13,1,0,0
22679,-21,-5,1,0,0
22680,-22,4,1,0,0
22681,-19,11,1,0,0
22682,-14,16,1,0,0
22683,-9,19,1,0,0
22684,-5,21,1,0,0
22685,-1,21,1,0,0
22686,3,21,1,0,0
22687,4,20,1,0,0
22688,4,18,1,0,0
22689,4,14,1,0,0
22690,3,11,1,0,0
22691,1,7,1,0,0
22692,-1,3,1,0,0
22693,-1,1,1,0,0
22694,0,0,1,0,0
22695,1,-1,1,0,0
22696,1,-3,1,0,0
22697,-1,-7,1,0,0
22698,-3,-11,1,0,0
22699,-4,-14,1,0,0
22700,-4,-18,1,0,0
22701,-4,-20,1,0,0
22702,-3,-21,1,0,0
22703,1,-21,1,0,0
22704,5,-21,1,0,0
22705,9,-19,1,0,0
22706,14,-16,1,0,0
22707,19,-11,1,0,0
22708,22,-4,1,0,0
22709,21,5,1,0,0
22710,17,13,1,0,0
22711,8,20,1,0,0
22712,-3,21,1,0,0
22713,-15,15,1,0,0
22714,-20,4,1,0,0
22715,-17,-11,1,0,0
22716,-5,-21,1,0,0
22717,11,-19,1,0,0
22718,22,-6,1,0,0
22719,18,12,1,0,0
22720,3,21,1,0,0
22721,-15,13,1,0,0
22722,-19,-7,1,0,0
22723,-3,-21,1,0,0
22724,17,-13,1,0,0
22725,19,9,1,0,0
22726,0,18,1,0,0
22727,-14,4,1,0,0
22728,-5,-9,1,0,0
22729,6,-6,1,0,0
22730,4,2,1,0,0
22731,1,1,1,0,0
22732,0,0,1,0,0
22733,0,0,1,0,0
22734,3,-1,1,0,0
22735,5,7,1,0,0
22736,-6,10,1,0,0
22737,-15,-3,1,0,0
22738,-1,-17,1,0,0
22739,18,-8,1,0,0
22740,16,14,1,0,0
22741,-4,22,1,0,0
22742,-20,8,1,0,0
22743,-16,-12,1,0,0
22744,2,-20,1,0,0
22745,17,-11,1,0,0
22746,21,7,1,0,0
22747,10,20,1,0,0
22748,-6,22,1,0,0
22749,-18,12,1,0,0
22750,-21,-3,1,0,0
22751,-15,-15,1,0,0
22752,-4,-20,1,0,0
22753,7,-19,1,0,0
22754,16,-12,1,0,0
22755,20,-4,1,0,0
22756,21,5,1,0,0
22757,18,12,1,0,0
22758,13,17,1,0,0
22759,8,20,1,0,0
22760,4,22,1,0,0
22761,0,22,1,0,0
22762,-4,22,1,0,0
22763,-5,21,1,0,0
22764,-5,19,1,0,0
22765,-5,15,1,0,0
22766,-4,12,1,0,0
22767,-2,8,1,0,0
22768,0,4,1,0,0
22769,0,2,1,0,0
22770,0,0,1,0,0
22771,0,2,1,0,0
22772,0,4,1,0,0
22773,-2,8,1,0,0
22774,-4,12,1,0,0
22775,-5,15,1,0,0
22776,-5,19,1,0,0
22777,-5,21,1,0,0
22778,-4,22,1,0,0
22779,0,22,1,0,0
22780,4,22,1,0,0
22781,8,20,1,0,0
22782,13,17,1,0,0
22783,18,12,1,0,0
22784,21,5,1,0,0
22785,20,-4,1,0,0
22786,16,-12,1,0,0
22787,7,-19,1,0,0
22788,-4,-20,1,0,0
22789,-15,-15,1,0,0
22790,-21,-3,1,0,0
22791,-18,12,1,0,0
22792,-6,22,1,0,0
22793,10,20,1,0,0
22794,21,7,1,0,0
22795,17,-11,1,0,0
22796,2,-20,1,0,0
22797,-16,-12,1,0,0
22798,-20,8,1,0,0
22799,-4,22,1,0,0
22800,16,14,1,0,0
22801,18,-8,1,0,0
22802,-1,-17,1,0,0
22803,-15,-3,1,0,0
22804,-6,10,1,0,0
22805,5,7,1,0,0
22806,3,-1,1,0,0
22807,0,0,1,0,0
22808,0,0,1,0,0
22809,0,0,1,0,0
22810,0,0,1,0,0
22811,0,0,1,0,0
22812,0,0,1,0,0
22813,0,0,1,0,0
22814,0,0,1,0,0
22815,0,0,1,0,0
22816,0,0,1,0,0
22817,0,0,1,0,0
22818,0,0,1,0,0
22819,1,-1,1,0,0
22820,2,-4,1,0,0
22821,-6,-6,1,0,0
22822,-9,5,1,0,0
22823,4,14,1,0,0
22824,18,0,1,0,0
22825,9,-19,1,0,0
22826,-13,-17,1,0,0
22827,-21,3,1,0,0
22828,-7,19,1,0,0
22829,13,15,1,0,0
22830,21,-3,1,0,0
22831,12,-18,1,0,0
22832,-6,-22,1,0,0
22833,-19,-11,1,0,0
22834,-21,5,1,0,0
22835,-11,17,1,0,0
22836,4,20,1,0,0
22837,15,15,1,0,0
22838,21,3,1,0,0
22839,20,-8,1,0,0
22840,13,-17,1,0,0
22841,5,-21,1,0,0
22842,-4,-22,1,0,0
22843,-11,-19,1,0,0
22844,-16,-14,1,0,0
22845,-19,-9,1,0,0
22846,-21,-5,1,0,0
22847,-21,-1,1,0,0
22848,-21,3,1,0,0
22849,-20,4,1,0,0
22850,-18,4,1,0,0
22851,-14,4,1,0,0
22852,-11,3,1,0,0
22853,-7,1,1,0,0
22854,-3,-1,1,0,0
22855,-1,-1,1,0,0
22856,0,0,1,0,0
22857,1,1,1,0,0
22858,3,1,1,0,0
22859,7,-1,1,0,0
22860,11,-3,1,0,0
22861,14,-4,1,0,0
22862,18,-4,1,0,0
22863,20,-4,1,0,0
22864,21,-3,1,0,0
22865,21,1,1,0,0
22866,21,5,1,0,0
22867,19,9,1,0,0
22868,16,14,1,0,0
22869,11,19,1,0,0
22870,4,22,1,0,0
22871,-5,21,1,0,0
22872,-13,17,1,0,0
22873,-20,8,1,0,0
22874,-21,-3,1,0,0
22875,-15,-15,1,0,0
22876,-4,-20,1,0,0
22877,11,-17,1,0,0
22878,21,-5,1,0,0
22879,19,11,1,0,0
22880,6,22,1,0,0
22881,-12,18,1,0,0
22882,-21,3,1,0,0
22883,-13,-15,1,0,0
22884,7,-19,1,0,0
22885,21,-3,1,0,0
22886,13,17,1,0,0
22887,-9,19,1,0,0
22888,-18,0,1,0,0
22889,-4,-14,1,0,0
22890,9,-5,1,0,0
22891,6,6,1,0,0
22892,-2,4,1,0,0
22893,-1,1,1,0,0
22894,0,0,1,0,0
22895,0,0,1,0,0
22896,1,3,1,0,0
22897,-7,5,1,0,0
22898,-10,-6,1,0,0
22899,3,-15,1,0,0
22900,17,-1,1,0,0
22901,8,18,1,0,0
22902,-14,16,1,0,0
22903,-22,-4,1,0,0
22904,-8,-20,1,0,0
22905,12,-16,1,0,0
22906,20,2,1,0,0
22907,11,17,1,0,0
22908,-7,21,1,0,0
22909,-20,10,1,0,0
22910,-22,-6,1,0,0
22911,-12,-18,1,0,0
22912,3,-21,1,0,0
22913,15,-15,1,0,0
22914,20,-4,1,0,0
22915,19,7,1,0,0
22916,12,16,1,0,0
22917,4,20,1,0,0
22918,-5,21,1,0,0
22919,-12,18,1,0,0
22920,-17,13,1,0,0
22921,-20,8,1,0,0
22922,-22,4,1,0,0
22923,-22,0,1,0,0
22924,-22,-4,1,0,0
22925,-21,-5,1,0,0
22926,-19,-5,1,0,0
22927,-15,-5,1,0,0
22928,-12,-4,1,0,0
22929,-8,-2,1,0,0
22930,-4,0,1,0,0
22931,-2,0,1,0,0
22932,0,0,1,0,0
22933,0,-2,1,0,0
22934,0,-4,1,0,0
22935,2,-8,1,0,0
22936,4,-12,1,0,0
22937,5,-15,1,0,0
22938,5,-19,1,0,0
22939,5,-21,1,0,0
22940,4,-22,1,0,0
22941,0,-22,1,0,0
22942,-4,-22,1,0,0
22943,-8,-20,1,0,0
22944,-13,-17,1,0,0
22945,-18,-12,1,0,0
22946,-21,-5,1,0,0
22947,-20,4,1,0,0
22948,-16,12,1,0,0
22949,-7,19,1,0,0
22950,4,20,1,0,0
22951,15,15,1,0,0
22952,21,3,1,0,0
22953,18,-12,1,0,0
22954,6,-22,1,0,0
22955,-10,-20,1,0,0
22956,-21,-7,1,0,0
22957,-17,11,1,0,0
22958,-2,20,1,0,0
22959,16,12,1,0,0
22960,20,-8,1,0,0
22961,4,-22,1,0,0
22962,-16,-14,1,0,0
22963,-18,8,1,0,0
22964,1,17,1,0,0
22965,15,3,1,0,0
22966,6,-10,1,0,0
22967,-5,-7,1,0,0
22968,-3,1,1,0,0
22969,0,0,1,0,0
22970,0,0,1,0,0
22971,0,0,1,0,0
22972,0,0,1,0,0
22973,0,0,1,0,0
22974,0,0,1,0,0
22975,0,0,1,0,0
22976,0,0,1,0,0
22977,0,0,1,0,0
22978,0,0,1,0,0
22979,0,0,1,0,0
22980,0,0,1,0,0
22981,0,0,1,0,0
22982,0,0,1,0,0
22983,0,0,1,0,0
22984,0,0,1,0,0
22985,0,0,1,0,0
22986,0,0,1,0,0
22987,0,0,1,0,0
22988,0,0,1,0,0
22989,0,0,1,0,0
22990,0,0,1,0,0
22991,0,0,1,0,0
22992,0,0,1,0,0
22993,0,0,1,0,0
22994,0,0,1,0,0
22995,0,0,1,0,0
22996,0,0,1,0,0
22997,0,0,1,0,0
22998,0,0,1,0,0
22999,0,0,1,0,0
23000,0,0,1,0,0
23001,0,0,1,0,0
23002,0,0,1,0,0
23003,0,0,1,0,0
23004,0,0,1,0,0
23005,0,0,1,0,0
23006,0,0,1,0,0
23007,0,0,1,0,0
23008,0,0,1,0,0
23009,0,0,1,0,0
23010,0,0,1,0,0
23011,0,0,1,0,0
23012,0,0,1,0,0
23013,0,0,1,0,0
23014,0,0,1,0,0
23015,0,0,1,0,0
23016,0,0,1,0,0
23017,0,0,1,0,0
23018,0,0,1,0,0
23019,0,0,1,0,0
23020,0,0,1,0,0
23021,0,0,1,0,0
23022,0,0,1,0,0
23023,0,0,1,0,0
23024,0,0,1,0,0
23025,0,0,1,0,0
23026,0,0,1,0,0
23027,0,0,1,0,0
23028,0,0,1,0,0
23029,0,0,1,0,0
23030,0,0,1,0,0
23031,0,0,1,0,0
23032,0,0,1,0,0
23033,0,0,1,0,0
23034,0,0,1,0,0
23035,0,0,1,0,0
23036,0,0,1,0,0
23037,0,0,1,0,0
23038,0,0,1,0,0
23039,0,0,1,0,0
23040,0,0,1,0,0
23041,1,-1,1,0,0
23042,2,-4,1,0,0
23043,-6,-6,1,0,0
23044,-9,5,1,0,0
23045,4,14,1,0,0
23046,18,0,1,0,0
23047,9,-19,1,0,0
23048,-13,-17,1,0,0
23049,-21,3,1,0,0
23050,-7,19,1,0,0
23051,13,15,1,0,0
23052,21,-3,1,0,0
23053,12,-18,1,0,0
23054,-6,-22,1,0,0
23055,-19,-11,1,0,0
23056,-21,5,1,0,0
23057,-11,17,1,0,0
23058,4,20,1,0,0
23059,15,15,1,0,0
23060,21,3,1,0,0
23061,20,-8,1,0,0
23062,13,-17,1,0,0
23063,5,-21,1,0,0
23064,-4,-22,1,0,0
23065,-11,-19,1,0,0
23066,-16,-14,1,0,0
23067,-19,-9,1,0,0
23068,-21,-5,1,0,0
23069,-21,-1,1,0,0
23070,-21,3,1,0,0
23071,-20,4,1,0,0
23072,-18,4,1,0,0
23073,-14,4,1,0,0
23074,-11,3,1,0,0
23075,-7,1,1,0,0
23076,-3,-1,1,0,0
23077,-1,-1,1,0,0
23078,0,0,1,0,0
23079,1,1,1,0,0
23080,3,1,1,0,0
23081,7,-1,1,0,0
23082,11,-3,1,0,0
23083,14,-4,1,0,0
23084,18,-4,1,0,0
23085,20,-4,1,0,0
23086,21,-3,1,0,0
23087,21,1,1,0,0
23088,21,5,1,0,0
23089,19,9,1,0,0
23090,16,14,1,0,0
23091,11,19,1,0,0
23092,4,22,1,0,0
23093,-5,21,1,0,0
23094,-13,17,1,0,0
23095,-20,8,1,0,0
23096,-21,-3,1,0,0
23097,-15,-15,1,0,0
23098,-4,-20,1,0,0
23099,11,-17,1,0,0
23100,21,-5,1,0,0
23101,19,11,1,0,0
23102,6,22,1,0,0
23103,-12,18,1,0,0
23104,-21,3,1,0,0
23105,-13,-15,1,0,0
23106,7,-19,1,0,0
23107,21,-3,1,0,0
23108,13,17,1,0,0
23109,-9,19,1,0,0
23110,-18,0,1,0,0
23111,-4,-14,1,0,0
23112,9,-5,1,0,0
23113,6,6,1,0,0
23114,-2,4,1,0,0
23115,-1,1,1,0,0
23116,0,0,1,0,0
23117,0,0,1,0,0
23118,3,-1,1,0,0
23119,5,7,1,0,0
23120,-6,10,1,0,0
23121,-15,-3,1,0,0
23122,-1,-17,1,0,0
23123,18,-8,1,0,0
23124,16,14,1,0,0
23125,-4,22,1,0,0
23126,-20,8,1,0,0
23127,-16,-12,1,0,0
23128,2,-20,1,0,0
23129,17,-11,1,0,0
23130,21,7,1,0,0
23131,10,20,1,0,0
23132,-6,22,1,0,0
23133,-18,12,1,0,0
23134,-21,-3,1,0,0
23135,-15,-15,1,0,0
23136,-4,-20,1,0,0
23137,7,-19,1,0,0
23138,16,-12,1,0,0
23139,20,-4,1,0,0
23140,21,5,1,0,0
23141,18,12,1,0,0
23142,13,17,1,0,0
23143,8,20,1,0,0
23144,4,22,1,0,0
23145,0,22,1,0,0
23146,-4,22,1,0,0
23147,-5,21,1,0,0
23148,-5,19,1,0,0
23149,-5,15,1,0,0
23150,-4,12,1,0,0
23151,-2,8,1,0,0
23152,0,4,1,0,0
23153,0,2,1,0,0
23154,0,0,1,0,0
23155,2,0,1,0,0
23156,4,0,1,0,0
23157,8,2,1,0,0
23158,12,4,1,0,0
23159,15,5,1,0,0
23160,19,5,1,0,0
23161,21,5,1,0,0
23162,22,4,1,0,0
23163,22,0,1,0,0
23164,22,-4,1,0,0
23165,20,-8,1,0,0
23166,17,-13,1,0,0
23167,12,-18,1,0,0
23168,5,-21,1,0,0
23169,-4,-20,1,0,0
23170,-12,-16,1,0,0
23171,-19,-7,1,0,0
23172,-20,4,1,0,0
23173,-15,15,1,0,0
23174,-3,21,1,0,0
23175,12,18,1,0,0
23176,22,6,1,0,0
23177,20,-10,1,0,0
23178,7,-21,1,0,0
23179,-11,-17,1,0,0
23180,-20,-2,1,0,0
23181,-12,16,1,0,0
23182,8,20,1,0,0
23183,22,4,1,0,0
23184,14,-16,1,0,0
23185,-8,-18,1,0,0
23186,-17,1,1,0,0
23187,-3,15,1,0,0
23188,10,6,1,0,0
23189,7,-5,1,0,0
23190,-1,-3,1,0,0
23191,0,0,1,0,0
23192,0,0,1,0,0
23193,0,0,1,0,0
23194,0,0,1,0,0
23195,0,0,1,0,0
23196,0,0,1,0,0
23197,0,0,1,0,0
23198,0,0,1,0,0
23199,0,0,1,0,0
23200,0,0,1,0,0
23201,0,0,1,0,0
23202,0,0,1,0,0
23203,1,-1,1,0,0
23204,2,-4,1,0,0
23205,-6,-6,1,0,0
23206,-9,5,1,0,0
23207,4,14,1,0,0
23208,18,0,1,0,0
23209,9,-19,1,0,0
23210,-13,-17,1,0,0
23211,-21,3,1,0,0
23212,-7,19,1,0,0
23213,13,15,1,0,0
23214,21,-3,1,0,0
23215,12,-18,1,0,0
23216,-6,-22,1,0,0
23217,-19,-11,1,0,0
23218,-21,5,1,0,0
23219,-11,17,1,0,0
23220,4,20,1,0,0
23221,15,15,1,0,0
23222,21,3,1,0,0
23223,20,-8,1,0,0
23224,13,-17,1,0,0
23225,5,-21,1,0,0
23226,-4,-22,1,0,0
23227,-11,-19,1,0,0
23228,-16,-14,1,0,0
23229,-19,-9,1,0,0
23230,-21,-5,1,0,0
23231,-21,-1,1,0,0
23232,-21,3,1,0,0
23233,-20,4,1,0,0
23234,-18,4,1,0,0
23235,-14,4,1,0,0
23236,-11,3,1,0,0
23237,-7,1,1,0,0
23238,-3,-1,1,0,0
23239,-1,-1,1,0,0
23240,0,0,1,0,0
23241,1,1,1,0,0
23242,3,1,1,0,0
23243,7,-1,1,0,0
23244,11,-3,1,0,0
23245,14,-4,1,0,0
23246,18,-4,1,0,0
23247,20,-4,1,0,0
23248,21,-3,1,0,0
23249,21,1,1,0,0
23250,21,5,1,0,0
23251,19,9,1,0,0
23252,16,14,1,0,0
23253,11,19,1,0,0
23254,4,22,1,0,0
23255,-5,21,1,0,0
23256,-13,17,1,0,0
23257,-20,8,1,0,0
23258,-21,-3,1,0,0
23259,-15,-15,1,0,0
23260,-4,-20,1,0,0
23261,11,-17,1,0,0
23262,21,-5,1,0,0
23263,19,11,1,0,0
23264,6,22,1,0,0
23265,-12,18,1,0,0
23266,-21,3,1,0,0
23267,-13,-15,1,0,0
23268,7,-19,1,0,0
23269,21,-3,1,0,0
23270,13,17,1,0,0
23271,-9,19,1,0,0
23272,-18,0,1,0,0
23273,-4,-14,1,0,0
23274,9,-5,1,0,0
23275,6,6,1,0,0
23276,-2,4,1,0,0
23277,-1,1,1,0,0
23278,0,0,1,0,0
23279,0,0,1,0,0
23280,-1,-3,1,0,0
23281,7,-5,1,0,0
23282,10,6,1,0,0
23283,-3,15,1,0,0
23284,-17,1,1,0,0
23285,-8,-18,1,0,0
23286,14,-16,1,0,0
23287,22,4,1,0,0
23288,8,20,1,0,0
23289,-12,16,1,0,0
23290,-20,-2,1,0,0
23291,-11,-17,1,0,0
23292,7,-21,1,0,0
23293,20,-10,1,0,0
23294,22,6,1,0,0
23295,12,18,1,0,0
23296,-3,21,1,0,0
23297,-15,15,1,0,0
23298,-20,4,1,0,0
23299,-19,-7,1,0,0
23300,-12,-16,1,0,0
23301,-4,-20,1,0,0
23302,5,-21,1,0,0
23303,12,-18,1,0,0
23304,17,-13,1,0,0
23305,20,-8,1,0,0
23306,22,-4,1,0,0
23307,22,0,1,0,0
23308,22,4,1,0,0
23309,21,5,1,0,0
23310,19,5,1,0,0
23311,15,5,1,0,0
23312,12,4,1,0,0
23313,8,2,1,0,0
23314,4,0,1,0,0
23315,2,0,1,0,0
23316,0,0,1,0,0
23317,0,2,1,0,0
23318,0,4,1,0,0
23319,-2,8,1,0,0
23320,-4,12,1,0,0
23321,-5,15,1,0,0
23322,-5,19,1,0,0
23323,-5,21,1,0,0
23324,-4,22,1,0,0
23325,0,22,1,0,0
23326,4,22,1,0,0
23327,8,20,1,0,0
23328,13,17,1,0,0
23329,18,12,1,0,0
23330,21,5,1,0,0
23331,20,-4,1,0,0
23332,16,-12,1,0,0
23333,7,-19,1,0,0
23334,-4,-20,1,0,0
23335,-15,-15,1,0,0
23336,-21,-3,1,0,0
23337,-18,12,1,0,0
23338,-6,22,1,0,0
23339,10,20,1,0,0
23340,21,7,1,0,0
23341,17,-11,1,0,0
23342,2,-20,1,0,0
23343,-16,-12,1,0,0
23344,-20,8,1,0,0
23345,-4,22,1,0,0
23346,16,14,1,0,0
23347,18,-8,1,0,0
23348,-1,-17,1,0,0
23349,-15,-3,1,0,0
23350,-6,10,1,0,0
23351,5,7,1,0,0
23352,3,-1,1,0,0
23353,0,0,1,0,0
23354,0,0,1,0,0
23355,0,0,1,0,0
23356,0,0,1,0,0
23357,0,0,1,0,0
23358,0,0,1,0,0
23359,0,0,1,0,0
23360,0,0,1,0,0
23361,0,0,1,0,0
23362,0,0,1,0,0
23363,0,0,1,0,0
23364,0,0,1,0,0
23365,0,0,1,0,0
23366,0,0,1,0,0
23367,0,0,1,0,0
23368,0,0,1,0,0
23369,0,0,1,0,0
23370,0,0,1,0,0
23371,0,0,1,0,0
23372,0,0,1,0,0
23373,0,0,1,0,0
23374,0,0,1,0,0
23375,0,0,1,0,0
23376,0,0,1,0,0
23377,0,0,1,0,0
23378,0,0,1,0,0
23379,0,0,1,0,0
23380,0,0,1,0,0
23381,0,0,1,0,0
23382,0,0,1,0,0
23383,0,0,1,0,0
23384,0,0,1,0,0
23385,0,0,1,0,0
23386,0,0,1,0,0
23387,0,0,1,0,0
23388,0,0,1,0,0
23389,0,0,1,0,0
23390,0,0,1,0,0
23391,0,0,1,0,0
23392,0,0,1,0,0
23393,0,0,1,0,0
23394,0,0,1,0,0
23395,0,0,1,0,0
23396,0,0,1,0,0
23397,0,0,1,0,0
23398,0,0,1,0,0
23399,0,0,1,0,0
23400,0,0,1,0,0
23401,0,0,1,0,0
23402,0,0,1,0,0
23403,0,0,1,0,0
23404,0,0,1,0,0
23405,0,0,1,0,0
23406,0,0,1,0,0
23407,0,0,1,0,0
23408,0,0,1,0,0
23409,0,0,1,0,0
23410,0,0,1,0,0
23411,0,0,1,0,0
23412,0,0,1,0,0
23413,0,0,1,0,0
23414,0,0,1,0,0
23415,0,0,1,0,0
23416,0,0,1,0,0
23417,0,0,1,0,0
23418,0,0,1,0,0
23419,0,0,1,0,0
23420,0,0,1,0,0
23421,0,0,1,0,0
23422,0,0,1,0,0
23423,0,0,1,0,0
23424,0,0,1,0,0
23425,1,-1,1,0,0
23426,2,-4,1,0,0
23427,-6,-6,1,0,0
23428,-9,5,1,0,0
23429,4,14,1,0,0
23430,18,0,1,0,0
23431,9,-19,1,0,0
23432,-13,-17,1,0,0
23433,-21,3,1,0,0
23434,-7,19,1,0,0
23435,13,15,1,0,0
23436,21,-3,1,0,0
23437,12,-18,1,0,0
23438,-6,-22,1,0,0
23439,-19,-11,1,0,0
23440,-21,5,1,0,0
23441,-11,17,1,0,0
23442,4,20,1,0,0
23443,15,15,1,0,0
23444,21,3,1,0,0
23445,20,-8,1,0,0
23446,13,-17,1,0,0
23447,5,-21,1,0,0
23448,-4,-22,1,0,0
23449,-11,-19,1,0,0
23450,-16,-14,1,0,0
23451,-19,-9,1,0,0
23452,-21,-5,1,0,0
23453,-21,-1,1,0,0
23454,-21,3,1,0,0
23455,-20,4,1,0,0
23456,-18,4,1,0,0
23457,-14,4,1,0,0
23458,-11,3,1,0,0
23459,-7,1,1,0,0
23460,-3,-1,1,0,0
23461,-1,-1,1,0,0
23462,0,0,1,0,0
23463,1,1,1,0,0
23464,3,1,1,0,0
23465,7,-1,1,0,0
23466,11,-3,1,0,0
23467,14,-4,1,0,0
23468,18,-4,1,0,0
23469,20,-4,1,0,0
23470,21,-3,1,0,0
23471,21,1,1,0,0
23472,21,5,1,0,0
23473,19,9,1,0,0
23474,16,14,1,0,0
23475,11,19,1,0,0
23476,4,22,1,0,0
23477,-5,21,1,0,0
23478,-13,17,1,0,0
23479,-20,8,1,0,0
23480,-21,-3,1,0,0
23481,-15,-15,1,0,0
23482,-4,-20,1,0,0
23483,11,-17,1,0,0
23484,21,-5,1,0,0
23485,19,11,1,0,0
23486,6,22,1,0,0
23487,-12,18,1,0,0
23488,-21,3,1,0,0
23489,-13,-15,1,0,0
23490,7,-19,1,0,0
23491,21,-3,1,0,0
23492,13,17,1,0,0
23493,-9,19,1,0,0
23494,-18,0,1,0,0
23495,-4,-14,1,0,0
23496,9,-5,1,0,0
23497,6,6,1,0,0
23498,-2,4,1,0,0
23499,-1,1,1,0,0
23500,0,0,1,0,0
23501,0,0,1,0,0
23502,1,3,1,0,0
23503,-7,5,1,0,0
23504,-10,-6,1,0,0
23505,3,-15,1,0,0
23506,17,-1,1,0,0
23507,8,18,1,0,0
23508,-14,16,1,0,0
23509,-22,-4,1,0,0
23510,-8,-20,1,0,0
23511,12,-16,1,0,0
23512,20,2,1,0,0
23513,11,17,1,0,0
23514,-7,21,1,0,0
23515,-20,10,1,0,0
23516,-22,-6,1,0,0
23517,-12,-18,1,0,0
23518,3,-21,1,0,0
23519,15,-15,1,0,0
23520,20,-4,1,0,0
23521,19,7,1,0,0
23522,12,16,1,0,0
23523,4,20,1,0,0
23524,-5,21,1,0,0
23525,-12,18,1,0,0
23526,-17,13,1,0,0
23527,-20,8,1,0,0
23528,-22,4,1,0,0
23529,-22,0,1,0,0
23530,-22,-4,1,0,0
23531,-21,-5,1,0,0
23532,-19,-5,1,0,0
23533,-15,-5,1,0,0
23534,-12,-4,1,0,0
23535,-8,-2,1,0,0
23536,-4,0,1,0,0
23537,-2,0,1,0,0
23538,0,0,1,0,0
23539,-2,0,1,0,0
23540,-4,0,1,0,0
23541,-8,-2,1,0,0
23542,-12,-4,1,0,0
23543,-15,-5,1,0,0
23544,-19,-5,1,0,0
23545,-21,-5,1,0,0
23546,-22,-4,1,0,0
23547,-22,0,1,0,0
23548,-22,4,1,0,0
23549,-20,8,1,0,0
23550,-17,13,1,0,0
23551,-12,18,1,0,0
23552,-5,21,1,0,0
23553,4,20,1,0,0
23554,12,16,1,0,0
23555,19,7,1,0,0
23556,20,-4,1,0,0
23557,15,-15,1,0,0
23558,3,-21,1,0,0
23559,-12,-18,1,0,0
23560,-22,-6,1,0,0
23561,-20,10,1,0,0
23562,-7,21,1,0,0
23563,11,17,1,0,0
23564,20,2,1,0,0
23565,12,-16,1,0,0
23566,-8,-20,1,0,0
23567,-22,-4,1,0,0
23568,-14,16,1,0,0
23569,8,18,1,0,0
23570,17,-1,1,0,0
23571,3,-15,1,0,0
23572,-10,-6,1,0,0
23573,-7,5,1,0,0
23574,1,3,1,0,0
23575,0,0,1,0,0
23576,0,0,1,0,0
23577,0,0,1,0,0
23578,0,0,1,0,0
23579,0,0,1,0,0
23580,0,0,1,0,0
23581,0,0,1,0,0
23582,0,0,1,0,0
23583,0,0,1,0,0
23584,0,0,1,0,0
23585,0,0,1,0,0
23586,0,0,1,0,0
23587,1,1,1,0,0
23588,4,2,1,0,0
23589,6,-6,1,0,0
23590,-5,-9,1,0,0
23591,-14,4,1,0,0
23592,0,18,1,0,0
23593,19,9,1,0,0
23594,17,-13,1,0,0
23595,-3,-21,1,0,0
23596,-19,-7,1,0,0
23597,-15,13,1,0,0
23598,3,21,1,0,0
23599,18,12,1,0,0
23600,22,-6,1,0,0
23601,11,-19,1,0,0
23602,-5,-21,1,0,0
23603,-17,-11,1,0,0
23604,-20,4,1,0,0
23605,-15,15,1,0,0
23606,-3,21,1,0,0
23607,8,20,1,0,0
23608,17,13,1,0,0
23609,21,5,1,0,0
23610,22,-4,1,0,0
23611,19,-11,1,0,0
23612,14,-16,1,0,0
23613,9,-19,1,0,0
23614,5,-21,1,0,0
23615,1,-21,1,0,0
23616,-3,-21,1,0,0
23617,-4,-20,1,0,0
23618,-4,-18,1,0,0
23619,-4,-14,1,0,0
23620,-3,-11,1,0,0
23621,-1,-7,1,0,0
23622,1,-3,1,0,0
23623,1,-1,1,0,0
23624,0,0,1,0,0
23625,-1,1,1,0,0
23626,-1,3,1,0,0
23627,1,7,1,0,0
23628,3,11,1,0,0
23629,4,14,1,0,0
23630,4,18,1,0,0
23631,4,20,1,0,0
23632,3,21,1,0,0
23633,-1,21,1,0,0
23634,-5,21,1,0,0
23635,-9,19,1,0,0
23636,-14,16,1,0,0
23637,-19,11,1,0,0
23638,-22,4,1,0,0
23639,-21,-5,1,0,0
23640,-17,-13,1,0,0
23641,-8,-20,1,0,0
23642,3,-21,1,0,0
23643,15,-15,1,0,0
23644,20,-4,1,0,0
23645,17,11,1,0,0
23646,5,21,1,0,0
23647,-11,19,1,0,0
23648,-22,6,1,0,0
23649,-18,-12,1,0,0
23650,-3,-21,1,0,0
23651,15,-13,1,0,0
23652,19,7,1,0,0
23653,3,21,1,0,0
23654,-17,13,1,0,0
23655,-19,-9,1,0,0
23656,0,-18,1,0,0
23657,14,-4,1,0,0
23658,5,9,1,0,0
23659,-6,6,1,0,0
23660,-4,-2,1,0,0
23661,-1,-1,1,0,0
23662,0,0,1,0,0
23663,0,0,1,0,0
23664,1,3,1,0,0
23665,-7,5,1,0,0
23666,-10,-6,1,0,0
23667,3,-15,1,0,0
23668,17,-1,1,0,0
23669,8,18,1,0,0
23670,-14,16,1,0,0
23671,-22,-4,1,0,0
23672,-8,-20,1,0,0
23673,12,-16,1,0,0
23674,20,2,1,0,0
23675,11,17,1,0,0
23676,-7,21,1,0,0
23677,-20,10,1,0,0
23678,-22,-6,1,0,0
23679,-12,-18,1,0,0
23680,3,-21,1,0,0
23681,15,-15,1,0,0
23682,20,-4,1,0,0
23683,19,7,1,0,0
23684,12,16,1,0,0
23685,4,20,1,0,0
23686,-5,21,1,0,0
23687,-12,18,1,0,0
23688,-17,13,1,0,0
23689,-20,8,1,0,0
23690,-22,4,1,0,0
23691,-22,0,1,0,0
23692,-22,-4,1,0,0
23693,-21,-5,1,0,0
23694,-19,-5,1,0,0
23695,-15,-5,1,0,0
23696,-12,-4,1,0,0
23697,-8,-2,1,0,0
23698,-4,0,1,0,0
23699,-2,0,1,0,0
23700,0,0,1,0,0
23701,-2,0,1,0,0
23702,-4,0,1,0,0
23703,-8,-2,1,0,0
23704,-12,-4,1,0,0
23705,-15,-5,1,0,0
23706,-19,-5,1,0,0
23707,-21,-5,1,0,0
23708,-22,-4,1,0,0
23709,-22,0,1,0,0
23710,-22,4,1,0,0
23711,-20,8,1,0,0
23712,-17,13,1,0,0
23713,-12,18,1,0,0
23714,-5,21,1,0,0
23715,4,20,1,0,0
23716,12,16,1,0,0
23717,19,7,1,0,0
23718,20,-4,1,0,0
23719,15,-15,1,0,0
23720,3,-21,1,0,0
23721,-12,-18,1,0,0
23722,-22,-6,1,0,0
23723,-20,10,1,0,0
23724,-7,21,1,0,0
23725,11,17,1,0,0
23726,20,2,1,0,0
23727,12,-16,1,0,0
23728,-8,-20,1,0,0
23729,-22,-4,1,0,0
23730,-14,16,1,0,0
23731,8,18,1,0,0
23732,17,-1,1,0,0
23733,3,-15,1,0,0
23734,-10,-6,1,0,0
23735,-7,5,1,0,0
23736,1,3,1,0,0
23737,0,0,1,0,0
23738,0,0,1,0,0
23739,0,0,1,0,0
23740,0,0,1,0,0
23741,0,0,1,0,0
23742,0,0,1,0,0
23743,0,0,1,0,0
23744,0,0,1,0,0
23745,0,0,1,0,0
23746,0,0,1,0,0
23747,0,0,1,0,0
23748,0,0,1,0,0
23749,0,0,1,0,0
23750,0,0,1,0,0
23751,0,0,1,0,0
23752,0,0,1,0,0
23753,0,0,1,0,0
23754,0,0,1,0,0
23755,0,0,1,0,0
23756,0,0,1,0,0
23757,0,0,1,0,0
23758,0,0,1,0,0
23759,0,0,1,0,0
23760,0,0,1,0,0
23761,0,0,1,0,0
23762,0,0,1,0,0
23763,0,0,1,0,0
23764,0,0,1,0,0
23765,0,0,1,0,0
23766,0,0,1,0,0
23767,0,0,1,0,0
23768,0,0,1,0,0
23769,0,0,1,0,0
23770,0,0,1,0,0
23771,0,0,1,0,0
23772,0,0,1,0,0
23773,0,0,1,0,0
23774,0,0,1,0,0
23775,0,0,1,0,0
23776,0,0,1,0,0
23777,0,0,1,0,0
23778,0,0,1,0,0
23779,0,0,1,0,0
23780,0,0,1,0,0
23781,0,0,1,0,0
23782,0,0,1,0,0
23783,0,0,1,0,0
23784,0,0,1,0,0
23785,0,0,1,0,0
23786,0,0,1,0,0
23787,0,0,1,0,0
23788,0,0,1,0,0
23789,0,0,1,0,0
23790,0,0,1,0,0
23791,0,0,1,0,0
23792,0,0,1,0,0
23793,0,0,1,0,0
23794,0,0,1,0,0
23795,0,0,1,0,0
23796,0,0,1,0,0
23797,0,0,1,0,0
23798,0,0,1,0,0
23799,0,0,1,0,0
23800,0,0,1,0,0
23801,0,0,1,0,0
23802,0,0,1,0,0
23803,0,0,1,0,0
23804,0,0,1,0,0
23805,0,0,1,0,0
23806,0,0,1,0,0
23807,0,0,1,0,0
23808,0,0,1,0,0
23809,-1,1,1,0,0
23810,-2,4,1,0,0
23811,6,6,1,0,0
23812,9,-5,1,0,0
23813,-4,-14,1,0,0
23814,-18,0,1,0,0
23815,-9,19,1,0,0
23816,13,17,1,0,0
23817,21,-3,1,0,0
23818,7,-19,1,0,0
23819,-13,-15,1,0,0
23820,-21,3,1,0,0
23821,-12,18,1,0,0
23822,6,22,1,0,0
23823,19,11,1,0,0
23824,21,-5,1,0,0
23825,11,-17,1,0,0
23826,-4,-20,1,0,0
23827,-15,-15,1,0,0
23828,-21,-3,1,0,0
23829,-20,8,1,0,0
23830,-13,17,1,0,0
23831,-5,21,1,0,0
23832,4,22,1,0,0
23833,11,19,1,0,0
23834,16,14,1,0,0
23835,19,9,1,0,0
23836,21,5,1,0,0
23837,21,1,1,0,0
23838,21,-3,1,0,0
23839,20,-4,1,0,0
23840,18,-4,1,0,0
23841,14,-4,1,0,0
23842,11,-3,1,0,0
23843,7,-1,1,0,0
23844,3,1,1,0,0
23845,1,1,1,0,0
23846,0,0,1,0,0
23847,-1,-1,1,0,0
23848,-3,-1,1,0,0
23849,-7,1,1,0,0
23850,-11,3,1,0,0
23851,-14,4,1,0,0
23852,-18,4,1,0,0
23853,-20,4,1,0,0
23854,-21,3,1,0,0
23855,-21,-1,1,0,0
23856,-21,-5,1,0,0
23857,-19,-9,1,0,0
23858,-16,-14,1,0,0
23859,-11,-19,1,0,0
23860,-4,-22,1,0,0
23861,5,-21,1,0,0
23862,13,-17,1,0,0
23863,20,-8,1,0,0
23864,21,3,1,0,0
23865,15,15,1,0,0
23866,4,20,1,0,0
23867,-11,17,1,0,0
23868,-21,5,1,0,0
23869,-19,-11,1,0,0
23870,-6,-22,1,0,0
23871,12,-18,1,0,0
23872,21,-3,1,0,0
23873,13,15,1,0,0
23874,-7,19,1,0,0
23875,-21,3,1,0,0
23876,-13,-17,1,0,0
23877,9,-19,1,0,0
23878,18,0,1,0,0
23879,4,14,1,0,0
23880,-9,5,1,0,0
23881,-6,-6,1,0,0
23882,2,-4,1,0,0
23883,1,-1,1,0,0
23884,0,0,1,0,0
23885,0,0,1,0,0
23886,3,-1,1,0,0
23887,5,7,1,0,0
23888,-6,10,1,0,0
23889,-15,-3,1,0,0
23890,-1,-17,1,0,0
23891,18,-8,1,0,0
23892,16,14,1,0,0
23893,-4,22,1,0,0
23894,-20,8,1,0,0
23895,-16,-12,1,0,0
23896,2,-20,1,0,0
23897,17,-11,1,0,0
23898,21,7,1,0,0
23899,10,20,1,0,0
23900,-6,22,1,0,0
23901,-18,12,1,0,0
23902,-21,-3,1,0,0
23903,-15,-15,1,0,0
23904,-4,-20,1,0,0
23905,7,-19,1,0,0
23906,16,-12,1,0,0
23907,20,-4,1,0,0
23908,21,5,1,0,0
23909,18,12,1,0,0
23910,13,17,1,0,0
23911,8,20,1,0,0
23912,4,22,1,0,0
23913,0,22,1,0,0
23914,-4,22,1,0,0
23915,-5,21,1,0,0
23916,-5,19,1,0,0
23917,-5,15,1,0,0
23918,-4,12,1,0,0
23919,-2,8,1,0,0
23920,0,4,1,0,0
23921,0,2,1,0,0
23922,0,0,1,0,0
23923,0,2,1,0,0
23924,0,4,1,0,0
23925,-2,8,1,0,0
23926,-4,12,1,0,0
23927,-5,15,1,0,0
23928,-5,19,1,0,0
23929,-5,21,1,0,0
23930,-4,22,1,0,0
23931,0,22,1,0,0
23932,4,22,1,0,0
23933,8,20,1,0,0
23934,13,17,1,0,0
23935,18,12,1,0,0
23936,21,5,1,0,0
23937,20,-4,1,0,0
23938,16,-12,1,0,0
23939,7,-19,1,0,0
23940,-4,-20,1,0,0
23941,-15,-15,1,0,0
23942,-21,-3,1,0,0
23943,-18,12,1,0,0
23944,-6,22,1,0,0
23945,10,20,1,0,0
23946,21,7,1,0,0
23947,17,-11,1,0,0
23948,2,-20,1,0,0
23949,-16,-12,1,0,0
23950,-20,8,1,0,0
23951,-4,22,1,0,0
23952,16,14,1,0,0
23953,18,-8,1,0,0
23954,-1,-17,1,0,0
23955,-15,-3,1,0,0
23956,-6,10,1,0,0
23957,5,7,1,0,0
23958,3,-1,1,0,0
23959,0,0,1,0,0
23960,0,0,1,0,0
23961,0,0,1,0,0
23962,0,0,1,0,0
23963,0,0,1,0,0
23964,0,0,1,0,0
23965,0,0,1,0,0
23966,0,0,1,0,0
23967,0,0,1,0,0
23968,0,0,1,0,0
23969,0,0,1,0,0
23970,0,0,1,0,0
23971,-1,1,1,0,0
23972,-2,4,1,0,0
23973,6,6,1,0,0
23974,9,-5,1,0,0
23975,-4,-14,1,0,0
23976,-18,0,1,0,0
23977,-9,19,1,0,0
23978,13,17,1,0,0
23979,21,-3,1,0,0
23980,7,-19,1,0,0
23981,-13,-15,1,0,0
23982,-21,3,1,0,0
23983,-12,18,1,0,0
23984,6,22,1,0,0
23985,19,11,1,0,0
23986,21,-5,1,0,0
23987,11,-17,1,0,0
23988,-4,-20,1,0,0
23989,-15,-15,1,0,0
23990,-21,-3,1,0,0
23991,-20,8,1,0,0
23992,-13,17,1,0,0
23993,-5,21,1,0,0
23994,4,22,1,0,0
23995,11,19,1,0,0
23996,16,14,1,0,0
23997,19,9,1,0,0
23998,21,5,1,0,0
23999,21,1,1,0,0
24000,21,-3,1,0,0
24001,20,-4,1,0,0
24002,18,-4,1,0,0
24003,14,-4,1,0,0
24004,11,-3,1,0,0
24005,7,-1,1,0,0
24006,3,1,1,0,0
24007,1,1,1,0,0
24008,0,0,1,0,0
24009,-1,-1,1,0,0
24010,-3,-1,1,0,0
24011,-7,1,1,0,0
24012,-11,3,1,0,0
24013,-14,4,1,0,0
24014,-18,4,1,0,0
24015,-20,4,1,0,0
24016,-21,3,1,0,0
24017,-21,-1,1,0,0
24018,-21,-5,1,0,0
24019,-19,-9,1,0,0
24020,-16,-14,1,0,0
24021,-11,-19,1,0,0
24022,-4,-22,1,0,0
24023,5,-21,1,0,0
24024,13,-17,1,0,0
24025,20,-8,1,0,0
24026,21,3,1,0,0
24027,15,15,1,0,0
24028,4,20,1,0,0
24029,-11,17,1,0,0
24030,-21,5,1,0,0
24031,-19,-11,1,0,0
24032,-6,-22,1,0,0
24033,12,-18,1,0,0
24034,21,-3,1,0,0
24035,13,15,1,0,0
24036,-7,19,1,0,0
24037,-21,3,1,0,0
24038,-13,-17,1,0,0
24039,9,-19,1,0,0
24040,18,0,1,0,0
24041,4,14,1,0,0
24042,-9,5,1,0,0
24043,-6,-6,1,0,0
24044,2,-4,1,0,0
24045,1,-1,1,0,0
24046,0,0,1,0,0
24047,0,0,1,0,0
24048,-1,-3,1,0,0
24049,7,-5,1,0,0
24050,10,6,1,0,0
24051,-3,15,1,0,0
24052,-17,1,1,0,0
24053,-8,-18,1,0,0
24054,14,-16,1,0,0
24055,22,4,1,0,0
24056,8,20,1,0,0
24057,-12,16,1,0,0
24058,-20,-2,1,0,0
24059,-11,-17,1,0,0
24060,7,-21,1,0,0
24061,20,-10,1,0,0
24062,22,6,1,0,0
24063,12,18,1,0,0
24064,-3,21,1,0,0
24065,-15,15,1,0,0
24066,-20,4,1,0,0
24067,-19,-7,1,0,0
24068,-12,-16,1,0,0
24069,-4,-20,1,0,0
24070,5,-21,1,0,0
24071,12,-18,1,0,0
24072,17,-13,1,0,0
24073,20,-8,1,0,0
24074,22,-4,1,0,0
24075,22,0,1,0,0
24076,22,4,1,0,0
24077,21,5,1,0,0
24078,19,5,1,0,0
24079,15,5,1,0,0
24080,12,4,1,0,0
24081,8,2,1,0,0
24082,4,0,1,0,0
24083,2,0,1,0,0
24084,0,0,1,0,0
24085,-2,0,1,0,0
24086,-4,0,1,0,0
24087,-8,-2,1,0,0
24088,-12,-4,1,0,0
24089,-15,-5,1,0,0
24090,-19,-5,1,0,0
24091,-21,-5,1,0,0
24092,-22,-4,1,0,0
24093,-22,0,1,0,0
24094,-22,4,1,0,0
24095,-20,8,1,0,0
24096,-17,13,1,0,0
24097,-12,18,1,0,0
24098,-5,21,1,0,0
24099,4,20,1,0,0
24100,12,16,1,0,0
24101,19,7,1,0,0
24102,20,-4,1,0,0
24103,15,-15,1,0,0
24104,3,-21,1,0,0
24105,-12,-18,1,0,0
24106,-22,-6,1,0,0
24107,-20,10,1,0,0
24108,-7,21,1,0,0
24109,11,17,1,0,0
24110,20,2,1,0,0
24111,12,-16,1,0,0
24112,-8,-20,1,0,0
24113,-22,-4,1,0,0
24114,-14,16,1,0,0
24115,8,18,1,0,0
24116,17,-1,1,0,0
24117,3,-15,1,0,0
24118,-10,-6,1,0,0
24119,-7,5,1,0,0
24120,1,3,1,0,0
24121,0,0,1,0,0
24122,0,0,1,0,0
24123,0,0,1,0,0
24124,0,0,1,0,0
24125,0,0,1,0,0
24126,0,0,1,0,0
24127,0,0,1,0,0
24128,0,0,1,0,0
24129,0,0,1,0,0
24130,0,0,1,0,0
24131,0,0,1,0,0
24132,0,0,1,0,0
24133,0,0,1,0,0
24134,0,0,1,0,0
24135,0,0,1,0,0
24136,0,0,1,0,0
24137,0,0,1,0,0
24138,0,0,1,0,0
24139,0,0,1,0,0
24140,0,0,1,0,0
24141,0,0,1,0,0
24142,0,0,1,0,0
24143,0,0,1,0,0
24144,0,0,1,0,0
24145,0,0,1,0,0
24146,0,0,1,0,0
24147,0,0,1,0,0
24148,0,0,1,0,0
24149,0,0,1,0,0
24150,0,0,1,0,0
24151,0,0,1,0,0
24152,0,0,1,0,0
24153,0,0,1,0,0
24154,0,0,1,0,0
24155,0,0,1,0,0
24156,0,0,1,0,0
24157,0,0,1,0,0
24158,0,0,1,0,0
24159,0,0,1,0,0
24160,0,0,1,0,0
24161,0,0,1,0,0
24162,0,0,1,0,0
24163,0,0,1,0,0
24164,0,0,1,0,0
24165,0,0,1,0,0
24166,0,0,1,0,0
24167,0,0,1,0,0
24168,0,0,1,0,0
24169,0,0,1,0,0
24170,0,0,1,0,0
24171,0,0,1,0,0
24172,0,0,1,0,0
24173,0,0,1,0,0
24174,0,0,1,0,0
24175,0,0,1,0,0
24176,0,0,1,0,0
24177,0,0,1,0,0
24178,0,0,1,0,0
24179,0,0,1,0,0
24180,0,0,1,0,0
24181,0,0,1,0,0
24182,0,0,1,0,0
24183,0,0,1,0,0
24184,0,0,1,0,0
24185,0,0,1,0,0
24186,0,0,1,0,0
24187,0,0,1,0,0
24188,0,0,1,0,0
24189,0,0,1,0,0
24190,0,0,1,0,0
24191,0,0,1,0,0
24192,0,0,1,0,0
24193,-1,-1,1,0,0
24194,-4,-2,1,0,0
24195,-6,6,1,0,0
24196,5,9,1,0,0
24197,14,-4,1,0,0
24198,0,-18,1,0,0
24199,-19,-9,1,0,0
24200,-17,13,1,0,0
24201,3,21,1,0,0
24202,19,7,1,0,0
24203,15,-13,1,0,0
24204,-3,-21,1,0,0
24205,-18,-12,1,0,0
24206,-22,6,1,0,0
24207,-11,19,1,0,0
24208,5,21,1,0,0
24209,17,11,1,0,0
24210,20,-4,1,0,0
24211,15,-15,1,0,0
24212,3,-21,1,0,0
24213,-8,-20,1,0,0
24214,-17,-13,1,0,0
24215,-21,-5,1,0,0
24216,-22,4,1,0,0
24217,-19,11,1,0,0
24218,-14,16,1,0,0
24219,-9,19,1,0,0
24220,-5,21,1,0,0
24221,-1,21,1,0,0
24222,3,21,1,0,0
24223,4,20,1,0,0
24224,4,18,1,0,0
24225,4,14,1,0,0
24226,3,11,1,0,0
24227,1,7,1,0,0
24228,-1,3,1,0,0
24229,-1,1,1,0,0
24230,0,0,1,0,0
24231,1,-1,1,0,0
24232,1,-3,1,0,0
24233,-1,-7,1,0,0
24234,-3,-11,1,0,0
24235,-4,-14,1,0,0
24236,-4,-18,1,0,0
24237,-4,-20,1,0,0
24238,-3,-21,1,0,0
24239,1,-21,1,0,0
24240,5,-21,1,0,0
24241,9,-19,1,0,0
24242,14,-16,1,0,0
24243,19,-11,1,0,0
24244,22,-4,1,0,0
24245,21,5,1,0,0
24246,17,13,1,0,0
24247,8,20,1,0,0
24248,-3,21,1,0,0
24249,-15,15,1,0,0
24250,-20,4,1,0,0
24251,-17,-11,1,0,0
24252,-5,-21,1,0,0
24253,11,-19,1,0,0
24254,22,-6,1,0,0
24255,18,12,1,0,0
24256,3,21,1,0,0
24257,-15,13,1,0,0
24258,-19,-7,1,0,0
24259,-3,-21,1,0,0
24260,17,-13,1,0,0
24261,19,9,1,0,0
24262,0,18,1,0,0
24263,-14,4,1,0,0
24264,-5,-9,1,0,0
24265,6,-6,1,0,0
24266,4,2,1,0,0
24267,1,1,1,0,0
24268,0,0,1,0,0
24269,0,0,1,0,0
24270,-3,1,1,0,0
24271,-5,-7,1,0,0
24272,6,-10,1,0,0
24273,15,3,1,0,0
24274,1,17,1,0,0
24275,-18,8,1,0,0
24276,-16,-14,1,0,0
24277,4,-22,1,0,0
24278,20,-8,1,0,0
24279,16,12,1,0,0
24280,-2,20,1,0,0
24281,-17,11,1,0,0
24282,-21,-7,1,0,0
24283,-10,-20,1,0,0
24284,6,-22,1,0,0
24285,18,-12,1,0,0
24286,21,3,1,0,0
24287,15,15,1,0,0
24288,4,20,1,0,0
24289,-7,19,1,0,0
24290,-16,12,1,0,0
24291,-20,4,1,0,0
24292,-21,-5,1,0,0
24293,-18,-12,1,0,0
24294,-13,-17,1,0,0
24295,-8,-20,1,0,0
24296,-4,-22,1,0,0
24297,0,-22,1,0,0
24298,4,-22,1,0,0
24299,5,-21,1,0,0
24300,5,-19,1,0,0
24301,5,-15,1,0,0
24302,4,-12,1,0,0
24303,2,-8,1,0,0
24304,0,-4,1,0,0
24305,0,-2,1,0,0
24306,0,0,1,0,0
24307,0,-2,1,0,0
24308,0,-4,1,0,0
24309,2,-8,1,0,0
24310,4,-12,1,0,0
24311,5,-15,1,0,0
24312,5,-19,1,0,0
24313,5,-21,1,0,0
24314,4,-22,1,0,0
24315,0,-22,1,0,0
24316,-4,-22,1,0,0
24317,-8,-20,1,0,0
24318,-13,-17,1,0,0
24319,-18,-12,1,0,0
24320,-21,-5,1,0,0
24321,-20,4,1,0,0
24322,-16,12,1,0,0
24323,-7,19,1,0,0
24324,4,20,1,0,0
24325,15,15,1,0,0
24326,21,3,1,0,0
24327,18,-12,1,0,0
24328,6,-22,1,0,0
24329,-10,-20,1,0,0
24330,-21,-7,1,0,0
24331,-17,11,1,0,0
24332,-2,20,1,0,0
24333,16,12,1,0,0
24334,20,-8,1,0,0
24335,4,-22,1,0,0
24336,-16,-14,1,0,0
24337,-18,8,1,0,0
24338,1,17,1,0,0
24339,15,3,1,0,0
24340,6,-10,1,0,0
24341,-5,-7,1,0,0
24342,-3,1,1,0,0
24343,0,0,1,0,0
24344,0,0,1,0,0
24345,0,0,1,0,0
24346,0,0,1,0,0
24347,0,0,1,0,0
24348,0,0,1,0,0
24349,0,0,1,0,0
24350,0,0,1,0,0
24351,0,0,1,0,0
24352,0,0,1,0,0
24353,0,0,1,0,0
24354,0,0,1,0,0
24355,1,-1,1,0,0
24356,2,-4,1,0,0
24357,-6,-6,1,0,0
24358,-9,5,1,0,0
24359,4,14,1,0,0
24360,18,0,1,0,0
24361,9,-19,1,0,0
24362,-13,-17,1,0,0
24363,-21,3,1,0,0
24364,-7,19,1,0,0
24365,13,15,1,0,0
24366,21,-3,1,0,0
24367,12,-18,1,0,0
24368,-6,-22,1,0,0
24369,-19,-11,1,0,0
24370,-21,5,1,0,0
24371,-11,17,1,0,0
24372,4,20,1,0,0
24373,15,15,1,0,0
24374,21,3,1,0,0
24375,20,-8,1,0,0
24376,13,-17,1,0,0
24377,5,-21,1,0,0
24378,-4,-22,1,0,0
24379,-11,-19,1,0,0
24380,-16,-14,1,0,0
24381,-19,-9,1,0,0
24382,-21,-5,1,0,0
24383,-21,-1,1,0,0
24384,-21,3,1,0,0
24385,-20,4,1,0,0
24386,-18,4,1,0,0
24387,-14,4,1,0,0
24388,-11,3,1,0,0
24389,-7,1,1,0,0
24390,-3,-1,1,0,0
24391,-1,-1,1,0,0
24392,0,0,1,0,0
24393,1,1,1,0,0
24394,3,1,1,0,0
24395,7,-1,1,0,0
24396,11,-3,1,0,0
24397,14,-4,1,0,0
24398,18,-4,1,0,0
24399,20,-4,1,0,0
24400,21,-3,1,0,0
24401,21,1,1,0,0
24402,21,5,1,0,0
24403,19,9,1,0,0
24404,16,14,1,0,0
24405,11,19,1,0,0
24406,4,22,1,0,0
24407,-5,21,1,0,0
24408,-13,17,1,0,0
24409,-20,8,1,0,0
24410,-21,-3,1,0,0
24411,-15,-15,1,0,0
24412,-4,-20,1,0,0
24413,11,-17,1,0,0
24414,21,-5,1,0,0
24415,19,11,1,0,0
24416,6,22,1,0,0
24417,-12,18,1,0,0
24418,-21,3,1,0,0
24419,-13,-15,1,0,0
24420,7,-19,1,0,0
24421,21,-3,1,0,0
24422,13,17,1,0,0
24423,-9,19,1,0,0
24424,-18,0,1,0,0
24425,-4,-14,1,0,0
24426,9,-5,1,0,0
24427,6,6,1,0,0
24428,-2,4,1,0,0
24429,-1,1,1,0,0
24430,0,0,1,0,0
24431,0,0,1,0,0
24432,3,-1,1,0,0
24433,5,7,1,0,0
24434,-6,10,1,0,0
24435,-15,-3,1,0,0
24436,-1,-17,1,0,0
24437,18,-8,1,0,0
24438,16,14,1,0,0
24439,-4,22,1,0,0
24440,-20,8,1,0,0
24441,-16,-12,1,0,0
24442,2,-20,1,0,0
24443,17,-11,1,0,0
24444,21,7,1,0,0
24445,10,20,1,0,0
24446,-6,22,1,0,0
24447,-18,12,1,0,0
24448,-21,-3,1,0,0
24449,-15,-15,1,0,0
24450,-4,-20,1,0,0
24451,7,-19,1,0,0
24452,16,-12,1,0,0
24453,20,-4,1,0,0
24454,21,5,1,0,0
24455,18,12,1,0,0
24456,13,17,1,0,0
24457,8,20,1,0,0
24458,4,22,1,0,0
24459,0,22,1,0,0
24460,-4,22,1,0,0
24461,-5,21,1,0,0
24462,-5,19,1,0,0
24463,-5,15,1,0,0
24464,-4,12,1,0,0
24465,-2,8,1,0,0
24466,0,4,1,0,0
24467,0,2,1,0,0
24468,0,0,1,0,0
24469,2,0,1,0,0
24470,4,0,1,0,0
24471,8,2,1,0,0
24472,12,4,1,0,0
24473,15,5,1,0,0
24474,19,5,1,0,0
24475,21,5,1,0,0
24476,22,4,1,0,0
24477,22,0,1,0,0
24478,22,-4,1,0,0
24479,20,-8,1,0,0
24480,17,-13,1,0,0
24481,12,-18,1,0,0
24482,5,-21,1,0,0
24483,-4,-20,1,0,0
24484,-12,-16,1,0,0
24485,-19,-7,1,0,0
24486,-20,4,1,0,0
24487,-15,15,1,0,0
24488,-3,21,1,0,0
24489,12,18,1,0,0
24490,22,6,1,0,0
24491,20,-10,1,0,0
24492,7,-21,1,0,0
24493,-11,-17,1,0,0
24494,-20,-2,1,0,0
24495,-12,16,1,0,0
24496,8,20,1,0,0
24497,22,4,1,0,0
24498,14,-16,1,0,0
24499,-8,-18,1,0,0
24500,-17,1,1,0,0
24501,-3,15,1,0,0
24502,10,6,1,0,0
24503,7,-5,1,0,0
24504,-1,-3,1,0,0
24505,0,0,1,0,0
24506,0,0,1,0,0
24507,0,0,1,0,0
24508,0,0,1,0,0
24509,0,0,1,0,0
24510,0,0,1,0,0
24511,0,0,1,0,0
24512,0,0,1,0,0
24513,0,0,1,0,0
24514,0,0,1,0,0
24515,0,0,1,0,0
24516,0,0,1,0,0
24517,0,0,1,0,0
24518,0,0,1,0,0
24519,0,0,1,0,0
24520,0,0,1,0,0
24521,0,0,1,0,0
24522,0,0,1,0,0
24523,0,0,1,0,0
24524,0,0,1,0,0
24525,0,0,1,0,0
24526,0,0,1,0,0
24527,0,0,1,0,0
24528,0,0,1,0,0
24529,0,0,1,0,0
24530,0,0,1,0,0
24531,0,0,1,0,0
24532,0,0,1,0,0
24533,0,0,1,0,0
24534,0,0,1,0,0
24535,0,0,1,0,0
24536,0,0,1,0,0
24537,0,0,1,0,0
24538,0,0,1,0,0
24539,0,0,1,0,0
24540,0,0,1,0,0
24541,0,0,1,0,0
24542,0,0,1,0,0
24543,0,0,1,0,0
24544,0,0,1,0,0
24545,0,0,1,0,0
24546,0,0,1,0,0
24547,0,0,1,0,0
24548,0,0,1,0,0
24549,0,0,1,0,0
24550,0,0,1,0,0
24551,0,0,1,0,0
24552,0,0,1,0,0
24553,0,0,1,0,0
24554,0,0,1,0,0
24555,0,0,1,0,0
24556,0,0,1,0,0
24557,0,0,1,0,0
24558,0,0,1,0,0
24559,0,0,1,0,0
24560,0,0,1,0,0
24561,0,0,1,0,0
24562,0,0,1,0,0
24563,0,0,1,0,0
24564,0,0,1,0,0
24565,0,0,1,0,0
24566,0,0,1,0,0
24567,0,0,1,0,0
24568,0,0,1,0,0
24569,0,0,1,0,0
24570,0,0,1,0,0
24571,0,0,1,0,0
24572,0,0,1,0,0
24573,0,0,1,0,0
24574,0,0,1,0,0
24575,0,0,1,0,0
24576,0,0,1,0,0
24577,1,1,1,0,0
24578,4,2,1,0,0
24579,6,-6,1,0,0
24580,-5,-9,1,0,0
24581,-14,4,1,0,0
24582,0,18,1,0,0
24583,19,9,1,0,0
24584,17,-13,1,0,0
24585,-3,-21,1,0,0
24586,-19,-7,1,0,0
24587,-15,13,1,0,0
24588,3,21,1,0,0
24589,18,12,1,0,0
24590,22,-6,1,0,0
24591,11,-19,1,0,0
24592,-5,-21,1,0,0
24593,-17,-11,1,0,0
24594,-20,4,1,0,0
24595,-15,15,1,0,0
24596,-3,21,1,0,0
24597,8,20,1,0,0
24598,17,13,1,0,0
24599,21,5,1,0,0
24600,22,-4,1,0,0
24601,19,-11,1,0,0
24602,14,-16,1,0,0
24603,9,-19,1,0,0
24604,5,-21,1,0,0
24605,1,-21,1,0,0
24606,-3,-21,1,0,0
24607,-4,-20,1,0,0
24608,-4,-18,1,0,0
24609,-4,-14,1,0,0
24610,-3,-11,1,0,0
24611,-1,-7,1,0,0
24612,1,-3,1,0,0
24613,1,-1,1,0,0
24614,0,0,1,0,0
24615,-1,1,1,0,0
24616,-1,3,1,0,0
24617,1,7,1,0,0
24618,3,11,1,0,0
24619,4,14,1,0,0
24620,4,18,1,0,0
24621,4,20,1,0,0
24622,3,21,1,0,0
24623,-1,21,1,0,0
24624,-5,21,1,0,0
24625,-9,19,1,0,0
24626,-14,16,1,0,0
24627,-19,11,1,0,0
24628,-22,4,1,0,0
24629,-21,-5,1,0,0
24630,-17,-13,1,0,0
24631,-8,-20,1,0,0
24632,3,-21,1,0,0
24633,15,-15,1,0,0
24634,20,-4,1,0,0
24635,17,11,1,0,0
24636,5,21,1,0,0
24637,-11,19,1,0,0
24638,-22,6,1,0,0
24639,-18,-12,1,0,0
24640,-3,-21,1,0,0
24641,15,-13,1,0,0
24642,19,7,1,0,0
24643,3,21,1,0,0
24644,-17,13,1,0,0
24645,-19,-9,1,0,0
24646,0,-18,1,0,0
24647,14,-4,1,0,0
24648,5,9,1,0,0
24649,-6,6,1,0,0
24650,-4,-2,1,0,0
24651,-1,-1,1,0,0
24652,0,0,1,0,0
24653,0,0,1,0,0
24654,-1,-3,1,0,0
24655,7,-5,1,0,0
24656,10,6,1,0,0
24657,-3,15,1,0,0
24658,-17,1,1,0,0
24659,-8,-18,1,0,0
24660,14,-16,1,0,0
24661,22,4,1,0,0
24662,8,20,1,0,0
24663,-12,16,1,0,0
24664,-20,-2,1,0,0
24665,-11,-17,1,0,0
24666,7,-21,1,0,0
24667,20,-10,1,0,0
24668,22,6,1,0,0
24669,12,18,1,0,0
24670,-3,21,1,0,0
24671,-15,15,1,0,0
24672,-20,4,1,0,0
24673,-19,-7,1,0,0
24674,-12,-16,1,0,0
24675,-4,-20,1,0,0
24676,5,-21,1,0,0
24677,12,-18,1,0,0
24678,17,-13,1,0,0
24679,20,-8,1,0,0
24680,22,-4,1,0,0
24681,22,0,1,0,0
24682,22,4,1,0,0
24683,21,5,1,0,0
24684,19,5,1,0,0
24685,15,5,1,0,0
24686,12,4,1,0,0
24687,8,2,1,0,0
24688,4,0,1,0,0
24689,2,0,1,0,0
24690,0,0,1,0,0
24691,-2,0,1,0,0
24692,-4,0,1,0,0
24693,-8,-2,1,0,0
24694,-12,-4,1,0,0
24695,-15,-5,1,0,0
24696,-19,-5,1,0,0
24697,-21,-5,1,0,0
24698,-22,-4,1,0,0
24699,-22,0,1,0,0
24700,-22,4,1,0,0
24701,-20,8,1,0,0
24702,-17,13,1,0,0
24703,-12,18,1,0,0
24704,-5,21,1,0,0
24705,4,20,1,0,0
24706,12,16,1,0,0
24707,19,7,1,0,0
24708,20,-4,1,0,0
24709,15,-15,1,0,0
24710,3,-21,1,0,0
24711,-12,-18,1,0,0
24712,-22,-6,1,0,0
24713,-20,10,1,0,0
24714,-7,21,1,0,0
24715,11,17,1,0,0
24716,20,2,1,0,0
24717,12,-16,1,0,0
24718,-8,-20,1,0,0
24719,-22,-4,1,0,0
24720,-14,16,1,0,0
24721,8,18,1,0,0
24722,17,-1,1,0,0
24723,3,-15,1,0,0
24724,-10,-6,1,0,0
24725,-7,5,1,0,0
24726,1,3,1,0,0
24727,0,0,1,0,0
24728,0,0,1,0,0
24729,0,0,1,0,0
24730,0,0,1,0,0
24731,0,0,1,0,0
24732,0,0,1,0,0
24733,0,0,1,0,0
24734,0,0,1,0,0
24735,0,0,1,0,0
24736,0,0,1,0,0
24737,0,0,1,0,0
24738,0,0,1,0,0
24739,-1,1,1,0,0
24740,-2,4,1,0,0
24741,6,6,1,0,0
24742,9,-5,1,0,0
24743,-4,-14,1,0,0
24744,-18,0,1,0,0
24745,-9,19,1,0,0
24746,13,17,1,0,0
24747,21,-3,1,0,0
24748,7,-19,1,0,0
24749,-13,-15,1,0,0
24750,-21,3,1,0,0
24751,-12,18,1,0,0
24752,6,22,1,0,0
24753,19,11,1,0,0
24754,21,-5,1,0,0
24755,11,-17,1,0,0
24756,-4,-20,1,0,0
24757,-15,-15,1,0,0
24758,-21,-3,1,0,0
24759,-20,8,1,0,0
24760,-13,17,1,0,0
24761,-5,21,1,0,0
24762,4,22,1,0,0
24763,11,19,1,0,0
24764,16,14,1,0,0
24765,19,9,1,0,0
24766,21,5,1,0,0
24767,21,1,1,0,0
24768,21,-3,1,0,0
24769,20,-4,1,0,0
24770,18,-4,1,0,0
24771,14,-4,1,0,0
24772,11,-3,1,0,0
24773,7,-1,1,0,0
24774,3,1,1,0,0
24775,1,1,1,0,0
24776,0,0,1,0,0
24777,-1,-1,1,0,0
24778,-3,-1,1,0,0
24779,-7,1,1,0,0
24780,-11,3,1,0,0
24781,-14,4,1,0,0
24782,-18,4,1,0,0
24783,-20,4,1,0,0
24784,-21,3,1,0,0
24785,-21,-1,1,0,0
24786,-21,-5,1,0,0
24787,-19,-9,1,0,0
24788,-16,-14,1,0,0
24789,-11,-19,1,0,0
24790,-4,-22,1,0,0
24791,5,-21,1,0,0
24792,13,-17,1,0,0
24793,20,-8,1,0,0
24794,21,3,1,0,0
24795,15,15,1,0,0
24796,4,20,1,0,0
24797,-11,17,1,0,0
24798,-21,5,1,0,0
24799,-19,-11,1,0,0
24800,-6,-22,1,0,0
24801,12,-18,1,0,0
24802,21,-3,1,0,0
24803,13,15,1,0,0
24804,-7,19,1,0,0
24805,-21,3,1,0,0
24806,-13,-17,1,0,0
24807,9,-19,1,0,0
24808,18,0,1,0,0
24809,4,14,1,0,0
24810,-9,5,1,0,0
24811,-6,-6,1,0,0
24812,2,-4,1,0,0
24813,1,-1,1,0,0
24814,0,0,1,0,0
24815,0,0,1,0,0
24816,-3,1,1,0,0
24817,-5,-7,1,0,0
24818,6,-10,1,0,0
24819,15,3,1,0,0
24820,1,17,1,0,0
24821,-18,8,1,0,0
24822,-16,-14,1,0,0
24823,4,-22,1,0,0
24824,20,-8,1,0,0
24825,16,12,1,0,0
24826,-2,20,1,0,0
24827,-17,11,1,0,0
24828,-21,-7,1,0,0
24829,-10,-20,1,0,0
24830,6,-22,1,0,0
24831,18,-12,1,0,0
24832,21,3,1,0,0
24833,15,15,1,0,0
24834,4,20,1,0,0
24835,-7,19,1,0,0
24836,-16,12,1,0,0
24837,-20,4,1,0,0
24838,-21,-5,1,0,0
24839,-18,-12,1,0,0
24840,-13,-17,1,0,0
24841,-8,-20,1,0,0
24842,-4,-22,1,0,0
24843,0,-22,1,0,0
24844,4,-22,1,0,0
24845,5,-21,1,0,0
24846,5,-19,1,0,0
24847,5,-15,1,0,0
24848,4,-12,1,0,0
24849,2,-8,1,0,0
24850,0,-4,1,0,0
24851,0,-2,1,0,0
24852,0,0,1,0,0
24853,0,-2,1,0,0
24854,0,-4,1,0,0
24855,2,-8,1,0,0
24856,4,-12,1,0,0
24857,5,-15,1,0,0
24858,5,-19,1,0,0
24859,5,-21,1,0,0
24860,4,-22,1,0,0
24861,0,-22,1,0,0
24862,-4,-22,1,0,0
24863,-8,-20,1,0,0
24864,-13,-17,1,0,0
24865,-18,-12,1,0,0
24866,-21,-5,1,0,0
24867,-20,4,1,0,0
24868,-16,12,1,0,0
24869,-7,19,1,0,0
24870,4,20,1,0,0
24871,15,15,1,0,0
24872,21,3,1,0,0
24873,18,-12,1,0,0
24874,6,-22,1,0,0
24875,-10,-20,1,0,0
24876,-21,-7,1,0,0
24877,-17,11,1,0,0
24878,-2,20,1,0,0
24879,16,12,1,0,0
24880,20,-8,1,0,0
24881,4,-22,1,0,0
24882,-16,-14,1,0,0
24883,-18,8,1,0,0
24884,1,17,1,0,0
24885,15,3,1,0,0
24886,6,-10,1,0,0
24887,-5,-7,1,0,0
24888,-3,1,1,0,0
24889,0,0,1,0,0
24890,0,0,1,0,0
24891,0,0,1,0,0
24892,0,0,1,0,0
24893,0,0,1,0,0
24894,0,0,1,0,0
24895,0,0,1,0,0
24896,0,0,1,0,0
24897,0,0,1,0,0
24898,0,0,1,0,0
24899,0,0,1,0,0
24900,0,0,1,0,0
24901,0,0,1,0,0
24902,0,0,1,0,0
24903,0,0,1,0,0
24904,0,0,1,0,0
24905,0,0,1,0,0
24906,0,0,1,0,0
24907,0,0,1,0,0
24908,0,0,1,0,0
24909,0,0,1,0,0
24910,0,0,1,0,0
24911,0,0,1,0,0
24912,0,0,1,0,0
24913,0,0,1,0,0
24914,0,0,1,0,0
24915,0,0,1,0,0
24916,0,0,1,0,0
24917,0,0,1,0,0
24918,0,0,1,0,0
24919,0,0,1,0,0
24920,0,0,1,0,0
24921,0,0,1,0,0
24922,0,0,1,0,0
24923,0,0,1,0,0
24924,0,0,1,0,0
24925,0,0,1,0,0
24926,0,0,1,0,0
24927,0,0,1,0,0
24928,0,0,1,0,0
24929,0,0,1,0,0
24930,0,0,1,0,0
24931,0,0,1,0,0
24932,0,0,1,0,0
24933,0,0,1,0,0
24934,0,0,1,0,0
24935,0,0,1,0,0
24936,0,0,1,0,0
24937,0,0,1,0,0
24938,0,0,1,0,0
24939,0,0,1,0,0
24940,0,0,1,0,0
24941,0,0,1,0,0
24942,0,0,1,0,0
24943,0,0,1,0,0
24944,0,0,1,0,0
24945,0,0,1,0,0
24946,0,0,1,0,0
24947,0,0,1,0,0
24948,0,0,1,0,0
24949,0,0,1,0,0
24950,0,0,1,0,0
24951,0,0,1,0,0
24952,0,0,1,0,0
24953,0,0,1,0,0
24954,0,0,1,0,0
24955,0,0,1,0,0
24956,0,0,1,0,0
24957,0,0,1,0,0
24958,0,0,1,0,0
24959,0,0,1,0,0
24960,0,0,1,0,0
24961,1,1,1,0,0
24962,4,2,1,0,0
24963,6,-6,1,0,0
24964,-5,-9,1,0,0
24965,-14,4,1,0,0
24966,0,18,1,0,0
24967,19,9,1,0,0
24968,17,-13,1,0,0
24969,-3,-21,1,0,0
24970,-19,-7,1,0,0
24971,-15,13,1,0,0
24972,3,21,1,0,0
24973,18,12,1,0,0
24974,22,-6,1,0,0
24975,11,-19,1,0,0
24976,-5,-21,1,0,0
24977,-17,-11,1,0,0
24978,-20,4,1,0,0
24979,-15,15,1,0,0
24980,-3,21,1,0,0
24981,8,20,1,0,0
24982,17,13,1,0,0
24983,21,5,1,0,0
24984,22,-4,1,0,0
24985,19,-11,1,0,0
24986,14,-16,1,0,0
24987,9,-19,1,0,0
24988,5,-21,1,0,0
24989,1,-21,1,0,0
24990,-3,-21,1,0,0
24991,-4,-20,1,0,0
24992,-4,-18,1,0,0
24993,-4,-14,1,0,0
24994,-3,-11,1,0,0
24995,-1,-7,1,0,0
24996,1,-3,1,0,0
24997,1,-1,1,0,0
24998,0,0,1,0,0
24999,-1,1,1,0,0
25000,-1,3,1,0,0
25001,1,7,1,0,0
25002,3,11,1,0,0
25003,4,14,1,0,0
25004,4,18,1,0,0
25005,4,20,1,0,0
25006,3,21,1,0,0
25007,-1,21,1,0,0
25008,-5,21,1,0,0
25009,-9,19,1,0,0
25010,-14,16,1,0,0
25011,-19,11,1,0,0
25012,-22,4,1,0,0
25013,-21,-5,1,0,0
25014,-17,-13,1,0,0
25015,-8,-20,1,0,0
25016,3,-21,1,0,0
25017,15,-15,1,0,0
25018,20,-4,1,0,0
25019,17,11,1,0,0
25020,5,21,1,0,0
25021,-11,19,1,0,0
25022,-22,6,1,0,0
25023,-18,-12,1,0,0
25024,-3,-21,1,0,0
25025,15,-13,1,0,0
25026,19,7,1,0,0
25027,3,21,1,0,0
25028,-17,13,1,0,0
25029,-19,-9,1,0,0
25030,0,-18,1,0,0
25031,14,-4,1,0,0
25032,5,9,1,0,0
25033,-6,6,1,0,0
25034,-4,-2,1,0,0
25035,-1,-1,1,0,0
25036,0,0,1,0,0
25037,0,0,1,0,0
25038,1,3,1,0,0
25039,-7,5,1,0,0
25040,-10,-6,1,0,0
25041,3,-15,1,0,0
25042,17,-1,1,0,0
25043,8,18,1,0,0
25044,-14,16,1,0,0
25045,-22,-4,1,0,0
25046,-8,-20,1,0,0
25047,12,-16,1,0,0
25048,20,2,1,0,0
25049,11,17,1,0,0
25050,-7,21,1,0,0
25051,-20,10,1,0,0
25052,-22,-6,1,0,0
25053,-12,-18,1,0,0
25054,3,-21,1,0,0
25055,15,-15,1,0,0
25056,20,-4,1,0,0
25057,19,7,1,0,0
25058,12,16,1,0,0
25059,4,20,1,0,0
25060,-5,21,1,0,0
25061,-12,18,1,0,0
25062,-17,13,1,0,0
25063,-20,8,1,0,0
25064,-22,4,1,0,0
25065,-22,0,1,0,0
25066,-22,-4,1,0,0
25067,-21,-5,1,0,0
25068,-19,-5,1,0,0
25069,-15,-5,1,0,0
25070,-12,-4,1,0,0
25071,-8,-2,1,0,0
25072,-4,0,1,0,0
25073,-2,0,1,0,0
25074,0,0,1,0,0
25075,2,0,1,0,0
25076,4,0,1,0,0
25077,8,2,1,0,0
25078,12,4,1,0,0
25079,15,5,1,0,0
25080,19,5,1,0,0
25081,21,5,1,0,0
25082,22,4,1,0,0
25083,22,0,1,0,0
25084,22,-4,1,0,0
25085,20,-8,1,0,0
25086,17,-13,1,0,0
25087,12,-18,1,0,0
25088,5,-21,1,0,0
25089,-4,-20,1,0,0
25090,-12,-16,1,0,0
25091,-19,-7,1,0,0
25092,-20,4,1,0,0
25093,-15,15,1,0,0
25094,-3,21,1,0,0
25095,12,18,1,0,0
25096,22,6,1,0,0
25097,20,-10,1,0,0
25098,7,-21,1,0,0
25099,-11,-17,1,0,0
25100,-20,-2,1,0,0
25101,-12,16,1,0,0
25102,8,20,1,0,0
25103,22,4,1,0,0
25104,14,-16,1,0,0
25105,-8,-18,1,0,0
25106,-17,1,1,0,0
25107,-3,15,1,0,0
25108,10,6,1,0,0
25109,7,-5,1,0,0
25110,-1,-3,1,0,0
25111,0,0,1,0,0
25112,0,0,1,0,0
25113,0,0,1,0,0
25114,0,0,1,0,0
25115,0,0,1,0,0
25116,0,0,1,0,0
25117,0,0,1,0,0
25118,0,0,1,0,0
25119,0,0,1,0,0
25120,0,0,1,0,0
25121,0,0,1,0,0
25122,0,0,1,0,0
25123,-1,1,1,0,0
25124,-2,4,1,0,0
25125,6,6,1,0,0
25126,9,-5,1,0,0
25127,-4,-14,1,0,0
25128,-18,0,1,0,0
25129,-9,19,1,0,0
25130,13,17,1,0,0
25131,21,-3,1,0,0
25132,7,-19,1,0,0
25133,-13,-15,1,0,0
25134,-21,3,1,0,0
25135,-12,18,1,0,0
25136,6,22,1,0,0
25137,19,11,1,0,0
25138,21,-5,1,0,0
25139,11,-17,1,0,0
25140,-4,-20,1,0,0
25141,-15,-15,1,0,0
25142,-21,-3,1,0,0
25143,-20,8,1,0,0
25144,-13,17,1,0,0
25145,-5,21,1,0,0
25146,4,22,1,0,0
25147,11,19,1,0,0
25148,16,14,1,0,0
25149,19,9,1,0,0
25150,21,5,1,0,0
25151,21,1,1,0,0
25152,21,-3,1,0,0
25153,20,-4,1,0,0
25154,18,-4,1,0,0
25155,14,-4,1,0,0
25156,11,-3,1,0,0
25157,7,-1,1,0,0
25158,3,1,1,0,0
25159,1,1,1,0,0
25160,0,0,1,0,0
25161,-1,-1,1,0,0
25162,-3,-1,1,0,0
25163,-7,1,1,0,0
25164,-11,3,1,0,0
25165,-14,4,1,0,0
25166,-18,4,1,0,0
25167,-20,4,1,0,0
25168,-21,3,1,0,0
25169,-21,-1,1,0,0
25170,-21,-5,1,0,0
25171,-19,-9,1,0,0
25172,-16,-14,1,0,0
25173,-11,-19,1,0,0
25174,-4,-22,1,0,0
25175,5,-21,1,0,0
25176,13,-17,1,0,0
25177,20,-8,1,0,0
25178,21,3,1,0,0
25179,15,15,1,0,0
25180,4,20,1,0,0
25181,-11,17,1,0,0
25182,-21,5,1,0,0
25183,-19,-11,1,0,0
25184,-6,-22,1,0,0
25185,12,-18,1,0,0
25186,21,-3,1,0,0
25187,13,15,1,0,0
25188,-7,19,1,0,0
25189,-21,3,1,0,0
25190,-13,-17,1,0,0
25191,9,-19,1,0,0
25192,18,0,1,0,0
25193,4,14,1,0,0
25194,-9,5,1,0,0
25195,-6,-6,1,0,0
25196,2,-4,1,0,0
25197,1,-1,1,0,0
25198,0,0,1,0,0
25199,0,0,1,0,0
25200,3,-1,1,0,0
25201,5,7,1,0,0
25202,-6,10,1,0,0
25203,-15,-3,1,0,0
25204,-1,-17,1,0,0
25205,18,-8,1,0,0
25206,16,14,1,0,0
25207,-4,22,1,0,0
25208,-20,8,1,0,0
25209,-16,-12,1,0,0
25210,2,-20,1,0,0
25211,17,-11,1,0,0
25212,21,7,1,0,0
25213,10,20,1,0,0
25214,-6,22,1,0,0
25215,-18,12,1,0,0
25216,-21,-3,1,0,0
25217,-15,-15,1,0,0
25218,-4,-20,1,0,0
25219,7,-19,1,0,0
25220,16,-12,1,0,0
25221,20,-4,1,0,0
25222,21,5,1,0,0
25223,18,12,1,0,0
25224,13,17,1,0,0
25225,8,20,1,0,0
25226,4,22,1,0,0
25227,0,22,1,0,0
25228,-4,22,1,0,0
25229,-5,21,1,0,0
25230,-5,19,1,0,0
25231,-5,15,1,0,0
25232,-4,12,1,0,0
25233,-2,8,1,0,0
25234,0,4,1,0,0
25235,0,2,1,0,0
25236,0,0,1,0,0
25237,0,-2,1,0,0
25238,0,-4,1,0,0
25239,2,-8,1,0,0
25240,4,-12,1,0,0
25241,5,-15,1,0,0
25242,5,-19,1,0,0
25243,5,-21,1,0,0
25244,4,-22,1,0,0
25245,0,-22,1,0,0
25246,-4,-22,1,0,0
25247,-8,-20,1,0,0
25248,-13,-17,1,0,0
25249,-18,-12,1,0,0
25250,-21,-5,1,0,0
25251,-20,4,1,0,0
25252,-16,12,1,0,0
25253,-7,19,1,0,0
25254,4,20,1,0,0
25255,15,15,1,0,0
25256,21,3,1,0,0
25257,18,-12,1,0,0
25258,6,-22,1,0,0
25259,-10,-20,1,0,0
25260,-21,-7,1,0,0
25261,-17,11,1,0,0
25262,-2,20,1,0,0
25263,16,12,1,0,0
25264,20,-8,1,0,0
25265,4,-22,1,0,0
25266,-16,-14,1,0,0
25267,-18,8,1,0,0
25268,1,17,1,0,0
25269,15,3,1,0,0
25270,6,-10,1,0,0
25271,-5,-7,1,0,0
25272,-3,1,1,0,0
25273,0,0,1,0,0
25274,0,0,1,0,0
25275,0,0,1,0,0
25276,0,0,1,0,0
25277,0,0,1,0,0
25278,0,0,1,0,0
25279,0,0,1,0,0
25280,0,0,1,0,0
25281,0,0,1,0,0
25282,0,0,1,0,0
25283,0,0,1,0,0
25284,0,0,1,0,0
25285,0,0,1,0,0
25286,0,0,1,0,0
25287,0,0,1,0,0
25288,0,0,1,0,0
25289,0,0,1,0,0
25290,0,0,1,0,0
25291,0,0,1,0,0
25292,0,0,1,0,0
25293,0,0,1,0,0
25294,0,0,1,0,0
25295,0,0,1,0,0
25296,0,0,1,0,0
25297,0,0,1,0,0
25298,0,0,1,0,0
25299,0,0,1,0,0
25300,0,0,1,0,0
25301,0,0,1,0,0
25302,0,0,1,0,0
25303,0,0,1,0,0
25304,0,0,1,0,0
25305,0,0,1,0,0
25306,0,0,1,0,0
25307,0,0,1,0,0
25308,0,0,1,0,0
25309,0,0,1,0,0
25310,0,0,1,0,0
25311,0,0,1,0,0
25312,0,0,1,0,0
25313,0,0,1,0,0
25314,0,0,1,0,0
25315,0,0,1,0,0
25316,0,0,1,0,0
25317,0,0,1,0,0
25318,0,0,1,0,0
25319,0,0,1,0,0
25320,0,0,1,0,0
25321,0,0,1,0,0
25322,0,0,1,0,0
25323,0,0,1,0,0
25324,0,0,1,0,0
25325,0,0,1,0,0
25326,0,0,1,0,0
25327,0,0,1,0,0
25328,0,0,1,0,0
25329,0,0,1,0,0
25330,0,0,1,0,0
25331,0,0,1,0,0
25332,0,0,1,0,0
25333,0,0,1,0,0
25334,0,0,1,0,0
25335,0,0,1,0,0
25336,0,0,1,0,0
25337,0,0,1,0,0
25338,0,0,1,0,0
25339,0,0,1,0,0
25340,0,0,1,0,0
25341,0,0,1,0,0
25342,0,0,1,0,0
25343,0,0,1,0,0
25344,0,0,1,0,0
25345,-1,-1,1,0,0
25346,-4,-2,1,0,0
25347,-6,6,1,0,0
25348,5,9,1,0,0
25349,14,-4,1,0,0
25350,0,-18,1,0,0
25351,-19,-9,1,0,0
25352,-17,13,1,0,0
25353,3,21,1,0,0
25354,19,7,1,0,0
25355,15,-13,1,0,0
25356,-3,-21,1,0,0
25357,-18,-12,1,0,0
25358,-22,6,1,0,0
25359,-11,19,1,0,0
25360,5,21,1,0,0
25361,17,11,1,0,0
25362,20,-4,1,0,0
25363,15,-15,1,0,0
25364,3,-21,1,0,0
25365,-8,-20,1,0,0
25366,-17,-13,1,0,0
25367,-21,-5,1,0,0
25368,-22,4,1,0,0
25369,-19,11,1,0,0
25370,-14,16,1,0,0
25371,-9,19,1,0,0
25372,-5,21,1,0,0
25373,-1,21,1,0,0
25374,3,21,1,0,0
25375,4,20,1,0,0
25376,4,18,1,0,0
25377,4,14,1,0,0
25378,3,11,1,0,0
25379,1,7,1,0,0
25380,-1,3,1,0,0
25381,-1,1,1,0,0
25382,0,0,1,0,0
25383,1,-1,1,0,0
25384,1,-3,1,0,0
25385,-1,-7,1,0,0
25386,-3,-11,1,0,0
25387,-4,-14,1,0,0
25388,-4,-18,1,0,0
25389,-4,-20,1,0,0
25390,-3,-21,1,0,0
25391,1,-21,1,0,0
25392,5,-21,1,0,0
25393,9,-19,1,0,0
25394,14,-16,1,0,0
25395,19,-11,1,0,0
25396,22,-4,1,0,0
25397,21,5,1,0,0
25398,17,13,1,0,0
25399,8,20,1,0,0
25400,-3,21,1,0,0
25401,-15,15,1,0,0
25402,-20,4,1,0,0
25403,-17,-11,1,0,0
25404,-5,-21,1,0,0
25405,11,-19,1,0,0
25406,22,-6,1,0,0
25407,18,12,1,0,0
25408,3,21,1,0,0
25409,-15,13,1,0,0
25410,-19,-7,1,0,0
25411,-3,-21,1,0,0
25412,17,-13,1,0,0
25413,19,9,1,0,0
25414,0,18,1,0,0
25415,-14,4,1,0,0
25416,-5,-9,1,0,0
25417,6,-6,1,0,0
25418,4,2,1,0,0
25419,1,1,1,0,0
25420,0,0,1,0,0
25421,0,0,1,0,0
25422,-1,-3,1,0,0
25423,7,-5,1,0,0
25424,10,6,1,0,0
25425,-3,15,1,0,0
25426,-17,1,1,0,0
25427,-8,-18,1,0,0
25428,14,-16,1,0,0
25429,22,4,1,0,0
25430,8,20,1,0,0
25431,-12,16,1,0,0
25432,-20,-2,1,0,0
25433,-11,-17,1,0,0
25434,7,-21,1,0,0
25435,20,-10,1,0,0
25436,22,6,1,0,0
25437,12,18,1,0,0
25438,-3,21,1,0,0
25439,-15,15,1,0,0
25440,-20,4,1,0,0
25441,-19,-7,1,0,0
25442,-12,-16,1,0,0
25443,-4,-20,1,0,0
25444,5,-21,1,0,0
25445,12,-18,1,0,0
25446,17,-13,1,0,0
25447,20,-8,1,0,0
25448,22,-4,1,0,0
25449,22,0,1,0,0
25450,22,4,1,0,0
25451,21,5,1,0,0
25452,19,5,1,0,0
25453,15,5,1,0,0
25454,12,4,1,0,0
25455,8,2,1,0,0
25456,4,0,1,0,0
25457,2,0,1,0,0
25458,0,0,1,0,0
25459,0,-2,1,0,0
25460,0,-4,1,0,0
25461,2,-8,1,0,0
25462,4,-12,1,0,0
25463,5,-15,1,0,0
25464,5,-19,1,0,0
25465,5,-21,1,0,0
25466,4,-22,1,0,0
25467,0,-22,1,0,0
25468,-4,-22,1,0,0
25469,-8,-20,1,0,0
25470,-13,-17,1,0,0
25471,-18,-12,1,0,0
25472,-21,-5,1,0,0
25473,-20,4,1,0,0
25474,-16,12,1,0,0
25475,-7,19,1,0,0
25476,4,20,1,0,0
25477,15,15,1,0,0
25478,21,3,1,0,0
25479,18,-12,1,0,0
25480,6,-22,1,0,0
25481,-10,-20,1,0,0
25482,-21,-7,1,0,0
25483,-17,11,1,0,0
25484,-2,20,1,0,0
25485,16,12,1,0,0
25486,20,-8,1,0,0
25487,4,-22,1,0,0
25488,-16,-14,1,0,0
25489,-18,8,1,0,0
25490,1,17,1,0,0
25491,15,3,1,0,0
25492,6,-10,1,0,0
25493,-5,-7,1,0,0
25494,-3,1,1,0,0
25495,0,0,1,0,0
25496,0,0,1,0,0
25497,0,0,1,0,0
25498,0,0,1,0,0
25499,0,0,1,0,0
25500,0,0,1,0,0
25501,0,0,1,0,0
25502,0,0,1,0,0
25503,0,0,1,0,0
25504,0,0,1,0,0
25505,0,0,1,0,0
25506,0,0,1,0,0
25507,-1,1,1,0,0
25508,-2,4,1,0,0
25509,6,6,1,0,0
25510,9,-5,1,0,0
25511,-4,-14,1,0,0
25512,-18,0,1,0,0
25513,-9,19,1,0,0
25514,13,17,1,0,0
25515,21,-3,1,0,0
25516,7,-19,1,0,0
25517,-13,-15,1,0,0
25518,-21,3,1,0,0
25519,-12,18,1,0,0
25520,6,22,1,0,0
25521,19,11,1,0,0
25522,21,-5,1,0,0
25523,11,-17,1,0,0
25524,-4,-20,1,0,0
25525,-15,-15,1,0,0
25526,-21,-3,1,0,0
25527,-20,8,1,0,0
25528,-13,17,1,0,0
25529,-5,21,1,0,0
25530,4,22,1,0,0
25531,11,19,1,0,0
25532,16,14,1,0,0
25533,19,9,1,0,0
25534,21,5,1,0,0
25535,21,1,1,0,0
25536,21,-3,1,0,0
25537,20,-4,1,0,0
25538,18,-4,1,0,0
25539,14,-4,1,0,0
25540,11,-3,1,0,0
25541,7,-1,1,0,0
25542,3,1,1,0,0
25543,1,1,1,0,0
25544,0,0,1,0,0
25545,-1,-1,1,0,0
25546,-3,-1,1,0,0
25547,-7,1,1,0,0
25548,-11,3,1,0,0
25549,-14,4,1,0,0
25550,-18,4,1,0,0
25551,-20,4,1,0,0
25552,-21,3,1,0,0
25553,-21,-1,1,0,0
25554,-21,-5,1,0,0
25555,-19,-9,1,0,0
25556,-16,-14,1,0,0
25557,-11,-19,1,0,0
25558,-4,-22,1,0,0
25559,5,-21,1,0,0
25560,13,-17,1,0,0
25561,20,-8,1,0,0
25562,21,3,1,0,0
25563,15,15,1,0,0
25564,4,20,1,0,0
25565,-11,17,1,0,0
25566,-21,5,1,0,0
25567,-19,-11,1,0,0
25568,-6,-22,1,0,0
25569,12,-18,1,0,0
25570,21,-3,1,0,0
25571,13,15,1,0,0
25572,-7,19,1,0,0
25573,-21,3,1,0,0
25574,-13,-17,1,0,0
25575,9,-19,1,0,0
25576,18,0,1,0,0
25577,4,14,1,0,0
25578,-9,5,1,0,0
25579,-6,-6,1,0,0
25580,2,-4,1,0,0
25581,1,-1,1,0,0
25582,0,0,1,0,0
25583,0,0,1,0,0
25584,-3,1,1,0,0
25585,-5,-7,1,0,0
25586,6,-10,1,0,0
25587,15,3,1,0,0
25588,1,17,1,0,0
25589,-18,8,1,0,0
25590,-16,-14,1,0,0
25591,4,-22,1,0,0
25592,20,-8,1,0,0
25593,16,12,1,0,0
25594,-2,20,1,0,0
25595,-17,11,1,0,0
25596,-21,-7,1,0,0
25597,-10,-20,1,0,0
25598,6,-22,1,0,0
25599,18,-12,1,0,0
25600,21,3,1,0,0
25601,15,15,1,0,0
25602,4,20,1,0,0
25603,-7,19,1,0,0
25604,-16,12,1,0,0
25605,-20,4,1,0,0
25606,-21,-5,1,0,0
25607,-18,-12,1,0,0
25608,-13,-17,1,0,0
25609,-8,-20,1,0,0
25610,-4,-22,1,0,0
25611,0,-22,1,0,0
25612,4,-22,1,0,0
25613,5,-21,1,0,0
25614,5,-19,1,0,0
25615,5,-15,1,0,0
25616,4,-12,1,0,0
25617,2,-8,1,0,0
25618,0,-4,1,0,0
25619,0,-2,1,0,0
25620,0,0,1,0,0
25621,2,0,1,0,0
25622,4,0,1,0,0
25623,8,2,1,0,0
25624,12,4,1,0,0
25625,15,5,1,0,0
25626,19,5,1,0,0
25627,21,5,1,0,0
25628,22,4,1,0,0
25629,22,0,1,0,0
25630,22,-4,1,0,0
25631,20,-8,1,0,0
25632,17,-13,1,0,0
25633,12,-18,1,0,0
25634,5,-21,1,0,0
25635,-4,-20,1,0,0
25636,-12,-16,1,0,0
25637,-19,-7,1,0,0
25638,-20,4,1,0,0
25639,-15,15,1,0,0
25640,-3,21,1,0,0
25641,12,18,1,0,0
25642,22,6,1,0,0
25643,20,-10,1,0,0
25644,7,-21,1,0,0
25645,-11,-17,1,0,0
25646,-20,-2,1,0,0
25647,-12,16,1,0,0
25648,8,20,1,0,0
25649,22,4,1,0,0
25650,14,-16,1,0,0
25651,-8,-18,1,0,0
25652,-17,1,1,0,0
25653,-3,15,1,0,0
25654,10,6,1,0,0
25655,7,-5,1,0,0
25656,-1,-3,1,0,0
25657,0,0,1,0,0
25658,0,0,1,0,0
25659,0,0,1,0,0
25660,0,0,1,0,0
25661,0,0,1,0,0
25662,0,0,1,0,0
25663,0,0,1,0,0
25664,0,0,1,0,0
25665,0,0,1,0,0
25666,0,0,1,0,0
25667,0,0,1,0,0
25668,0,0,1,0,0
25669,0,0,1,0,0
25670,0,0,1,0,0
25671,0,0,1,0,0
25672,0,0,1,0,0
25673,0,0,1,0,0
25674,0,0,1,0,0
25675,0,0,1,0,0
25676,0,0,1,0,0
25677,0,0,1,0,0
25678,0,0,1,0,0
25679,0,0,1,0,0
25680,0,0,1,0,0
25681,0,0,1,0,0
25682,0,0,1,0,0
25683,0,0,1,0,0
25684,0,0,1,0,0
25685,0,0,1,0,0
25686,0,0,1,0,0
25687,0,0,1,0,0
25688,0,0,1,0,0
25689,0,0,1,0,0
25690,0,0,1,0,0
25691,0,0,1,0,0
25692,0,0,1,0,0
25693,0,0,1,0,0
25694,0,0,1,0,0
25695,0,0,1,0,0
25696,0,0,1,0,0
25697,0,0,1,0,0
25698,0,0,1,0,0
25699,0,0,1,0,0
25700,0,0,1,0,0
25701,0,0,1,0,0
25702,0,0,1,0,0
25703,0,0,1,0,0
25704,0,0,1,0,0
25705,0,0,1,0,0
25706,0,0,1,0,0
25707,0,0,1,0,0
25708,0,0,1,0,0
25709,0,0,1,0,0
25710,0,0,1,0,0
25711,0,0,1,0,0
25712,0,0,1,0,0
25713,0,0,1,0,0
25714,0,0,1,0,0
25715,0,0,1,0,0
25716,0,0,1,0,0
25717,0,0,1,0,0
25718,0,0,1,0,0
25719,0,0,1,0,0
25720,0,0,1,0,0
25721,0,0,1,0,0
25722,0,0,1,0,0
25723,0,0,1,0,0
25724,0,0,1,0,0
25725,0,0,1,0,0
25726,0,0,1,0,0
25727,0,0,1,0,0
25728,0,0,1,0,0
25729,1,-1,1,0,0
25730,2,-4,1,0,0
25731,-6,-6,1,0,0
25732,-9,5,1,0,0
25733,4,14,1,0,0
25734,18,0,1,0,0
25735,9,-19,1,0,0
25736,-13,-17,1,0,0
25737,-21,3,1,0,0
25738,-7,19,1,0,0
25739,13,15,1,0,0
25740,21,-3,1,0,0
25741,12,-18,1,0,0
25742,-6,-22,1,0,0
25743,-19,-11,1,0,0
25744,-21,5,1,0,0
25745,-11,17,1,0,0
25746,4,20,1,0,0
25747,15,15,1,0,0
25748,21,3,1,0,0
25749,20,-8,1,0,0
25750,13,-17,1,0,0
25751,5,-21,1,0,0
25752,-4,-22,1,0,0
25753,-11,-19,1,0,0
25754,-16,-14,1,0,0
25755,-19,-9,1,0,0
25756,-21,-5,1,0,0
25757,-21,-1,1,0,0
25758,-21,3,1,0,0
25759,-20,4,1,0,0
25760,-18,4,1,0,0
25761,-14,4,1,0,0
25762,-11,3,1,0,0
25763,-7,1,1,0,0
25764,-3,-1,1,0,0
25765,-1,-1,1,0,0
25766,0,0,1,0,0
25767,1,1,1,0,0
25768,3,1,1,0,0
25769,7,-1,1,0,0
25770,11,-3,1,0,0
25771,14,-4,1,0,0
25772,18,-4,1,0,0
25773,20,-4,1,0,0
25774,21,-3,1,0,0
25775,21,1,1,0,0
25776,21,5,1,0,0
25777,19,9,1,0,0
25778,16,14,1,0,0
25779,11,19,1,0,0
25780,4,22,1,0,0
25781,-5,21,1,0,0
25782,-13,17,1,0,0
25783,-20,8,1,0,0
25784,-21,-3,1,0,0
25785,-15,-15,1,0,0
25786,-4,-20,1,0,0
25787,11,-17,1,0,0
25788,21,-5,1,0,0
25789,19,11,1,0,0
25790,6,22,1,0,0
25791,-12,18,1,0,0
25792,-21,3,1,0,0
25793,-13,-15,1,0,0
25794,7,-19,1,0,0
25795,21,-3,1,0,0
25796,13,17,1,0,0
25797,-9,19,1,0,0
25798,-18,0,1,0,0
25799,-4,-14,1,0,0
25800,9,-5,1,0,0
25801,6,6,1,0,0
25802,-2,4,1,0,0
25803,-1,1,1,0,0
25804,0,0,1,0,0
25805,0,0,1,0,0
25806,-1,-3,1,0,0
25807,7,-5,1,0,0
25808,10,6,1,0,0
25809,-3,15,1,0,0
25810,-17,1,1,0,0
25811,-8,-18,1,0,0
25812,14,-16,1,0,0
25813,22,4,1,0,0
25814,8,20,1,0,0
25815,-12,16,1,0,0
25816,-20,-2,1,0,0
25817,-11,-17,1,0,0
25818,7,-21,1,0,0
25819,20,-10,1,0,0
25820,22,6,1,0,0
25821,12,18,1,0,0
25822,-3,21,1,0,0
25823,-15,15,1,0,0
25824,-20,4,1,0,0
25825,-19,-7,1,0,0
25826,-12,-16,1,0,0
25827,-4,-20,1,0,0
25828,5,-21,1,0,0
25829,12,-18,1,0,0
25830,17,-13,1,0,0
25831,20,-8,1,0,0
25832,22,-4,1,0,0
25833,22,0,1,0,0
25834,22,4,1,0,0
25835,21,5,1,0,0
25836,19,5,1,0,0
25837,15,5,1,0,0
25838,12,4,1,0,0
25839,8,2,1,0,0
25840,4,0,1,0,0
25841,2,0,1,0,0
25842,0,0,1,0,0
25843,0,2,1,0,0
25844,0,4,1,0,0
25845,-2,8,1,0,0
25846,-4,12,1,0,0
25847,-5,15,1,0,0
25848,-5,19,1,0,0
25849,-5,21,1,0,0
25850,-4,22,1,0,0
25851,0,22,1,0,0
25852,4,22,1,0,0
25853,8,20,1,0,0
25854,13,17,1,0,0
25855,18,12,1,0,0
25856,21,5,1,0,0
25857,20,-4,1,0,0
25858,16,-12,1,0,0
25859,7,-19,1,0,0
25860,-4,-20,1,0,0
25861,-15,-15,1,0,0
25862,-21,-3,1,0,0
25863,-18,12,1,0,0
25864,-6,22,1,0,0
25865,10,20,1,0,0
25866,21,7,1,0,0
25867,17,-11,1,0,0
25868,2,-20,1,0,0
25869,-16,-12,1,0,0
25870,-20,8,1,0,0
25871,-4,22,1,0,0
25872,16,14,1,0,0
25873,18,-8,1,0,0
25874,-1,-17,1,0,0
25875,-15,-3,1,0,0
25876,-6,10,1,0,0
25877,5,7,1,0,0
25878,3,-1,1,0,0
25879,0,0,1,0,0
25880,0,0,1,0,0
25881,0,0,1,0,0
25882,0,0,1,0,0
25883,0,0,1,0,0
25884,0,0,1,0,0
25885,0,0,1,0,0
25886,0,0,1,0,0
25887,0,0,1,0,0
25888,0,0,1,0,0
25889,0,0,1,0,0
25890,0,0,1,0,0
25891,1,1,1,0,0
25892,4,2,1,0,0
25893,6,-6,1,0,0
25894,-5,-9,1,0,0
25895,-14,4,1,0,0
25896,0,18,1,0,0
25897,19,9,1,0,0
25898,17,-13,1,0,0
25899,-3,-21,1,0,0
25900,-19,-7,1,0,0
25901,-15,13,1,0,0
25902,3,21,1,0,0
25903,18,12,1,0,0
25904,22,-6,1,0,0
25905,11,-19,1,0,0
25906,-5,-21,1,0,0
25907,-17,-11,1,0,0
25908,-20,4,1,0,0
25909,-15,15,1,0,0
25910,-3,21,1,0,0
25911,8,20,1,0,0
25912,17,13,1,0,0
25913,21,5,1,0,0
25914,22,-4,1,0,0
25915,19,-11,1,0,0
25916,14,-16,1,0,0
25917,9,-19,1,0,0
25918,5,-21,1,0,0
25919,1,-21,1,0,0
25920,-3,-21,1,0,0
25921,-4,-20,1,0,0
25922,-4,-18,1,0,0
25923,-4,-14,1,0,0
25924,-3,-11,1,0,0
25925,-1,-7,1,0,0
25926,1,-3,1,0,0
25927,1,-1,1,0,0
25928,0,0,1,0,0
25929,-1,1,1,0,0
25930,-1,3,1,0,0
25931,1,7,1,0,0
25932,3,11,1,0,0
25933,4,14,1,0,0
25934,4,18,1,0,0
25935,4,20,1,0,0
25936,3,21,1,0,0
25937,-1,21,1,0,0
25938,-5,21,1,0,0
25939,-9,19,1,0,0
25940,-14,16,1,0,0
25941,-19,11,1,0,0
25942,-22,4,1,0,0
25943,-21,-5,1,0,0
25944,-17,-13,1,0,0
25945,-8,-20,1,0,0
25946,3,-21,1,0,0
25947,15,-15,1,0,0
25948,20,-4,1,0,0
25949,17,11,1,0,0
25950,5,21,1,0,0
25951,-11,19,1,0,0
25952,-22,6,1,0,0
25953,-18,-12,1,0,0
25954,-3,-21,1,0,0
25955,15,-13,1,0,0
25956,19,7,1,0,0
25957,3,21,1,0,0
25958,-17,13,1,0,0
25959,-19,-9,1,0,0
25960,0,-18,1,0,0
25961,14,-4,1,0,0
25962,5,9,1,0,0
25963,-6,6,1,0,0
25964,-4,-2,1,0,0
25965,-1,-1,1,0,0
25966,0,0,1,0,0
25967,0,0,1,0,0
25968,3,-1,1,0,0
25969,5,7,1,0,0
25970,-6,10,1,0,0
25971,-15,-3,1,0,0
25972,-1,-17,1,0,0
25973,18,-8,1,0,0
25974,16,14,1,0,0
25975,-4,22,1,0,0
25976,-20,8,1,0,0
25977,-16,-12,1,0,0
25978,2,-20,1,0,0
25979,17,-11,1,0,0
25980,21,7,1,0,0
25981,10,20,1,0,0
25982,-6,22,1,0,0
25983,-18,12,1,0,0
25984,-21,-3,1,0,0
25985,-15,-15,1,0,0
25986,-4,-20,1,0,0
25987,7,-19,1,0,0
25988,16,-12,1,0,0
25989,20,-4,1,0,0
25990,21,5,1,0,0
25991,18,12,1,0,0
25992,13,17,1,0,0
25993,8,20,1,0,0
25994,4,22,1,0,0
25995,0,22,1,0,0
25996,-4,22,1,0,0
25997,-5,21,1,0,0
25998,-5,19,1,0,0
25999,-5,15,1,0,0
26000,-4,12,1,0,0
26001,-2,8,1,0,0
26002,0,4,1,0,0
26003,0,2,1,0,0
26004,0,0,1,0,0
26005,2,0,1,0,0
26006,4,0,1,0,0
26007,8,2,1,0,0
26008,12,4,1,0,0
26009,15,5,1,0,0
26010,19,5,1,0,0
26011,21,5,1,0,0
26012,22,4,1,0,0
26013,22,0,1,0,0
26014,22,-4,1,0,0
26015,20,-8,1,0,0
26016,17,-13,1,0,0
26017,12,-18,1,0,0
26018,5,-21,1,0,0
26019,-4,-20,1,0,0
26020,-12,-16,1,0,0
26021,-19,-7,1,0,0
26022,-20,4,1,0,0
26023,-15,15,1,0,0
26024,-3,21,1,0,0
26025,12,18,1,0,0
26026,22,6,1,0,0
26027,20,-10,1,0,0
26028,7,-21,1,0,0
26029,-11,-17,1,0,0
26030,-20,-2,1,0,0
26031,-12,16,1,0,0
26032,8,20,1,0,0
26033,22,4,1,0,0
26034,14,-16,1,0,0
26035,-8,-18,1,0,0
26036,-17,1,1,0,0
26037,-3,15,1,0,0
26038,10,6,1,0,0
26039,7,-5,1,0,0
26040,-1,-3,1,0,0
26041,0,0,1,0,0
26042,0,0,1,0,0
26043,0,0,1,0,0
26044,0,0,1,0,0
26045,0,0,1,0,0
26046,0,0,1,0,0
26047,0,0,1,0,0
26048,0,0,1,0,0
26049,0,0,1,0,0
26050,0,0,1,0,0
26051,0,0,1,0,0
26052,0,0,1,0,0
26053,0,0,1,0,0
26054,0,0,1,0,0
26055,0,0,1,0,0
26056,0,0,1,0,0
26057,0,0,1,0,0
26058,0,0,1,0,0
26059,0,0,1,0,0
26060,0,0,1,0,0
26061,0,0,1,0,0
26062,0,0,1,0,0
26063,0,0,1,0,0
26064,0,0,1,0,0
26065,0,0,1,0,0
26066,0,0,1,0,0
26067,0,0,1,0,0
26068,0,0,1,0,0
26069,0,0,1,0,0
26070,0,0,1,0,0
26071,0,0,1,0,0
26072,0,0,1,0,0
26073,0,0,1,0,0
26074,0,0,1,0,0
26075,0,0,1,0,0
26076,0,0,1,0,0
26077,0,0,1,0,0
26078,0,0,1,0,0
26079,0,0,1,0,0
26080,0,0,1,0,0
26081,0,0,1,0,0
26082,0,0,1,0,0
26083,0,0,1,0,0
26084,0,0,1,0,0
26085,0,0,1,0,0
26086,0,0,1,0,0
26087,0,0,1,0,0
26088,0,0,1,0,0
26089,0,0,1,0,0
26090,0,0,1,0,0
26091,0,0,1,0,0
26092,0,0,1,0,0
26093,0,0,1,0,0
26094,0,0,1,0,0
26095,0,0,1,0,0
26096,0,0,1,0,0
26097,0,0,1,0,0
26098,0,0,1,0,0
26099,0,0,1,0,0
26100,0,0,1,0,0
26101,0,0,1,0,0
26102,0,0,1,0,0
26103,0,0,1,0,0
26104,0,0,1,0,0
26105,0,0,1,0,0
26106,0,0,1,0,0
26107,0,0,1,0,0
26108,0,0,1,0,0
26109,0,0,1,0,0
26110,0,0,1,0,0
26111,0,0,1,0,0
26112,0,0,1,0,0
26113,-1,1,1,0,0
26114,-2,4,1,0,0
26115,6,6,1,0,0
26116,9,-5,1,0,0
26117,-4,-14,1,0,0
26118,-18,0,1,0,0
26119,-9,19,1,0,0
26120,13,17,1,0,0
26121,21,-3,1,0,0
26122,7,-19,1,0,0
26123,-13,-15,1,0,0
26124,-21,3,1,0,0
26125,-12,18,1,0,0
26126,6,22,1,0,0
26127,19,11,1,0,0
26128,21,-5,1,0,0
26129,11,-17,1,0,0
26130,-4,-20,1,0,0
26131,-15,-15,1,0,0
26132,-21,-3,1,0,0
26133,-20,8,1,0,0
26134,-13,17,1,0,0
26135,-5,21,1,0,0
26136,4,22,1,0,0
26137,11,19,1,0,0
26138,16,14,1,0,0
26139,19,9,1,0,0
26140,21,5,1,0,0
26141,21,1,1,0,0
26142,21,-3,1,0,0
26143,20,-4,1,0,0
26144,18,-4,1,0,0
26145,14,-4,1,0,0
26146,11,-3,1,0,0
26147,7,-1,1,0,0
26148,3,1,1,0,0
26149,1,1,1,0,0
26150,0,0,1,0,0
26151,-1,-1,1,0,0
26152,-3,-1,1,0,0
26153,-7,1,1,0,0
26154,-11,3,1,0,0
26155,-14,4,1,0,0
26156,-18,4,1,0,0
26157,-20,4,1,0,0
26158,-21,3,1,0,0
26159,-21,-1,1,0,0
26160,-21,-5,1,0,0
26161,-19,-9,1,0,0
26162,-16,-14,1,0,0
26163,-11,-19,1,0,0
26164,-4,-22,1,0,0
26165,5,-21,1,0,0
26166,13,-17,1,0,0
26167,20,-8,1,0,0
26168,21,3,1,0,0
26169,15,15,1,0,0
26170,4,20,1,0,0
26171,-11,17,1,0,0
26172,-21,5,1,0,0
26173,-19,-11,1,0,0
26174,-6,-22,1,0,0
26175,12,-18,1,0,0
26176,21,-3,1,0,0
26177,13,15,1,0,0
26178,-7,19,1,0,0
26179,-21,3,1,0,0
26180,-13,-17,1,0,0
26181,9,-19,1,0,0
26182,18,0,1,0,0
26183,4,14,1,0,0
26184,-9,5,1,0,0
26185,-6,-6,1,0,0
26186,2,-4,1,0,0
26187,1,-1,1,0,0
26188,0,0,1,0,0
26189,0,0,1,0,0
26190,-1,-3,1,0,0
26191,7,-5,1,0,0
26192,10,6,1,0,0
26193,-3,15,1,0,0
26194,-17,1,1,0,0
26195,-8,-18,1,0,0
26196,14,-16,1,0,0
26197,22,4,1,0,0
26198,8,20,1,0,0
26199,-12,16,1,0,0
26200,-20,-2,1,0,0
26201,-11,-17,1,0,0
26202,7,-21,1,0,0
26203,20,-10,1,0,0
26204,22,6,1,0,0
26205,12,18,1,0,0
26206,-3,21,1,0,0
26207,-15,15,1,0,0
26208,-20,4,1,0,0
26209,-19,-7,1,0,0
26210,-12,-16,1,0,0
26211,-4,-20,1,0,0
26212,5,-21,1,0,0
26213,12,-18,1,0,0
26214,17,-13,1,0,0
26215,20,-8,1,0,0
26216,22,-4,1,0,0
26217,22,0,1,0,0
26218,22,4,1,0,0
26219,21,5,1,0,0
26220,19,5,1,0,0
26221,15,5,1,0,0
26222,12,4,1,0,0
26223,8,2,1,0,0
26224,4,0,1,0,0
26225,2,0,1,0,0
26226,0,0,1,0,0
26227,0,2,1,0,0
26228,0,4,1,0,0
26229,-2,8,1,0,0
26230,-4,12,1,0,0
26231,-5,15,1,0,0
26232,-5,19,1,0,0
26233,-5,21,1,0,0
26234,-4,22,1,0,0
26235,0,22,1,0,0
26236,4,22,1,0,0
26237,8,20,1,0,0
26238,13,17,1,0,0
26239,18,12,1,0,0
26240,21,5,1,0,0
26241,20,-4,1,0,0
26242,16,-12,1,0,0
26243,7,-19,1,0,0
26244,-4,-20,1,0,0
26245,-15,-15,1,0,0
26246,-21,-3,1,0,0
26247,-18,12,1,0,0
26248,-6,22,1,0,0
26249,10,20,1,0,0
26250,21,7,1,0,0
26251,17,-11,1,0,0
26252,2,-20,1,0,0
26253,-16,-12,1,0,0
26254,-20,8,1,0,0
26255,-4,22,1,0,0
26256,16,14,1,0,0
26257,18,-8,1,0,0
26258,-1,-17,1,0,0
26259,-15,-3,1,0,0
26260,-6,10,1,0,0
26261,5,7,1,0,0
26262,3,-1,1,0,0
26263,0,0,1,0,0
26264,0,0,1,0,0
26265,0,0,1,0,0
26266,0,0,1,0,0
26267,0,0,1,0,0
26268,0,0,1,0,0
26269,0,0,1,0,0
26270,0,0,1,0,0
26271,0,0,1,0,0
26272,0,0,1,0,0
26273,0,0,1,0,0
26274,0,0,1,0,0
26275,1,-1,1,0,0
26276,2,-4,1,0,0
26277,-6,-6,1,0,0
26278,-9,5,1,0,0
26279,4,14,1,0,0
26280,18,0,1,0,0
26281,9,-19,1,0,0
26282,-13,-17,1,0,0
26283,-21,3,1,0,0
26284,-7,19,1,0,0
26285,13,15,1,0,0
26286,21,-3,1,0,0
26287,12,-18,1,0,0
26288,-6,-22,1,0,0
26289,-19,-11,1,0,0
26290,-21,5,1,0,0
26291,-11,17,1,0,0
26292,4,20,1,0,0
26293,15,15,1,0,0
26294,21,3,1,0,0
26295,20,-8,1,0,0
26296,13,-17,1,0,0
26297,5,-21,1,0,0
26298,-4,-22,1,0,0
26299,-11,-19,1,0,0
26300,-16,-14,1,0,0
26301,-19,-9,1,0,0
26302,-21,-5,1,0,0
26303,-21,-1,1,0,0
26304,-21,3,1,0,0
26305,-20,4,1,0,0
26306,-18,4,1,0,0
26307,-14,4,1,0,0
26308,-11,3,1,0,0
26309,-7,1,1,0,0
26310,-3,-1,1,0,0
26311,-1,-1,1,0,0
26312,0,0,1,0,0
26313,1,1,1,0,0
26314,3,1,1,0,0
26315,7,-1,1,0,0
26316,11,-3,1,0,0
26317,14,-4,1,0,0
26318,18,-4,1,0,0
26319,20,-4,1,0,0
26320,21,-3,1,0,0
26321,21,1,1,0,0
26322,21,5,1,0,0
26323,19,9,1,0,0
26324,16,14,1,0,0
26325,11,19,1,0,0
26326,4,22,1,0,0
26327,-5,21,1,0,0
26328,-13,17,1,0,0
26329,-20,8,1,0,0
26330,-21,-3,1,0,0
26331,-15,-15,1,0,0
26332,-4,-20,1,0,0
26333,11,-17,1,0,0
26334,21,-5,1,0,0
26335,19,11,1,0,0
26336,6,22,1,0,0
26337,-12,18,1,0,0
26338,-21,3,1,0,0
26339,-13,-15,1,0,0
26340,7,-19,1,0,0
26341,21,-3,1,0,0
26342,13,17,1,0,0
26343,-9,19,1,0,0
26344,-18,0,1,0,0
26345,-4,-14,1,0,0
26346,9,-5,1,0,0
26347,6,6,1,0,0
26348,-2,4,1,0,0
26349,-1,1,1,0,0
26350,0,0,1,0,0
26351,0,0,1,0,0
26352,-3,1,1,0,0
26353,-5,-7,1,0,0
26354,6,-10,1,0,0
26355,15,3,1,0,0
26356,1,17,1,0,0
26357,-18,8,1,0,0
26358,-16,-14,1,0,0
26359,4,-22,1,0,0
26360,20,-8,1,0,0
26361,16,12,1,0,0
26362,-2,20,1,0,0
26363,-17,11,1,0,0
26364,-21,-7,1,0,0
26365,-10,-20,1,0,0
26366,6,-22,1,0,0
26367,18,-12,1,0,0
26368,21,3,1,0,0
26369,15,15,1,0,0
26370,4,20,1,0,0
26371,-7,19,1,0,0
26372,-16,12,1,0,0
26373,-20,4,1,0,0
26374,-21,-5,1,0,0
26375,-18,-12,1,0,0
26376,-13,-17,1,0,0
26377,-8,-20,1,0,0
26378,-4,-22,1,0,0
26379,0,-22,1,0,0
26380,4,-22,1,0,0
26381,5,-21,1,0,0
26382,5,-19,1,0,0
26383,5,-15,1,0,0
26384,4,-12,1,0,0
26385,2,-8,1,0,0
26386,0,-4,1,0,0
26387,0,-2,1,0,0
26388,0,0,1,0,0
26389,-2,0,1,0,0
26390,-4,0,1,0,0
26391,-8,-2,1,0,0
26392,-12,-4,1,0,0
26393,-15,-5,1,0,0
26394,-19,-5,1,0,0
26395,-21,-5,1,0,0
26396,-22,-4,1,0,0
26397,-22,0,1,0,0
26398,-22,4,1,0,0
26399,-20,8,1,0,0
26400,-17,13,1,0,0
26401,-12,18,1,0,0
26402,-5,21,1,0,0
26403,4,20,1,0,0
26404,12,16,1,0,0
26405,19,7,1,0,0
26406,20,-4,1,0,0
26407,15,-15,1,0,0
26408,3,-21,1,0,0
26409,-12,-18,1,0,0
26410,-22,-6,1,0,0
26411,-20,10,1,0,0
26412,-7,21,1,0,0
26413,11,17,1,0,0
26414,20,2,1,0,0
26415,12,-16,1,0,0
26416,-8,-20,1,0,0
26417,-22,-4,1,0,0
26418,-14,16,1,0,0
26419,8,18,1,0,0
26420,17,-1,1,0,0
26421,3,-15,1,0,0
26422,-10,-6,1,0,0
26423,-7,5,1,0,0
26424,1,3,1,0,0
26425,0,0,1,0,0
26426,0,0,1,0,0
26427,0,0,1,0,0
26428,0,0,1,0,0
26429,0,0,1,0,0
26430,0,0,1,0,0
26431,0,0,1,0,0
26432,0,0,1,0,0
26433,0,0,1,0,0
26434,0,0,1,0,0
26435,0,0,1,0,0
26436,0,0,1,0,0
26437,0,0,1,0,0
26438,0,0,1,0,0
26439,0,0,1,0,0
26440,0,0,1,0,0
26441,0,0,1,0,0
26442,0,0,1,0,0
26443,0,0,1,0,0
26444,0,0,1,0,0
26445,0,0,1,0,0
26446,0,0,1,0,0
26447,0,0,1,0,0
26448,0,0,1,0,0
26449,0,0,1,0,0
26450,0,0,1,0,0
26451,0,0,1,0,0
26452,0,0,1,0,0
26453,0,0,1,0,0
26454,0,0,1,0,0
26455,0,0,1,0,0
26456,0,0,1,0,0
26457,0,0,1,0,0
26458,0,0,1,0,0
26459,0,0,1,0,0
26460,0,0,1,0,0
26461,0,0,1,0,0
26462,0,0,1,0,0
26463,0,0,1,0,0
26464,0,0,1,0,0
26465,0,0,1,0,0
26466,0,0,1,0,0
26467,0,0,1,0,0
26468,0,0,1,0,0
26469,0,0,1,0,0
26470,0,0,1,0,0
26471,0,0,1,0,0
26472,0,0,1,0,0
26473,0,0,1,0,0
26474,0,0,1,0,0
26475,0,0,1,0,0
26476,0,0,1,0,0
26477,0,0,1,0,0
26478,0,0,1,0,0
26479,0,0,1,0,0
26480,0,0,1,0,0
26481,0,0,1,0,0
26482,0,0,1,0,0
26483,0,0,1,0,0
26484,0,0,1,0,0
26485,0,0,1,0,0
26486,0,0,1,0,0
26487,0,0,1,0,0
26488,0,0,1,0,0
26489,0,0,1,0,0
26490,0,0,1,0,0
26491,0,0,1,0,0
26492,0,0,1,0,0
26493,0,0,1,0,0
26494,0,0,1,0,0
26495,0,0,1,0,0
26496,0,0,1,0,0
26497,1,-1,1,0,0
26498,2,-4,1,0,0
26499,-6,-6,1,0,0
26500,-9,5,1,0,0
26501,4,14,1,0,0
26502,18,0,1,0,0
26503,9,-19,1,0,0
26504,-13,-17,1,0,0
26505,-21,3,1,0,0
26506,-7,19,1,0,0
26507,13,15,1,0,0
26508,21,-3,1,0,0
26509,12,-18,1,0,0
26510,-6,-22,1,0,0
26511,-19,-11,1,0,0
26512,-21,5,1,0,0
26513,-11,17,1,0,0
26514,4,20,1,0,0
26515,15,15,1,0,0
26516,21,3,1,0,0
26517,20,-8,1,0,0
26518,13,-17,1,0,0
26519,5,-21,1,0,0
26520,-4,-22,1,0,0
26521,-11,-19,1,0,0
26522,-16,-14,1,0,0
26523,-19,-9,1,0,0
26524,-21,-5,1,0,0
26525,-21,-1,1,0,0
26526,-21,3,1,0,0
26527,-20,4,1,0,0
26528,-18,4,1,0,0
26529,-14,4,1,0,0
26530,-11,3,1,0,0
26531,-7,1,1,0,0
26532,-3,-1,1,0,0
26533,-1,-1,1,0,0
26534,0,0,1,0,0
26535,1,1,1,0,0
26536,3,1,1,0,0
26537,7,-1,1,0,0
26538,11,-3,1,0,0
26539,14,-4,1,0,0
26540,18,-4,1,0,0
26541,20,-4,1,0,0
26542,21,-3,1,0,0
26543,21,1,1,0,0
26544,21,5,1,0,0
26545,19,9,1,0,0
26546,16,14,1,0,0
26547,11,19,1,0,0
26548,4,22,1,0,0
26549,-5,21,1,0,0
26550,-13,17,1,0,0
26551,-20,8,1,0,0
26552,-21,-3,1,0,0
26553,-15,-15,1,0,0
26554,-4,-20,1,0,0
26555,11,-17,1,0,0
26556,21,-5,1,0,0
26557,19,11,1,0,0
26558,6,22,1,0,0
26559,-12,18,1,0,0
26560,-21,3,1,0,0
26561,-13,-15,1,0,0
26562,7,-19,1,0,0
26563,21,-3,1,0,0
26564,13,17,1,0,0
26565,-9,19,1,0,0
26566,-18,0,1,0,0
26567,-4,-14,1,0,0
26568,9,-5,1,0,0
26569,6,6,1,0,0
26570,-2,4,1,0,0
26571,-1,1,1,0,0
26572,0,0,1,0,0
26573,0,0,1,0,0
26574,-3,1,1,0,0
26575,-5,-7,1,0,0
26576,6,-10,1,0,0
26577,15,3,1,0,0
26578,1,17,1,0,0
26579,-18,8,1,0,0
26580,-16,-14,1,0,0
26581,4,-22,1,0,0
26582,20,-8,1,0,0
26583,16,12,1,0,0
26584,-2,20,1,0,0
26585,-17,11,1,0,0
26586,-21,-7,1,0,0
26587,-10,-20,1,0,0
26588,6,-22,1,0,0
26589,18,-12,1,0,0
26590,21,3,1,0,0
26591,15,15,1,0,0
26592,4,20,1,0,0
26593,-7,19,1,0,0
26594,-16,12,1,0,0
26595,-20,4,1,0,0
26596,-21,-5,1,0,0
26597,-18,-12,1,0,0
26598,-13,-17,1,0,0
26599,-8,-20,1,0,0
26600,-4,-22,1,0,0
26601,0,-22,1,0,0
26602,4,-22,1,0,0
26603,5,-21,1,0,0
26604,5,-19,1,0,0
26605,5,-15,1,0,0
26606,4,-12,1,0,0
26607,2,-8,1,0,0
26608,0,-4,1,0,0
26609,0,-2,1,0,0
26610,0,0,1,0,0
26611,0,-2,1,0,0
26612,0,-4,1,0,0
26613,2,-8,1,0,0
26614,4,-12,1,0,0
26615,5,-15,1,0,0
26616,5,-19,1,0,0
26617,5,-21,1,0,0
26618,4,-22,1,0,0
26619,0,-22,1,0,0
26620,-4,-22,1,0,0
26621,-8,-20,1,0,0
26622,-13,-17,1,0,0
26623,-18,-12,1,0,0
26624,-21,-5,1,0,0
26625,-20,4,1,0,0
26626,-16,12,1,0,0
26627,-7,19,1,0,0
26628,4,20,1,0,0
26629,15,15,1,0,0
26630,21,3,1,0,0
26631,18,-12,1,0,0
26632,6,-22,1,0,0
26633,-10,-20,1,0,0
26634,-21,-7,1,0,0
26635,-17,11,1,0,0
26636,-2,20,1,0,0
26637,16,12,1,0,0
26638,20,-8,1,0,0
26639,4,-22,1,0,0
26640,-16,-14,1,0,0
26641,-18,8,1,0,0
26642,1,17,1,0,0
26643,15,3,1,0,0
26644,6,-10,1,0,0
26645,-5,-7,1,0,0
26646,-3,1,1,0,0
26647,0,0,1,0,0
26648,0,0,1,0,0
26649,0,0,1,0,0
26650,0,0,1,0,0
26651,0,0,1,0,0
26652,0,0,1,0,0
26653,0,0,1,0,0
26654,0,0,1,0,0
26655,0,0,1,0,0
26656,0,0,1,0,0
26657,0,0,1,0,0
26658,0,0,1,0,0
26659,1,1,1,0,0
26660,4,2,1,0,0
26661,6,-6,1,0,0
26662,-5,-9,1,0,0
26663,-14,4,1,0,0
26664,0,18,1,0,0
26665,19,9,1,0,0
26666,17,-13,1,0,0
26667,-3,-21,1,0,0
26668,-19,-7,1,0,0
26669,-15,13,1,0,0
26670,3,21,1,0,0
26671,18,12,1,0,0
26672,22,-6,1,0,0
26673,11,-19,1,0,0
26674,-5,-21,1,0,0
26675,-17,-11,1,0,0
26676,-20,4,1,0,0
26677,-15,15,1,0,0
26678,-3,21,1,0,0
26679,8,20,1,0,0
26680,17,13,1,0,0
26681,21,5,1,0,0
26682,22,-4,1,0,0
26683,19,-11,1,0,0
26684,14,-16,1,0,0
26685,9,-19,1,0,0
26686,5,-21,1,0,0
26687,1,-21,1,0,0
26688,-3,-21,1,0,0
26689,-4,-20,1,0,0
26690,-4,-18,1,0,0
26691,-4,-14,1,0,0
26692,-3,-11,1,0,0
26693,-1,-7,1,0,0
26694,1,-3,1,0,0
26695,1,-1,1,0,0
26696,0,0,1,0,0
26697,-1,1,1,0,0
26698,-1,3,1,0,0
26699,1,7,1,0,0
26700,3,11,1,0,0
26701,4,14,1,0,0
26702,4,18,1,0,0
26703,4,20,1,0,0
26704,3,21,1,0,0
26705,-1,21,1,0,0
26706,-5,21,1,0,0
26707,-9,19,1,0,0
26708,-14,16,1,0,0
26709,-19,11,1,0,0
26710,-22,4,1,0,0
26711,-21,-5,1,0,0
26712,-17,-13,1,0,0
26713,-8,-20,1,0,0
26714,3,-21,1,0,0
26715,15,-15,1,0,0
26716,20,-4,1,0,0
26717,17,11,1,0,0
26718,5,21,1,0,0
26719,-11,19,1,0,0
26720,-22,6,1,0,0
26721,-18,-12,1,0,0
26722,-3,-21,1,0,0
26723,15,-13,1,0,0
26724,19,7,1,0,0
26725,3,21,1,0,0
26726,-17,13,1,0,0
26727,-19,-9,1,0,0
26728,0,-18,1,0,0
26729,14,-4,1,0,0
26730,5,9,1,0,0
26731,-6,6,1,0,0
26732,-4,-2,1,0,0
26733,-1,-1,1,0,0
26734,0,0,1,0,0
26735,0,0,1,0,0
26736,-3,1,1,0,0
26737,-5,-7,1,0,0
26738,6,-10,1,0,0
26739,15,3,1,0,0
26740,1,17,1,0,0
26741,-18,8,1,0,0
26742,-16,-14,1,0,0
26743,4,-22,1,0,0
26744,20,-8,1,0,0
26745,16,12,1,0,0
26746,-2,20,1,0,0
26747,-17,11,1,0,0
26748,-21,-7,1,0,0
26749,-10,-20,1,0,0
26750,6,-22,1,0,0
26751,18,-12,1,0,0
26752,21,3,1,0,0
26753,15,15,1,0,0
26754,4,20,1,0,0
26755,-7,19,1,0,0
26756,-16,12,1,0,0
26757,-20,4,1,0,0
26758,-21,-5,1,0,0
26759,-18,-12,1,0,0
26760,-13,-17,1,0,0
26761,-8,-20,1,0,0
26762,-4,-22,1,0,0
26763,0,-22,1,0,0
26764,4,-22,1,0,0
26765,5,-21,1,0,0
26766,5,-19,1,0,0
26767,5,-15,1,0,0
26768,4,-12,1,0,0
26769,2,-8,1,0,0
26770,0,-4,1,0,0
26771,0,-2,1,0,0
26772,0,0,1,0,0
26773,0,2,1,0,0
26774,0,4,1,0,0
26775,-2,8,1,0,0
26776,-4,12,1,0,0
26777,-5,15,1,0,0
26778,-5,19,1,0,0
26779,-5,21,1,0,0
26780,-4,22,1,0,0
26781,0,22,1,0,0
26782,4,22,1,0,0
26783,8,20,1,0,0
26784,13,17,1,0,0
26785,18,12,1,0,0
26786,21,5,1,0,0
26787,20,-4,1,0,0
26788,16,-12,1,0,0
26789,7,-19,1,0,0
26790,-4,-20,1,0,0
26791,-15,-15,1,0,0
26792,-21,-3,1,0,0
26793,-18,12,1,0,0
26794,-6,22,1,0,0
26795,10,20,1,0,0
26796,21,7,1,0,0
26797,17,-11,1,0,0
26798,2,-20,1,0,0
26799,-16,-12,1,0,0
26800,-20,8,1,0,0
26801,-4,22,1,0,0
26802,16,14,1,0,0
26803,18,-8,1,0,0
26804,-1,-17,1,0,0
26805,-15,-3,1,0,0
26806,-6,10,1,0,0
26807,5,7,1,0,0
26808,3,-1,1,0,0
26809,0,0,1,0,0
26810,0,0,1,0,0
26811,0,0,1,0,0
26812,0,0,1,0,0
26813,0,0,1,0,0
26814,0,0,1,0,0
26815,0,0,1,0,0
26816,0,0,1,0,0
26817,0,0,1,0,0
26818,0,0,1,0,0
26819,0,0,1,0,0
26820,0,0,1,0,0
26821,0,0,1,0,0
26822,0,0,1,0,0
26823,0,0,1,0,0
26824,0,0,1,0,0
26825,0,0,1,0,0
26826,0,0,1,0,0
26827,0,0,1,0,0
26828,0,0,1,0,0
26829,0,0,1,0,0
26830,0,0,1,0,0
26831,0,0,1,0,0
26832,0,0,1,0,0
26833,0,0,1,0,0
26834,0,0,1,0,0
26835,0,0,1,0,0
26836,0,0,1,0,0
26837,0,0,1,0,0
26838,0,0,1,0,0
26839,0,0,1,0,0
26840,0,0,1,0,0
26841,0,0,1,0,0
26842,0,0,1,0,0
26843,0,0,1,0,0
26844,0,0,1,0,0
26845,0,0,1,0,0
26846,0,0,1,0,0
26847,0,0,1,0,0
26848,0,0,1,0,0
26849,0,0,1,0,0
26850,0,0,1,0,0
26851,0,0,1,0,0
26852,0,0,1,0,0
26853,0,0,1,0,0
26854,0,0,1,0,0
26855,0,0,1,0,0
26856,0,0,1,0,0
26857,0,0,1,0,0
26858,0,0,1,0,0
26859,0,0,1,0,0
26860,0,0,1,0,0
26861,0,0,1,0,0
26862,0,0,1,0,0
26863,0,0,1,0,0
26864,0,0,1,0,0
26865,0,0,1,0,0
26866,0,0,1,0,0
26867,0,0,1,0,0
26868,0,0,1,0,0
26869,0,0,1,0,0
26870,0,0,1,0,0
26871,0,0,1,0,0
26872,0,0,1,0,0
26873,0,0,1,0,0
26874,0,0,1,0,0
26875,0,0,1,0,0
26876,0,0,1,0,0
26877,0,0,1,0,0
26878,0,0,1,0,0
26879,0,0,1,0,0
26880,0,0,1,0,0
26881,-1,1,1,0,0
26882,-2,4,1,0,0
26883,6,6,1,0,0
26884,9,-5,1,0,0
26885,-4,-14,1,0,0
26886,-18,0,1,0,0
26887,-9,19,1,0,0
26888,13,17,1,0,0
26889,21,-3,1,0,0
26890,7,-19,1,0,0
26891,-13,-15,1,0,0
26892,-21,3,1,0,0
26893,-12,18,1,0,0
26894,6,22,1,0,0
26895,19,11,1,0,0
26896,21,-5,1,0,0
26897,11,-17,1,0,0
26898,-4,-20,1,0,0
26899,-15,-15,1,0,0
26900,-21,-3,1,0,0
26901,-20,8,1,0,0
26902,-13,17,1,0,0
26903,-5,21,1,0,0
26904,4,22,1,0,0
26905,11,19,1,0,0
26906,16,14,1,0,0
26907,19,9,1,0,0
26908,21,5,1,0,0
26909,21,1,1,0,0
26910,21,-3,1,0,0
26911,20,-4,1,0,0
26912,18,-4,1,0,0
26913,14,-4,1,0,0
26914,11,-3,1,0,0
26915,7,-1,1,0,0
26916,3,1,1,0,0
26917,1,1,1,0,0
26918,0,0,1,0,0
26919,-1,-1,1,0,0
26920,-3,-1,1,0,0
26921,-7,1,1,0,0
26922,-11,3,1,0,0
26923,-14,4,1,0,0
26924,-18,4,1,0,0
26925,-20,4,1,0,0
26926,-21,3,1,0,0
26927,-21,-1,1,0,0
26928,-21,-5,1,0,0
26929,-19,-9,1,0,0
26930,-16,-14,1,0,0
26931,-11,-19,1,0,0
26932,-4,-22,1,0,0
26933,5,-21,1,0,0
26934,13,-17,1,0,0
26935,20,-8,1,0,0
26936,21,3,1,0,0
26937,15,15,1,0,0
26938,4,20,1,0,0
26939,-11,17,1,0,0
26940,-21,5,1,0,0
26941,-19,-11,1,0,0
26942,-6,-22,1,0,0
26943,12,-18,1,0,0
26944,21,-3,1,0,0
26945,13,15,1,0,0
26946,-7,19,1,0,0
26947,-21,3,1,0,0
26948,-13,-17,1,0,0
26949,9,-19,1,0,0
26950,18,0,1,0,0
26951,4,14,1,0,0
26952,-9,5,1,0,0
26953,-6,-6,1,0,0
26954,2,-4,1,0,0
26955,1,-1,1,0,0
26956,0,0,1,0,0
26957,0,0,1,0,0
26958,1,3,1,0,0
26959,-7,5,1,0,0
26960,-10,-6,1,0,0
26961,3,-15,1,0,0
26962,17,-1,1,0,0
26963,8,18,1,0,0
26964,-14,16,1,0,0
26965,-22,-4,1,0,0
26966,-8,-20,1,0,0
26967,12,-16,1,0,0
26968,20,2,1,0,0
26969,11,17,1,0,0
26970,-7,21,1,0,0
26971,-20,10,1,0,0
26972,-22,-6,1,0,0
26973,-12,-18,1,0,0
26974,3,-21,1,0,0
26975,15,-15,1,0,0
26976,20,-4,1,0,0
26977,19,7,1,0,0
26978,12,16,1,0,0
26979,4,20,1,0,0
26980,-5,21,1,0,0
26981,-12,18,1,0,0
26982,-17,13,1,0,0
26983,-20,8,1,0,0
26984,-22,4,1,0,0
26985,-22,0,1,0,0
26986,-22,-4,1,0,0
26987,-21,-5,1,0,0
26988,-19,-5,1,0,0
26989,-15,-5,1,0,0
26990,-12,-4,1,0,0
26991,-8,-2,1,0,0
26992,-4,0,1,0,0
26993,-2,0,1,0,0
26994,0,0,1,0,0
26995,2,0,1,0,0
26996,4,0,1,0,0
26997,8,2,1,0,0
26998,12,4,1,0,0
26999,15,5,1,0,0
27000,19,5,1,0,0
27001,21,5,1,0,0
27002,22,4,1,0,0
27003,22,0,1,0,0
27004,22,-4,1,0,0
27005,20,-8,1,0,0
27006,17,-13,1,0,0
27007,12,-18,1,0,0
27008,5,-21,1,0,0
27009,-4,-20,1,0,0
27010,-12,-16,1,0,0
27011,-19,-7,1,0,0
27012,-20,4,1,0,0
27013,-15,15,1,0,0
27014,-3,21,1,0,0
27015,12,18,1,0,0
27016,22,6,1,0,0
27017,20,-10,1,0,0
27018,7,-21,1,0,0
27019,-11,-17,1,0,0
27020,-20,-2,1,0,0
27021,-12,16,1,0,0
27022,8,20,1,0,0
27023,22,4,1,0,0
27024,14,-16,1,0,0
27025,-8,-18,1,0,0
27026,-17,1,1,0,0
27027,-3,15,1,0,0
27028,10,6,1,0,0
27029,7,-5,1,0,0
27030,-1,-3,1,0,0
27031,0,0,1,0,0
27032,0,0,1,0,0
27033,0,0,1,0,0
27034,0,0,1,0,0
27035,0,0,1,0,0
27036,0,0,1,0,0
27037,0,0,1,0,0
27038,0,0,1,0,0
27039,0,0,1,0,0
27040,0,0,1,0,0
27041,0,0,1,0,0
27042,0,0,1,0,0
27043,1,-1,1,0,0
27044,2,-4,1,0,0
27045,-6,-6,1,0,0
27046,-9,5,1,0,0
27047,4,14,1,0,0
27048,18,0,1,0,0
27049,9,-19,1,0,0
27050,-13,-17,1,0,0
27051,-21,3,1,0,0
27052,-7,19,1,0,0
27053,13,15,1,0,0
27054,21,-3,1,0,0
27055,12,-18,1,0,0
27056,-6,-22,1,0,0
27057,-19,-11,1,0,0
27058,-21,5,1,0,0
27059,-11,17,1,0,0
27060,4,20,1,0,0
27061,15,15,1,0,0
27062,21,3,1,0,0
27063,20,-8,1,0,0
27064,13,-17,1,0,0
27065,5,-21,1,0,0
27066,-4,-22,1,0,0
27067,-11,-19,1,0,0
27068,-16,-14,1,0,0
27069,-19,-9,1,0,0
27070,-21,-5,1,0,0
27071,-21,-1,1,0,0
27072,-21,3,1,0,0
27073,-20,4,1,0,0
27074,-18,4,1,0,0
27075,-14,4,1,0,0
27076,-11,3,1,0,0
27077,-7,1,1,0,0
27078,-3,-1,1,0,0
27079,-1,-1,1,0,0
27080,0,0,1,0,0
27081,1,1,1,0,0
27082,3,1,1,0,0
27083,7,-1,1,0,0
27084,11,-3,1,0,0
27085,14,-4,1,0,0
27086,18,-4,1,0,0
27087,20,-4,1,0,0
27088,21,-3,1,0,0
27089,21,1,1,0,0
27090,21,5,1,0,0
27091,19,9,1,0,0
27092,16,14,1,0,0
27093,11,19,1,0,0
27094,4,22,1,0,0
27095,-5,21,1,0,0
27096,-13,17,1,0,0
27097,-20,8,1,0,0
27098,-21,-3,1,0,0
27099,-15,-15,1,0,0
27100,-4,-20,1,0,0
27101,11,-17,1,0,0
27102,21,-5,1,0,0
27103,19,11,1,0,0
27104,6,22,1,0,0
27105,-12,18,1,0,0
27106,-21,3,1,0,0
27107,-13,-15,1,0,0
27108,7,-19,1,0,0
27109,21,-3,1,0,0
27110,13,17,1,0,0
27111,-9,19,1,0,0
27112,-18,0,1,0,0
27113,-4,-14,1,0,0
27114,9,-5,1,0,0
27115,6,6,1,0,0
27116,-2,4,1,0,0
27117,-1,1,1,0,0
27118,0,0,1,0,0
27119,0,0,1,0,0
27120,3,-1,1,0,0
27121,5,7,1,0,0
27122,-6,10,1,0,0
27123,-15,-3,1,0,0
27124,-1,-17,1,0,0
27125,18,-8,1,0,0
27126,16,14,1,0,0
27127,-4,22,1,0,0
27128,-20,8,1,0,0
27129,-16,-12,1,0,0
27130,2,-20,1,0,0
27131,17,-11,1,0,0
27132,21,7,1,0,0
27133,10,20,1,0,0
27134,-6,22,1,0,0
27135,-18,12,1,0,0
27136,-21,-3,1,0,0
27137,-15,-15,1,0,0
27138,-4,-20,1,0,0
27139,7,-19,1,0,0
27140,16,-12,1,0,0
27141,20,-4,1,0,0
27142,21,5,1,0,0
27143,18,12,1,0,0
27144,13,17,1,0,0
27145,8,20,1,0,0
27146,4,22,1,0,0
27147,0,22,1,0,0
27148,-4,22,1,0,0
27149,-5,21,1,0,0
27150,-5,19,1,0,0
27151,-5,15,1,0,0
27152,-4,12,1,0,0
27153,-2,8,1,0,0
27154,0,4,1,0,0
27155,0,2,1,0,0
27156,0,0,1,0,0
27157,0,2,1,0,0
27158,0,4,1,0,0
27159,-2,8,1,0,0
27160,-4,12,1,0,0
27161,-5,15,1,0,0
27162,-5,19,1,0,0
27163,-5,21,1,0,0
27164,-4,22,1,0,0
27165,0,22,1,0,0
27166,4,22,1,0,0
27167,8,20,1,0,0
27168,13,17,1,0,0
27169,18,12,1,0,0
27170,21,5,1,0,0
27171,20,-4,1,0,0
27172,16,-12,1,0,0
27173,7,-19,1,0,0
27174,-4,-20,1,0,0
27175,-15,-15,1,0,0
27176,-21,-3,1,0,0
27177,-18,12,1,0,0
27178,-6,22,1,0,0
27179,10,20,1,0,0
27180,21,7,1,0,0
27181,17,-11,1,0,0
27182,2,-20,1,0,0
27183,-16,-12,1,0,0
27184,-20,8,1,0,0
27185,-4,22,1,0,0
27186,16,14,1,0,0
27187,18,-8,1,0,0
27188,-1,-17,1,0,0
27189,-15,-3,1,0,0
27190,-6,10,1,0,0
27191,5,7,1,0,0
27192,3,-1,1,0,0
27193,0,0,1,0,0
27194,0,0,1,0,0
27195,0,0,1,0,0
27196,0,0,1,0,0
27197,0,0,1,0,0
27198,0,0,1,0,0
27199,0,0,1,0,0
27200,0,0,1,0,0
27201,0,0,1,0,0
27202,0,0,1,0,0
27203,0,0,1,0,0
27204,0,0,1,0,0
27205,0,0,1,0,0
27206,0,0,1,0,0
27207,0,0,1,0,0
27208,0,0,1,0,0
27209,0,0,1,0,0
27210,0,0,1,0,0
27211,0,0,1,0,0
27212,0,0,1,0,0
27213,0,0,1,0,0
27214,0,0,1,0,0
27215,0,0,1,0,0
27216,0,0,1,0,0
27217,0,0,1,0,0
27218,0,0,1,0,0
27219,0,0,1,0,0
27220,0,0,1,0,0
27221,0,0,1,0,0
27222,0,0,1,0,0
27223,0,0,1,0,0
27224,0,0,1,0,0
27225,0,0,1,0,0
27226,0,0,1,0,0
27227,0,0,1,0,0
27228,0,0,1,0,0
27229,0,0,1,0,0
27230,0,0,1,0,0
27231,0,0,1,0,0
27232,0,0,1,0,0
27233,0,0,1,0,0
27234,0,0,1,0,0
27235,0,0,1,0,0
27236,0,0,1,0,0
27237,0,0,1,0,0
27238,0,0,1,0,0
27239,0,0,1,0,0
27240,0,0,1,0,0
27241,0,0,1,0,0
27242,0,0,1,0,0
27243,0,0,1,0,0
27244,0,0,1,0,0
27245,0,0,1,0,0
27246,0,0,1,0,0
27247,0,0,1,0,0
27248,0,0,1,0,0
27249,0,0,1,0,0
27250,0,0,1,0,0
27251,0,0,1,0,0
27252,0,0,1,0,0
27253,0,0,1,0,0
27254,0,0,1,0,0
27255,0,0,1,0,0
27256,0,0,1,0,0
27257,0,0,1,0,0
27258,0,0,1,0,0
27259,0,0,1,0,0
27260,0,0,1,0,0
27261,0,0,1,0,0
27262,0,0,1,0,0
27263,0,0,1,0,0
27264,0,0,1,0,0
27265,1,1,1,0,0
27266,4,2,1,0,0
27267,6,-6,1,0,0
27268,-5,-9,1,0,0
27269,-14,4,1,0,0
27270,0,18,1,0,0
27271,19,9,1,0,0
27272,17,-13,1,0,0
27273,-3,-21,1,0,0
27274,-19,-7,1,0,0
27275,-15,13,1,0,0
27276,3,21,1,0,0
27277,18,12,1,0,0
27278,22,-6,1,0,0
27279,11,-19,1,0,0
27280,-5,-21,1,0,0
27281,-17,-11,1,0,0
27282,-20,4,1,0,0
27283,-15,15,1,0,0
27284,-3,21,1,0,0
27285,8,20,1,0,0
27286,17,13,1,0,0
27287,21,5,1,0,0
27288,22,-4,1,0,0
27289,19,-11,1,0,0
27290,14,-16,1,0,0
27291,9,-19,1,0,0
27292,5,-21,1,0,0
27293,1,-21,1,0,0
27294,-3,-21,1,0,0
27295,-4,-20,1,0,0
27296,-4,-18,1,0,0
27297,-4,-14,1,0,0
27298,-3,-11,1,0,0
27299,-1,-7,1,0,0
27300,1,-3,1,0,0
27301,1,-1,1,0,0
27302,0,0,1,0,0
27303,-1,1,1,0,0
27304,-1,3,1,0,0
27305,1,7,1,0,0
27306,3,11,1,0,0
27307,4,14,1,0,0
27308,4,18,1,0,0
27309,4,20,1,0,0
27310,3,21,1,0,0
27311,-1,21,1,0,0
27312,-5,21,1,0,0
27313,-9,19,1,0,0
27314,-14,16,1,0,0
27315,-19,11,1,0,0
27316,-22,4,1,0,0
27317,-21,-5,1,0,0
27318,-17,-13,1,0,0
27319,-8,-20,1,0,0
27320,3,-21,1,0,0
27321,15,-15,1,0,0
27322,20,-4,1,0,0
27323,17,11,1,0,0
27324,5,21,1,0,0
27325,-11,19,1,0,0
27326,-22,6,1,0,0
27327,-18,-12,1,0,0
27328,-3,-21,1,0,0
27329,15,-13,1,0,0
27330,19,7,1,0,0
27331,3,21,1,0,0
27332,-17,13,1,0,0
27333,-19,-9,1,0,0
27334,0,-18,1,0,0
27335,14,-4,1,0,0
27336,5,9,1,0,0
27337,-6,6,1,0,0
27338,-4,-2,1,0,0
27339,-1,-1,1,0,0
27340,0,0,1,0,0
27341,0,0,1,0,0
27342,-3,1,1,0,0
27343,-5,-7,1,0,0
27344,6,-10,1,0,0
27345,15,3,1,0,0
27346,1,17,1,0,0
27347,-18,8,1,0,0
27348,-16,-14,1,0,0
27349,4,-22,1,0,0
27350,20,-8,1,0,0
27351,16,12,1,0,0
27352,-2,20,1,0,0
27353,-17,11,1,0,0
27354,-21,-7,1,0,0
27355,-10,-20,1,0,0
27356,6,-22,1,0,0
27357,18,-12,1,0,0
27358,21,3,1,0,0
27359,15,15,1,0,0
27360,4,20,1,0,0
27361,-7,19,1,0,0
27362,-16,12,1,0,0
27363,-20,4,1,0,0
27364,-21,-5,1,0,0
27365,-18,-12,1,0,0
27366,-13,-17,1,0,0
27367,-8,-20,1,0,0
27368,-4,-22,1,0,0
27369,0,-22,1,0,0
27370,4,-22,1,0,0
27371,5,-21,1,0,0
27372,5,-19,1,0,0
27373,5,-15,1,0,0
27374,4,-12,1,0,0
27375,2,-8,1,0,0
27376,0,-4,1,0,0
27377,0,-2,1,0,0
27378,0,0,1,0,0
27379,2,0,1,0,0
27380,4,0,1,0,0
27381,8,2,1,0,0
27382,12,4,1,0,0
27383,15,5,1,0,0
27384,19,5,1,0,0
27385,21,5,1,0,0
27386,22,4,1,0,0
27387,22,0,1,0,0
27388,22,-4,1,0,0
27389,20,-8,1,0,0
27390,17,-13,1,0,0
27391,12,-18,1,0,0
27392,5,-21,1,0,0
27393,-4,-20,1,0,0
27394,-12,-16,1,0,0
27395,-19,-7,1,0,0
27396,-20,4,1,0,0
27397,-15,15,1,0,0
27398,-3,21,1,0,0
27399,12,18,1,0,0
27400,22,6,1,0,0
27401,20,-10,1,0,0
27402,7,-21,1,0,0
27403,-11,-17,1,0,0
27404,-20,-2,1,0,0
27405,-12,16,1,0,0
27406,8,20,1,0,0
27407,22,4,1,0,0
27408,14,-16,1,0,0
27409,-8,-18,1,0,0
27410,-17,1,1,0,0
27411,-3,15,1,0,0
27412,10,6,1,0,0
27413,7,-5,1,0,0
27414,-1,-3,1,0,0
27415,0,0,1,0,0
27416,0,0,1,0,0
27417,0,0,1,0,0
27418,0,0,1,0,0
27419,0,0,1,0,0
27420,0,0,1,0,0
27421,0,0,1,0,0
27422,0,0,1,0,0
27423,0,0,1,0,0
27424,0,0,1,0,0
27425,0,0,1,0,0
27426,0,0,1,0,0
27427,-1,1,1,0,0
27428,-2,4,1,0,0
27429,6,6,1,0,0
27430,9,-5,1,0,0
27431,-4,-14,1,0,0
27432,-18,0,1,0,0
27433,-9,19,1,0,0
27434,13,17,1,0,0
27435,21,-3,1,0,0
27436,7,-19,1,0,0
27437,-13,-15,1,0,0
27438,-21,3,1,0,0
27439,-12,18,1,0,0
27440,6,22,1,0,0
27441,19,11,1,0,0
27442,21,-5,1,0,0
27443,11,-17,1,0,0
27444,-4,-20,1,0,0
27445,-15,-15,1,0,0
27446,-21,-3,1,0,0
27447,-20,8,1,0,0
27448,-13,17,1,0,0
27449,-5,21,1,0,0
27450,4,22,1,0,0
27451,11,19,1,0,0
27452,16,14,1,0,0
27453,19,9,1,0,0
27454,21,5,1,0,0
27455,21,1,1,0,0
27456,21,-3,1,0,0
27457,20,-4,1,0,0
27458,18,-4,1,0,0
27459,14,-4,1,0,0
27460,11,-3,1,0,0
27461,7,-1,1,0,0
27462,3,1,1,0,0
27463,1,1,1,0,0
27464,0,0,1,0,0
27465,-1,-1,1,0,0
27466,-3,-1,1,0,0
27467,-7,1,1,0,0
27468,-11,3,1,0,0
27469,-14,4,1,0,0
27470,-18,4,1,0,0
27471,-20,4,1,0,0
27472,-21,3,1,0,0
27473,-21,-1,1,0,0
27474,-21,-5,1,0,0
27475,-19,-9,1,0,0
27476,-16,-14,1,0,0
27477,-11,-19,1,0,0
27478,-4,-22,1,0,0
27479,5,-21,1,0,0
27480,13,-17,1,0,0
27481,20,-8,1,0,0
27482,21,3,1,0,0
27483,15,15,1,0,0
27484,4,20,1,0,0
27485,-11,17,1,0,0
27486,-21,5,1,0,0
27487,-19,-11,1,0,0
27488,-6,-22,1,0,0
27489,12,-18,1,0,0
27490,21,-3,1,0,0
27491,13,15,1,0,0
27492,-7,19,1,0,0
27493,-21,3,1,0,0
27494,-13,-17,1,0,0
27495,9,-19,1,0,0
27496,18,0,1,0,0
27497,4,14,1,0,0
27498,-9,5,1,0,0
27499,-6,-6,1,0,0
27500,2,-4,1,0,0
27501,1,-1,1,0,0
27502,0,0,1,0,0
27503,0,0,1,0,0
27504,3,-1,1,0,0
27505,5,7,1,0,0
27506,-6,10,1,0,0
27507,-15,-3,1,0,0
27508,-1,-17,1,0,0
27509,18,-8,1,0,0
27510,16,14,1,0,0
27511,-4,22,1,0,0
27512,-20,8,1,0,0
27513,-16,-12,1,0,0
27514,2,-20,1,0,0
27515,17,-11,1,0,0
27516,21,7,1,0,0
27517,10,20,1,0,0
27518,-6,22,1,0,0
27519,-18,12,1,0,0
27520,-21,-3,1,0,0
27521,-15,-15,1,0,0
27522,-4,-20,1,0,0
27523,7,-19,1,0,0
27524,16,-12,1,0,0
27525,20,-4,1,0,0
27526,21,5,1,0,0
27527,18,12,1,0,0
27528,13,17,1,0,0
27529,8,20,1,0,0
27530,4,22,1,0,0
27531,0,22,1,0,0
27532,-4,22,1,0,0
27533,-5,21,1,0,0
27534,-5,19,1,0,0
27535,-5,15,1,0,0
27536,-4,12,1,0,0
27537,-2,8,1,0,0
27538,0,4,1,0,0
27539,0,2,1,0,0
27540,0,0,1,0,0
27541,2,0,1,0,0
27542,4,0,1,0,0
27543,8,2,1,0,0
27544,12,4,1,0,0
27545,15,5,1,0,0
27546,19,5,1,0,0
27547,21,5,1,0,0
27548,22,4,1,0,0
27549,22,0,1,0,0
27550,22,-4,1,0,0
27551,20,-8,1,0,0
27552,17,-13,1,0,0
27553,12,-18,1,0,0
27554,5,-21,1,0,0
27555,-4,-20,1,0,0
27556,-12,-16,1,0,0
27557,-19,-7,1,0,0
27558,-20,4,1,0,0
27559,-15,15,1,0,0
27560,-3,21,1,0,0
27561,12,18,1,0,0
27562,22,6,1,0,0
27563,20,-10,1,0,0
27564,7,-21,1,0,0
27565,-11,-17,1,0,0
27566,-20,-2,1,0,0
27567,-12,16,1,0,0
27568,8,20,1,0,0
27569,22,4,1,0,0
27570,14,-16,1,0,0
27571,-8,-18,1,0,0
27572,-17,1,1,0,0
27573,-3,15,1,0,0
27574,10,6,1,0,0
27575,7,-5,1,0,0
27576,-1,-3,1,0,0
27577,0,0,1,0,0
27578,0,0,1,0,0
27579,0,0,1,0,0
27580,0,0,1,0,0
27581,0,0,1,0,0
27582,0,0,1,0,0
27583,0,0,1,0,0
27584,0,0,1,0,0
27585,0,0,1,0,0
27586,0,0,1,0,0
27587,0,0,1,0,0
27588,0,0,1,0,0
27589,0,0,1,0,0
27590,0,0,1,0,0
27591,0,0,1,0,0
27592,0,0,1,0,0
27593,0,0,1,0,0
27594,0,0,1,0,0
27595,0,0,1,0,0
27596,0,0,1,0,0
27597,0,0,1,0,0
27598,0,0,1,0,0
27599,0,0,1,0,0
27600,0,0,1,0,0
27601,0,0,1,0,0
27602,0,0,1,0,0
27603,0,0,1,0,0
27604,0,0,1,0,0
27605,0,0,1,0,0
27606,0,0,1,0,0
27607,0,0,1,0,0
27608,0,0,1,0,0
27609,0,0,1,0,0
27610,0,0,1,0,0
27611,0,0,1,0,0
27612,0,0,1,0,0
27613,0,0,1,0,0
27614,0,0,1,0,0
27615,0,0,1,0,0
27616,0,0,1,0,0
27617,0,0,1,0,0
27618,0,0,1,0,0
27619,0,0,1,0,0
27620,0,0,1,0,0
27621,0,0,1,0,0
27622,0,0,1,0,0
27623,0,0,1,0,0
27624,0,0,1,0,0
27625,0,0,1,0,0
27626,0,0,1,0,0
27627,0,0,1,0,0
27628,0,0,1,0,0
27629,0,0,1,0,0
27630,0,0,1,0,0
27631,0,0,1,0,0
27632,0,0,1,0,0
27633,0,0,1,0,0
27634,0,0,1,0,0
27635,0,0,1,0,0
27636,0,0,1,0,0
27637,0,0,1,0,0
27638,0,0,1,0,0
27639,0,0,1,0,0
27640,0,0,1,0,0
27641,0,0,1,0,0
27642,0,0,1,0,0
27643,0,0,1,0,0
27644,0,0,1,0,0
27645,0,0,1,0,0
27646,0,0,1,0,0
27647,0,0,1,0,0
27648,0,0,1,0,0
27649,1,1,1,0,0
27650,4,2,1,0,0
27651,6,-6,1,0,0
27652,-5,-9,1,0,0
27653,-14,4,1,0,0
27654,0,18,1,0,0
27655,19,9,1,0,0
27656,17,-13,1,0,0
27657,-3,-21,1,0,0
27658,-19,-7,1,0,0
27659,-15,13,1,0,0
27660,3,21,1,0,0
27661,18,12,1,0,0
27662,22,-6,1,0,0
27663,11,-19,1,0,0
27664,-5,-21,1,0,0
27665,-17,-11,1,0,0
27666,-20,4,1,0,0
27667,-15,15,1,0,0
27668,-3,21,1,0,0
27669,8,20,1,0,0
27670,17,13,1,0,0
27671,21,5,1,0,0
27672,22,-4,1,0,0
27673,19,-11,1,0,0
27674,14,-16,1,0,0
27675,9,-19,1,0,0
27676,5,-21,1,0,0
27677,1,-21,1,0,0
27678,-3,-21,1,0,0
27679,-4,-20,1,0,0
27680,-4,-18,1,0,0
27681,-4,-14,1,0,0
27682,-3,-11,1,0,0
27683,-1,-7,1,0,0
27684,1,-3,1,0,0
27685,1,-1,1,0,0
27686,0,0,1,0,0
27687,-1,1,1,0,0
27688,-1,3,1,0,0
27689,1,7,1,0,0
27690,3,11,1,0,0
27691,4,14,1,0,0
27692,4,18,1,0,0
27693,4,20,1,0,0
27694,3,21,1,0,0
27695,-1,21,1,0,0
27696,-5,21,1,0,0
27697,-9,19,1,0,0
27698,-14,16,1,0,0
27699,-19,11,1,0,0
27700,-22,4,1,0,0
27701,-21,-5,1,0,0
27702,-17,-13,1,0,0
27703,-8,-20,1,0,0
27704,3,-21,1,0,0
27705,15,-15,1,0,0
27706,20,-4,1,0,0
27707,17,11,1,0,0
27708,5,21,1,0,0
27709,-11,19,1,0,0
27710,-22,6,1,0,0
27711,-18,-12,1,0,0
27712,-3,-21,1,0,0
27713,15,-13,1,0,0
27714,19,7,1,0,0
27715,3,21,1,0,0
27716,-17,13,1,0,0
27717,-19,-9,1,0,0
27718,0,-18,1,0,0
27719,14,-4,1,0,0
27720,5,9,1,0,0
27721,-6,6,1,0,0
27722,-4,-2,1,0,0
27723,-1,-1,1,0,0
27724,0,0,1,0,0
27725,0,0,1,0,0
27726,-1,-3,1,0,0
27727,7,-5,1,0,0
27728,10,6,1,0,0
27729,-3,15,1,0,0
27730,-17,1,1,0,0
27731,-8,-18,1,0,0
27732,14,-16,1,0,0
27733,22,4,1,0,0
27734,8,20,1,0,0
27735,-12,16,1,0,0
27736,-20,-2,1,0,0
27737,-11,-17,1,0,0
27738,7,-21,1,0,0
27739,20,-10,1,0,0
27740,22,6,1,0,0
27741,12,18,1,0,0
27742,-3,21,1,0,0
27743,-15,15,1,0,0
27744,-20,4,1,0,0
27745,-19,-7,1,0,0
27746,-12,-16,1,0,0
27747,-4,-20,1,0,0
27748,5,-21,1,0,0
27749,12,-18,1,0,0
27750,17,-13,1,0,0
27751,20,-8,1,0,0
27752,22,-4,1,0,0
27753,22,0,1,0,0
27754,22,4,1,0,0
27755,21,5,1,0,0
27756,19,5,1,0,0
27757,15,5,1,0,0
27758,12,4,1,0,0
27759,8,2,1,0,0
27760,4,0,1,0,0
27761,2,0,1,0,0
27762,0,0,1,0,0
27763,-2,0,1,0,0
27764,-4,0,1,0,0
27765,-8,-2,1,0,0
27766,-12,-4,1,0,0
27767,-15,-5,1,0,0
27768,-19,-5,1,0,0
27769,-21,-5,1,0,0
27770,-22,-4,1,0,0
27771,-22,0,1,0,0
27772,-22,4,1,0,0
27773,-20,8,1,0,0
27774,-17,13,1,0,0
27775,-12,18,1,0,0
27776,-5,21,1,0,0
27777,4,20,1,0,0
27778,12,16,1,0,0
27779,19,7,1,0,0
27780,20,-4,1,0,0
27781,15,-15,1,0,0
27782,3,-21,1,0,0
27783,-12,-18,1,0,0
27784,-22,-6,1,0,0
27785,-20,10,1,0,0
27786,-7,21,1,0,0
27787,11,17,1,0,0
27788,20,2,1,0,0
27789,12,-16,1,0,0
27790,-8,-20,1,0,0
27791,-22,-4,1,0,0
27792,-14,16,1,0,0
27793,8,18,1,0,0
27794,17,-1,1,0,0
27795,3,-15,1,0,0
27796,-10,-6,1,0,0
27797,-7,5,1,0,0
27798,1,3,1,0,0
27799,0,0,1,0,0
27800,0,0,1,0,0
27801,0,0,1,0,0
27802,0,0,1,0,0
27803,0,0,1,0,0
27804,0,0,1,0,0
27805,0,0,1,0,0
27806,0,0,1,0,0
27807,0,0,1,0,0
27808,0,0,1,0,0
27809,0,0,1,0,0
27810,0,0,1,0,0
27811,1,1,1,0,0
27812,4,2,1,0,0
27813,6,-6,1,0,0
27814,-5,-9,1,0,0
27815,-14,4,1,0,0
27816,0,18,1,0,0
27817,19,9,1,0,0
27818,17,-13,1,0,0
27819,-3,-21,1,0,0
27820,-19,-7,1,0,0
27821,-15,13,1,0,0
27822,3,21,1,0,0
27823,18,12,1,0,0
27824,22,-6,1,0,0
27825,11,-19,1,0,0
27826,-5,-21,1,0,0
27827,-17,-11,1,0,0
27828,-20,4,1,0,0
27829,-15,15,1,0,0
27830,-3,21,1,0,0
27831,8,20,1,0,0
27832,17,13,1,0,0
27833,21,5,1,0,0
27834,22,-4,1,0,0
27835,19,-11,1,0,0
27836,14,-16,1,0,0
27837,9,-19,1,0,0
27838,5,-21,1,0,0
27839,1,-21,1,0,0
27840,-3,-21,1,0,0
27841,-4,-20,1,0,0
27842,-4,-18,1,0,0
27843,-4,-14,1,0,0
27844,-3,-11,1,0,0
27845,-1,-7,1,0,0
27846,1,-3,1,0,0
27847,1,-1,1,0,0
27848,0,0,1,0,0
27849,-1,1,1,0,0
27850,-1,3,1,0,0
27851,1,7,1,0,0
27852,3,11,1,0,0
27853,4,14,1,0,0
27854,4,18,1,0,0
27855,4,20,1,0,0
27856,3,21,1,0,0
27857,-1,21,1,0,0
27858,-5,21,1,0,0
27859,-9,19,1,0,0
27860,-14,16,1,0,0
27861,-19,11,1,0,0
27862,-22,4,1,0,0
27863,-21,-5,1,0,0
27864,-17,-13,1,0,0
27865,-8,-20,1,0,0
27866,3,-21,1,0,0
27867,15,-15,1,0,0
27868,20,-4,1,0,0
27869,17,11,1,0,0
27870,5,21,1,0,0
27871,-11,19,1,0,0
27872,-22,6,1,0,0
27873,-18,-12,1,0,0
27874,-3,-21,1,0,0
27875,15,-13,1,0,0
27876,19,7,1,0,0
27877,3,21,1,0,0
27878,-17,13,1,0,0
27879,-19,-9,1,0,0
27880,0,-18,1,0,0
27881,14,-4,1,0,0
27882,5,9,1,0,0
27883,-6,6,1,0,0
27884,-4,-2,1,0,0
27885,-1,-1,1,0,0
27886,0,0,1,0,0
27887,0,0,1,0,0
27888,3,-1,1,0,0
27889,5,7,1,0,0
27890,-6,10,1,0,0
27891,-15,-3,1,0,0
27892,-1,-17,1,0,0
27893,18,-8,1,0,0
27894,16,14,1,0,0
27895,-4,22,1,0,0
27896,-20,8,1,0,0
27897,-16,-12,1,0,0
27898,2,-20,1,0,0
27899,17,-11,1,0,0
27900,21,7,1,0,0
27901,10,20,1,0,0
27902,-6,22,1,0,0
27903,-18,12,1,0,0
27904,-21,-3,1,0,0
27905,-15,-15,1,0,0
27906,-4,-20,1,0,0
27907,7,-19,1,0,0
27908,16,-12,1,0,0
27909,20,-4,1,0,0
27910,21,5,1,0,0
27911,18,12,1,0,0
27912,13,17,1,0,0
27913,8,20,1,0,0
27914,4,22,1,0,0
27915,0,22,1,0,0
27916,-4,22,1,0,0
27917,-5,21,1,0,0
27918,-5,19,1,0,0
27919,-5,15,1,0,0
27920,-4,12,1,0,0
27921,-2,8,1,0,0
27922,0,4,1,0,0
27923,0,2,1,0,0
27924,0,0,1,0,0
27925,0,-2,1,0,0
27926,0,-4,1,0,0
27927,2,-8,1,0,0
27928,4,-12,1,0,0
27929,5,-15,1,0,0
27930,5,-19,1,0,0
27931,5,-21,1,0,0
27932,4,-22,1,0,0
27933,0,-22,1,0,0
27934,-4,-22,1,0,0
27935,-8,-20,1,0,0
27936,-13,-17,1,0,0
27937,-18,-12,1,0,0
27938,-21,-5,1,0,0
27939,-20,4,1,0,0
27940,-16,12,1,0,0
27941,-7,19,1,0,0
27942,4,20,1,0,0
27943,15,15,1,0,0
27944,21,3,1,0,0
27945,18,-12,1,0,0
27946,6,-22,1,0,0
27947,-10,-20,1,0,0
27948,-21,-7,1,0,0
27949,-17,11,1,0,0
27950,-2,20,1,0,0
27951,16,12,1,0,0
27952,20,-8,1,0,0
27953,4,-22,1,0,0
27954,-16,-14,1,0,0
27955,-18,8,1,0,0
27956,1,17,1,0,0
27957,15,3,1,0,0
27958,6,-10,1,0,0
27959,-5,-7,1,0,0
27960,-3,1,1,0,0
27961,0,0,1,0,0
27962,0,0,1,0,0
27963,0,0,1,0,0
27964,0,0,1,0,0
27965,0,0,1,0,0
27966,0,0,1,0,0
27967,0,0,1,0,0
27968,0,0,1,0,0
27969,0,0,1,0,0
27970,0,0,1,0,0
27971,0,0,1,0,0
27972,0,0,1,0,0
27973,0,0,1,0,0
27974,0,0,1,0,0
27975,0,0,1,0,0
27976,0,0,1,0,0
27977,0,0,1,0,0
27978,0,0,1,0,0
27979,0,0,1,0,0
27980,0,0,1,0,0
27981,0,0,1,0,0
27982,0,0,1,0,0
27983,0,0,1,0,0
27984,0,0,1,0,0
27985,0,0,1,0,0
27986,0,0,1,0,0
27987,0,0,1,0,0
27988,0,0,1,0,0
27989,0,0,1,0,0
27990,0,0,1,0,0
27991,0,0,1,0,0
27992,0,0,1,0,0
27993,0,0,1,0,0
27994,0,0,1,0,0
27995,0,0,1,0,0
27996,0,0,1,0,0
27997,0,0,1,0,0
27998,0,0,1,0,0
27999,0,0,1,0,0
28000,0,0,1,0,0
28001,0,0,1,0,0
28002,0,0,1,0,0
28003,0,0,1,0,0
28004,0,0,1,0,0
28005,0,0,1,0,0
28006,0,0,1,0,0
28007,0,0,1,0,0
28008,0,0,1,0,0
28009,0,0,1,0,0
28010,0,0,1,0,0
28011,0,0,1,0,0
28012,0,0,1,0,0
28013,0,0,1,0,0
28014,0,0,1,0,0
28015,0,0,1,0,0
28016,0,0,1,0,0
28017,0,0,1,0,0
28018,0,0,1,0,0
28019,0,0,1,0,0
28020,0,0,1,0,0
28021,0,0,1,0,0
28022,0,0,1,0,0
28023,0,0,1,0,0
28024,0,0,1,0,0
28025,0,0,1,0,0
28026,0,0,1,0,0
28027,0,0,1,0,0
28028,0,0,1,0,0
28029,0,0,1,0,0
28030,0,0,1,0,0
28031,0,0,1,0,0
28032,0,0,1,0,0
28033,1,-1,1,0,0
28034,2,-4,1,0,0
28035,-6,-6,1,0,0
28036,-9,5,1,0,0
28037,4,14,1,0,0
28038,18,0,1,0,0
28039,9,-19,1,0,0
28040,-13,-17,1,0,0
28041,-21,3,1,0,0
28042,-7,19,1,0,0
28043,13,15,1,0,0
28044,21,-3,1,0,0
28045,12,-18,1,0,0
28046,-6,-22,1,0,0
28047,-19,-11,1,0,0
28048,-21,5,1,0,0
28049,-11,17,1,0,0
28050,4,20,1,0,0
28051,15,15,1,0,0
28052,21,3,1,0,0
28053,20,-8,1,0,0
28054,13,-17,1,0,0
28055,5,-21,1,0,0
28056,-4,-22,1,0,0
28057,-11,-19,1,0,0
28058,-16,-14,1,0,0
28059,-19,-9,1,0,0
28060,-21,-5,1,0,0
28061,-21,-1,1,0,0
28062,-21,3,1,0,0
28063,-20,4,1,0,0
28064,-18,4,1,0,0
28065,-14,4,1,0,0
28066,-11,3,1,0,0
28067,-7,1,1,0,0
28068,-3,-1,1,0,0
28069,-1,-1,1,0,0
28070,0,0,1,0,0
28071,1,1,1,0,0
28072,3,1,1,0,0
28073,7,-1,1,0,0
28074,11,-3,1,0,0
28075,14,-4,1,0,0
28076,18,-4,1,0,0
28077,20,-4,1,0,0
28078,21,-3,1,0,0
28079,21,1,1,0,0
28080,21,5,1,0,0
28081,19,9,1,0,0
28082,16,14,1,0,0
28083,11,19,1,0,0
28084,4,22,1,0,0
28085,-5,21,1,0,0
28086,-13,17,1,0,0
28087,-20,8,1,0,0
28088,-21,-3,1,0,0
28089,-15,-15,1,0,0
28090,-4,-20,1,0,0
28091,11,-17,1,0,0
28092,21,-5,1,0,0
28093,19,11,1,0,0
28094,6,22,1,0,0
28095,-12,18,1,0,0
28096,-21,3,1,0,0
28097,-13,-15,1,0,0
28098,7,-19,1,0,0
28099,21,-3,1,0,0
28100,13,17,1,0,0
28101,-9,19,1,0,0
28102,-18,0,1,0,0
28103,-4,-14,1,0,0
28104,9,-5,1,0,0
28105,6,6,1,0,0
28106,-2,4,1,0,0
28107,-1,1,1,0,0
28108,0,0,1,0,0
28109,0,0,1,0,0
28110,-3,1,1,0,0
28111,-5,-7,1,0,0
28112,6,-10,1,0,0
28113,15,3,1,0,0
28114,1,17,1,0,0
28115,-18,8,1,0,0
28116,-16,-14,1,0,0
28117,4,-22,1,0,0
28118,20,-8,1,0,0
28119,16,12,1,0,0
28120,-2,20,1,0,0
28121,-17,11,1,0,0
28122,-21,-7,1,0,0
28123,-10,-20,1,0,0
28124,6,-22,1,0,0
28125,18,-12,1,0,0
28126,21,3,1,0,0
28127,15,15,1,0,0
28128,4,20,1,0,0
28129,-7,19,1,0,0
28130,-16,12,1,0,0
28131,-20,4,1,0,0
28132,-21,-5,1,0,0
28133,-18,-12,1,0,0
28134,-13,-17,1,0,0
28135,-8,-20,1,0,0
28136,-4,-22,1,0,0
28137,0,-22,1,0,0
28138,4,-22,1,0,0
28139,5,-21,1,0,0
28140,5,-19,1,0,0
28141,5,-15,1,0,0
28142,4,-12,1,0,0
28143,2,-8,1,0,0
28144,0,-4,1,0,0
28145,0,-2,1,0,0
28146,0,0,1,0,0
28147,-2,0,1,0,0
28148,-4,0,1,0,0
28149,-8,-2,1,0,0
28150,-12,-4,1,0,0
28151,-15,-5,1,0,0
28152,-19,-5,1,0,0
28153,-21,-5,1,0,0
28154,-22,-4,1,0,0
28155,-22,0,1,0,0
28156,-22,4,1,0,0
28157,-20,8,1,0,0
28158,-17,13,1,0,0
28159,-12,18,1,0,0
28160,-5,21,1,0,0
28161,4,20,1,0,0
28162,12,16,1,0,0
28163,19,7,1,0,0
28164,20,-4,1,0,0
28165,15,-15,1,0,0
28166,3,-21,1,0,0
28167,-12,-18,1,0,0
28168,-22,-6,1,0,0
28169,-20,10,1,0,0
28170,-7,21,1,0,0
28171,11,17,1,0,0
28172,20,2,1,0,0
28173,12,-16,1,0,0
28174,-8,-20,1,0,0
28175,-22,-4,1,0,0
28176,-14,16,1,0,0
28177,8,18,1,0,0
28178,17,-1,1,0,0
28179,3,-15,1,0,0
28180,-10,-6,1,0,0
28181,-7,5,1,0,0
28182,1,3,1,0,0
28183,0,0,1,0,0
28184,0,0,1,0,0
28185,0,0,1,0,0
28186,0,0,1,0,0
28187,0,0,1,0,0
28188,0,0,1,0,0
28189,0,0,1,0,0
28190,0,0,1,0,0
28191,0,0,1,0,0
28192,0,0,1,0,0
28193,0,0,1,0,0
28194,0,0,1,0,0
28195,1,1,1,0,0
28196,4,2,1,0,0
28197,6,-6,1,0,0
28198,-5,-9,1,0,0
28199,-14,4,1,0,0
28200,0,18,1,0,0
28201,19,9,1,0,0
28202,17,-13,1,0,0
28203,-3,-21,1,0,0
28204,-19,-7,1,0,0
28205,-15,13,1,0,0
28206,3,21,1,0,0
28207,18,12,1,0,0
28208,22,-6,1,0,0
28209,11,-19,1,0,0
28210,-5,-21,1,0,0
28211,-17,-11,1,0,0
28212,-20,4,1,0,0
28213,-15,15,1,0,0
28214,-3,21,1,0,0
28215,8,20,1,0,0
28216,17,13,1,0,0
28217,21,5,1,0,0
28218,22,-4,1,0,0
28219,19,-11,1,0,0
28220,14,-16,1,0,0
28221,9,-19,1,0,0
28222,5,-21,1,0,0
28223,1,-21,1,0,0
28224,-3,-21,1,0,0
28225,-4,-20,1,0,0
28226,-4,-18,1,0,0
28227,-4,-14,1,0,0
28228,-3,-11,1,0,0
28229,-1,-7,1,0,0
28230,1,-3,1,0,0
28231,1,-1,1,0,0
28232,0,0,1,0,0
28233,-1,1,1,0,0
28234,-1,3,1,0,0
28235,1,7,1,0,0
28236,3,11,1,0,0
28237,4,14,1,0,0
28238,4,18,1,0,0
28239,4,20,1,0,0
28240,3,21,1,0,0
28241,-1,21,1,0,0
28242,-5,21,1,0,0
28243,-9,19,1,0,0
28244,-14,16,1,0,0
28245,-19,11,1,0,0
28246,-22,4,1,0,0
28247,-21,-5,1,0,0
28248,-17,-13,1,0,0
28249,-8,-20,1,0,0
28250,3,-21,1,0,0
28251,15,-15,1,0,0
28252,20,-4,1,0,0
28253,17,11,1,0,0
28254,5,21,1,0,0
28255,-11,19,1,0,0
28256,-22,6,1,0,0
28257,-18,-12,1,0,0
28258,-3,-21,1,0,0
28259,15,-13,1,0,0
28260,19,7,1,0,0
28261,3,21,1,0,0
28262,-17,13,1,0,0
28263,-19,-9,1,0,0
28264,0,-18,1,0,0
28265,14,-4,1,0,0
28266,5,9,1,0,0
28267,-6,6,1,0,0
28268,-4,-2,1,0,0
28269,-1,-1,1,0,0
28270,0,0,1,0,0
28271,0,0,1,0,0
28272,1,3,1,0,0
28273,-7,5,1,0,0
28274,-10,-6,1,0,0
28275,3,-15,1,0,0
28276,17,-1,1,0,0
28277,8,18,1,0,0
28278,-14,16,1,0,0
28279,-22,-4,1,0,0
28280,-8,-20,1,0,0
28281,12,-16,1,0,0
28282,20,2,1,0,0
28283,11,17,1,0,0
28284,-7,21,1,0,0
28285,-20,10,1,0,0
28286,-22,-6,1,0,0
28287,-12,-18,1,0,0
28288,3,-21,1,0,0
28289,15,-15,1,0,0
28290,20,-4,1,0,0
28291,19,7,1,0,0
28292,12,16,1,0,0
28293,4,20,1,0,0
28294,-5,21,1,0,0
28295,-12,18,1,0,0
28296,-17,13,1,0,0
28297,-20,8,1,0,0
28298,-22,4,1,0,0
28299,-22,0,1,0,0
28300,-22,-4,1,0,0
28301,-21,-5,1,0,0
28302,-19,-5,1,0,0
28303,-15,-5,1,0,0
28304,-12,-4,1,0,0
28305,-8,-2,1,0,0
28306,-4,0,1,0,0
28307,-2,0,1,0,0
28308,0,0,1,0,0
28309,0,-2,1,0,0
28310,0,-4,1,0,0
28311,2,-8,1,0,0
28312,4,-12,1,0,0
28313,5,-15,1,0,0
28314,5,-19,1,0,0
28315,5,-21,1,0,0
28316,4,-22,1,0,0
28317,0,-22,1,0,0
28318,-4,-22,1,0,0
28319,-8,-20,1,0,0
28320,-13,-17,1,0,0
28321,-18,-12,1,0,0
28322,-21,-5,1,0,0
28323,-20,4,1,0,0
28324,-16,12,1,0,0
28325,-7,19,1,0,0
28326,4,20,1,0,0
28327,15,15,1,0,0
28328,21,3,1,0,0
28329,18,-12,1,0,0
28330,6,-22,1,0,0
28331,-10,-20,1,0,0
28332,-21,-7,1,0,0
28333,-17,11,1,0,0
28334,-2,20,1,0,0
28335,16,12,1,0,0
28336,20,-8,1,0,0
28337,4,-22,1,0,0
28338,-16,-14,1,0,0
28339,-18,8,1,0,0
28340,1,17,1,0,0
28341,15,3,1,0,0
28342,6,-10,1,0,0
28343,-5,-7,1,0,0
28344,-3,1,1,0,0
28345,0,0,1,0,0
28346,0,0,1,0,0
28347,0,0,1,0,0
28348,0,0,1,0,0
28349,0,0,1,0,0
28350,0,0,1,0,0
28351,0,0,1,0,0
28352,0,0,1,0,0
28353,0,0,1,0,0
28354,0,0,1,0,0
28355,0,0,1,0,0
28356,0,0,1,0,0
28357,0,0,1,0,0
28358,0,0,1,0,0
28359,0,0,1,0,0
28360,0,0,1,0,0
28361,0,0,1,0,0
28362,0,0,1,0,0
28363,0,0,1,0,0
28364,0,0,1,0,0
28365,0,0,1,0,0
28366,0,0,1,0,0
28367,0,0,1,0,0
28368,0,0,1,0,0
28369,0,0,1,0,0
28370,0,0,1,0,0
28371,0,0,1,0,0
28372,0,0,1,0,0
28373,0,0,1,0,0
28374,0,0,1,0,0
28375,0,0,1,0,0
28376,0,0,1,0,0
28377,0,0,1,0,0
28378,0,0,1,0,0
28379,0,0,1,0,0
28380,0,0,1,0,0
28381,0,0,1,0,0
28382,0,0,1,0,0
28383,0,0,1,0,0
28384,0,0,1,0,0
28385,0,0,1,0,0
28386,0,0,1,0,0
28387,0,0,1,0,0
28388,0,0,1,0,0
28389,0,0,1,0,0
28390,0,0,1,0,0
28391,0,0,1,0,0
28392,0,0,1,0,0
28393,0,0,1,0,0
28394,0,0,1,0,0
28395,0,0,1,0,0
28396,0,0,1,0,0
28397,0,0,1,0,0
28398,0,0,1,0,0
28399,0,0,1,0,0
28400,0,0,1,0,0
28401,0,0,1,0,0
28402,0,0,1,0,0
28403,0,0,1,0,0
28404,0,0,1,0,0
28405,0,0,1,0,0
28406,0,0,1,0,0
28407,0,0,1,0,0
28408,0,0,1,0,0
28409,0,0,1,0,0
28410,0,0,1,0,0
28411,0,0,1,0,0
28412,0,0,1,0,0
28413,0,0,1,0,0
28414,0,0,1,0,0
28415,0,0,1,0,0
28416,0,0,1,0,0
28417,1,-1,1,0,0
28418,2,-4,1,0,0
28419,-6,-6,1,0,0
28420,-9,5,1,0,0
28421,4,14,1,0,0
28422,18,0,1,0,0
28423,9,-19,1,0,0
28424,-13,-17,1,0,0
28425,-21,3,1,0,0
28426,-7,19,1,0,0
28427,13,15,1,0,0
28428,21,-3,1,0,0
28429,12,-18,1,0,0
28430,-6,-22,1,0,0
28431,-19,-11,1,0,0
28432,-21,5,1,0,0
28433,-11,17,1,0,0
28434,4,20,1,0,0
28435,15,15,1,0,0
28436,21,3,1,0,0
28437,20,-8,1,0,0
28438,13,-17,1,0,0
28439,5,-21,1,0,0
28440,-4,-22,1,0,0
28441,-11,-19,1,0,0
28442,-16,-14,1,0,0
28443,-19,-9,1,0,0
28444,-21,-5,1,0,0
28445,-21,-1,1,0,0
28446,-21,3,1,0,0
28447,-20,4,1,0,0
28448,-18,4,1,0,0
28449,-14,4,1,0,0
28450,-11,3,1,0,0
28451,-7,1,1,0,0
28452,-3,-1,1,0,0
28453,-1,-1,1,0,0
28454,0,0,1,0,0
28455,1,1,1,0,0
28456,3,1,1,0,0
28457,7,-1,1,0,0
28458,11,-3,1,0,0
28459,14,-4,1,0,0
28460,18,-4,1,0,0
28461,20,-4,1,0,0
28462,21,-3,1,0,0
28463,21,1,1,0,0
28464,21,5,1,0,0
28465,19,9,1,0,0
28466,16,14,1,0,0
28467,11,19,1,0,0
28468,4,22,1,0,0
28469,-5,21,1,0,0
28470,-13,17,1,0,0
28471,-20,8,1,0,0
28472,-21,-3,1,0,0
28473,-15,-15,1,0,0
28474,-4,-20,1,0,0
28475,11,-17,1,0,0
28476,21,-5,1,0,0
28477,19,11,1,0,0
28478,6,22,1,0,0
28479,-12,18,1,0,0
28480,-21,3,1,0,0
28481,-13,-15,1,0,0
28482,7,-19,1,0,0
28483,21,-3,1,0,0
28484,13,17,1,0,0
28485,-9,19,1,0,0
28486,-18,0,1,0,0
28487,-4,-14,1,0,0
28488,9,-5,1,0,0
28489,6,6,1,0,0
28490,-2,4,1,0,0
28491,-1,1,1,0,0
28492,0,0,1,0,0
28493,0,0,1,0,0
28494,3,-1,1,0,0
28495,5,7,1,0,0
28496,-6,10,1,0,0
28497,-15,-3,1,0,0
28498,-1,-17,1,0,0
28499,18,-8,1,0,0
28500,16,14,1,0,0
28501,-4,22,1,0,0
28502,-20,8,1,0,0
28503,-16,-12,1,0,0
28504,2,-20,1,0,0
28505,17,-11,1,0,0
28506,21,7,1,0,0
28507,10,20,1,0,0
28508,-6,22,1,0,0
28509,-18,12,1,0,0
28510,-21,-3,1,0,0
28511,-15,-15,1,0,0
28512,-4,-20,1,0,0
28513,7,-19,1,0,0
28514,16,-12,1,0,0
28515,20,-4,1,0,0
28516,21,5,1,0,0
28517,18,12,1,0,0
28518,13,17,1,0,0
28519,8,20,1,0,0
28520,4,22,1,0,0
28521,0,22,1,0,0
28522,-4,22,1,0,0
28523,-5,21,1,0,0
28524,-5,19,1,0,0
28525,-5,15,1,0,0
28526,-4,12,1,0,0
28527,-2,8,1,0,0
28528,0,4,1,0,0
28529,0,2,1,0,0
28530,0,0,1,0,0
28531,0,-2,1,0,0
28532,0,-4,1,0,0
28533,2,-8,1,0,0
28534,4,-12,1,0,0
28535,5,-15,1,0,0
28536,5,-19,1,0,0
28537,5,-21,1,0,0
28538,4,-22,1,0,0
28539,0,-22,1,0,0
28540,-4,-22,1,0,0
28541,-8,-20,1,0,0
28542,-13,-17,1,0,0
28543,-18,-12,1,0,0
28544,-21,-5,1,0,0
28545,-20,4,1,0,0
28546,-16,12,1,0,0
28547,-7,19,1,0,0
28548,4,20,1,0,0
28549,15,15,1,0,0
28550,21,3,1,0,0
28551,18,-12,1,0,0
28552,6,-22,1,0,0
28553,-10,-20,1,0,0
28554,-21,-7,1,0,0
28555,-17,11,1,0,0
28556,-2,20,1,0,0
28557,16,12,1,0,0
28558,20,-8,1,0,0
28559,4,-22,1,0,0
28560,-16,-14,1,0,0
28561,-18,8,1,0,0
28562,1,17,1,0,0
28563,15,3,1,0,0
28564,6,-10,1,0,0
28565,-5,-7,1,0,0
28566,-3,1,1,0,0
28567,0,0,1,0,0
28568,0,0,1,0,0
28569,0,0,1,0,0
28570,0,0,1,0,0
28571,0,0,1,0,0
28572,0,0,1,0,0
28573,0,0,1,0,0
28574,0,0,1,0,0
28575,0,0,1,0,0
28576,0,0,1,0,0
28577,0,0,1,0,0
28578,0,0,1,0,0
28579,1,1,1,0,0
28580,4,2,1,0,0
28581,6,-6,1,0,0
28582,-5,-9,1,0,0
28583,-14,4,1,0,0
28584,0,18,1,0,0
28585,19,9,1,0,0
28586,17,-13,1,0,0
28587,-3,-21,1,0,0
28588,-19,-7,1,0,0
28589,-15,13,1,0,0
28590,3,21,1,0,0
28591,18,12,1,0,0
28592,22,-6,1,0,0
28593,11,-19,1,0,0
28594,-5,-21,1,0,0
28595,-17,-11,1,0,0
28596,-20,4,1,0,0
28597,-15,15,1,0,0
28598,-3,21,1,0,0
28599,8,20,1,0,0
28600,17,13,1,0,0
28601,21,5,1,0,0
28602,22,-4,1,0,0
28603,19,-11,1,0,0
28604,14,-16,1,0,0
28605,9,-19,1,0,0
28606,5,-21,1,0,0
28607,1,-21,1,0,0
28608,-3,-21,1,0,0
28609,-4,-20,1,0,0
28610,-4,-18,1,0,0
28611,-4,-14,1,0,0
28612,-3,-11,1,0,0
28613,-1,-7,1,0,0
28614,1,-3,1,0,0
28615,1,-1,1,0,0
28616,0,0,1,0,0
28617,-1,1,1,0,0
28618,-1,3,1,0,0
28619,1,7,1,0,0
28620,3,11,1,0,0
28621,4,14,1,0,0
28622,4,18,1,0,0
28623,4,20,1,0,0
28624,3,21,1,0,0
28625,-1,21,1,0,0
28626,-5,21,1,0,0
28627,-9,19,1,0,0
28628,-14,16,1,0,0
28629,-19,11,1,0,0
28630,-22,4,1,0,0
28631,-21,-5,1,0,0
28632,-17,-13,1,0,0
28633,-8,-20,1,0,0
28634,3,-21,1,0,0
28635,15,-15,1,0,0
28636,20,-4,1,0,0
28637,17,11,1,0,0
28638,5,21,1,0,0
28639,-11,19,1,0,0
28640,-22,6,1,0,0
28641,-18,-12,1,0,0
28642,-3,-21,1,0,0
28643,15,-13,1,0,0
28644,19,7,1,0,0
28645,3,21,1,0,0
28646,-17,13,1,0,0
28647,-19,-9,1,0,0
28648,0,-18,1,0,0
28649,14,-4,1,0,0
28650,5,9,1,0,0
28651,-6,6,1,0,0
28652,-4,-2,1,0,0
28653,-1,-1,1,0,0
28654,0,0,1,0,0
28655,0,0,1,0,0
28656,1,3,1,0,0
28657,-7,5,1,0,0
28658,-10,-6,1,0,0
28659,3,-15,1,0,0
28660,17,-1,1,0,0
28661,8,18,1,0,0
28662,-14,16,1,0,0
28663,-22,-4,1,0,0
28664,-8,-20,1,0,0
28665,12,-16,1,0,0
28666,20,2,1,0,0
28667,11,17,1,0,0
28668,-7,21,1,0,0
28669,-20,10,1,0,0
28670,-22,-6,1,0,0
28671,-12,-18,1,0,0
28672,3,-21,1,0,0
28673,15,-15,1,0,0
28674,20,-4,1,0,0
28675,19,7,1,0,0
28676,12,16,1,0,0
28677,4,20,1,0,0
28678,-5,21,1,0,0
28679,-12,18,1,0,0
28680,-17,13,1,0,0
28681,-20,8,1,0,0
28682,-22,4,1,0,0
28683,-22,0,1,0,0
28684,-22,-4,1,0,0
28685,-21,-5,1,0,0
28686,-19,-5,1,0,0
28687,-15,-5,1,0,0
28688,-12,-4,1,0,0
28689,-8,-2,1,0,0
28690,-4,0,1,0,0
28691,-2,0,1,0,0
28692,0,0,1,0,0
28693,2,0,1,0,0
28694,4,0,1,0,0
28695,8,2,1,0,0
28696,12,4,1,0,0
28697,15,5,1,0,0
28698,19,5,1,0,0
28699,21,5,1,0,0
28700,22,4,1,0,0
28701,22,0,1,0,0
28702,22,-4,1,0,0
28703,20,-8,1,0,0
28704,17,-13,1,0,0
28705,12,-18,1,0,0
28706,5,-21,1,0,0
28707,-4,-20,1,0,0
28708,-12,-16,1,0,0
28709,-19,-7,1,0,0
28710,-20,4,1,0,0
28711,-15,15,1,0,0
28712,-3,21,1,0,0
28713,12,18,1,0,0
28714,22,6,1,0,0
28715,20,-10,1,0,0
28716,7,-21,1,0,0
28717,-11,-17,1,0,0
28718,-20,-2,1,0,0
28719,-12,16,1,0,0
28720,8,20,1,0,0
28721,22,4,1,0,0
28722,14,-16,1,0,0
28723,-8,-18,1,0,0
28724,-17,1,1,0,0
28725,-3,15,1,0,0
28726,10,6,1,0,0
28727,7,-5,1,0,0
28728,-1,-3,1,0,0
28729,0,0,1,0,0
28730,0,0,1,0,0
28731,0,0,1,0,0
28732,0,0,1,0,0
28733,0,0,1,0,0
28734,0,0,1,0,0
28735,0,0,1,0,0
28736,0,0,1,0,0
28737,0,0,1,0,0
28738,0,0,1,0,0
28739,0,0,1,0,0
28740,0,0,1,0,0
28741,0,0,1,0,0
28742,0,0,1,0,0
28743,0,0,1,0,0
28744,0,0,1,0,0
28745,0,0,1,0,0
28746,0,0,1,0,0
28747,0,0,1,0,0
28748,0,0,1,0,0
28749,0,0,1,0,0
28750,0,0,1,0,0
28751,0,0,1,0,0
28752,0,0,1,0,0
28753,0,0,1,0,0
28754,0,0,1,0,0
28755,0,0,1,0,0
28756,0,0,1,0,0
28757,0,0,1,0,0
28758,0,0,1,0,0
28759,0,0,1,0,0
28760,0,0,1,0,0
28761,0,0,1,0,0
28762,0,0,1,0,0
28763,0,0,1,0,0
28764,0,0,1,0,0
28765,0,0,1,0,0
28766,0,0,1,0,0
28767,0,0,1,0,0
28768,0,0,1,0,0
28769,0,0,1,0,0
28770,0,0,1,0,0
28771,0,0,1,0,0
28772,0,0,1,0,0
28773,0,0,1,0,0
28774,0,0,1,0,0
28775,0,0,1,0,0
28776,0,0,1,0,0
28777,0,0,1,0,0
28778,0,0,1,0,0
28779,0,0,1,0,0
28780,0,0,1,0,0
28781,0,0,1,0,0
28782,0,0,1,0,0
28783,0,0,1,0,0
28784,0,0,1,0,0
28785,0,0,1,0,0
28786,0,0,1,0,0
28787,0,0,1,0,0
28788,0,0,1,0,0
28789,0,0,1,0,0
28790,0,0,1,0,0
28791,0,0,1,0,0
28792,0,0,1,0,0
28793,0,0,1,0,0
28794,0,0,1,0,0
28795,0,0,1,0,0
28796,0,0,1,0,0
28797,0,0,1,0,0
28798,0,0,1,0,0
28799,0,0,1,0,0
28800,0,0,1,0,0
28801,-1,-1,1,0,0
28802,-4,-2,1,0,0
28803,-6,6,1,0,0
28804,5,9,1,0,0
28805,14,-4,1,0,0
28806,0,-18,1,0,0
28807,-19,-9,1,0,0
28808,-17,13,1,0,0
28809,3,21,1,0,0
28810,19,7,1,0,0
28811,15,-13,1,0,0
28812,-3,-21,1,0,0
28813,-18,-12,1,0,0
28814,-22,6,1,0,0
28815,-11,19,1,0,0
28816,5,21,1,0,0
28817,17,11,1,0,0
28818,20,-4,1,0,0
28819,15,-15,1,0,0
28820,3,-21,1,0,0
28821,-8,-20,1,0,0
28822,-17,-13,1,0,0
28823,-21,-5,1,0,0
28824,-22,4,1,0,0
28825,-19,11,1,0,0
28826,-14,16,1,0,0
28827,-9,19,1,0,0
28828,-5,21,1,0,0
28829,-1,21,1,0,0
28830,3,21,1,0,0
28831,4,20,1,0,0
28832,4,18,1,0,0
28833,4,14,1,0,0
28834,3,11,1,0,0
28835,1,7,1,0,0
28836,-1,3,1,0,0
28837,-1,1,1,0,0
28838,0,0,1,0,0
28839,1,-1,1,0,0
28840,1,-3,1,0,0
28841,-1,-7,1,0,0
28842,-3,-11,1,0,0
28843,-4,-14,1,0,0
28844,-4,-18,1,0,0
28845,-4,-20,1,0,0
28846,-3,-21,1,0,0
28847,1,-21,1,0,0
28848,5,-21,1,0,0
28849,9,-19,1,0,0
28850,14,-16,1,0,0
28851,19,-11,1,0,0
28852,22,-4,1,0,0
28853,21,5,1,0,0
28854,17,13,1,0,0
28855,8,20,1,0,0
28856,-3,21,1,0,0
28857,-15,15,1,0,0
28858,-20,4,1,0,0
28859,-17,-11,1,0,0
28860,-5,-21,1,0,0
28861,11,-19,1,0,0
28862,22,-6,1,0,0
28863,18,12,1,0,0
28864,3,21,1,0,0
28865,-15,13,1,0,0
28866,-19,-7,1,0,0
28867,-3,-21,1,0,0
28868,17,-13,1,0,0
28869,19,9,1,0,0
28870,0,18,1,0,0
28871,-14,4,1,0,0
28872,-5,-9,1,0,0
28873,6,-6,1,0,0
28874,4,2,1,0,0
28875,1,1,1,0,0
28876,0,0,1,0,0
28877,0,0,1,0,0
28878,3,-1,1,0,0
28879,5,7,1,0,0
28880,-6,10,1,0,0
28881,-15,-3,1,0,0
28882,-1,-17,1,0,0
28883,18,-8,1,0,0
28884,16,14,1,0,0
28885,-4,22,1,0,0
28886,-20,8,1,0,0
28887,-16,-12,1,0,0
28888,2,-20,1,0,0
28889,17,-11,1,0,0
28890,21,7,1,0,0
28891,10,20,1,0,0
28892,-6,22,1,0,0
28893,-18,12,1,0,0
28894,-21,-3,1,0,0
28895,-15,-15,1,0,0
28896,-4,-20,1,0,0
28897,7,-19,1,0,0
28898,16,-12,1,0,0
28899,20,-4,1,0,0
28900,21,5,1,0,0
28901,18,12,1,0,0
28902,13,17,1,0,0
28903,8,20,1,0,0
28904,4,22,1,0,0
28905,0,22,1,0,0
28906,-4,22,1,0,0
28907,-5,21,1,0,0
28908,-5,19,1,0,0
28909,-5,15,1,0,0
28910,-4,12,1,0,0
28911,-2,8,1,0,0
28912,0,4,1,0,0
28913,0,2,1,0,0
28914,0,0,1,0,0
28915,0,-2,1,0,0
28916,0,-4,1,0,0
28917,2,-8,1,0,0
28918,4,-12,1,0,0
28919,5,-15,1,0,0
28920,5,-19,1,0,0
28921,5,-21,1,0,0
28922,4,-22,1,0,0
28923,0,-22,1,0,0
28924,-4,-22,1,0,0
28925,-8,-20,1,0,0
28926,-13,-17,1,0,0
28927,-18,-12,1,0,0
28928,-21,-5,1,0,0
28929,-20,4,1,0,0
28930,-16,12,1,0,0
28931,-7,19,1,0,0
28932,4,20,1,0,0
28933,15,15,1,0,0
28934,21,3,1,0,0
28935,18,-12,1,0,0
28936,6,-22,1,0,0
28937,-10,-20,1,0,0
28938,-21,-7,1,0,0
28939,-17,11,1,0,0
28940,-2,20,1,0,0
28941,16,12,1,0,0
28942,20,-8,1,0,0
28943,4,-22,1,0,0
28944,-16,-14,1,0,0
28945,-18,8,1,0,0
28946,1,17,1,0,0
28947,15,3,1,0,0
28948,6,-10,1,0,0
28949,-5,-7,1,0,0
28950,-3,1,1,0,0
28951,0,0,1,0,0
28952,0,0,1,0,0
28953,0,0,1,0,0
28954,0,0,1,0,0
28955,0,0,1,0,0
28956,0,0,1,0,0
28957,0,0,1,0,0
28958,0,0,1,0,0
28959,0,0,1,0,0
28960,0,0,1,0,0
28961,0,0,1,0,0
28962,0,0,1,0,0
28963,1,-1,1,0,0
28964,2,-4,1,0,0
28965,-6,-6,1,0,0
28966,-9,5,1,0,0
28967,4,14,1,0,0
28968,18,0,1,0,0
28969,9,-19,1,0,0
28970,-13,-17,1,0,0
28971,-21,3,1,0,0
28972,-7,19,1,0,0
28973,13,15,1,0,0
28974,21,-3,1,0,0
28975,12,-18,1,0,0
28976,-6,-22,1,0,0
28977,-19,-11,1,0,0
28978,-21,5,1,0,0
28979,-11,17,1,0,0
28980,4,20,1,0,0
28981,15,15,1,0,0
28982,21,3,1,0,0
28983,20,-8,1,0,0
28984,13,-17,1,0,0
28985,5,-21,1,0,0
28986,-4,-22,1,0,0
28987,-11,-19,1,0,0
28988,-16,-14,1,0,0
28989,-19,-9,1,0,0
28990,-21,-5,1,0,0
28991,-21,-1,1,0,0
28992,-21,3,1,0,0
28993,-20,4,1,0,0
28994,-18,4,1,0,0
28995,-14,4,1,0,0
28996,-11,3,1,0,0
28997,-7,1,1,0,0
28998,-3,-1,1,0,0
28999,-1,-1,1,0,0
29000,0,0,1,0,0
29001,1,1,1,0,0
29002,3,1,1,0,0
29003,7,-1,1,0,0
29004,11,-3,1,0,0
29005,14,-4,1,0,0
29006,18,-4,1,0,0
29007,20,-4,1,0,0
29008,21,-3,1,0,0
29009,21,1,1,0,0
29010,21,5,1,0,0
29011,19,9,1,0,0
29012,16,14,1,0,0
29013,11,19,1,0,0
29014,4,22,1,0,0
29015,-5,21,1,0,0
29016,-13,17,1,0,0
29017,-20,8,1,0,0
29018,-21,-3,1,0,0
29019,-15,-15,1,0,0
29020,-4,-20,1,0,0
29021,11,-17,1,0,0
29022,21,-5,1,0,0
29023,19,11,1,0,0
29024,6,22,1,0,0
29025,-12,18,1,0,0
29026,-21,3,1,0,0
29027,-13,-15,1,0,0
29028,7,-19,1,0,0
29029,21,-3,1,0,0
29030,13,17,1,0,0
29031,-9,19,1,0,0
29032,-18,0,1,0,0
29033,-4,-14,1,0,0
29034,9,-5,1,0,0
29035,6,6,1,0,0
29036,-2,4,1,0,0
29037,-1,1,1,0,0
29038,0,0,1,0,0
29039,0,0,1,0,0
29040,1,3,1,0,0
29041,-7,5,1,0,0
29042,-10,-6,1,0,0
29043,3,-15,1,0,0
29044,17,-1,1,0,0
29045,8,18,1,0,0
29046,-14,16,1,0,0
29047,-22,-4,1,0,0
29048,-8,-20,1,0,0
29049,12,-16,1,0,0
29050,20,2,1,0,0
29051,11,17,1,0,0
29052,-7,21,1,0,0
29053,-20,10,1,0,0
29054,-22,-6,1,0,0
29055,-12,-18,1,0,0
29056,3,-21,1,0,0
29057,15,-15,1,0,0
29058,20,-4,1,0,0
29059,19,7,1,0,0
29060,12,16,1,0,0
29061,4,20,1,0,0
29062,-5,21,1,0,0
29063,-12,18,1,0,0
29064,-17,13,1,0,0
29065,-20,8,1,0,0
29066,-22,4,1,0,0
29067,-22,0,1,0,0
29068,-22,-4,1,0,0
29069,-21,-5,1,0,0
29070,-19,-5,1,0,0
29071,-15,-5,1,0,0
29072,-12,-4,1,0,0
29073,-8,-2,1,0,0
29074,-4,0,1,0,0
29075,-2,0,1,0,0
29076,0,0,1,0,0
29077,2,0,1,0,0
29078,4,0,1,0,0
29079,8,2,1,0,0
29080,12,4,1,0,0
29081,15,5,1,0,0
29082,19,5,1,0,0
29083,21,5,1,0,0
29084,22,4,1,0,0
29085,22,0,1,0,0
29086,22,-4,1,0,0
29087,20,-8,1,0,0
29088,17,-13,1,0,0
29089,12,-18,1,0,0
29090,5,-21,1,0,0
29091,-4,-20,1,0,0
29092,-12,-16,1,0,0
29093,-19,-7,1,0,0
29094,-20,4,1,0,0
29095,-15,15,1,0,0
29096,-3,21,1,0,0
29097,12,18,1,0,0
29098,22,6,1,0,0
29099,20,-10,1,0,0
29100,7,-21,1,0,0
29101,-11,-17,1,0,0
29102,-20,-2,1,0,0
29103,-12,16,1,0,0
29104,8,20,1,0,0
29105,22,4,1,0,0
29106,14,-16,1,0,0
29107,-8,-18,1,0,0
29108,-17,1,1,0,0
29109,-3,15,1,0,0
29110,10,6,1,0,0
29111,7,-5,1,0,0
29112,-1,-3,1,0,0
29113,0,0,1,0,0
29114,0,0,1,0,0
29115,0,0,1,0,0
29116,0,0,1,0,0
29117,0,0,1,0,0
29118,0,0,1,0,0
29119,0,0,1,0,0
29120,0,0,1,0,0
29121,0,0,1,0,0
29122,0,0,1,0,0
29123,0,0,1,0,0
29124,0,0,1,0,0
29125,0,0,1,0,0
29126,0,0,1,0,0
29127,0,0,1,0,0
29128,0,0,1,0,0
29129,0,0,1,0,0
29130,0,0,1,0,0
29131,0,0,1,0,0
29132,0,0,1,0,0
29133,0,0,1,0,0
29134,0,0,1,0,0
29135,0,0,1,0,0
29136,0,0,1,0,0
29137,0,0,1,0,0
29138,0,0,1,0,0
29139,0,0,1,0,0
29140,0,0,1,0,0
29141,0,0,1,0,0
29142,0,0,1,0,0
29143,0,0,1,0,0
29144,0,0,1,0,0
29145,0,0,1,0,0
29146,0,0,1,0,0
29147,0,0,1,0,0
29148,0,0,1,0,0
29149,0,0,1,0,0
29150,0,0,1,0,0
29151,0,0,1,0,0
29152,0,0,1,0,0
29153,0,0,1,0,0
29154,0,0,1,0,0
29155,0,0,1,0,0
29156,0,0,1,0,0
29157,0,0,1,0,0
29158,0,0,1,0,0
29159,0,0,1,0,0
29160,0,0,1,0,0
29161,0,0,1,0,0
29162,0,0,1,0,0
29163,0,0,1,0,0
29164,0,0,1,0,0
29165,0,0,1,0,0
29166,0,0,1,0,0
29167,0,0,1,0,0
29168,0,0,1,0,0
29169,0,0,1,0,0
29170,0,0,1,0,0
29171,0,0,1,0,0
29172,0,0,1,0,0
29173,0,0,1,0,0
29174,0,0,1,0,0
29175,0,0,1,0,0
29176,0,0,1,0,0
29177,0,0,1,0,0
29178,0,0,1,0,0
29179,0,0,1,0,0
29180,0,0,1,0,0
29181,0,0,1,0,0
29182,0,0,1,0,0
29183,0,0,1,0,0
29184,0,0,1,0,0
29185,-1,-1,1,0,0
29186,-4,-2,1,0,0
29187,-6,6,1,0,0
29188,5,9,1,0,0
29189,14,-4,1,0,0
29190,0,-18,1,0,0
29191,-19,-9,1,0,0
29192,-17,13,1,0,0
29193,3,21,1,0,0
29194,19,7,1,0,0
29195,15,-13,1,0,0
29196,-3,-21,1,0,0
29197,-18,-12,1,0,0
29198,-22,6,1,0,0
29199,-11,19,1,0,0
29200,5,21,1,0,0
29201,17,11,1,0,0
29202,20,-4,1,0,0
29203,15,-15,1,0,0
29204,3,-21,1,0,0
29205,-8,-20,1,0,0
29206,-17,-13,1,0,0
29207,-21,-5,1,0,0
29208,-22,4,1,0,0
29209,-19,11,1,0,0
29210,-14,16,1,0,0
29211,-9,19,1,0,0
29212,-5,21,1,0,0
29213,-1,21,1,0,0
29214,3,21,1,0,0
29215,4,20,1,0,0
29216,4,18,1,0,0
29217,4,14,1,0,0
29218,3,11,1,0,0
29219,1,7,1,0,0
29220,-1,3,1,0,0
29221,-1,1,1,0,0
29222,0,0,1,0,0
29223,1,-1,1,0,0
29224,1,-3,1,0,0
29225,-1,-7,1,0,0
29226,-3,-11,1,0,0
29227,-4,-14,1,0,0
29228,-4,-18,1,0,0
29229,-4,-20,1,0,0
29230,-3,-21,1,0,0
29231,1,-21,1,0,0
29232,5,-21,1,0,0
29233,9,-19,1,0,0
29234,14,-16,1,0,0
29235,19,-11,1,0,0
29236,22,-4,1,0,0
29237,21,5,1,0,0
29238,17,13,1,0,0
29239,8,20,1,0,0
29240,-3,21,1,0,0
29241,-15,15,1,0,0
29242,-20,4,1,0,0
29243,-17,-11,1,0,0
29244,-5,-21,1,0,0
29245,11,-19,1,0,0
29246,22,-6,1,0,0
29247,18,12,1,0,0
29248,3,21,1,0,0
29249,-15,13,1,0,0
29250,-19,-7,1,0,0
29251,-3,-21,1,0,0
29252,17,-13,1,0,0
29253,19,9,1,0,0
29254,0,18,1,0,0
29255,-14,4,1,0,0
29256,-5,-9,1,0,0
29257,6,-6,1,0,0
29258,4,2,1,0,0
29259,1,1,1,0,0
29260,0,0,1,0,0
29261,0,0,1,0,0
29262,3,-1,1,0,0
29263,5,7,1,0,0
29264,-6,10,1,0,0
29265,-15,-3,1,0,0
29266,-1,-17,1,0,0
29267,18,-8,1,0,0
29268,16,14,1,0,0
29269,-4,22,1,0,0
29270,-20,8,1,0,0
29271,-16,-12,1,0,0
29272,2,-20,1,0,0
29273,17,-11,1,0,0
29274,21,7,1,0,0
29275,10,20,1,0,0
29276,-6,22,1,0,0
29277,-18,12,1,0,0
29278,-21,-3,1,0,0
29279,-15,-15,1,0,0
29280,-4,-20,1,0,0
29281,7,-19,1,0,0
29282,16,-12,1,0,0
29283,20,-4,1,0,0
29284,21,5,1,0,0
29285,18,12,1,0,0
29286,13,17,1,0,0
29287,8,20,1,0,0
29288,4,22,1,0,0
29289,0,22,1,0,0
29290,-4,22,1,0,0
29291,-5,21,1,0,0
29292,-5,19,1,0,0
29293,-5,15,1,0,0
29294,-4,12,1,0,0
29295,-2,8,1,0,0
29296,0,4,1,0,0
29297,0,2,1,0,0
29298,0,0,1,0,0
29299,0,2,1,0,0
29300,0,4,1,0,0
29301,-2,8,1,0,0
29302,-4,12,1,0,0
29303,-5,15,1,0,0
29304,-5,19,1,0,0
29305,-5,21,1,0,0
29306,-4,22,1,0,0
29307,0,22,1,0,0
29308,4,22,1,0,0
29309,8,20,1,0,0
29310,13,17,1,0,0
29311,18,12,1,0,0
29312,21,5,1,0,0
29313,20,-4,1,0,0
29314,16,-12,1,0,0
29315,7,-19,1,0,0
29316,-4,-20,1,0,0
29317,-15,-15,1,0,0
29318,-21,-3,1,0,0
29319,-18,12,1,0,0
29320,-6,22,1,0,0
29321,10,20,1,0,0
29322,21,7,1,0,0
29323,17,-11,1,0,0
29324,2,-20,1,0,0
29325,-16,-12,1,0,0
29326,-20,8,1,0,0
29327,-4,22,1,0,0
29328,16,14,1,0,0
29329,18,-8,1,0,0
29330,-1,-17,1,0,0
29331,-15,-3,1,0,0
29332,-6,10,1,0,0
29333,5,7,1,0,0
29334,3,-1,1,0,0
29335,0,0,1,0,0
29336,0,0,1,0,0
29337,0,0,1,0,0
29338,0,0,1,0,0
29339,0,0,1,0,0
29340,0,0,1,0,0
29341,0,0,1,0,0
29342,0,0,1,0,0
29343,0,0,1,0,0
29344,0,0,1,0,0
29345,0,0,1,0,0
29346,0,0,1,0,0
29347,-1,1,1,0,0
29348,-2,4,1,0,0
29349,6,6,1,0,0
29350,9,-5,1,0,0
29351,-4,-14,1,0,0
29352,-18,0,1,0,0
29353,-9,19,1,0,0
29354,13,17,1,0,0
29355,21,-3,1,0,0
29356,7,-19,1,0,0
29357,-13,-15,1,0,0
29358,-21,3,1,0,0
29359,-12,18,1,0,0
29360,6,22,1,0,0
29361,19,11,1,0,0
29362,21,-5,1,0,0
29363,11,-17,1,0,0
29364,-4,-20,1,0,0
29365,-15,-15,1,0,0
29366,-21,-3,1,0,0
29367,-20,8,1,0,0
29368,-13,17,1,0,0
29369,-5,21,1,0,0
29370,4,22,1,0,0
29371,11,19,1,0,0
29372,16,14,1,0,0
29373,19,9,1,0,0
29374,21,5,1,0,0
29375,21,1,1,0,0
29376,21,-3,1,0,0
29377,20,-4,1,0,0
29378,18,-4,1,0,0
29379,14,-4,1,0,0
29380,11,-3,1,0,0
29381,7,-1,1,0,0
29382,3,1,1,0,0
29383,1,1,1,0,0
29384,0,0,1,0,0
29385,-1,-1,1,0,0
29386,-3,-1,1,0,0
29387,-7,1,1,0,0
29388,-11,3,1,0,0
29389,-14,4,1,0,0
29390,-18,4,1,0,0
29391,-20,4,1,0,0
29392,-21,3,1,0,0
29393,-21,-1,1,0,0
29394,-21,-5,1,0,0
29395,-19,-9,1,0,0
29396,-16,-14,1,0,0
29397,-11,-19,1,0,0
29398,-4,-22,1,0,0
29399,5,-21,1,0,0
29400,13,-17,1,0,0
29401,20,-8,1,0,0
29402,21,3,1,0,0
29403,15,15,1,0,0
29404,4,20,1,0,0
29405,-11,17,1,0,0
29406,-21,5,1,0,0
29407,-19,-11,1,0,0
29408,-6,-22,1,0,0
29409,12,-18,1,0,0
29410,21,-3,1,0,0
29411,13,15,1,0,0
29412,-7,19,1,0,0
29413,-21,3,1,0,0
29414,-13,-17,1,0,0
29415,9,-19,1,0,0
29416,18,0,1,0,0
29417,4,14,1,0,0
29418,-9,5,1,0,0
29419,-6,-6,1,0,0
29420,2,-4,1,0,0
29421,1,-1,1,0,0
29422,0,0,1,0,0
29423,0,0,1,0,0
29424,1,3,1,0,0
29425,-7,5,1,0,0
29426,-10,-6,1,0,0
29427,3,-15,1,0,0
29428,17,-1,1,0,0
29429,8,18,1,0,0
29430,-14,16,1,0,0
29431,-22,-4,1,0,0
29432,-8,-20,1,0,0
29433,12,-16,1,0,0
29434,20,2,1,0,0
29435,11,17,1,0,0
29436,-7,21,1,0,0
29437,-20,10,1,0,0
29438,-22,-6,1,0,0
29439,-12,-18,1,0,0
29440,3,-21,1,0,0
29441,15,-15,1,0,0
29442,20,-4,1,0,0
29443,19,7,1,0,0
29444,12,16,1,0,0
29445,4,20,1,0,0
29446,-5,21,1,0,0
29447,-12,18,1,0,0
29448,-17,13,1,0,0
29449,-20,8,1,0,0
29450,-22,4,1,0,0
29451,-22,0,1,0,0
29452,-22,-4,1,0,0
29453,-21,-5,1,0,0
29454,-19,-5,1,0,0
29455,-15,-5,1,0,0
29456,-12,-4,1,0,0
29457,-8,-2,1,0,0
29458,-4,0,1,0,0
29459,-2,0,1,0,0
29460,0,0,1,0,0
29461,-2,0,1,0,0
29462,-4,0,1,0,0
29463,-8,-2,1,0,0
29464,-12,-4,1,0,0
29465,-15,-5,1,0,0
29466,-19,-5,1,0,0
29467,-21,-5,1,0,0
29468,-22,-4,1,0,0
29469,-22,0,1,0,0
29470,-22,4,1,0,0
29471,-20,8,1,0,0
29472,-17,13,1,0,0
29473,-12,18,1,0,0
29474,-5,21,1,0,0
29475,4,20,1,0,0
29476,12,16,1,0,0
29477,19,7,1,0,0
29478,20,-4,1,0,0
29479,15,-15,1,0,0
29480,3,-21,1,0,0
29481,-12,-18,1,0,0
29482,-22,-6,1,0,0
29483,-20,10,1,0,0
29484,-7,21,1,0,0
29485,11,17,1,0,0
29486,20,2,1,0,0
29487,12,-16,1,0,0
29488,-8,-20,1,0,0
29489,-22,-4,1,0,0
29490,-14,16,1,0,0
29491,8,18,1,0,0
29492,17,-1,1,0,0
29493,3,-15,1,0,0
29494,-10,-6,1,0,0
29495,-7,5,1,0,0
29496,1,3,1,0,0
29497,0,0,1,0,0
29498,0,0,1,0,0
29499,0,0,1,0,0
29500,0,0,1,0,0
29501,0,0,1,0,0
29502,0,0,1,0,0
29503,0,0,1,0,0
29504,0,0,1,0,0
29505,0,0,1,0,0
29506,0,0,1,0,0
29507,0,0,1,0,0
29508,0,0,1,0,0
29509,0,0,1,0,0
29510,0,0,1,0,0
29511,0,0,1,0,0
29512,0,0,1,0,0
29513,0,0,1,0,0
29514,0,0,1,0,0
29515,0,0,1,0,0
29516,0,0,1,0,0
29517,0,0,1,0,0
29518,0,0,1,0,0
29519,0,0,1,0,0
29520,0,0,1,0,0
29521,0,0,1,0,0
29522,0,0,1,0,0
29523,0,0,1,0,0
29524,0,0,1,0,0
29525,0,0,1,0,0
29526,0,0,1,0,0
29527,0,0,1,0,0
29528,0,0,1,0,0
29529,0,0,1,0,0
29530,0,0,1,0,0
29531,0,0,1,0,0
29532,0,0,1,0,0
29533,0,0,1,0,0
29534,0,0,1,0,0
29535,0,0,1,0,0
29536,0,0,1,0,0
29537,0,0,1,0,0
29538,0,0,1,0,0
29539,0,0,1,0,0
29540,0,0,1,0,0
29541,0,0,1,0,0
29542,0,0,1,0,0
29543,0,0,1,0,0
29544,0,0,1,0,0
29545,0,0,1,0,0
29546,0,0,1,0,0
29547,0,0,1,0,0
29548,0,0,1,0,0
29549,0,0,1,0,0
29550,0,0,1,0,0
29551,0,0,1,0,0
29552,0,0,1,0,0
29553,0,0,1,0,0
29554,0,0,1,0,0
29555,0,0,1,0,0
29556,0,0,1,0,0
29557,0,0,1,0,0
29558,0,0,1,0,0
29559,0,0,1,0,0
29560,0,0,1,0,0
29561,0,0,1,0,0
29562,0,0,1,0,0
29563,0,0,1,0,0
29564,0,0,1,0,0
29565,0,0,1,0,0
29566,0,0,1,0,0
29567,0,0,1,0,0
29568,0,0,1,0,0
29569,-1,1,1,0,0
29570,-2,4,1,0,0
29571,6,6,1,0,0
29572,9,-5,1,0,0
29573,-4,-14,1,0,0
29574,-18,0,1,0,0
29575,-9,19,1,0,0
29576,13,17,1,0,0
29577,21,-3,1,0,0
29578,7,-19,1,0,0
29579,-13,-15,1,0,0
29580,-21,3,1,0,0
29581,-12,18,1,0,0
29582,6,22,1,0,0
29583,19,11,1,0,0
29584,21,-5,1,0,0
29585,11,-17,1,0,0
29586,-4,-20,1,0,0
29587,-15,-15,1,0,0
29588,-21,-3,1,0,0
29589,-20,8,1,0,0
29590,-13,17,1,0,0
29591,-5,21,1,0,0
29592,4,22,1,0,0
29593,11,19,1,0,0
29594,16,14,1,0,0
29595,19,9,1,0,0
29596,21,5,1,0,0
29597,21,1,1,0,0
29598,21,-3,1,0,0
29599,20,-4,1,0,0
29600,18,-4,1,0,0
29601,14,-4,1,0,0
29602,11,-3,1,0,0
29603,7,-1,1,0,0
29604,3,1,1,0,0
29605,1,1,1,0,0
29606,0,0,1,0,0
29607,-1,-1,1,0,0
29608,-3,-1,1,0,0
29609,-7,1,1,0,0
29610,-11,3,1,0,0
29611,-14,4,1,0,0
29612,-18,4,1,0,0
29613,-20,4,1,0,0
29614,-21,3,1,0,0
29615,-21,-1,1,0,0
29616,-21,-5,1,0,0
29617,-19,-9,1,0,0
29618,-16,-14,1,0,0
29619,-11,-19,1,0,0
29620,-4,-22,1,0,0
29621,5,-21,1,0,0
29622,13,-17,1,0,0
29623,20,-8,1,0,0
29624,21,3,1,0,0
29625,15,15,1,0,0
29626,4,20,1,0,0
29627,-11,17,1,0,0
29628,-21,5,1,0,0
29629,-19,-11,1,0,0
29630,-6,-22,1,0,0
29631,12,-18,1,0,0
29632,21,-3,1,0,0
29633,13,15,1,0,0
29634,-7,19,1,0,0
29635,-21,3,1,0,0
29636,-13,-17,1,0,0
29637,9,-19,1,0,0
29638,18,0,1,0,0
29639,4,14,1,0,0
29640,-9,5,1,0,0
29641,-6,-6,1,0,0
29642,2,-4,1,0,0
29643,1,-1,1,0,0
29644,0,0,1,0,0
29645,0,0,1,0,0
29646,-3,1,1,0,0
29647,-5,-7,1,0,0
29648,6,-10,1,0,0
29649,15,3,1,0,0
29650,1,17,1,0,0
29651,-18,8,1,0,0
29652,-16,-14,1,0,0
29653,4,-22,1,0,0
29654,20,-8,1,0,0
29655,16,12,1,0,0
29656,-2,20,1,0,0
29657,-17,11,1,0,0
29658,-21,-7,1,0,0
29659,-10,-20,1,0,0
29660,6,-22,1,0,0
29661,18,-12,1,0,0
29662,21,3,1,0,0
29663,15,15,1,0,0
29664,4,20,1,0,0
29665,-7,19,1,0,0
29666,-16,12,1,0,0
29667,-20,4,1,0,0
29668,-21,-5,1,0,0
29669,-18,-12,1,0,0
29670,-13,-17,1,0,0
29671,-8,-20,1,0,0
29672,-4,-22,1,0,0
29673,0,-22,1,0,0
29674,4,-22,1,0,0
29675,5,-21,1,0,0
29676,5,-19,1,0,0
29677,5,-15,1,0,0
29678,4,-12,1,0,0
29679,2,-8,1,0,0
29680,0,-4,1,0,0
29681,0,-2,1,0,0
29682,0,0,1,0,0
29683,0,2,1,0,0
29684,0,4,1,0,0
29685,-2,8,1,0,0
29686,-4,12,1,0,0
29687,-5,15,1,0,0
29688,-5,19,1,0,0
29689,-5,21,1,0,0
29690,-4,22,1,0,0
29691,0,22,1,0,0
29692,4,22,1,0,0
29693,8,20,1,0,0
29694,13,17,1,0,0
29695,18,12,1,0,0
29696,21,5,1,0,0
29697,20,-4,1,0,0
29698,16,-12,1,0,0
29699,7,-19,1,0,0
29700,-4,-20,1,0,0
29701,-15,-15,1,0,0
29702,-21,-3,1,0,0
29703,-18,12,1,0,0
29704,-6,22,1,0,0
29705,10,20,1,0,0
29706,21,7,1,0,0
29707,17,-11,1,0,0
29708,2,-20,1,0,0
29709,-16,-12,1,0,0
29710,-20,8,1,0,0
29711,-4,22,1,0,0
29712,16,14,1,0,0
29713,18,-8,1,0,0
29714,-1,-17,1,0,0
29715,-15,-3,1,0,0
29716,-6,10,1,0,0
29717,5,7,1,0,0
29718,3,-1,1,0,0
29719,0,0,1,0,0
29720,0,0,1,0,0
29721,0,0,1,0,0
29722,0,0,1,0,0
29723,0,0,1,0,0
29724,0,0,1,0,0
29725,0,0,1,0,0
29726,0,0,1,0,0
29727,0,0,1,0,0
29728,0,0,1,0,0
29729,0,0,1,0,0
29730,0,0,1,0,0
29731,-1,-1,1,0,0
29732,-4,-2,1,0,0
29733,-6,6,1,0,0
29734,5,9,1,0,0
29735,14,-4,1,0,0
29736,0,-18,1,0,0
29737,-19,-9,1,0,0
29738,-17,13,1,0,0
29739,3,21,1,0,0
29740,19,7,1,0,0
29741,15,-13,1,0,0
29742,-3,-21,1,0,0
29743,-18,-12,1,0,0
29744,-22,6,1,0,0
29745,-11,19,1,0,0
29746,5,21,1,0,0
29747,17,11,1,0,0
29748,20,-4,1,0,0
29749,15,-15,1,0,0
29750,3,-21,1,0,0
29751,-8,-20,1,0,0
29752,-17,-13,1,0,0
29753,-21,-5,1,0,0
29754,-22,4,1,0,0
29755,-19,11,1,0,0
29756,-14,16,1,0,0
29757,-9,19,1,0,0
29758,-5,21,1,0,0
29759,-1,21,1,0,0
29760,3,21,1,0,0
29761,4,20,1,0,0
29762,4,18,1,0,0
29763,4,14,1,0,0
29764,3,11,1,0,0
29765,1,7,1,0,0
29766,-1,3,1,0,0
29767,-1,1,1,0,0
29768,0,0,1,0,0
29769,1,-1,1,0,0
29770,1,-3,1,0,0
29771,-1,-7,1,0,0
29772,-3,-11,1,0,0
29773,-4,-14,1,0,0
29774,-4,-18,1,0,0
29775,-4,-20,1,0,0
29776,-3,-21,1,0,0
29777,1,-21,1,0,0
29778,5,-21,1,0,0
29779,9,-19,1,0,0
29780,14,-16,1,0,0
29781,19,-11,1,0,0
29782,22,-4,1,0,0
29783,21,5,1,0,0
29784,17,13,1,0,0
29785,8,20,1,0,0
29786,-3,21,1,0,0
29787,-15,15,1,0,0
29788,-20,4,1,0,0
29789,-17,-11,1,0,0
29790,-5,-21,1,0,0
29791,11,-19,1,0,0
29792,22,-6,1,0,0
29793,18,12,1,0,0
29794,3,21,1,0,0
29795,-15,13,1,0,0
29796,-19,-7,1,0,0
29797,-3,-21,1,0,0
29798,17,-13,1,0,0
29799,19,9,1,0,0
29800,0,18,1,0,0
29801,-14,4,1,0,0
29802,-5,-9,1,0,0
29803,6,-6,1,0,0
29804,4,2,1,0,0
29805,1,1,1,0,0
29806,0,0,1,0,0
29807,0,0,1,0,0
29808,-3,1,1,0,0
29809,-5,-7,1,0,0
29810,6,-10,1,0,0
29811,15,3,1,0,0
29812,1,17,1,0,0
29813,-18,8,1,0,0
29814,-16,-14,1,0,0
29815,4,-22,1,0,0
29816,20,-8,1,0,0
29817,16,12,1,0,0
29818,-2,20,1,0,0
29819,-17,11,1,0,0
29820,-21,-7,1,0,0
29821,-10,-20,1,0,0
29822,6,-22,1,0,0
29823,18,-12,1,0,0
29824,21,3,1,0,0
29825,15,15,1,0,0
29826,4,20,1,0,0
29827,-7,19,1,0,0
29828,-16,12,1,0,0
29829,-20,4,1,0,0
29830,-21,-5,1,0,0
29831,-18,-12,1,0,0
29832,-13,-17,1,0,0
29833,-8,-20,1,0,0
29834,-4,-22,1,0,0
29835,0,-22,1,0,0
29836,4,-22,1,0,0
29837,5,-21,1,0,0
29838,5,-19,1,0,0
29839,5,-15,1,0,0
29840,4,-12,1,0,0
29841,2,-8,1,0,0
29842,0,-4,1,0,0
29843,0,-2,1,0,0
29844,0,0,1,0,0
29845,2,0,1,0,0
29846,4,0,1,0,0
29847,8,2,1,0,0
29848,12,4,1,0,0
29849,15,5,1,0,0
29850,19,5,1,0,0
29851,21,5,1,0,0
29852,22,4,1,0,0
29853,22,0,1,0,0
29854,22,-4,1,0,0
29855,20,-8,1,0,0
29856,17,-13,1,0,0
29857,12,-18,1,0,0
29858,5,-21,1,0,0
29859,-4,-20,1,0,0
29860,-12,-16,1,0,0
29861,-19,-7,1,0,0
29862,-20,4,1,0,0
29863,-15,15,1,0,0
29864,-3,21,1,0,0
29865,12,18,1,0,0
29866,22,6,1,0,0
29867,20,-10,1,0,0
29868,7,-21,1,0,0
29869,-11,-17,1,0,0
29870,-20,-2,1,0,0
29871,-12,16,1,0,0
29872,8,20,1,0,0
29873,22,4,1,0,0
29874,14,-16,1,0,0
29875,-8,-18,1,0,0
29876,-17,1,1,0,0
29877,-3,15,1,0,0
29878,10,6,1,0,0
29879,7,-5,1,0,0
29880,-1,-3,1,0,0
29881,0,0,1,0,0
29882,0,0,1,0,0
29883,0,0,1,0,0
29884,0,0,1,0,0
29885,0,0,1,0,0
29886,0,0,1,0,0
29887,0,0,1,0,0
29888,0,0,1,0,0
29889,0,0,1,0,0
29890,0,0,1,0,0
29891,0,0,1,0,0
29892,0,0,1,0,0
29893,0,0,1,0,0
29894,0,0,1,0,0
29895,0,0,1,0,0
29896,0,0,1,0,0
29897,0,0,1,0,0
29898,0,0,1,0,0
29899,0,0,1,0,0
29900,0,0,1,0,0
29901,0,0,1,0,0
29902,0,0,1,0,0
29903,0,0,1,0,0
29904,0,0,1,0,0
29905,0,0,1,0,0
29906,0,0,1,0,0
29907,0,0,1,0,0
29908,0,0,1,0,0
29909,0,0,1,0,0
29910,0,0,1,0,0
29911,0,0,1,0,0
29912,0,0,1,0,0
29913,0,0,1,0,0
29914,0,0,1,0,0
29915,0,0,1,0,0
29916,0,0,1,0,0
29917,0,0,1,0,0
29918,0,0,1,0,0
29919,0,0,1,0,0
29920,0,0,1,0,0
29921,0,0,1,0,0
29922,0,0,1,0,0
29923,0,0,1,0,0
29924,0,0,1,0,0
29925,0,0,1,0,0
29926,0,0,1,0,0
29927,0,0,1,0,0
29928,0,0,1,0,0
29929,0,0,1,0,0
29930,0,0,1,0,0
29931,0,0,1,0,0
29932,0,0,1,0,0
29933,0,0,1,0,0
29934,0,0,1,0,0
29935,0,0,1,0,0
29936,0,0,1,0,0
29937,0,0,1,0,0
29938,0,0,1,0,0
29939,0,0,1,0,0
29940,0,0,1,0,0
29941,0,0,1,0,0
29942,0,0,1,0,0
29943,0,0,1,0,0
29944,0,0,1,0,0
29945,0,0,1,0,0
29946,0,0,1,0,0
29947,0,0,1,0,0
29948,0,0,1,0,0
29949,0,0,1,0,0
29950,0,0,1,0,0
29951,0,0,1,0,0
29952,0,0,1,0,0
29953,-1,1,1,0,0
29954,-2,4,1,0,0
29955,6,6,1,0,0
29956,9,-5,1,0,0
29957,-4,-14,1,0,0
29958,-18,0,1,0,0
29959,-9,19,1,0,0
29960,13,17,1,0,0
29961,21,-3,1,0,0
29962,7,-19,1,0,0
29963,-13,-15,1,0,0
29964,-21,3,1,0,0
29965,-12,18,1,0,0
29966,6,22,1,0,0
29967,19,11,1,0,0
29968,21,-5,1,0,0
29969,11,-17,1,0,0
29970,-4,-20,1,0,0
29971,-15,-15,1,0,0
29972,-21,-3,1,0,0
29973,-20,8,1,0,0
29974,-13,17,1,0,0
29975,-5,21,1,0,0
29976,4,22,1,0,0
29977,11,19,1,0,0
29978,16,14,1,0,0
29979,19,9,1,0,0
29980,21,5,1,0,0
29981,21,1,1,0,0
29982,21,-3,1,0,0
29983,20,-4,1,0,0
29984,18,-4,1,0,0
29985,14,-4,1,0,0
29986,11,-3,1,0,0
29987,7,-1,1,0,0
29988,3,1,1,0,0
29989,1,1,1,0,0
29990,0,0,1,0,0
29991,-1,-1,1,0,0
29992,-3,-1,1,0,0
29993,-7,1,1,0,0
29994,-11,3,1,0,0
29995,-14,4,1,0,0
29996,-18,4,1,0,0
29997,-20,4,1,0,0
29998,-21,3,1,0,0
29999,-21,-1,1,0,0
30000,-21,-5,1,0,0
30001,-19,-9,1,0,0
30002,-16,-14,1,0,0
30003,-11,-19,1,0,0
30004,-4,-22,1,0,0
30005,5,-21,1,0,0
30006,13,-17,1,0,0
30007,20,-8,1,0,0
30008,21,3,1,0,0
30009,15,15,1,0,0
30010,4,20,1,0,0
30011,-11,17,1,0,0
30012,-21,5,1,0,0
30013,-19,-11,1,0,0
30014,-6,-22,1,0,0
30015,12,-18,1,0,0
30016,21,-3,1,0,0
30017,13,15,1,0,0
30018,-7,19,1,0,0
30019,-21,3,1,0,0
30020,-13,-17,1,0,0
30021,9,-19,1,0,0
30022,18,0,1,0,0
30023,4,14,1,0,0
30024,-9,5,1,0,0
30025,-6,-6,1,0,0
30026,2,-4,1,0,0
30027,1,-1,1,0,0
30028,0,0,1,0,0
30029,0,0,1,0,0
30030,1,3,1,0,0
30031,-7,5,1,0,0
30032,-10,-6,1,0,0
30033,3,-15,1,0,0
30034,17,-1,1,0,0
30035,8,18,1,0,0
30036,-14,16,1,0,0
30037,-22,-4,1,0,0
30038,-8,-20,1,0,0
30039,12,-16,1,0,0
30040,20,2,1,0,0
30041,11,17,1,0,0
30042,-7,21,1,0,0
30043,-20,10,1,0,0
30044,-22,-6,1,0,0
30045,-12,-18,1,0,0
30046,3,-21,1,0,0
30047,15,-15,1,0,0
30048,20,-4,1,0,0
30049,19,7,1,0,0
30050,12,16,1,0,0
30051,4,20,1,0,0
30052,-5,21,1,0,0
30053,-12,18,1,0,0
30054,-17,13,1,0,0
30055,-20,8,1,0,0
30056,-22,4,1,0,0
30057,-22,0,1,0,0
30058,-22,-4,1,0,0
30059,-21,-5,1,0,0
30060,-19,-5,1,0,0
30061,-15,-5,1,0,0
30062,-12,-4,1,0,0
30063,-8,-2,1,0,0
30064,-4,0,1,0,0
30065,-2,0,1,0,0
30066,0,0,1,0,0
30067,0,-2,1,0,0
30068,0,-4,1,0,0
30069,2,-8,1,0,0
30070,4,-12,1,0,0
30071,5,-15,1,0,0
30072,5,-19,1,0,0
30073,5,-21,1,0,0
30074,4,-22,1,0,0
30075,0,-22,1,0,0
30076,-4,-22,1,0,0
30077,-8,-20,1,0,0
30078,-13,-17,1,0,0
30079,-18,-12,1,0,0
30080,-21,-5,1,0,0
30081,-20,4,1,0,0
30082,-16,12,1,0,0
30083,-7,19,1,0,0
30084,4,20,1,0,0
30085,15,15,1,0,0
30086,21,3,1,0,0
30087,18,-12,1,0,0
30088,6,-22,1,0,0
30089,-10,-20,1,0,0
30090,-21,-7,1,0,0
30091,-17,11,1,0,0
30092,-2,20,1,0,0
30093,16,12,1,0,0
30094,20,-8,1,0,0
30095,4,-22,1,0,0
30096,-16,-14,1,0,0
30097,-18,8,1,0,0
30098,1,17,1,0,0
30099,15,3,1,0,0
30100,6,-10,1,0,0
30101,-5,-7,1,0,0
30102,-3,1,1,0,0
30103,0,0,1,0,0
30104,0,0,1,0,0
30105,0,0,1,0,0
30106,0,0,1,0,0
30107,0,0,1,0,0
30108,0,0,1,0,0
30109,0,0,1,0,0
30110,0,0,1,0,0
30111,0,0,1,0,0
30112,0,0,1,0,0
30113,0,0,1,0,0
30114,0,0,1,0,0
30115,1,1,1,0,0
30116,4,2,1,0,0
30117,6,-6,1,0,0
30118,-5,-9,1,0,0
30119,-14,4,1,0,0
30120,0,18,1,0,0
30121,19,9,1,0,0
30122,17,-13,1,0,0
30123,-3,-21,1,0,0
30124,-19,-7,1,0,0
30125,-15,13,1,0,0
30126,3,21,1,0,0
30127,18,12,1,0,0
30128,22,-6,1,0,0
30129,11,-19,1,0,0
30130,-5,-21,1,0,0
30131,-17,-11,1,0,0
30132,-20,4,1,0,0
30133,-15,15,1,0,0
30134,-3,21,1,0,0
30135,8,20,1,0,0
30136,17,13,1,0,0
30137,21,5,1,0,0
30138,22,-4,1,0,0
30139,19,-11,1,0,0
30140,14,-16,1,0,0
30141,9,-19,1,0,0
30142,5,-21,1,0,0
30143,1,-21,1,0,0
30144,-3,-21,1,0,0
30145,-4,-20,1,0,0
30146,-4,-18,1,0,0
30147,-4,-14,1,0,0
30148,-3,-11,1,0,0
30149,-1,-7,1,0,0
30150,1,-3,1,0,0
30151,1,-1,1,0,0
30152,0,0,1,0,0
30153,-1,1,1,0,0
30154,-1,3,1,0,0
30155,1,7,1,0,0
30156,3,11,1,0,0
30157,4,14,1,0,0
30158,4,18,1,0,0
30159,4,20,1,0,0
30160,3,21,1,0,0
30161,-1,21,1,0,0
30162,-5,21,1,0,0
30163,-9,19,1,0,0
30164,-14,16,1,0,0
30165,-19,11,1,0,0
30166,-22,4,1,0,0
30167,-21,-5,1,0,0
30168,-17,-13,1,0,0
30169,-8,-20,1,0,0
30170,3,-21,1,0,0
30171,15,-15,1,0,0
30172,20,-4,1,0,0
30173,17,11,1,0,0
30174,5,21,1,0,0
30175,-11,19,1,0,0
30176,-22,6,1,0,0
30177,-18,-12,1,0,0
30178,-3,-21,1,0,0
30179,15,-13,1,0,0
30180,19,7,1,0,0
30181,3,21,1,0,0
30182,-17,13,1,0,0
30183,-19,-9,1,0,0
30184,0,-18,1,0,0
30185,14,-4,1,0,0
30186,5,9,1,0,0
30187,-6,6,1,0,0
30188,-4,-2,1,0,0
30189,-1,-1,1,0,0
30190,0,0,1,0,0
30191,0,0,1,0,0
30192,-3,1,1,0,0
30193,-5,-7,1,0,0
30194,6,-10,1,0,0
30195,15,3,1,0,0
30196,1,17,1,0,0
30197,-18,8,1,0,0
30198,-16,-14,1,0,0
30199,4,-22,1,0,0
30200,20,-8,1,0,0
30201,16,12,1,0,0
30202,-2,20,1,0,0
30203,-17,11,1,0,0
30204,-21,-7,1,0,0
30205,-10,-20,1,0,0
30206,6,-22,1,0,0
30207,18,-12,1,0,0
30208,21,3,1,0,0
30209,15,15,1,0,0
30210,4,20,1,0,0
30211,-7,19,1,0,0
30212,-16,12,1,0,0
30213,-20,4,1,0,0
30214,-21,-5,1,0,0
30215,-18,-12,1,0,0
30216,-13,-17,1,0,0
30217,-8,-20,1,0,0
30218,-4,-22,1,0,0
30219,0,-22,1,0,0
30220,4,-22,1,0,0
30221,5,-21,1,0,0
30222,5,-19,1,0,0
30223,5,-15,1,0,0
30224,4,-12,1,0,0
30225,2,-8,1,0,0
30226,0,-4,1,0,0
30227,0,-2,1,0,0
30228,0,0,1,0,0
30229,2,0,1,0,0
30230,4,0,1,0,0
30231,8,2,1,0,0
30232,12,4,1,0,0
30233,15,5,1,0,0
30234,19,5,1,0,0
30235,21,5,1,0,0
30236,22,4,1,0,0
30237,22,0,1,0,0
30238,22,-4,1,0,0
30239,20,-8,1,0,0
30240,17,-13,1,0,0
30241,12,-18,1,0,0
30242,5,-21,1,0,0
30243,-4,-20,1,0,0
30244,-12,-16,1,0,0
30245,-19,-7,1,0,0
30246,-20,4,1,0,0
30247,-15,15,1,0,0
30248,-3,21,1,0,0
30249,12,18,1,0,0
30250,22,6,1,0,0
30251,20,-10,1,0,0
30252,7,-21,1,0,0
30253,-11,-17,1,0,0
30254,-20,-2,1,0,0
30255,-12,16,1,0,0
30256,8,20,1,0,0
30257,22,4,1,0,0
30258,14,-16,1,0,0
30259,-8,-18,1,0,0
30260,-17,1,1,0,0
30261,-3,15,1,0,0
30262,10,6,1,0,0
30263,7,-5,1,0,0
30264,-1,-3,1,0,0
30265,0,0,1,0,0
30266,0,0,1,0,0
30267,0,0,1,0,0
30268,0,0,1,0,0
30269,0,0,1,0,0
30270,0,0,1,0,0
30271,0,0,1,0,0
30272,0,0,1,0,0
30273,0,0,1,0,0
30274,0,0,1,0,0
30275,0,0,1,0,0
30276,0,0,1,0,0
30277,0,0,1,0,0
30278,0,0,1,0,0
30279,0,0,1,0,0
30280,0,0,1,0,0
30281,0,0,1,0,0
30282,0,0,1,0,0
30283,0,0,1,0,0
30284,0,0,1,0,0
30285,0,0,1,0,0
30286,0,0,1,0,0
30287,0,0,1,0,0
30288,0,0,1,0,0
30289,0,0,1,0,0
30290,0,0,1,0,0
30291,0,0,1,0,0
30292,0,0,1,0,0
30293,0,0,1,0,0
30294,0,0,1,0,0
30295,0,0,1,0,0
30296,0,0,1,0,0
30297,0,0,1,0,0
30298,0,0,1,0,0
30299,0,0,1,0,0
30300,0,0,1,0,0
30301,0,0,1,0,0
30302,0,0,1,0,0
30303,0,0,1,0,0
30304,0,0,1,0,0
30305,0,0,1,0,0
30306,0,0,1,0,0
30307,0,0,1,0,0
30308,0,0,1,0,0
30309,0,0,1,0,0
30310,0,0,1,0,0
30311,0,0,1,0,0
30312,0,0,1,0,0
30313,0,0,1,0,0
30314,0,0,1,0,0
30315,0,0,1,0,0
30316,0,0,1,0,0
30317,0,0,1,0,0
30318,0,0,1,0,0
30319,0,0,1,0,0
30320,0,0,1,0,0
30321,0,0,1,0,0
30322,0,0,1,0,0
30323,0,0,1,0,0
30324,0,0,1,0,0
30325,0,0,1,0,0
30326,0,0,1,0,0
30327,0,0,1,0,0
30328,0,0,1,0,0
30329,0,0,1,0,0
30330,0,0,1,0,0
30331,0,0,1,0,0
30332,0,0,1,0,0
30333,0,0,1,0,0
30334,0,0,1,0,0
30335,0,0,1,0,0
30336,0,0,1,0,0
30337,-1,1,1,0,0
30338,-2,4,1,0,0
30339,6,6,1,0,0
30340,9,-5,1,0,0
30341,-4,-14,1,0,0
30342,-18,0,1,0,0
30343,-9,19,1,0,0
30344,13,17,1,0,0
30345,21,-3,1,0,0
30346,7,-19,1,0,0
30347,-13,-15,1,0,0
30348,-21,3,1,0,0
30349,-12,18,1,0,0
30350,6,22,1,0,0
30351,19,11,1,0,0
30352,21,-5,1,0,0
30353,11,-17,1,0,0
30354,-4,-20,1,0,0
30355,-15,-15,1,0,0
30356,-21,-3,1,0,0
30357,-20,8,1,0,0
30358,-13,17,1,0,0
30359,-5,21,1,0,0
30360,4,22,1,0,0
30361,11,19,1,0,0
30362,16,14,1,0,0
30363,19,9,1,0,0
30364,21,5,1,0,0
30365,21,1,1,0,0
30366,21,-3,1,0,0
30367,20,-4,1,0,0
30368,18,-4,1,0,0
30369,14,-4,1,0,0
30370,11,-3,1,0,0
30371,7,-1,1,0,0
30372,3,1,1,0,0
30373,1,1,1,0,0
30374,0,0,1,0,0
30375,-1,-1,1,0,0
30376,-3,-1,1,0,0
30377,-7,1,1,0,0
30378,-11,3,1,0,0
30379,-14,4,1,0,0
30380,-18,4,1,0,0
30381,-20,4,1,0,0
30382,-21,3,1,0,0
30383,-21,-1,1,0,0
30384,-21,-5,1,0,0
30385,-19,-9,1,0,0
30386,-16,-14,1,0,0
30387,-11,-19,1,0,0
30388,-4,-22,1,0,0
30389,5,-21,1,0,0
30390,13,-17,1,0,0
30391,20,-8,1,0,0
30392,21,3,1,0,0
30393,15,15,1,0,0
30394,4,20,1,0,0
30395,-11,17,1,0,0
30396,-21,5,1,0,0
30397,-19,-11,1,0,0
30398,-6,-22,1,0,0
30399,12,-18,1,0,0
30400,21,-3,1,0,0
30401,13,15,1,0,0
30402,-7,19,1,0,0
30403,-21,3,1,0,0
30404,-13,-17,1,0,0
30405,9,-19,1,0,0
30406,18,0,1,0,0
30407,4,14,1,0,0
30408,-9,5,1,0,0
30409,-6,-6,1,0,0
30410,2,-4,1,0,0
30411,1,-1,1,0,0
30412,0,0,1,0,0
30413,0,0,1,0,0
30414,-3,1,1,0,0
30415,-5,-7,1,0,0
30416,6,-10,1,0,0
30417,15,3,1,0,0
30418,1,17,1,0,0
30419,-18,8,1,0,0
30420,-16,-14,1,0,0
30421,4,-22,1,0,0
30422,20,-8,1,0,0
30423,16,12,1,0,0
30424,-2,20,1,0,0
30425,-17,11,1,0,0
30426,-21,-7,1,0,0
30427,-10,-20,1,0,0
30428,6,-22,1,0,0
30429,18,-12,1,0,0
30430,21,3,1,0,0
30431,15,15,1,0,0
30432,4,20,1,0,0
30433,-7,19,1,0,0
30434,-16,12,1,0,0
30435,-20,4,1,0,0
30436,-21,-5,1,0,0
30437,-18,-12,1,0,0
30438,-13,-17,1,0,0
30439,-8,-20,1,0,0
30440,-4,-22,1,0,0
30441,0,-22,1,0,0
30442,4,-22,1,0,0
30443,5,-21,1,0,0
30444,5,-19,1,0,0
30445,5,-15,1,0,0
30446,4,-12,1,0,0
30447,2,-8,1,0,0
30448,0,-4,1,0,0
30449,0,-2,1,0,0
30450,0,0,1,0,0
30451,0,-2,1,0,0
30452,0,-4,1,0,0
30453,2,-8,1,0,0
30454,4,-12,1,0,0
30455,5,-15,1,0,0
30456,5,-19,1,0,0
30457,5,-21,1,0,0
30458,4,-22,1,0,0
30459,0,-22,1,0,0
30460,-4,-22,1,0,0
30461,-8,-20,1,0,0
30462,-13,-17,1,0,0
30463,-18,-12,1,0,0
30464,-21,-5,1,0,0
30465,-20,4,1,0,0
30466,-16,12,1,0,0
30467,-7,19,1,0,0
30468,4,20,1,0,0
30469,15,15,1,0,0
30470,21,3,1,0,0
30471,18,-12,1,0,0
30472,6,-22,1,0,0
30473,-10,-20,1,0,0
30474,-21,-7,1,0,0
30475,-17,11,1,0,0
30476,-2,20,1,0,0
30477,16,12,1,0,0
30478,20,-8,1,0,0
30479,4,-22,1,0,0
30480,-16,-14,1,0,0
30481,-18,8,1,0,0
30482,1,17,1,0,0
30483,15,3,1,0,0
30484,6,-10,1,0,0
30485,-5,-7,1,0,0
30486,-3,1,1,0,0
30487,0,0,1,0,0
30488,0,0,1,0,0
30489,0,0,1,0,0
30490,0,0,1,0,0
30491,0,0,1,0,0
30492,0,0,1,0,0
30493,0,0,1,0,0
30494,0,0,1,0,0
30495,0,0,1,0,0
30496,0,0,1,0,0
30497,0,0,1,0,0
30498,0,0,1,0,0
30499,-1,-1,1,0,0
30500,-4,-2,1,0,0
30501,-6,6,1,0,0
30502,5,9,1,0,0
30503,14,-4,1,0,0
30504,0,-18,1,0,0
30505,-19,-9,1,0,0
30506,-17,13,1,0,0
30507,3,21,1,0,0
30508,19,7,1,0,0
30509,15,-13,1,0,0
30510,-3,-21,1,0,0
30511,-18,-12,1,0,0
30512,-22,6,1,0,0
30513,-11,19,1,0,0
30514,5,21,1,0,0
30515,17,11,1,0,0
30516,20,-4,1,0,0
30517,15,-15,1,0,0
30518,3,-21,1,0,0
30519,-8,-20,1,0,0
30520,-17,-13,1,0,0
30521,-21,-5,1,0,0
30522,-22,4,1,0,0
30523,-19,11,1,0,0
30524,-14,16,1,0,0
30525,-9,19,1,0,0
30526,-5,21,1,0,0
30527,-1,21,1,0,0
30528,3,21,1,0,0
30529,4,20,1,0,0
30530,4,18,1,0,0
30531,4,14,1,0,0
30532,3,11,1,0,0
30533,1,7,1,0,0
30534,-1,3,1,0,0
30535,-1,1,1,0,0
30536,0,0,1,0,0
30537,1,-1,1,0,0
30538,1,-3,1,0,0
30539,-1,-7,1,0,0
30540,-3,-11,1,0,0
30541,-4,-14,1,0,0
30542,-4,-18,1,0,0
30543,-4,-20,1,0,0
30544,-3,-21,1,0,0
30545,1,-21,1,0,0
30546,5,-21,1,0,0
30547,9,-19,1,0,0
30548,14,-16,1,0,0
30549,19,-11,1,0,0
30550,22,-4,1,0,0
30551,21,5,1,0,0
30552,17,13,1,0,0
30553,8,20,1,0,0
30554,-3,21,1,0,0
30555,-15,15,1,0,0
30556,-20,4,1,0,0
30557,-17,-11,1,0,0
30558,-5,-21,1,0,0
30559,11,-19,1,0,0
30560,22,-6,1,0,0
30561,18,12,1,0,0
30562,3,21,1,0,0
30563,-15,13,1,0,0
30564,-19,-7,1,0,0
30565,-3,-21,1,0,0
30566,17,-13,1,0,0
30567,19,9,1,0,0
30568,0,18,1,0,0
30569,-14,4,1,0,0
30570,-5,-9,1,0,0
30571,6,-6,1,0,0
30572,4,2,1,0,0
30573,1,1,1,0,0
30574,0,0,1,0,0
30575,0,0,1,0,0
30576,3,-1,1,0,0
30577,5,7,1,0,0
30578,-6,10,1,0,0
30579,-15,-3,1,0,0
30580,-1,-17,1,0,0
30581,18,-8,1,0,0
30582,16,14,1,0,0
30583,-4,22,1,0,0
30584,-20,8,1,0,0
30585,-16,-12,1,0,0
30586,2,-20,1,0,0
30587,17,-11,1,0,0
30588,21,7,1,0,0
30589,10,20,1,0,0
30590,-6,22,1,0,0
30591,-18,12,1,0,0
30592,-21,-3,1,0,0
30593,-15,-15,1,0,0
30594,-4,-20,1,0,0
30595,7,-19,1,0,0
30596,16,-12,1,0,0
30597,20,-4,1,0,0
30598,21,5,1,0,0
30599,18,12,1,0,0
30600,13,17,1,0,0
30601,8,20,1,0,0
30602,4,22,1,0,0
30603,0,22,1,0,0
30604,-4,22,1,0,0
30605,-5,21,1,0,0
30606,-5,19,1,0,0
30607,-5,15,1,0,0
30608,-4,12,1,0,0
30609,-2,8,1,0,0
30610,0,4,1,0,0
30611,0,2,1,0,0
30612,0,0,1,0,0
30613,0,2,1,0,0
30614,0,4,1,0,0
30615,-2,8,1,0,0
30616,-4,12,1,0,0
30617,-5,15,1,0,0
30618,-5,19,1,0,0
30619,-5,21,1,0,0
30620,-4,22,1,0,0
30621,0,22,1,0,0
30622,4,22,1,0,0
30623,8,20,1,0,0
30624,13,17,1,0,0
30625,18,12,1,0,0
30626,21,5,1,0,0
30627,20,-4,1,0,0
30628,16,-12,1,0,0
30629,7,-19,1,0,0
30630,-4,-20,1,0,0
30631,-15,-15,1,0,0
30632,-21,-3,1,0,0
30633,-18,12,1,0,0
30634,-6,22,1,0,0
30635,10,20,1,0,0
30636,21,7,1,0,0
30637,17,-11,1,0,0
30638,2,-20,1,0,0
30639,-16,-12,1,0,0
30640,-20,8,1,0,0
30641,-4,22,1,0,0
30642,16,14,1,0,0
30643,18,-8,1,0,0
30644,-1,-17,1,0,0
30645,-15,-3,1,0,0
30646,-6,10,1,0,0
30647,5,7,1,0,0
30648,3,-1,1,0,0
30649,0,0,1,0,0
30650,0,0,1,0,0
30651,0,0,1,0,0
30652,0,0,1,0,0
30653,0,0,1,0,0
30654,0,0,1,0,0
30655,0,0,1,0,0
30656,0,0,1,0,0
30657,0,0,1,0,0
30658,0,0,1,0,0
30659,0,0,1,0,0
30660,0,0,1,0,0
30661,0,0,1,0,0
30662,0,0,1,0,0
30663,0,0,1,0,0
30664,0,0,1,0,0
30665,0,0,1,0,0
30666,0,0,1,0,0
30667,0,0,1,0,0
30668,0,0,1,0,0
30669,0,0,1,0,0
30670,0,0,1,0,0
30671,0,0,1,0,0
30672,0,0,1,0,0
30673,0,0,1,0,0
30674,0,0,1,0,0
30675,0,0,1,0,0
30676,0,0,1,0,0
30677,0,0,1,0,0
30678,0,0,1,0,0
30679,0,0,1,0,0
30680,0,0,1,0,0
30681,0,0,1,0,0
30682,0,0,1,0,0
30683,0,0,1,0,0
30684,0,0,1,0,0
30685,0,0,1,0,0
30686,0,0,1,0,0
30687,0,0,1,0,0
30688,0,0,1,0,0
30689,0,0,1,0,0
30690,0,0,1,0,0
30691,0,0,1,0,0
30692,0,0,1,0,0
30693,0,0,1,0,0
30694,0,0,1,0,0
30695,0,0,1,0,0
30696,0,0,1,0,0
30697,0,0,1,0,0
30698,0,0,1,0,0
30699,0,0,1,0,0
30700,0,0,1,0,0
30701,0,0,1,0,0
30702,0,0,1,0,0
30703,0,0,1,0,0
30704,0,0,1,0,0
30705,0,0,1,0,0
30706,0,0,1,0,0
30707,0,0,1,0,0
30708,0,0,1,0,0
30709,0,0,1,0,0
30710,0,0,1,0,0
30711,0,0,1,0,0
30712,0,0,1,0,0
30713,0,0,1,0,0
30714,0,0,1,0,0
30715,0,0,1,0,0
30716,0,0,1,0,0
30717,0,0,1,0,0
30718,0,0,1,0,0
30719,0,0,1,0,0
30720,0,0,1,0,0
30721,-1,1,1,0,0
30722,-2,4,1,0,0
30723,6,6,1,0,0
30724,9,-5,1,0,0
30725,-4,-14,1,0,0
30726,-18,0,1,0,0
30727,-9,19,1,0,0
30728,13,17,1,0,0
30729,21,-3,1,0,0
30730,7,-19,1,0,0
30731,-13,-15,1,0,0
30732,-21,3,1,0,0
30733,-12,18,1,0,0
30734,6,22,1,0,0
30735,19,11,1,0,0
30736,21,-5,1,0,0
30737,11,-17,1,0,0
30738,-4,-20,1,0,0
30739,-15,-15,1,0,0
30740,-21,-3,1,0,0
30741,-20,8,1,0,0
30742,-13,17,1,0,0
30743,-5,21,1,0,0
30744,4,22,1,0,0
30745,11,19,1,0,0
30746,16,14,1,0,0
30747,19,9,1,0,0
30748,21,5,1,0,0
30749,21,1,1,0,0
30750,21,-3,1,0,0
30751,20,-4,1,0,0
30752,18,-4,1,0,0
30753,14,-4,1,0,0
30754,11,-3,1,0,0
30755,7,-1,1,0,0
30756,3,1,1,0,0
30757,1,1,1,0,0
30758,0,0,1,0,0
30759,-1,-1,1,0,0
30760,-3,-1,1,0,0
30761,-7,1,1,0,0
30762,-11,3,1,0,0
30763,-14,4,1,0,0
30764,-18,4,1,0,0
30765,-20,4,1,0,0
30766,-21,3,1,0,0
30767,-21,-1,1,0,0
30768,-21,-5,1,0,0
30769,-19,-9,1,0,0
30770,-16,-14,1,0,0
30771,-11,-19,1,0,0
30772,-4,-22,1,0,0
30773,5,-21,1,0,0
30774,13,-17,1,0,0
30775,20,-8,1,0,0
30776,21,3,1,0,0
30777,15,15,1,0,0
30778,4,20,1,0,0
30779,-11,17,1,0,0
30780,-21,5,1,0,0
30781,-19,-11,1,0,0
30782,-6,-22,1,0,0
30783,12,-18,1,0,0
30784,21,-3,1,0,0
30785,13,15,1,0,0
30786,-7,19,1,0,0
30787,-21,3,1,0,0
30788,-13,-17,1,0,0
30789,9,-19,1,0,0
30790,18,0,1,0,0
30791,4,14,1,0,0
30792,-9,5,1,0,0
30793,-6,-6,1,0,0
30794,2,-4,1,0,0
30795,1,-1,1,0,0
30796,0,0,1,0,0
30797,0,0,1,0,0
30798,-1,-3,1,0,0
30799,7,-5,1,0,0
30800,10,6,1,0,0
30801,-3,15,1,0,0
30802,-17,1,1,0,0
30803,-8,-18,1,0,0
30804,14,-16,1,0,0
30805,22,4,1,0,0
30806,8,20,1,0,0
30807,-12,16,1,0,0
30808,-20,-2,1,0,0
30809,-11,-17,1,0,0
30810,7,-21,1,0,0
30811,20,-10,1,0,0
30812,22,6,1,0,0
30813,12,18,1,0,0
30814,-3,21,1,0,0
30815,-15,15,1,0,0
30816,-20,4,1,0,0
30817,-19,-7,1,0,0
30818,-12,-16,1,0,0
30819,-4,-20,1,0,0
30820,5,-21,1,0,0
30821,12,-18,1,0,0
30822,17,-13,1,0,0
30823,20,-8,1,0,0
30824,22,-4,1,0,0
30825,22,0,1,0,0
30826,22,4,1,0,0
30827,21,5,1,0,0
30828,19,5,1,0,0
30829,15,5,1,0,0
30830,12,4,1,0,0
30831,8,2,1,0,0
30832,4,0,1,0,0
30833,2,0,1,0,0
30834,0,0,1,0,0
30835,0,-2,1,0,0
30836,0,-4,1,0,0
30837,2,-8,1,0,0
30838,4,-12,1,0,0
30839,5,-15,1,0,0
30840,5,-19,1,0,0
30841,5,-21,1,0,0
30842,4,-22,1,0,0
30843,0,-22,1,0,0
30844,-4,-22,1,0,0
30845,-8,-20,1,0,0
30846,-13,-17,1,0,0
30847,-18,-12,1,0,0
30848,-21,-5,1,0,0
30849,-20,4,1,0,0
30850,-16,12,1,0,0
30851,-7,19,1,0,0
30852,4,20,1,0,0
30853,15,15,1,0,0
30854,21,3,1,0,0
30855,18,-12,1,0,0
30856,6,-22,1,0,0
30857,-10,-20,1,0,0
30858,-21,-7,1,0,0
30859,-17,11,1,0,0
30860,-2,20,1,0,0
30861,16,12,1,0,0
30862,20,-8,1,0,0
30863,4,-22,1,0,0
30864,-16,-14,1,0,0
30865,-18,8,1,0,0
30866,1,17,1,0,0
30867,15,3,1,0,0
30868,6,-10,1,0,0
30869,-5,-7,1,0,0
30870,-3,1,1,0,0
30871,0,0,1,0,0
30872,0,0,1,0,0
30873,0,0,1,0,0
30874,0,0,1,0,0
30875,0,0,1,0,0
30876,0,0,1,0,0
30877,0,0,1,0,0
30878,0,0,1,0,0
30879,0,0,1,0,0
30880,0,0,1,0,0
30881,0,0,1,0,0
30882,0,0,1,0,0
30883,1,-1,1,0,0
30884,2,-4,1,0,0
30885,-6,-6,1,0,0
30886,-9,5,1,0,0
30887,4,14,1,0,0
30888,18,0,1,0,0
30889,9,-19,1,0,0
30890,-13,-17,1,0,0
30891,-21,3,1,0,0
30892,-7,19,1,0,0
30893,13,15,1,0,0
30894,21,-3,1,0,0
30895,12,-18,1,0,0
30896,-6,-22,1,0,0
30897,-19,-11,1,0,0
30898,-21,5,1,0,0
30899,-11,17,1,0,0
30900,4,20,1,0,0
30901,15,15,1,0,0
30902,21,3,1,0,0
30903,20,-8,1,0,0
30904,13,-17,1,0,0
30905,5,-21,1,0,0
30906,-4,-22,1,0,0
30907,-11,-19,1,0,0
30908,-16,-14,1,0,0
30909,-19,-9,1,0,0
30910,-21,-5,1,0,0
30911,-21,-1,1,0,0
30912,-21,3,1,0,0
30913,-20,4,1,0,0
30914,-18,4,1,0,0
30915,-14,4,1,0,0
30916,-11,3,1,0,0
30917,-7,1,1,0,0
30918,-3,-1,1,0,0
30919,-1,-1,1,0,0
30920,0,0,1,0,0
30921,1,1,1,0,0
30922,3,1,1,0,0
30923,7,-1,1,0,0
30924,11,-3,1,0,0
30925,14,-4,1,0,0
30926,18,-4,1,0,0
30927,20,-4,1,0,0
30928,21,-3,1,0,0
30929,21,1,1,0,0
30930,21,5,1,0,0
30931,19,9,1,0,0
30932,16,14,1,0,0
30933,11,19,1,0,0
30934,4,22,1,0,0
30935,-5,21,1,0,0
30936,-13,17,1,0,0
30937,-20,8,1,0,0
30938,-21,-3,1,0,0
30939,-15,-15,1,0,0
30940,-4,-20,1,0,0
30941,11,-17,1,0,0
30942,21,-5,1,0,0
30943,19,11,1,0,0
30944,6,22,1,0,0
30945,-12,18,1,0,0
30946,-21,3,1,0,0
30947,-13,-15,1,0,0
30948,7,-19,1,0,0
30949,21,-3,1,0,0
30950,13,17,1,0,0
30951,-9,19,1,0,0
30952,-18,0,1,0,0
30953,-4,-14,1,0,0
30954,9,-5,1,0,0
30955,6,6,1,0,0
30956,-2,4,1,0,0
30957,-1,1,1,0,0
30958,0,0,1,0,0
30959,0,0,1,0,0
30960,3,-1,1,0,0
30961,5,7,1,0,0
30962,-6,10,1,0,0
30963,-15,-3,1,0,0
30964,-1,-17,1,0,0
30965,18,-8,1,0,0
30966,16,14,1,0,0
30967,-4,22,1,0,0
30968,-20,8,1,0,0
30969,-16,-12,1,0,0
30970,2,-20,1,0,0
30971,17,-11,1,0,0
30972,21,7,1,0,0
30973,10,20,1,0,0
30974,-6,22,1,0,0
30975,-18,12,1,0,0
30976,-21,-3,1,0,0
30977,-15,-15,1,0,0
30978,-4,-20,1,0,0
30979,7,-19,1,0,0
30980,16,-12,1,0,0
30981,20,-4,1,0,0
30982,21,5,1,0,0
30983,18,12,1,0,0
30984,13,17,1,0,0
30985,8,20,1,0,0
30986,4,22,1,0,0
30987,0,22,1,0,0
30988,-4,22,1,0,0
30989,-5,21,1,0,0
30990,-5,19,1,0,0
30991,-5,15,1,0,0
30992,-4,12,1,0,0
30993,-2,8,1,0,0
30994,0,4,1,0,0
30995,0,2,1,0,0
30996,0,0,1,0,0
30997,2,0,1,0,0
30998,4,0,1,0,0
30999,8,2,1,0,0
31000,12,4,1,0,0
31001,15,5,1,0,0
31002,19,5,1,0,0
31003,21,5,1,0,0
31004,22,4,1,0,0
31005,22,0,1,0,0
31006,22,-4,1,0,0
31007,20,-8,1,0,0
31008,17,-13,1,0,0
31009,12,-18,1,0,0
31010,5,-21,1,0,0
31011,-4,-20,1,0,0
31012,-12,-16,1,0,0
31013,-19,-7,1,0,0
31014,-20,4,1,0,0
31015,-15,15,1,0,0
31016,-3,21,1,0,0
31017,12,18,1,0,0
31018,22,6,1,0,0
31019,20,-10,1,0,0
31020,7,-21,1,0,0
31021,-11,-17,1,0,0
31022,-20,-2,1,0,0
31023,-12,16,1,0,0
31024,8,20,1,0,0
31025,22,4,1,0,0
31026,14,-16,1,0,0
31027,-8,-18,1,0,0
31028,-17,1,1,0,0
31029,-3,15,1,0,0
31030,10,6,1,0,0
31031,7,-5,1,0,0
31032,-1,-3,1,0,0
31033,0,0,1,0,0
31034,0,0,1,0,0
31035,0,0,1,0,0
31036,0,0,1,0,0
31037,0,0,1,0,0
31038,0,0,1,0,0
31039,0,0,1,0,0
31040,0,0,1,0,0
31041,0,0,1,0,0
31042,0,0,1,0,0
31043,0,0,1,0,0
31044,0,0,1,0,0
31045,0,0,1,0,0
31046,0,0,1,0,0
31047,0,0,1,0,0
31048,0,0,1,0,0
31049,0,0,1,0,0
31050,0,0,1,0,0
31051,0,0,1,0,0
31052,0,0,1,0,0
31053,0,0,1,0,0
31054,0,0,1,0,0
31055,0,0,1,0,0
31056,0,0,1,0,0
31057,0,0,1,0,0
31058,0,0,1,0,0
31059,0,0,1,0,0
31060,0,0,1,0,0
31061,0,0,1,0,0
31062,0,0,1,0,0
31063,0,0,1,0,0
31064,0,0,1,0,0
31065,0,0,1,0,0
31066,0,0,1,0,0
31067,0,0,1,0,0
31068,0,0,1,0,0
31069,0,0,1,0,0
31070,0,0,1,0,0
31071,0,0,1,0,0
31072,0,0,1,0,0
31073,0,0,1,0,0
31074,0,0,1,0,0
31075,0,0,1,0,0
31076,0,0,1,0,0
31077,0,0,1,0,0
31078,0,0,1,0,0
31079,0,0,1,0,0
31080,0,0,1,0,0
31081,0,0,1,0,0
31082,0,0,1,0,0
31083,0,0,1,0,0
31084,0,0,1,0,0
31085,0,0,1,0,0
31086,0,0,1,0,0
31087,0,0,1,0,0
31088,0,0,1,0,0
31089,0,0,1,0,0
31090,0,0,1,0,0
31091,0,0,1,0,0
31092,0,0,1,0,0
31093,0,0,1,0,0
31094,0,0,1,0,0
31095,0,0,1,0,0
31096,0,0,1,0,0
31097,0,0,1,0,0
31098,0,0,1,0,0
31099,0,0,1,0,0
31100,0,0,1,0,0
31101,0,0,1,0,0
31102,0,0,1,0,0
31103,0,0,1,0,0
31104,0,0,1,0,0
31105,-1,-1,1,0,0
31106,-4,-2,1,0,0
31107,-6,6,1,0,0
31108,5,9,1,0,0
31109,14,-4,1,0,0
31110,0,-18,1,0,0
31111,-19,-9,1,0,0
31112,-17,13,1,0,0
31113,3,21,1,0,0
31114,19,7,1,0,0
31115,15,-13,1,0,0
31116,-3,-21,1,0,0
31117,-18,-12,1,0,0
31118,-22,6,1,0,0
31119,-11,19,1,0,0
31120,5,21,1,0,0
31121,17,11,1,0,0
31122,20,-4,1,0,0
31123,15,-15,1,0,0
31124,3,-21,1,0,0
31125,-8,-20,1,0,0
31126,-17,-13,1,0,0
31127,-21,-5,1,0,0
31128,-22,4,1,0,0
31129,-19,11,1,0,0
31130,-14,16,1,0,0
31131,-9,19,1,0,0
31132,-5,21,1,0,0
31133,-1,21,1,0,0
31134,3,21,1,0,0
31135,4,20,1,0,0
31136,4,18,1,0,0
31137,4,14,1,0,0
31138,3,11,1,0,0
31139,1,7,1,0,0
31140,-1,3,1,0,0
31141,-1,1,1,0,0
31142,0,0,1,0,0
31143,1,-1,1,0,0
31144,1,-3,1,0,0
31145,-1,-7,1,0,0
31146,-3,-11,1,0,0
31147,-4,-14,1,0,0
31148,-4,-18,1,0,0
31149,-4,-20,1,0,0
31150,-3,-21,1,0,0
31151,1,-21,1,0,0
31152,5,-21,1,0,0
31153,9,-19,1,0,0
31154,14,-16,1,0,0
31155,19,-11,1,0,0
31156,22,-4,1,0,0
31157,21,5,1,0,0
31158,17,13,1,0,0
31159,8,20,1,0,0
31160,-3,21,1,0,0
31161,-15,15,1,0,0
31162,-20,4,1,0,0
31163,-17,-11,1,0,0
31164,-5,-21,1,0,0
31165,11,-19,1,0,0
31166,22,-6,1,0,0
31167,18,12,1,0,0
31168,3,21,1,0,0
31169,-15,13,1,0,0
31170,-19,-7,1,0,0
31171,-3,-21,1,0,0
31172,17,-13,1,0,0
31173,19,9,1,0,0
31174,0,18,1,0,0
31175,-14,4,1,0,0
31176,-5,-9,1,0,0
31177,6,-6,1,0,0
31178,4,2,1,0,0
31179,1,1,1,0,0
31180,0,0,1,0,0
31181,0,0,1,0,0
31182,3,-1,1,0,0
31183,5,7,1,0,0
31184,-6,10,1,0,0
31185,-15,-3,1,0,0
31186,-1,-17,1,0,0
31187,18,-8,1,0,0
31188,16,14,1,0,0
31189,-4,22,1,0,0
31190,-20,8,1,0,0
31191,-16,-12,1,0,0
31192,2,-20,1,0,0
31193,17,-11,1,0,0
31194,21,7,1,0,0
31195,10,20,1,0,0
31196,-6,22,1,0,0
31197,-18,12,1,0,0
31198,-21,-3,1,0,0
31199,-15,-15,1,0,0
31200,-4,-20,1,0,0
31201,7,-19,1,0,0
31202,16,-12,1,0,0
31203,20,-4,1,0,0
31204,21,5,1,0,0
31205,18,12,1,0,0
31206,13,17,1,0,0
31207,8,20,1,0,0
31208,4,22,1,0,0
31209,0,22,1,0,0
31210,-4,22,1,0,0
31211,-5,21,1,0,0
31212,-5,19,1,0,0
31213,-5,15,1,0,0
31214,-4,12,1,0,0
31215,-2,8,1,0,0
31216,0,4,1,0,0
31217,0,2,1,0,0
31218,0,0,1,0,0
31219,0,-2,1,0,0
31220,0,-4,1,0,0
31221,2,-8,1,0,0
31222,4,-12,1,0,0
31223,5,-15,1,0,0
31224,5,-19,1,0,0
31225,5,-21,1,0,0
31226,4,-22,1,0,0
31227,0,-22,1,0,0
31228,-4,-22,1,0,0
31229,-8,-20,1,0,0
31230,-13,-17,1,0,0
31231,-18,-12,1,0,0
31232,-21,-5,1,0,0
31233,-20,4,1,0,0
31234,-16,12,1,0,0
31235,-7,19,1,0,0
31236,4,20,1,0,0
31237,15,15,1,0,0
31238,21,3,1,0,0
31239,18,-12,1,0,0
31240,6,-22,1,0,0
31241,-10,-20,1,0,0
31242,-21,-7,1,0,0
31243,-17,11,1,0,0
31244,-2,20,1,0,0
31245,16,12,1,0,0
31246,20,-8,1,0,0
31247,4,-22,1,0,0
31248,-16,-14,1,0,0
31249,-18,8,1,0,0
31250,1,17,1,0,0
31251,15,3,1,0,0
31252,6,-10,1,0,0
31253,-5,-7,1,0,0
31254,-3,1,1,0,0
31255,0,0,1,0,0
31256,0,0,1,0,0
31257,0,0,1,0,0
31258,0,0,1,0,0
31259,0,0,1,0,0
31260,0,0,1,0,0
31261,0,0,1,0,0
31262,0,0,1,0,0
31263,0,0,1,0,0
31264,0,0,1,0,0
31265,0,0,1,0,0
31266,0,0,1,0,0
31267,1,-1,1,0,0
31268,2,-4,1,0,0
31269,-6,-6,1,0,0
31270,-9,5,1,0,0
31271,4,14,1,0,0
31272,18,0,1,0,0
31273,9,-19,1,0,0
31274,-13,-17,1,0,0
31275,-21,3,1,0,0
31276,-7,19,1,0,0
31277,13,15,1,0,0
31278,21,-3,1,0,0
31279,12,-18,1,0,0
31280,-6,-22,1,0,0
31281,-19,-11,1,0,0
31282,-21,5,1,0,0
31283,-11,17,1,0,0
31284,4,20,1,0,0
31285,15,15,1,0,0
31286,21,3,1,0,0
31287,20,-8,1,0,0
31288,13,-17,1,0,0
31289,5,-21,1,0,0
31290,-4,-22,1,0,0
31291,-11,-19,1,0,0
31292,-16,-14,1,0,0
31293,-19,-9,1,0,0
31294,-21,-5,1,0,0
31295,-21,-1,1,0,0
31296,-21,3,1,0,0
31297,-20,4,1,0,0
31298,-18,4,1,0,0
31299,-14,4,1,0,0
31300,-11,3,1,0,0
31301,-7,1,1,0,0
31302,-3,-1,1,0,0
31303,-1,-1,1,0,0
31304,0,0,1,0,0
31305,1,1,1,0,0
31306,3,1,1,0,0
31307,7,-1,1,0,0
31308,11,-3,1,0,0
31309,14,-4,1,0,0
31310,18,-4,1,0,0
31311,20,-4,1,0,0
31312,21,-3,1,0,0
31313,21,1,1,0,0
31314,21,5,1,0,0
31315,19,9,1,0,0
31316,16,14,1,0,0
31317,11,19,1,0,0
31318,4,22,1,0,0
31319,-5,21,1,0,0
31320,-13,17,1,0,0
31321,-20,8,1,0,0
31322,-21,-3,1,0,0
31323,-15,-15,1,0,0
31324,-4,-20,1,0,0
31325,11,-17,1,0,0
31326,21,-5,1,0,0
31327,19,11,1,0,0
31328,6,22,1,0,0
31329,-12,18,1,0,0
31330,-21,3,1,0,0
31331,-13,-15,1,0,0
31332,7,-19,1,0,0
31333,21,-3,1,0,0
31334,13,17,1,0,0
31335,-9,19,1,0,0
31336,-18,0,1,0,0
31337,-4,-14,1,0,0
31338,9,-5,1,0,0
31339,6,6,1,0,0
31340,-2,4,1,0,0
31341,-1,1,1,0,0
31342,0,0,1,0,0
31343,0,0,1,0,0
31344,-1,-3,1,0,0
31345,7,-5,1,0,0
31346,10,6,1,0,0
31347,-3,15,1,0,0
31348,-17,1,1,0,0
31349,-8,-18,1,0,0
31350,14,-16,1,0,0
31351,22,4,1,0,0
31352,8,20,1,0,0
31353,-12,16,1,0,0
31354,-20,-2,1,0,0
31355,-11,-17,1,0,0
31356,7,-21,1,0,0
31357,20,-10,1,0,0
31358,22,6,1,0,0
31359,12,18,1,0,0
31360,-3,21,1,0,0
31361,-15,15,1,0,0
31362,-20,4,1,0,0
31363,-19,-7,1,0,0
31364,-12,-16,1,0,0
31365,-4,-20,1,0,0
31366,5,-21,1,0,0
31367,12,-18,1,0,0
31368,17,-13,1,0,0
31369,20,-8,1,0,0
31370,22,-4,1,0,0
31371,22,0,1,0,0
31372,22,4,1,0,0
31373,21,5,1,0,0
31374,19,5,1,0,0
31375,15,5,1,0,0
31376,12,4,1,0,0
31377,8,2,1,0,0
31378,4,0,1,0,0
31379,2,0,1,0,0
31380,0,0,1,0,0
31381,0,-2,1,0,0
31382,0,-4,1,0,0
31383,2,-8,1,0,0
31384,4,-12,1,0,0
31385,5,-15,1,0,0
31386,5,-19,1,0,0
31387,5,-21,1,0,0
31388,4,-22,1,0,0
31389,0,-22,1,0,0
31390,-4,-22,1,0,0
31391,-8,-20,1,0,0
31392,-13,-17,1,0,0
31393,-18,-12,1,0,0
31394,-21,-5,1,0,0
31395,-20,4,1,0,0
31396,-16,12,1,0,0
31397,-7,19,1,0,0
31398,4,20,1,0,0
31399,15,15,1,0,0
31400,21,3,1,0,0
31401,18,-12,1,0,0
31402,6,-22,1,0,0
31403,-10,-20,1,0,0
31404,-21,-7,1,0,0
31405,-17,11,1,0,0
31406,-2,20,1,0,0
31407,16,12,1,0,0
31408,20,-8,1,0,0
31409,4,-22,1,0,0
31410,-16,-14,1,0,0
31411,-18,8,1,0,0
31412,1,17,1,0,0
31413,15,3,1,0,0
31414,6,-10,1,0,0
31415,-5,-7,1,0,0
31416,-3,1,1,0,0
31417,0,0,1,0,0
31418,0,0,1,0,0
31419,0,0,1,0,0
31420,0,0,1,0,0
31421,0,0,1,0,0
31422,0,0,1,0,0
31423,0,0,1,0,0
31424,0,0,1,0,0
31425,0,0,1,0,0
31426,0,0,1,0,0
31427,0,0,1,0,0
31428,0,0,1,0,0
31429,0,0,1,0,0
31430,0,0,1,0,0
31431,0,0,1,0,0
31432,0,0,1,0,0
31433,0,0,1,0,0
31434,0,0,1,0,0
31435,0,0,1,0,0
31436,0,0,1,0,0
31437,0,0,1,0,0
31438,0,0,1,0,0
31439,0,0,1,0,0
31440,0,0,1,0,0
31441,0,0,1,0,0
31442,0,0,1,0,0
31443,0,0,1,0,0
31444,0,0,1,0,0
31445,0,0,1,0,0
31446,0,0,1,0,0
31447,0,0,1,0,0
31448,0,0,1,0,0
31449,0,0,1,0,0
31450,0,0,1,0,0
31451,0,0,1,0,0
31452,0,0,1,0,0
31453,0,0,1,0,0
31454,0,0,1,0,0
31455,0,0,1,0,0
31456,0,0,1,0,0
31457,0,0,1,0,0
31458,0,0,1,0,0
31459,0,0,1,0,0
31460,0,0,1,0,0
31461,0,0,1,0,0
31462,0,0,1,0,0
31463,0,0,1,0,0
31464,0,0,1,0,0
31465,0,0,1,0,0
31466,0,0,1,0,0
31467,0,0,1,0,0
31468,0,0,1,0,0
31469,0,0,1,0,0
31470,0,0,1,0,0
31471,0,0,1,0,0
31472,0,0,1,0,0
31473,0,0,1,0,0
31474,0,0,1,0,0
31475,0,0,1,0,0
31476,0,0,1,0,0
31477,0,0,1,0,0
31478,0,0,1,0,0
31479,0,0,1,0,0
31480,0,0,1,0,0
31481,0,0,1,0,0
31482,0,0,1,0,0
31483,0,0,1,0,0
31484,0,0,1,0,0
31485,0,0,1,0,0
31486,0,0,1,0,0
31487,0,0,1,0,0
31488,0,0,1,0,0
31489,-1,1,1,0,0
31490,-2,4,1,0,0
31491,6,6,1,0,0
31492,9,-5,1,0,0
31493,-4,-14,1,0,0
31494,-18,0,1,0,0
31495,-9,19,1,0,0
31496,13,17,1,0,0
31497,21,-3,1,0,0
31498,7,-19,1,0,0
31499,-13,-15,1,0,0
31500,-21,3,1,0,0
31501,-12,18,1,0,0
31502,6,22,1,0,0
31503,19,11,1,0,0
31504,21,-5,1,0,0
31505,11,-17,1,0,0
31506,-4,-20,1,0,0
31507,-15,-15,1,0,0
31508,-21,-3,1,0,0
31509,-20,8,1,0,0
31510,-13,17,1,0,0
31511,-5,21,1,0,0
31512,4,22,1,0,0
31513,11,19,1,0,0
31514,16,14,1,0,0
31515,19,9,1,0,0
31516,21,5,1,0,0
31517,21,1,1,0,0
31518,21,-3,1,0,0
31519,20,-4,1,0,0
31520,18,-4,1,0,0
31521,14,-4,1,0,0
31522,11,-3,1,0,0
31523,7,-1,1,0,0
31524,3,1,1,0,0
31525,1,1,1,0,0
31526,0,0,1,0,0
31527,-1,-1,1,0,0
31528,-3,-1,1,0,0
31529,-7,1,1,0,0
31530,-11,3,1,0,0
31531,-14,4,1,0,0
31532,-18,4,1,0,0
31533,-20,4,1,0,0
31534,-21,3,1,0,0
31535,-21,-1,1,0,0
31536,-21,-5,1,0,0
31537,-19,-9,1,0,0
31538,-16,-14,1,0,0
31539,-11,-19,1,0,0
31540,-4,-22,1,0,0
31541,5,-21,1,0,0
31542,13,-17,1,0,0
31543,20,-8,1,0,0
31544,21,3,1,0,0
31545,15,15,1,0,0
31546,4,20,1,0,0
31547,-11,17,1,0,0
31548,-21,5,1,0,0
31549,-19,-11,1,0,0
31550,-6,-22,1,0,0
31551,12,-18,1,0,0
31552,21,-3,1,0,0
31553,13,15,1,0,0
31554,-7,19,1,0,0
31555,-21,3,1,0,0
31556,-13,-17,1,0,0
31557,9,-19,1,0,0
31558,18,0,1,0,0
31559,4,14,1,0,0
31560,-9,5,1,0,0
31561,-6,-6,1,0,0
31562,2,-4,1,0,0
31563,1,-1,1,0,0
31564,0,0,1,0,0
31565,0,0,1,0,0
31566,-3,1,1,0,0
31567,-5,-7,1,0,0
31568,6,-10,1,0,0
31569,15,3,1,0,0
31570,1,17,1,0,0
31571,-18,8,1,0,0
31572,-16,-14,1,0,0
31573,4,-22,1,0,0
31574,20,-8,1,0,0
31575,16,12,1,0,0
31576,-2,20,1,0,0
31577,-17,11,1,0,0
31578,-21,-7,1,0,0
31579,-10,-20,1,0,0
31580,6,-22,1,0,0
31581,18,-12,1,0,0
31582,21,3,1,0,0
31583,15,15,1,0,0
31584,4,20,1,0,0
31585,-7,19,1,0,0
31586,-16,12,1,0,0
31587,-20,4,1,0,0
31588,-21,-5,1,0,0
31589,-18,-12,1,0,0
31590,-13,-17,1,0,0
31591,-8,-20,1,0,0
31592,-4,-22,1,0,0
31593,0,-22,1,0,0
31594,4,-22,1,0,0
31595,5,-21,1,0,0
31596,5,-19,1,0,0
31597,5,-15,1,0,0
31598,4,-12,1,0,0
31599,2,-8,1,0,0
31600,0,-4,1,0,0
31601,0,-2,1,0,0
31602,0,0,1,0,0
31603,0,-2,1,0,0
31604,0,-4,1,0,0
31605,2,-8,1,0,0
31606,4,-12,1,0,0
31607,5,-15,1,0,0
31608,5,-19,1,0,0
31609,5,-21,1,0,0
31610,4,-22,1,0,0
31611,0,-22,1,0,0
31612,-4,-22,1,0,0
31613,-8,-20,1,0,0
31614,-13,-17,1,0,0
31615,-18,-12,1,0,0
31616,-21,-5,1,0,0
31617,-20,4,1,0,0
31618,-16,12,1,0,0
31619,-7,19,1,0,0
31620,4,20,1,0,0
31621,15,15,1,0,0
31622,21,3,1,0,0
31623,18,-12,1,0,0
31624,6,-22,1,0,0
31625,-10,-20,1,0,0
31626,-21,-7,1,0,0
31627,-17,11,1,0,0
31628,-2,20,1,0,0
31629,16,12,1,0,0
31630,20,-8,1,0,0
31631,4,-22,1,0,0
31632,-16,-14,1,0,0
31633,-18,8,1,0,0
31634,1,17,1,0,0
31635,15,3,1,0,0
31636,6,-10,1,0,0
31637,-5,-7,1,0,0
31638,-3,1,1,0,0
31639,0,0,1,0,0
31640,0,0,1,0,0
31641,0,0,1,0,0
31642,0,0,1,0,0
31643,0,0,1,0,0
31644,0,0,1,0,0
31645,0,0,1,0,0
31646,0,0,1,0,0
31647,0,0,1,0,0
31648,0,0,1,0,0
31649,0,0,1,0,0
31650,0,0,1,0,0
31651,-1,1,1,0,0
31652,-2,4,1,0,0
31653,6,6,1,0,0
31654,9,-5,1,0,0
31655,-4,-14,1,0,0
31656,-18,0,1,0,0
31657,-9,19,1,0,0
31658,13,17,1,0,0
31659,21,-3,1,0,0
31660,7,-19,1,0,0
31661,-13,-15,1,0,0
31662,-21,3,1,0,0
31663,-12,18,1,0,0
31664,6,22,1,0,0
31665,19,11,1,0,0
31666,21,-5,1,0,0
31667,11,-17,1,0,0
31668,-4,-20,1,0,0
31669,-15,-15,1,0,0
31670,-21,-3,1,0,0
31671,-20,8,1,0,0
31672,-13,17,1,0,0
31673,-5,21,1,0,0
31674,4,22,1,0,0
31675,11,19,1,0,0
31676,16,14,1,0,0
31677,19,9,1,0,0
31678,21,5,1,0,0
31679,21,1,1,0,0
31680,21,-3,1,0,0
31681,20,-4,1,0,0
31682,18,-4,1,0,0
31683,14,-4,1,0,0
31684,11,-3,1,0,0
31685,7,-1,1,0,0
31686,3,1,1,0,0
31687,1,1,1,0,0
31688,0,0,1,0,0
31689,-1,-1,1,0,0
31690,-3,-1,1,0,0
31691,-7,1,1,0,0
31692,-11,3,1,0,0
31693,-14,4,1,0,0
31694,-18,4,1,0,0
31695,-20,4,1,0,0
31696,-21,3,1,0,0
31697,-21,-1,1,0,0
31698,-21,-5,1,0,0
31699,-19,-9,1,0,0
31700,-16,-14,1,0,0
31701,-11,-19,1,0,0
31702,-4,-22,1,0,0
31703,5,-21,1,0,0
31704,13,-17,1,0,0
31705,20,-8,1,0,0
31706,21,3,1,0,0
31707,15,15,1,0,0
31708,4,20,1,0,0
31709,-11,17,1,0,0
31710,-21,5,1,0,0
31711,-19,-11,1,0,0
31712,-6,-22,1,0,0
31713,12,-18,1,0,0
31714,21,-3,1,0,0
31715,13,15,1,0,0
31716,-7,19,1,0,0
31717,-21,3,1,0,0
31718,-13,-17,1,0,0
31719,9,-19,1,0,0
31720,18,0,1,0,0
31721,4,14,1,0,0
31722,-9,5,1,0,0
31723,-6,-6,1,0,0
31724,2,-4,1,0,0
31725,1,-1,1,0,0
31726,0,0,1,0,0
31727,0,0,1,0,0
31728,-3,1,1,0,0
31729,-5,-7,1,0,0
31730,6,-10,1,0,0
31731,15,3,1,0,0
31732,1,17,1,0,0
31733,-18,8,1,0,0
31734,-16,-14,1,0,0
31735,4,-22,1,0,0
31736,20,-8,1,0,0
31737,16,12,1,0,0
31738,-2,20,1,0,0
31739,-17,11,1,0,0
31740,-21,-7,1,0,0
31741,-10,-20,1,0,0
31742,6,-22,1,0,0
31743,18,-12,1,0,0
31744,21,3,1,0,0
31745,15,15,1,0,0
31746,4,20,1,0,0
31747,-7,19,1,0,0
31748,-16,12,1,0,0
31749,-20,4,1,0,0
31750,-21,-5,1,0,0
31751,-18,-12,1,0,0
31752,-13,-17,1,0,0
31753,-8,-20,1,0,0
31754,-4,-22,1,0,0
31755,0,-22,1,0,0
31756,4,-22,1,0,0
31757,5,-21,1,0,0
31758,5,-19,1,0,0
31759,5,-15,1,0,0
31760,4,-12,1,0,0
31761,2,-8,1,0,0
31762,0,-4,1,0,0
31763,0,-2,1,0,0
31764,0,0,1,0,0
31765,2,0,1,0,0
31766,4,0,1,0,0
31767,8,2,1,0,0
31768,12,4,1,0,0
31769,15,5,1,0,0
31770,19,5,1,0,0
31771,21,5,1,0,0
31772,22,4,1,0,0
31773,22,0,1,0,0
31774,22,-4,1,0,0
31775,20,-8,1,0,0
31776,17,-13,1,0,0
31777,12,-18,1,0,0
31778,5,-21,1,0,0
31779,-4,-20,1,0,0
31780,-12,-16,1,0,0
31781,-19,-7,1,0,0
31782,-20,4,1,0,0
31783,-15,15,1,0,0
31784,-3,21,1,0,0
31785,12,18,1,0,0
31786,22,6,1,0,0
31787,20,-10,1,0,0
31788,7,-21,1,0,0
31789,-11,-17,1,0,0
31790,-20,-2,1,0,0
31791,-12,16,1,0,0
31792,8,20,1,0,0
31793,22,4,1,0,0
31794,14,-16,1,0,0
31795,-8,-18,1,0,0
31796,-17,1,1,0,0
31797,-3,15,1,0,0
31798,10,6,1,0,0
31799,7,-5,1,0,0
31800,-1,-3,1,0,0
31801,0,0,1,0,0
31802,0,0,1,0,0
31803,0,0,1,0,0
31804,0,0,1,0,0
31805,0,0,1,0,0
31806,0,0,1,0,0
31807,0,0,1,0,0
31808,0,0,1,0,0
31809,0,0,1,0,0
31810,0,0,1,0,0
31811,0,0,1,0,0
31812,0,0,1,0,0
31813,0,0,1,0,0
31814,0,0,1,0,0
31815,0,0,1,0,0
31816,0,0,1,0,0
31817,0,0,1,0,0
31818,0,0,1,0,0
31819,0,0,1,0,0
31820,0,0,1,0,0
31821,0,0,1,0,0
31822,0,0,1,0,0
31823,0,0,1,0,0
31824,0,0,1,0,0
31825,0,0,1,0,0
31826,0,0,1,0,0
31827,0,0,1,0,0
31828,0,0,1,0,0
31829,0,0,1,0,0
31830,0,0,1,0,0
31831,0,0,1,0,0
31832,0,0,1,0,0
31833,0,0,1,0,0
31834,0,0,1,0,0
31835,0,0,1,0,0
31836,0,0,1,0,0
31837,0,0,1,0,0
31838,0,0,1,0,0
31839,0,0,1,0,0
31840,0,0,1,0,0
31841,0,0,1,0,0
31842,0,0,1,0,0
31843,0,0,1,0,0
31844,0,0,1,0,0
31845,0,0,1,0,0
31846,0,0,1,0,0
31847,0,0,1,0,0
31848,0,0,1,0,0
31849,0,0,1,0,0
31850,0,0,1,0,0
31851,0,0,1,0,0
31852,0,0,1,0,0
31853,0,0,1,0,0
31854,0,0,1,0,0
31855,0,0,1,0,0
31856,0,0,1,0,0
31857,0,0,1,0,0
31858,0,0,1,0,0
31859,0,0,1,0,0
31860,0,0,1,0,0
31861,0,0,1,0,0
31862,0,0,1,0,0
31863,0,0,1,0,0
31864,0,0,1,0,0
31865,0,0,1,0,0
31866,0,0,1,0,0
31867,0,0,1,0,0
31868,0,0,1,0,0
31869,0,0,1,0,0
31870,0,0,1,0,0
31871,0,0,1,0,0
31872,0,0,1,0,0
31873,1,-1,1,0,0
31874,2,-4,1,0,0
31875,-6,-6,1,0,0
31876,-9,5,1,0,0
31877,4,14,1,0,0
31878,18,0,1,0,0
31879,9,-19,1,0,0
31880,-13,-17,1,0,0
31881,-21,3,1,0,0
31882,-7,19,1,0,0
31883,13,15,1,0,0
31884,21,-3,1,0,0
31885,12,-18,1,0,0
31886,-6,-22,1,0,0
31887,-19,-11,1,0,0
31888,-21,5,1,0,0
31889,-11,17,1,0,0
31890,4,20,1,0,0
31891,15,15,1,0,0
31892,21,3,1,0,0
31893,20,-8,1,0,0
31894,13,-17,1,0,0
31895,5,-21,1,0,0
31896,-4,-22,1,0,0
31897,-11,-19,1,0,0
31898,-16,-14,1,0,0
31899,-19,-9,1,0,0
31900,-21,-5,1,0,0
31901,-21,-1,1,0,0
31902,-21,3,1,0,0
31903,-20,4,1,0,0
31904,-18,4,1,0,0
31905,-14,4,1,0,0
31906,-11,3,1,0,0
31907,-7,1,1,0,0
31908,-3,-1,1,0,0
31909,-1,-1,1,0,0
31910,0,0,1,0,0
31911,1,1,1,0,0
31912,3,1,1,0,0
31913,7,-1,1,0,0
31914,11,-3,1,0,0
31915,14,-4,1,0,0
31916,18,-4,1,0,0
31917,20,-4,1,0,0
31918,21,-3,1,0,0
31919,21,1,1,0,0
31920,21,5,1,0,0
31921,19,9,1,0,0
31922,16,14,1,0,0
31923,11,19,1,0,0
31924,4,22,1,0,0
31925,-5,21,1,0,0
31926,-13,17,1,0,0
31927,-20,8,1,0,0
31928,-21,-3,1,0,0
31929,-15,-15,1,0,0
31930,-4,-20,1,0,0
31931,11,-17,1,0,0
31932,21,-5,1,0,0
31933,19,11,1,0,0
31934,6,22,1,0,0
31935,-12,18,1,0,0
31936,-21,3,1,0,0
31937,-13,-15,1,0,0
31938,7,-19,1,0,0
31939,21,-3,1,0,0
31940,13,17,1,0,0
31941,-9,19,1,0,0
31942,-18,0,1,0,0
31943,-4,-14,1,0,0
31944,9,-5,1,0,0
31945,6,6,1,0,0
31946,-2,4,1,0,0
31947,-1,1,1,0,0
31948,0,0,1,0,0
31949,0,0,1,0,0
31950,3,-1,1,0,0
31951,5,7,1,0,0
31952,-6,10,1,0,0
31953,-15,-3,1,0,0
31954,-1,-17,1,0,0
31955,18,-8,1,0,0
31956,16,14,1,0,0
31957,-4,22,1,0,0
31958,-20,8,1,0,0
31959,-16,-12,1,0,0
31960,2,-20,1,0,0
31961,17,-11,1,0,0
31962,21,7,1,0,0
31963,10,20,1,0,0
31964,-6,22,1,0,0
31965,-18,12,1,0,0
31966,-21,-3,1,0,0
31967,-15,-15,1,0,0
31968,-4,-20,1,0,0
31969,7,-19,1,0,0
31970,16,-12,1,0,0
31971,20,-4,1,0,0
31972,21,5,1,0,0
31973,18,12,1,0,0
31974,13,17,1,0,0
31975,8,20,1,0,0
31976,4,22,1,0,0
31977,0,22,1,0,0
31978,-4,22,1,0,0
31979,-5,21,1,0,0
31980,-5,19,1,0,0
31981,-5,15,1,0,0
31982,-4,12,1,0,0
31983,-2,8,1,0,0
31984,0,4,1,0,0
31985,0,2,1,0,0
31986,0,0,1,0,0
31987,-2,0,1,0,0
31988,-4,0,1,0,0
31989,-8,-2,1,0,0
31990,-12,-4,1,0,0
31991,-15,-5,1,0,0
31992,-19,-5,1,0,0
31993,-21,-5,1,0,0
31994,-22,-4,1,0,0
31995,-22,0,1,0,0
31996,-22,4,1,0,0
31997,-20,8,1,0,0
31998,-17,13,1,0,0
31999,-12,18,1,0,0
32000,-5,21,1,0,0
32001,4,20,1,0,0
32002,12,16,1,0,0
32003,19,7,1,0,0
32004,20,-4,1,0,0
32005,15,-15,1,0,0
32006,3,-21,1,0,0
32007,-12,-18,1,0,0
32008,-22,-6,1,0,0
32009,-20,10,1,0,0
32010,-7,21,1,0,0
32011,11,17,1,0,0
32012,20,2,1,0,0
32013,12,-16,1,0,0
32014,-8,-20,1,0,0
32015,-22,-4,1,0,0
32016,-14,16,1,0,0
32017,8,18,1,0,0
32018,17,-1,1,0,0
32019,3,-15,1,0,0
32020,-10,-6,1,0,0
32021,-7,5,1,0,0
32022,1,3,1,0,0
32023,0,0,1,0,0
32024,0,0,1,0,0
32025,0,0,1,0,0
32026,0,0,1,0,0
32027,0,0,1,0,0
32028,0,0,1,0,0
32029,0,0,1,0,0
32030,0,0,1,0,0
32031,0,0,1,0,0
32032,0,0,1,0,0
32033,0,0,1,0,0
32034,0,0,1,0,0
32035,1,1,1,0,0
32036,4,2,1,0,0
32037,6,-6,1,0,0
32038,-5,-9,1,0,0
32039,-14,4,1,0,0
32040,0,18,1,0,0
32041,19,9,1,0,0
32042,17,-13,1,0,0
32043,-3,-21,1,0,0
32044,-19,-7,1,0,0
32045,-15,13,1,0,0
32046,3,21,1,0,0
32047,18,12,1,0,0
32048,22,-6,1,0,0
32049,11,-19,1,0,0
32050,-5,-21,1,0,0
32051,-17,-11,1,0,0
32052,-20,4,1,0,0
32053,-15,15,1,0,0
32054,-3,21,1,0,0
32055,8,20,1,0,0
32056,17,13,1,0,0
32057,21,5,1,0,0
32058,22,-4,1,0,0
32059,19,-11,1,0,0
32060,14,-16,1,0,0
32061,9,-19,1,0,0
32062,5,-21,1,0,0
32063,1,-21,1,0,0
32064,-3,-21,1,0,0
32065,-4,-20,1,0,0
32066,-4,-18,1,0,0
32067,-4,-14,1,0,0
32068,-3,-11,1,0,0
32069,-1,-7,1,0,0
32070,1,-3,1,0,0
32071,1,-1,1,0,0
32072,0,0,1,0,0
32073,-1,1,1,0,0
32074,-1,3,1,0,0
32075,1,7,1,0,0
32076,3,11,1,0,0
32077,4,14,1,0,0
32078,4,18,1,0,0
32079,4,20,1,0,0
32080,3,21,1,0,0
32081,-1,21,1,0,0
32082,-5,21,1,0,0
32083,-9,19,1,0,0
32084,-14,16,1,0,0
32085,-19,11,1,0,0
32086,-22,4,1,0,0
32087,-21,-5,1,0,0
32088,-17,-13,1,0,0
32089,-8,-20,1,0,0
32090,3,-21,1,0,0
32091,15,-15,1,0,0
32092,20,-4,1,0,0
32093,17,11,1,0,0
32094,5,21,1,0,0
32095,-11,19,1,0,0
32096,-22,6,1,0,0
32097,-18,-12,1,0,0
32098,-3,-21,1,0,0
32099,15,-13,1,0,0
32100,19,7,1,0,0
32101,3,21,1,0,0
32102,-17,13,1,0,0
32103,-19,-9,1,0,0
32104,0,-18,1,0,0
32105,14,-4,1,0,0
32106,5,9,1,0,0
32107,-6,6,1,0,0
32108,-4,-2,1,0,0
32109,-1,-1,1,0,0
32110,0,0,1,0,0
32111,0,0,1,0,0
32112,1,3,1,0,0
32113,-7,5,1,0,0
32114,-10,-6,1,0,0
32115,3,-15,1,0,0
32116,17,-1,1,0,0
32117,8,18,1,0,0
32118,-14,16,1,0,0
32119,-22,-4,1,0,0
32120,-8,-20,1,0,0
32121,12,-16,1,0,0
32122,20,2,1,0,0
32123,11,17,1,0,0
32124,-7,21,1,0,0
32125,-20,10,1,0,0
32126,-22,-6,1,0,0
32127,-12,-18,1,0,0
32128,3,-21,1,0,0
32129,15,-15,1,0,0
32130,20,-4,1,0,0
32131,19,7,1,0,0
32132,12,16,1,0,0
32133,4,20,1,0,0
32134,-5,21,1,0,0
32135,-12,18,1,0,0
32136,-17,13,1,0,0
32137,-20,8,1,0,0
32138,-22,4,1,0,0
32139,-22,0,1,0,0
32140,-22,-4,1,0,0
32141,-21,-5,1,0,0
32142,-19,-5,1,0,0
32143,-15,-5,1,0,0
32144,-12,-4,1,0,0
32145,-8,-2,1,0,0
32146,-4,0,1,0,0
32147,-2,0,1,0,0
32148,0,0,1,0,0
32149,-2,0,1,0,0
32150,-4,0,1,0,0
32151,-8,-2,1,0,0
32152,-12,-4,1,0,0
32153,-15,-5,1,0,0
32154,-19,-5,1,0,0
32155,-21,-5,1,0,0
32156,-22,-4,1,0,0
32157,-22,0,1,0,0
32158,-22,4,1,0,0
32159,-20,8,1,0,0
32160,-17,13,1,0,0
32161,-12,18,1,0,0
32162,-5,21,1,0,0
32163,4,20,1,0,0
32164,12,16,1,0,0
32165,19,7,1,0,0
32166,20,-4,1,0,0
32167,15,-15,1,0,0
32168,3,-21,1,0,0
32169,-12,-18,1,0,0
32170,-22,-6,1,0,0
32171,-20,10,1,0,0
32172,-7,21,1,0,0
32173,11,17,1,0,0
32174,20,2,1,0,0
32175,12,-16,1,0,0
32176,-8,-20,1,0,0
32177,-22,-4,1,0,0
32178,-14,16,1,0,0
32179,8,18,1,0,0
32180,17,-1,1,0,0
32181,3,-15,1,0,0
32182,-10,-6,1,0,0
32183,-7,5,1,0,0
32184,1,3,1,0,0
32185,0,0,1,0,0
32186,0,0,1,0,0
32187,0,0,1,0,0
32188,0,0,1,0,0
32189,0,0,1,0,0
32190,0,0,1,0,0
32191,0,0,1,0,0
32192,0,0,1,0,0
32193,0,0,1,0,0
32194,0,0,1,0,0
32195,0,0,1,0,0
32196,0,0,1,0,0
32197,0,0,1,0,0
32198,0,0,1,0,0
32199,0,0,1,0,0
32200,0,0,1,0,0
32201,0,0,1,0,0
32202,0,0,1,0,0
32203,0,0,1,0,0
32204,0,0,1,0,0
32205,0,0,1,0,0
32206,0,0,1,0,0
32207,0,0,1,0,0
32208,0,0,1,0,0
32209,0,0,1,0,0
32210,0,0,1,0,0
32211,0,0,1,0,0
32212,0,0,1,0,0
32213,0,0,1,0,0
32214,0,0,1,0,0
32215,0,0,1,0,0
32216,0,0,1,0,0
32217,0,0,1,0,0
32218,0,0,1,0,0
32219,0,0,1,0,0
32220,0,0,1,0,0
32221,0,0,1,0,0
32222,0,0,1,0,0
32223,0,0,1,0,0
32224,0,0,1,0,0
32225,0,0,1,0,0
32226,0,0,1,0,0
32227,0,0,1,0,0
32228,0,0,1,0,0
32229,0,0,1,0,0
32230,0,0,1,0,0
32231,0,0,1,0,0
32232,0,0,1,0,0
32233,0,0,1,0,0
32234,0,0,1,0,0
32235,0,0,1,0,0
32236,0,0,1,0,0
32237,0,0,1,0,0
32238,0,0,1,0,0
32239,0,0,1,0,0
32240,0,0,1,0,0
32241,0,0,1,0,0
32242,0,0,1,0,0
32243,0,0,1,0,0
32244,0,0,1,0,0
32245,0,0,1,0,0
32246,0,0,1,0,0
32247,0,0,1,0,0
32248,0,0,1,0,0
32249,0,0,1,0,0
32250,0,0,1,0,0
32251,0,0,1,0,0
32252,0,0,1,0,0
32253,0,0,1,0,0
32254,0,0,1,0,0
32255,0,0,1,0,0
32256,0,0,1,0,0
32257,-1,-1,1,0,0
32258,-4,-2,1,0,0
32259,-6,6,1,0,0
32260,5,9,1,0,0
32261,14,-4,1,0,0
32262,0,-18,1,0,0
32263,-19,-9,1,0,0
32264,-17,13,1,0,0
32265,3,21,1,0,0
32266,19,7,1,0,0
32267,15,-13,1,0,0
32268,-3,-21,1,0,0
32269,-18,-12,1,0,0
32270,-22,6,1,0,0
32271,-11,19,1,0,0
32272,5,21,1,0,0
32273,17,11,1,0,0
32274,20,-4,1,0,0
32275,15,-15,1,0,0
32276,3,-21,1,0,0
32277,-8,-20,1,0,0
32278,-17,-13,1,0,0
32279,-21,-5,1,0,0
32280,-22,4,1,0,0
32281,-19,11,1,0,0
32282,-14,16,1,0,0
32283,-9,19,1,0,0
32284,-5,21,1,0,0
32285,-1,21,1,0,0
32286,3,21,1,0,0
32287,4,20,1,0,0
32288,4,18,1,0,0
32289,4,14,1,0,0
32290,3,11,1,0,0
32291,1,7,1,0,0
32292,-1,3,1,0,0
32293,-1,1,1,0,0
32294,0,0,1,0,0
32295,1,-1,1,0,0
32296,1,-3,1,0,0
32297,-1,-7,1,0,0
32298,-3,-11,1,0,0
32299,-4,-14,1,0,0
32300,-4,-18,1,0,0
32301,-4,-20,1,0,0
32302,-3,-21,1,0,0
32303,1,-21,1,0,0
32304,5,-21,1,0,0
32305,9,-19,1,0,0
32306,14,-16,1,0,0
32307,19,-11,1,0,0
32308,22,-4,1,0,0
32309,21,5,1,0,0
32310,17,13,1,0,0
32311,8,20,1,0,0
32312,-3,21,1,0,0
32313,-15,15,1,0,0
32314,-20,4,1,0,0
32315,-17,-11,1,0,0
32316,-5,-21,1,0,0
32317,11,-19,1,0,0
32318,22,-6,1,0,0
32319,18,12,1,0,0
32320,3,21,1,0,0
32321,-15,13,1,0,0
32322,-19,-7,1,0,0
32323,-3,-21,1,0,0
32324,17,-13,1,0,0
32325,19,9,1,0,0
32326,0,18,1,0,0
32327,-14,4,1,0,0
32328,-5,-9,1,0,0
32329,6,-6,1,0,0
32330,4,2,1,0,0
32331,1,1,1,0,0
32332,0,0,1,0,0
32333,0,0,1,0,0
32334,3,-1,1,0,0
32335,5,7,1,0,0
32336,-6,10,1,0,0
32337,-15,-3,1,0,0
32338,-1,-17,1,0,0
32339,18,-8,1,0,0
32340,16,14,1,0,0
32341,-4,22,1,0,0
32342,-20,8,1,0,0
32343,-16,-12,1,0,0
32344,2,-20,1,0,0
32345,17,-11,1,0,0
32346,21,7,1,0,0
32347,10,20,1,0,0
32348,-6,22,1,0,0
32349,-18,12,1,0,0
32350,-21,-3,1,0,0
32351,-15,-15,1,0,0
32352,-4,-20,1,0,0
32353,7,-19,1,0,0
32354,16,-12,1,0,0
32355,20,-4,1,0,0
32356,21,5,1,0,0
32357,18,12,1,0,0
32358,13,17,1,0,0
32359,8,20,1,0,0
32360,4,22,1,0,0
32361,0,22,1,0,0
32362,-4,22,1,0,0
32363,-5,21,1,0,0
32364,-5,19,1,0,0
32365,-5,15,1,0,0
32366,-4,12,1,0,0
32367,-2,8,1,0,0
32368,0,4,1,0,0
32369,0,2,1,0,0
32370,0,0,1,0,0
32371,0,-2,1,0,0
32372,0,-4,1,0,0
32373,2,-8,1,0,0
32374,4,-12,1,0,0
32375,5,-15,1,0,0
32376,5,-19,1,0,0
32377,5,-21,1,0,0
32378,4,-22,1,0,0
32379,0,-22,1,0,0
32380,-4,-22,1,0,0
32381,-8,-20,1,0,0
32382,-13,-17,1,0,0
32383,-18,-12,1,0,0
32384,-21,-5,1,0,0
32385,-20,4,1,0,0
32386,-16,12,1,0,0
32387,-7,19,1,0,0
32388,4,20,1,0,0
32389,15,15,1,0,0
32390,21,3,1,0,0
32391,18,-12,1,0,0
32392,6,-22,1,0,0
32393,-10,-20,1,0,0
32394,-21,-7,1,0,0
32395,-17,11,1,0,0
32396,-2,20,1,0,0
32397,16,12,1,0,0
32398,20,-8,1,0,0
32399,4,-22,1,0,0
32400,-16,-14,1,0,0
32401,-18,8,1,0,0
32402,1,17,1,0,0
32403,15,3,1,0,0
32404,6,-10,1,0,0
32405,-5,-7,1,0,0
32406,-3,1,1,0,0
32407,0,0,1,0,0
32408,0,0,1,0,0
32409,0,0,1,0,0
32410,0,0,1,0,0
32411,0,0,1,0,0
32412,0,0,1,0,0
32413,0,0,1,0,0
32414,0,0,1,0,0
32415,0,0,1,0,0
32416,0,0,1,0,0
32417,0,0,1,0,0
32418,0,0,1,0,0
32419,1,-1,1,0,0
32420,2,-4,1,0,0
32421,-6,-6,1,0,0
32422,-9,5,1,0,0
32423,4,14,1,0,0
32424,18,0,1,0,0
32425,9,-19,1,0,0
32426,-13,-17,1,0,0
32427,-21,3,1,0,0
32428,-7,19,1,0,0
32429,13,15,1,0,0
32430,21,-3,1,0,0
32431,12,-18,1,0,0
32432,-6,-22,1,0,0
32433,-19,-11,1,0,0
32434,-21,5,1,0,0
32435,-11,17,1,0,0
32436,4,20,1,0,0
32437,15,15,1,0,0
32438,21,3,1,0,0
32439,20,-8,1,0,0
32440,13,-17,1,0,0
32441,5,-21,1,0,0
32442,-4,-22,1,0,0
32443,-11,-19,1,0,0
32444,-16,-14,1,0,0
32445,-19,-9,1,0,0
32446,-21,-5,1,0,0
32447,-21,-1,1,0,0
32448,-21,3,1,0,0
32449,-20,4,1,0,0
32450,-18,4,1,0,0
32451,-14,4,1,0,0
32452,-11,3,1,0,0
32453,-7,1,1,0,0
32454,-3,-1,1,0,0
32455,-1,-1,1,0,0
32456,0,0,1,0,0
32457,1,1,1,0,0
32458,3,1,1,0,0
32459,7,-1,1,0,0
32460,11,-3,1,0,0
32461,14,-4,1,0,0
32462,18,-4,1,0,0
32463,20,-4,1,0,0
32464,21,-3,1,0,0
32465,21,1,1,0,0
32466,21,5,1,0,0
32467,19,9,1,0,0
32468,16,14,1,0,0
32469,11,19,1,0,0
32470,4,22,1,0,0
32471,-5,21,1,0,0
32472,-13,17,1,0,0
32473,-20,8,1,0,0
32474,-21,-3,1,0,0
32475,-15,-15,1,0,0
32476,-4,-20,1,0,0
32477,11,-17,1,0,0
32478,21,-5,1,0,0
32479,19,11,1,0,0
32480,6,22,1,0,0
32481,-12,18,1,0,0
32482,-21,3,1,0,0
32483,-13,-15,1,0,0
32484,7,-19,1,0,0
32485,21,-3,1,0,0
32486,13,17,1,0,0
32487,-9,19,1,0,0
32488,-18,0,1,0,0
32489,-4,-14,1,0,0
32490,9,-5,1,0,0
32491,6,6,1,0,0
32492,-2,4,1,0,0
32493,-1,1,1,0,0
32494,0,0,1,0,0
32495,0,0,1,0,0
32496,3,-1,1,0,0
32497,5,7,1,0,0
32498,-6,10,1,0,0
32499,-15,-3,1,0,0
32500,-1,-17,1,0,0
32501,18,-8,1,0,0
32502,16,14,1,0,0
32503,-4,22,1,0,0
32504,-20,8,1,0,0
32505,-16,-12,1,0,0
32506,2,-20,1,0,0
32507,17,-11,1,0,0
32508,21,7,1,0,0
32509,10,20,1,0,0
32510,-6,22,1,0,0
32511,-18,12,1,0,0
32512,-21,-3,1,0,0
32513,-15,-15,1,0,0
32514,-4,-20,1,0,0
32515,7,-19,1,0,0
32516,16,-12,1,0,0
32517,20,-4,1,0,0
32518,21,5,1,0,0
32519,18,12,1,0,0
32520,13,17,1,0,0
32521,8,20,1,0,0
32522,4,22,1,0,0
32523,0,22,1,0,0
32524,-4,22,1,0,0
32525,-5,21,1,0,0
32526,-5,19,1,0,0
32527,-5,15,1,0,0
32528,-4,12,1,0,0
32529,-2,8,1,0,0
32530,0,4,1,0,0
32531,0,2,1,0,0
32532,0,0,1,0,0
32533,2,0,1,0,0
32534,4,0,1,0,0
32535,8,2,1,0,0
32536,12,4,1,0,0
32537,15,5,1,0,0
32538,19,5,1,0,0
32539,21,5,1,0,0
32540,22,4,1,0,0
32541,22,0,1,0,0
32542,22,-4,1,0,0
32543,20,-8,1,0,0
32544,17,-13,1,0,0
32545,12,-18,1,0,0
32546,5,-21,1,0,0
32547,-4,-20,1,0,0
32548,-12,-16,1,0,0
32549,-19,-7,1,0,0
32550,-20,4,1,0,0
32551,-15,15,1,0,0
32552,-3,21,1,0,0
32553,12,18,1,0,0
32554,22,6,1,0,0
32555,20,-10,1,0,0
32556,7,-21,1,0,0
32557,-11,-17,1,0,0
32558,-20,-2,1,0,0
32559,-12,16,1,0,0
32560,8,20,1,0,0
32561,22,4,1,0,0
32562,14,-16,1,0,0
32563,-8,-18,1,0,0
32564,-17,1,1,0,0
32565,-3,15,1,0,0
32566,10,6,1,0,0
32567,7,-5,1,0,0
32568,-1,-3,1,0,0
32569,0,0,1,0,0
32570,0,0,1,0,0
32571,0,0,1,0,0
32572,0,0,1,0,0
32573,0,0,1,0,0
32574,0,0,1,0,0
32575,0,0,1,0,0
32576,0,0,1,0,0
32577,0,0,1,0,0
32578,0,0,1,0,0
32579,0,0,1,0,0
32580,0,0,1,0,0
32581,0,0,1,0,0
32582,0,0,1,0,0
32583,0,0,1,0,0
32584,0,0,1,0,0
32585,0,0,1,0,0
32586,0,0,1,0,0
32587,0,0,1,0,0
32588,0,0,1,0,0
32589,0,0,1,0,0
32590,0,0,1,0,0
32591,0,0,1,0,0
32592,0,0,1,0,0
32593,0,0,1,0,0
32594,0,0,1,0,0
32595,0,0,1,0,0
32596,0,0,1,0,0
32597,0,0,1,0,0
32598,0,0,1,0,0
32599,0,0,1,0,0
32600,0,0,1,0,0
32601,0,0,1,0,0
32602,0,0,1,0,0
32603,0,0,1,0,0
32604,0,0,1,0,0
32605,0,0,1,0,0
32606,0,0,1,0,0
32607,0,0,1,0,0
32608,0,0,1,0,0
32609,0,0,1,0,0
32610,0,0,1,0,0
32611,0,0,1,0,0
32612,0,0,1,0,0
32613,0,0,1,0,0
32614,0,0,1,0,0
32615,0,0,1,0,0
32616,0,0,1,0,0
32617,0,0,1,0,0
32618,0,0,1,0,0
32619,0,0,1,0,0
32620,0,0,1,0,0
32621,0,0,1,0,0
32622,0,0,1,0,0
32623,0,0,1,0,0
32624,0,0,1,0,0
32625,0,0,1,0,0
32626,0,0,1,0,0
32627,0,0,1,0,0
32628,0,0,1,0,0
32629,0,0,1,0,0
32630,0,0,1,0,0
32631,0,0,1,0,0
32632,0,0,1,0,0
32633,0,0,1,0,0
32634,0,0,1,0,0
32635,0,0,1,0,0
32636,0,0,1,0,0
32637,0,0,1,0,0
32638,0,0,1,0,0
32639,0,0,1,0,0
32640,0,0,1,0,0
32641,1,-1,1,0,0
32642,2,-4,1,0,0
32643,-6,-6,1,0,0
32644,-9,5,1,0,0
32645,4,14,1,0,0
32646,18,0,1,0,0
32647,9,-19,1,0,0
32648,-13,-17,1,0,0
32649,-21,3,1,0,0
32650,-7,19,1,0,0
32651,13,15,1,0,0
32652,21,-3,1,0,0
32653,12,-18,1,0,0
32654,-6,-22,1,0,0
32655,-19,-11,1,0,0
32656,-21,5,1,0,0
32657,-11,17,1,0,0
32658,4,20,1,0,0
32659,15,15,1,0,0
32660,21,3,1,0,0
32661,20,-8,1,0,0
32662,13,-17,1,0,0
32663,5,-21,1,0,0
32664,-4,-22,1,0,0
32665,-11,-19,1,0,0
32666,-16,-14,1,0,0
32667,-19,-9,1,0,0
32668,-21,-5,1,0,0
32669,-21,-1,1,0,0
32670,-21,3,1,0,0
32671,-20,4,1,0,0
32672,-18,4,1,0,0
32673,-14,4,1,0,0
32674,-11,3,1,0,0
32675,-7,1,1,0,0
32676,-3,-1,1,0,0
32677,-1,-1,1,0,0
32678,0,0,1,0,0
32679,1,1,1,0,0
32680,3,1,1,0,0
32681,7,-1,1,0,0
32682,11,-3,1,0,0
32683,14,-4,1,0,0
32684,18,-4,1,0,0
32685,20,-4,1,0,0
32686,21,-3,1,0,0
32687,21,1,1,0,0
32688,21,5,1,0,0
32689,19,9,1,0,0
32690,16,14,1,0,0
32691,11,19,1,0,0
32692,4,22,1,0,0
32693,-5,21,1,0,0
32694,-13,17,1,0,0
32695,-20,8,1,0,0
32696,-21,-3,1,0,0
32697,-15,-15,1,0,0
32698,-4,-20,1,0,0
32699,11,-17,1,0,0
32700,21,-5,1,0,0
32701,19,11,1,0,0
32702,6,22,1,0,0
32703,-12,18,1,0,0
32704,-21,3,1,0,0
32705,-13,-15,1,0,0
32706,7,-19,1,0,0
32707,21,-3,1,0,0
32708,13,17,1,0,0
32709,-9,19,1,0,0
32710,-18,0,1,0,0
32711,-4,-14,1,0,0
32712,9,-5,1,0,0
32713,6,6,1,0,0
32714,-2,4,1,0,0
32715,-1,1,1,0,0
32716,0,0,1,0,0
32717,0,0,1,0,0
32718,-1,-3,1,0,0
32719,7,-5,1,0,0
32720,10,6,1,0,0
32721,-3,15,1,0,0
32722,-17,1,1,0,0
32723,-8,-18,1,0,0
32724,14,-16,1,0,0
32725,22,4,1,0,0
32726,8,20,1,0,0
32727,-12,16,1,0,0
32728,-20,-2,1,0,0
32729,-11,-17,1,0,0
32730,7,-21,1,0,0
32731,20,-10,1,0,0
32732,22,6,1,0,0
32733,12,18,1,0,0
32734,-3,21,1,0,0
32735,-15,15,1,0,0
32736,-20,4,1,0,0
32737,-19,-7,1,0,0
32738,-12,-16,1,0,0
32739,-4,-20,1,0,0
32740,5,-21,1,0,0
32741,12,-18,1,0,0
32742,17,-13,1,0,0
32743,20,-8,1,0,0
32744,22,-4,1,0,0
32745,22,0,1,0,0
32746,22,4,1,0,0
32747,21,5,1,0,0
32748,19,5,1,0,0
32749,15,5,1,0,0
32750,12,4,1,0,0
32751,8,2,1,0,0
32752,4,0,1,0,0
32753,2,0,1,0,0
32754,0,0,1,0,0
32755,-2,0,1,0,0
32756,-4,0,1,0,0
32757,-8,-2,1,0,0
32758,-12,-4,1,0,0
32759,-15,-5,1,0,0
32760,-19,-5,1,0,0
32761,-21,-5,1,0,0
32762,-22,-4,1,0,0
32763,-22,0,1,0,0
32764,-22,4,1,0,0
32765,-20,8,1,0,0
32766,-17,13,1,0,0
32767,-12,18,1,0,0
32768,-5,21,1,0,0
32769,4,20,1,0,0
32770,12,16,1,0,0
32771,19,7,1,0,0
32772,20,-4,1,0,0
32773,15,-15,1,0,0
32774,3,-21,1,0,0
32775,-12,-18,1,0,0
32776,-22,-6,1,0,0
32777,-20,10,1,0,0
32778,-7,21,1,0,0
32779,11,17,1,0,0
32780,20,2,1,0,0
32781,12,-16,1,0,0
32782,-8,-20,1,0,0
32783,-22,-4,1,0,0
32784,-14,16,1,0,0
32785,8,18,1,0,0
32786,17,-1,1,0,0
32787,3,-15,1,0,0
32788,-10,-6,1,0,0
32789,-7,5,1,0,0
32790,1,3,1,0,0
32791,0,0,1,0,0
32792,0,0,1,0,0
32793,0,0,1,0,0
32794,0,0,1,0,0
32795,0,0,1,0,0
32796,0,0,1,0,0
32797,0,0,1,0,0
32798,0,0,1,0,0
32799,0,0,1,0,0
32800,0,0,1,0,0
32801,0,0,1,0,0
32802,0,0,1,0,0
32803,1,1,1,0,0
32804,4,2,1,0,0
32805,6,-6,1,0,0
32806,-5,-9,1,0,0
32807,-14,4,1,0,0
32808,0,18,1,0,0
32809,19,9,1,0,0
32810,17,-13,1,0,0
32811,-3,-21,1,0,0
32812,-19,-7,1,0,0
32813,-15,13,1,0,0
32814,3,21,1,0,0
32815,18,12,1,0,0
32816,22,-6,1,0,0
32817,11,-19,1,0,0
32818,-5,-21,1,0,0
32819,-17,-11,1,0,0
32820,-20,4,1,0,0
32821,-15,15,1,0,0
32822,-3,21,1,0,0
32823,8,20,1,0,0
32824,17,13,1,0,0
32825,21,5,1,0,0
32826,22,-4,1,0,0
32827,19,-11,1,0,0
32828,14,-16,1,0,0
32829,9,-19,1,0,0
32830,5,-21,1,0,0
32831,1,-21,1,0,0
32832,-3,-21,1,0,0
32833,-4,-20,1,0,0
32834,-4,-18,1,0,0
32835,-4,-14,1,0,0
32836,-3,-11,1,0,0
32837,-1,-7,1,0,0
32838,1,-3,1,0,0
32839,1,-1,1,0,0
32840,0,0,1,0,0
32841,-1,1,1,0,0
32842,-1,3,1,0,0
32843,1,7,1,0,0
32844,3,11,1,0,0
32845,4,14,1,0,0
32846,4,18,1,0,0
32847,4,20,1,0,0
32848,3,21,1,0,0
32849,-1,21,1,0,0
32850,-5,21,1,0,0
32851,-9,19,1,0,0
32852,-14,16,1,0,0
32853,-19,11,1,0,0
32854,-22,4,1,0,0
32855,-21,-5,1,0,0
32856,-17,-13,1,0,0
32857,-8,-20,1,0,0
32858,3,-21,1,0,0
32859,15,-15,1,0,0
32860,20,-4,1,0,0
32861,17,11,1,0,0
32862,5,21,1,0,0
32863,-11,19,1,0,0
32864,-22,6,1,0,0
32865,-18,-12,1,0,0
32866,-3,-21,1,0,0
32867,15,-13,1,0,0
32868,19,7,1,0,0
32869,3,21,1,0,0
32870,-17,13,1,0,0
32871,-19,-9,1,0,0
32872,0,-18,1,0,0
32873,14,-4,1,0,0
32874,5,9,1,0,0
32875,-6,6,1,0,0
32876,-4,-2,1,0,0
32877,-1,-1,1,0,0
32878,0,0,1,0,0
32879,0,0,1,0,0
32880,-1,-3,1,0,0
32881,7,-5,1,0,0
32882,10,6,1,0,0
32883,-3,15,1,0,0
32884,-17,1,1,0,0
32885,-8,-18,1,0,0
32886,14,-16,1,0,0
32887,22,4,1,0,0
32888,8,20,1,0,0
32889,-12,16,1,0,0
32890,-20,-2,1,0,0
32891,-11,-17,1,0,0
32892,7,-21,1,0,0
32893,20,-10,1,0,0
32894,22,6,1,0,0
32895,12,18,1,0,0
32896,-3,21,1,0,0
32897,-15,15,1,0,0
32898,-20,4,1,0,0
32899,-19,-7,1,0,0
32900,-12,-16,1,0,0
32901,-4,-20,1,0,0
32902,5,-21,1,0,0
32903,12,-18,1,0,0
32904,17,-13,1,0,0
32905,20,-8,1,0,0
32906,22,-4,1,0,0
32907,22,0,1,0,0
32908,22,4,1,0,0
32909,21,5,1,0,0
32910,19,5,1,0,0
32911,15,5,1,0,0
32912,12,4,1,0,0
32913,8,2,1,0,0
32914,4,0,1,0,0
32915,2,0,1,0,0
32916,0,0,1,0,0
32917,0,-2,1,0,0
32918,0,-4,1,0,0
32919,2,-8,1,0,0
32920,4,-12,1,0,0
32921,5,-15,1,0,0
32922,5,-19,1,0,0
32923,5,-21,1,0,0
32924,4,-22,1,0,0
32925,0,-22,1,0,0
32926,-4,-22,1,0,0
32927,-8,-20,1,0,0
32928,-13,-17,1,0,0
32929,-18,-12,1,0,0
32930,-21,-5,1,0,0
32931,-20,4,1,0,0
32932,-16,12,1,0,0
32933,-7,19,1,0,0
32934,4,20,1,0,0
32935,15,15,1,0,0
32936,21,3,1,0,0
32937,18,-12,1,0,0
32938,6,-22,1,0,0
32939,-10,-20,1,0,0
32940,-21,-7,1,0,0
32941,-17,11,1,0,0
32942,-2,20,1,0,0
32943,16,12,1,0,0
32944,20,-8,1,0,0
32945,4,-22,1,0,0
32946,-16,-14,1,0,0
32947,-18,8,1,0,0
32948,1,17,1,0,0
32949,15,3,1,0,0
32950,6,-10,1,0,0
32951,-5,-7,1,0,0
32952,-3,1,1,0,0
32953,0,0,1,0,0
32954,0,0,1,0,0
32955,0,0,1,0,0
32956,0,0,1,0,0
32957,0,0,1,0,0
32958,0,0,1,0,0
32959,0,0,1,0,0
32960,0,0,1,0,0
32961,0,0,1,0,0
32962,0,0,1,0,0
32963,0,0,1,0,0
32964,0,0,1,0,0
32965,0,0,1,0,0
32966,0,0,1,0,0
32967,0,0,1,0,0
32968,0,0,1,0,0
32969,0,0,1,0,0
32970,0,0,1,0,0
32971,0,0,1,0,0
32972,0,0,1,0,0
32973,0,0,1,0,0
32974,0,0,1,0,0
32975,0,0,1,0,0
32976,0,0,1,0,0
32977,0,0,1,0,0
32978,0,0,1,0,0
32979,0,0,1,0,0
32980,0,0,1,0,0
32981,0,0,1,0,0
32982,0,0,1,0,0
32983,0,0,1,0,0
32984,0,0,1,0,0
32985,0,0,1,0,0
32986,0,0,1,0,0
32987,0,0,1,0,0
32988,0,0,1,0,0
32989,0,0,1,0,0
32990,0,0,1,0,0
32991,0,0,1,0,0
32992,0,0,1,0,0
32993,0,0,1,0,0
32994,0,0,1,0,0
32995,0,0,1,0,0
32996,0,0,1,0,0
32997,0,0,1,0,0
32998,0,0,1,0,0
32999,0,0,1,0,0
33000,0,0,1,0,0
33001,0,0,1,0,0
33002,0,0,1,0,0
33003,0,0,1,0,0
33004,0,0,1,0,0
33005,0,0,1,0,0
33006,0,0,1,0,0
33007,0,0,1,0,0
33008,0,0,1,0,0
33009,0,0,1,0,0
33010,0,0,1,0,0
33011,0,0,1,0,0
33012,0,0,1,0,0
33013,0,0,1,0,0
33014,0,0,1,0,0
33015,0,0,1,0,0
33016,0,0,1,0,0
33017,0,0,1,0,0
33018,0,0,1,0,0
33019,0,0,1,0,0
33020,0,0,1,0,0
33021,0,0,1,0,0
33022,0,0,1,0,0
33023,0,0,1,0,0
33024,0,0,1,0,0
33025,-1,-1,1,0,0
33026,-4,-2,1,0,0
33027,-6,6,1,0,0
33028,5,9,1,0,0
33029,14,-4,1,0,0
33030,0,-18,1,0,0
33031,-19,-9,1,0,0
33032,-17,13,1,0,0
33033,3,21,1,0,0
33034,19,7,1,0,0
33035,15,-13,1,0,0
33036,-3,-21,1,0,0
33037,-18,-12,1,0,0
33038,-22,6,1,0,0
33039,-11,19,1,0,0
33040,5,21,1,0,0
33041,17,11,1,0,0
33042,20,-4,1,0,0
33043,15,-15,1,0,0
33044,3,-21,1,0,0
33045,-8,-20,1,0,0
33046,-17,-13,1,0,0
33047,-21,-5,1,0,0
33048,-22,4,1,0,0
33049,-19,11,1,0,0
33050,-14,16,1,0,0
33051,-9,19,1,0,0
33052,-5,21,1,0,0
33053,-1,21,1,0,0
33054,3,21,1,0,0
33055,4,20,1,0,0
33056,4,18,1,0,0
33057,4,14,1,0,0
33058,3,11,1,0,0
33059,1,7,1,0,0
33060,-1,3,1,0,0
33061,-1,1,1,0,0
33062,0,0,1,0,0
33063,1,-1,1,0,0
33064,1,-3,1,0,0
33065,-1,-7,1,0,0
33066,-3,-11,1,0,0
33067,-4,-14,1,0,0
33068,-4,-18,1,0,0
33069,-4,-20,1,0,0
33070,-3,-21,1,0,0
33071,1,-21,1,0,0
33072,5,-21,1,0,0
33073,9,-19,1,0,0
33074,14,-16,1,0,0
33075,19,-11,1,0,0
33076,22,-4,1,0,0
33077,21,5,1,0,0
33078,17,13,1,0,0
33079,8,20,1,0,0
33080,-3,21,1,0,0
33081,-15,15,1,0,0
33082,-20,4,1,0,0
33083,-17,-11,1,0,0
33084,-5,-21,1,0,0
33085,11,-19,1,0,0
33086,22,-6,1,0,0
33087,18,12,1,0,0
33088,3,21,1,0,0
33089,-15,13,1,0,0
33090,-19,-7,1,0,0
33091,-3,-21,1,0,0
33092,17,-13,1,0,0
33093,19,9,1,0,0
33094,0,18,1,0,0
33095,-14,4,1,0,0
33096,-5,-9,1,0,0
33097,6,-6,1,0,0
33098,4,2,1,0,0
33099,1,1,1,0,0
33100,0,0,1,0,0
33101,0,0,1,0,0
33102,-3,1,1,0,0
33103,-5,-7,1,0,0
33104,6,-10,1,0,0
33105,15,3,1,0,0
33106,1,17,1,0,0
33107,-18,8,1,0,0
33108,-16,-14,1,0,0
33109,4,-22,1,0,0
33110,20,-8,1,0,0
33111,16,12,1,0,0
33112,-2,20,1,0,0
33113,-17,11,1,0,0
33114,-21,-7,1,0,0
33115,-10,-20,1,0,0
33116,6,-22,1,0,0
33117,18,-12,1,0,0
33118,21,3,1,0,0
33119,15,15,1,0,0
33120,4,20,1,0,0
33121,-7,19,1,0,0
33122,-16,12,1,0,0
33123,-20,4,1,0,0
33124,-21,-5,1,0,0
33125,-18,-12,1,0,0
33126,-13,-17,1,0,0
33127,-8,-20,1,0,0
33128,-4,-22,1,0,0
33129,0,-22,1,0,0
33130,4,-22,1,0,0
33131,5,-21,1,0,0
33132,5,-19,1,0,0
33133,5,-15,1,0,0
33134,4,-12,1,0,0
33135,2,-8,1,0,0
33136,0,-4,1,0,0
33137,0,-2,1,0,0
33138,0,0,1,0,0
33139,-2,0,1,0,0
33140,-4,0,1,0,0
33141,-8,-2,1,0,0
33142,-12,-4,1,0,0
33143,-15,-5,1,0,0
33144,-19,-5,1,0,0
33145,-21,-5,1,0,0
33146,-22,-4,1,0,0
33147,-22,0,1,0,0
33148,-22,4,1,0,0
33149,-20,8,1,0,0
33150,-17,13,1,0,0
33151,-12,18,1,0,0
33152,-5,21,1,0,0
33153,4,20,1,0,0
33154,12,16,1,0,0
33155,19,7,1,0,0
33156,20,-4,1,0,0
33157,15,-15,1,0,0
33158,3,-21,1,0,0
33159,-12,-18,1,0,0
33160,-22,-6,1,0,0
33161,-20,10,1,0,0
33162,-7,21,1,0,0
33163,11,17,1,0,0
33164,20,2,1,0,0
33165,12,-16,1,0,0
33166,-8,-20,1,0,0
33167,-22,-4,1,0,0
33168,-14,16,1,0,0
33169,8,18,1,0,0
33170,17,-1,1,0,0
33171,3,-15,1,0,0
33172,-10,-6,1,0,0
33173,-7,5,1,0,0
33174,1,3,1,0,0
33175,0,0,1,0,0
33176,0,0,1,0,0
33177,0,0,1,0,0
33178,0,0,1,0,0
33179,0,0,1,0,0
33180,0,0,1,0,0
33181,0,0,1,0,0
33182,0,0,1,0,0
33183,0,0,1,0,0
33184,0,0,1,0,0
33185,0,0,1,0,0
33186,0,0,1,0,0
33187,1,-1,1,0,0
33188,2,-4,1,0,0
33189,-6,-6,1,0,0
33190,-9,5,1,0,0
33191,4,14,1,0,0
33192,18,0,1,0,0
33193,9,-19,1,0,0
33194,-13,-17,1,0,0
33195,-21,3,1,0,0
33196,-7,19,1,0,0
33197,13,15,1,0,0
33198,21,-3,1,0,0
33199,12,-18,1,0,0
33200,-6,-22,1,0,0
33201,-19,-11,1,0,0
33202,-21,5,1,0,0
33203,-11,17,1,0,0
33204,4,20,1,0,0
33205,15,15,1,0,0
33206,21,3,1,0,0
33207,20,-8,1,0,0
33208,13,-17,1,0,0
33209,5,-21,1,0,0
33210,-4,-22,1,0,0
33211,-11,-19,1,0,0
33212,-16,-14,1,0,0
33213,-19,-9,1,0,0
33214,-21,-5,1,0,0
33215,-21,-1,1,0,0
33216,-21,3,1,0,0
33217,-20,4,1,0,0
33218,-18,4,1,0,0
33219,-14,4,1,0,0
33220,-11,3,1,0,0
33221,-7,1,1,0,0
33222,-3,-1,1,0,0
33223,-1,-1,1,0,0
33224,0,0,1,0,0
33225,1,1,1,0,0
33226,3,1,1,0,0
33227,7,-1,1,0,0
33228,11,-3,1,0,0
33229,14,-4,1,0,0
33230,18,-4,1,0,0
33231,20,-4,1,0,0
33232,21,-3,1,0,0
33233,21,1,1,0,0
33234,21,5,1,0,0
33235,19,9,1,0,0
33236,16,14,1,0,0
33237,11,19,1,0,0
33238,4,22,1,0,0
33239,-5,21,1,0,0
33240,-13,17,1,0,0
33241,-20,8,1,0,0
33242,-21,-3,1,0,0
33243,-15,-15,1,0,0
33244,-4,-20,1,0,0
33245,11,-17,1,0,0
33246,21,-5,1,0,0
33247,19,11,1,0,0
33248,6,22,1,0,0
33249,-12,18,1,0,0
33250,-21,3,1,0,0
33251,-13,-15,1,0,0
33252,7,-19,1,0,0
33253,21,-3,1,0,0
33254,13,17,1,0,0
33255,-9,19,1,0,0
33256,-18,0,1,0,0
33257,-4,-14,1,0,0
33258,9,-5,1,0,0
33259,6,6,1,0,0
33260,-2,4,1,0,0
33261,-1,1,1,0,0
33262,0,0,1,0,0
33263,0,0,1,0,0
33264,-3,1,1,0,0
33265,-5,-7,1,0,0
33266,6,-10,1,0,0
33267,15,3,1,0,0
33268,1,17,1,0,0
33269,-18,8,1,0,0
33270,-16,-14,1,0,0
33271,4,-22,1,0,0
33272,20,-8,1,0,0
33273,16,12,1,0,0
33274,-2,20,1,0,0
33275,-17,11,1,0,0
33276,-21,-7,1,0,0
33277,-10,-20,1,0,0
33278,6,-22,1,0,0
33279,18,-12,1,0,0
33280,21,3,1,0,0
33281,15,15,1,0,0
33282,4,20,1,0,0
33283,-7,19,1,0,0
33284,-16,12,1,0,0
33285,-20,4,1,0,0
33286,-21,-5,1,0,0
33287,-18,-12,1,0,0
33288,-13,-17,1,0,0
33289,-8,-20,1,0,0
33290,-4,-22,1,0,0
33291,0,-22,1,0,0
33292,4,-22,1,0,0
33293,5,-21,1,0,0
33294,5,-19,1,0,0
33295,5,-15,1,0,0
33296,4,-12,1,0,0
33297,2,-8,1,0,0
33298,0,-4,1,0,0
33299,0,-2,1,0,0
33300,0,0,1,0,0
33301,0,-2,1,0,0
33302,0,-4,1,0,0
33303,2,-8,1,0,0
33304,4,-12,1,0,0
33305,5,-15,1,0,0
33306,5,-19,1,0,0
33307,5,-21,1,0,0
33308,4,-22,1,0,0
33309,0,-22,1,0,0
33310,-4,-22,1,0,0
33311,-8,-20,1,0,0
33312,-13,-17,1,0,0
33313,-18,-12,1,0,0
33314,-21,-5,1,0,0
33315,-20,4,1,0,0
33316,-16,12,1,0,0
33317,-7,19,1,0,0
33318,4,20,1,0,0
33319,15,15,1,0,0
33320,21,3,1,0,0
33321,18,-12,1,0,0
33322,6,-22,1,0,0
33323,-10,-20,1,0,0
33324,-21,-7,1,0,0
33325,-17,11,1,0,0
33326,-2,20,1,0,0
33327,16,12,1,0,0
33328,20,-8,1,0,0
33329,4,-22,1,0,0
33330,-16,-14,1,0,0
33331,-18,8,1,0,0
33332,1,17,1,0,0
33333,15,3,1,0,0
33334,6,-10,1,0,0
33335,-5,-7,1,0,0
33336,-3,1,1,0,0
33337,0,0,1,0,0
33338,0,0,1,0,0
33339,0,0,1,0,0
33340,0,0,1,0,0
33341,0,0,1,0,0
33342,0,0,1,0,0
33343,0,0,1,0,0
33344,0,0,1,0,0
33345,0,0,1,0,0
33346,0,0,1,0,0
33347,0,0,1,0,0
33348,0,0,1,0,0
33349,0,0,1,0,0
33350,0,0,1,0,0
33351,0,0,1,0,0
33352,0,0,1,0,0
33353,0,0,1,0,0
33354,0,0,1,0,0
33355,0,0,1,0,0
33356,0,0,1,0,0
33357,0,0,1,0,0
33358,0,0,1,0,0
33359,0,0,1,0,0
33360,0,0,1,0,0
33361,0,0,1,0,0
33362,0,0,1,0,0
33363,0,0,1,0,0
33364,0,0,1,0,0
33365,0,0,1,0,0
33366,0,0,1,0,0
33367,0,0,1,0,0
33368,0,0,1,0,0
33369,0,0,1,0,0
33370,0,0,1,0,0
33371,0,0,1,0,0
33372,0,0,1,0,0
33373,0,0,1,0,0
33374,0,0,1,0,0
33375,0,0,1,0,0
33376,0,0,1,0,0
33377,0,0,1,0,0
33378,0,0,1,0,0
33379,0,0,1,0,0
33380,0,0,1,0,0
33381,0,0,1,0,0
33382,0,0,1,0,0
33383,0,0,1,0,0
33384,0,0,1,0,0
33385,0,0,1,0,0
33386,0,0,1,0,0
33387,0,0,1,0,0
33388,0,0,1,0,0
33389,0,0,1,0,0
33390,0,0,1,0,0
33391,0,0,1,0,0
33392,0,0,1,0,0
33393,0,0,1,0,0
33394,0,0,1,0,0
33395,0,0,1,0,0
33396,0,0,1,0,0
33397,0,0,1,0,0
33398,0,0,1,0,0
33399,0,0,1,0,0
33400,0,0,1,0,0
33401,0,0,1,0,0
33402,0,0,1,0,0
33403,0,0,1,0,0
33404,0,0,1,0,0
33405,0,0,1,0,0
33406,0,0,1,0,0
33407,0,0,1,0,0
33408,0,0,1,0,0
33409,1,1,1,0,0
33410,4,2,1,0,0
33411,6,-6,1,0,0
33412,-5,-9,1,0,0
33413,-14,4,1,0,0
33414,0,18,1,0,0
33415,19,9,1,0,0
33416,17,-13,1,0,0
33417,-3,-21,1,0,0
33418,-19,-7,1,0,0
33419,-15,13,1,0,0
33420,3,21,1,0,0
33421,18,12,1,0,0
33422,22,-6,1,0,0
33423,11,-19,1,0,0
33424,-5,-21,1,0,0
33425,-17,-11,1,0,0
33426,-20,4,1,0,0
33427,-15,15,1,0,0
33428,-3,21,1,0,0
33429,8,20,1,0,0
33430,17,13,1,0,0
33431,21,5,1,0,0
33432,22,-4,1,0,0
33433,19,-11,1,0,0
33434,14,-16,1,0,0
33435,9,-19,1,0,0
33436,5,-21,1,0,0
33437,1,-21,1,0,0
33438,-3,-21,1,0,0
33439,-4,-20,1,0,0
33440,-4,-18,1,0,0
33441,-4,-14,1,0,0
33442,-3,-11,1,0,0
33443,-1,-7,1,0,0
33444,1,-3,1,0,0
33445,1,-1,1,0,0
33446,0,0,1,0,0
33447,-1,1,1,0,0
33448,-1,3,1,0,0
33449,1,7,1,0,0
33450,3,11,1,0,0
33451,4,14,1,0,0
33452,4,18,1,0,0
33453,4,20,1,0,0
33454,3,21,1,0,0
33455,-1,21,1,0,0
33456,-5,21,1,0,0
33457,-9,19,1,0,0
33458,-14,16,1,0,0
33459,-19,11,1,0,0
33460,-22,4,1,0,0
33461,-21,-5,1,0,0
33462,-17,-13,1,0,0
33463,-8,-20,1,0,0
33464,3,-21,1,0,0
33465,15,-15,1,0,0
33466,20,-4,1,0,0
33467,17,11,1,0,0
33468,5,21,1,0,0
33469,-11,19,1,0,0
33470,-22,6,1,0,0
33471,-18,-12,1,0,0
33472,-3,-21,1,0,0
33473,15,-13,1,0,0
33474,19,7,1,0,0
33475,3,21,1,0,0
33476,-17,13,1,0,0
33477,-19,-9,1,0,0
33478,0,-18,1,0,0
33479,14,-4,1,0,0
33480,5,9,1,0,0
33481,-6,6,1,0,0
33482,-4,-2,1,0,0
33483,-1,-1,1,0,0
33484,0,0,1,0,0
33485,0,0,1,0,0
33486,-1,-3,1,0,0
33487,7,-5,1,0,0
33488,10,6,1,0,0
33489,-3,15,1,0,0
33490,-17,1,1,0,0
33491,-8,-18,1,0,0
33492,14,-16,1,0,0
33493,22,4,1,0,0
33494,8,20,1,0,0
33495,-12,16,1,0,0
33496,-20,-2,1,0,0
33497,-11,-17,1,0,0
33498,7,-21,1,0,0
33499,20,-10,1,0,0
33500,22,6,1,0,0
33501,12,18,1,0,0
33502,-3,21,1,0,0
33503,-15,15,1,0,0
33504,-20,4,1,0,0
33505,-19,-7,1,0,0
33506,-12,-16,1,0,0
33507,-4,-20,1,0,0
33508,5,-21,1,0,0
33509,12,-18,1,0,0
33510,17,-13,1,0,0
33511,20,-8,1,0,0
33512,22,-4,1,0,0
33513,22,0,1,0,0
33514,22,4,1,0,0
33515,21,5,1,0,0
33516,19,5,1,0,0
33517,15,5,1,0,0
33518,12,4,1,0,0
33519,8,2,1,0,0
33520,4,0,1,0,0
33521,2,0,1,0,0
33522,0,0,1,0,0
33523,0,2,1,0,0
33524,0,4,1,0,0
33525,-2,8,1,0,0
33526,-4,12,1,0,0
33527,-5,15,1,0,0
33528,-5,19,1,0,0
33529,-5,21,1,0,0
33530,-4,22,1,0,0
33531,0,22,1,0,0
33532,4,22,1,0,0
33533,8,20,1,0,0
33534,13,17,1,0,0
33535,18,12,1,0,0
33536,21,5,1,0,0
33537,20,-4,1,0,0
33538,16,-12,1,0,0
33539,7,-19,1,0,0
33540,-4,-20,1,0,0
33541,-15,-15,1,0,0
33542,-21,-3,1,0,0
33543,-18,12,1,0,0
33544,-6,22,1,0,0
33545,10,20,1,0,0
33546,21,7,1,0,0
33547,17,-11,1,0,0
33548,2,-20,1,0,0
33549,-16,-12,1,0,0
33550,-20,8,1,0,0
33551,-4,22,1,0,0
33552,16,14,1,0,0
33553,18,-8,1,0,0
33554,-1,-17,1,0,0
33555,-15,-3,1,0,0
33556,-6,10,1,0,0
33557,5,7,1,0,0
33558,3,-1,1,0,0
33559,0,0,1,0,0
33560,0,0,1,0,0
33561,0,0,1,0,0
33562,0,0,1,0,0
33563,0,0,1,0,0
33564,0,0,1,0,0
33565,0,0,1,0,0
33566,0,0,1,0,0
33567,0,0,1,0,0
33568,0,0,1,0,0
33569,0,0,1,0,0
33570,0,0,1,0,0
33571,-1,1,1,0,0
33572,-2,4,1,0,0
33573,6,6,1,0,0
33574,9,-5,1,0,0
33575,-4,-14,1,0,0
33576,-18,0,1,0,0
33577,-9,19,1,0,0
33578,13,17,1,0,0
33579,21,-3,1,0,0
33580,7,-19,1,0,0
33581,-13,-15,1,0,0
33582,-21,3,1,0,0
33583,-12,18,1,0,0
33584,6,22,1,0,0
33585,19,11,1,0,0
33586,21,-5,1,0,0
33587,11,-17,1,0,0
33588,-4,-20,1,0,0
33589,-15,-15,1,0,0
33590,-21,-3,1,0,0
33591,-20,8,1,0,0
33592,-13,17,1,0,0
33593,-5,21,1,0,0
33594,4,22,1,0,0
33595,11,19,1,0,0
33596,16,14,1,0,0
33597,19,9,1,0,0
33598,21,5,1,0,0
33599,21,1,1,0,0
33600,21,-3,1,0,0
33601,20,-4,1,0,0
33602,18,-4,1,0,0
33603,14,-4,1,0,0
33604,11,-3,1,0,0
33605,7,-1,1,0,0
33606,3,1,1,0,0
33607,1,1,1,0,0
33608,0,0,1,0,0
33609,-1,-1,1,0,0
33610,-3,-1,1,0,0
33611,-7,1,1,0,0
33612,-11,3,1,0,0
33613,-14,4,1,0,0
33614,-18,4,1,0,0
33615,-20,4,1,0,0
33616,-21,3,1,0,0
33617,-21,-1,1,0,0
33618,-21,-5,1,0,0
33619,-19,-9,1,0,0
33620,-16,-14,1,0,0
33621,-11,-19,1,0,0
33622,-4,-22,1,0,0
33623,5,-21,1,0,0
33624,13,-17,1,0,0
33625,20,-8,1,0,0
33626,21,3,1,0,0
33627,15,15,1,0,0
33628,4,20,1,0,0
33629,-11,17,1,0,0
33630,-21,5,1,0,0
33631,-19,-11,1,0,0
33632,-6,-22,1,0,0
33633,12,-18,1,0,0
33634,21,-3,1,0,0
33635,13,15,1,0,0
33636,-7,19,1,0,0
33637,-21,3,1,0,0
33638,-13,-17,1,0,0
33639,9,-19,1,0,0
33640,18,0,1,0,0
33641,4,14,1,0,0
33642,-9,5,1,0,0
33643,-6,-6,1,0,0
33644,2,-4,1,0,0
33645,1,-1,1,0,0
33646,0,0,1,0,0
33647,0,0,1,0,0
33648,1,3,1,0,0
33649,-7,5,1,0,0
33650,-10,-6,1,0,0
33651,3,-15,1,0,0
33652,17,-1,1,0,0
33653,8,18,1,0,0
33654,-14,16,1,0,0
33655,-22,-4,1,0,0
33656,-8,-20,1,0,0
33657,12,-16,1,0,0
33658,20,2,1,0,0
33659,11,17,1,0,0
33660,-7,21,1,0,0
33661,-20,10,1,0,0
33662,-22,-6,1,0,0
33663,-12,-18,1,0,0
33664,3,-21,1,0,0
33665,15,-15,1,0,0
33666,20,-4,1,0,0
33667,19,7,1,0,0
33668,12,16,1,0,0
33669,4,20,1,0,0
33670,-5,21,1,0,0
33671,-12,18,1,0,0
33672,-17,13,1,0,0
33673,-20,8,1,0,0
33674,-22,4,1,0,0
33675,-22,0,1,0,0
33676,-22,-4,1,0,0
33677,-21,-5,1,0,0
33678,-19,-5,1,0,0
33679,-15,-5,1,0,0
33680,-12,-4,1,0,0
33681,-8,-2,1,0,0
33682,-4,0,1,0,0
33683,-2,0,1,0,0
33684,0,0,1,0,0
33685,2,0,1,0,0
33686,4,0,1,0,0
33687,8,2,1,0,0
33688,12,4,1,0,0
33689,15,5,1,0,0
33690,19,5,1,0,0
33691,21,5,1,0,0
33692,22,4,1,0,0
33693,22,0,1,0,0
33694,22,-4,1,0,0
33695,20,-8,1,0,0
33696,17,-13,1,0,0
33697,12,-18,1,0,0
33698,5,-21,1,0,0
33699,-4,-20,1,0,0
33700,-12,-16,1,0,0
33701,-19,-7,1,0,0
33702,-20,4,1,0,0
33703,-15,15,1,0,0
33704,-3,21,1,0,0
33705,12,18,1,0,0
33706,22,6,1,0,0
33707,20,-10,1,0,0
33708,7,-21,1,0,0
33709,-11,-17,1,0,0
33710,-20,-2,1,0,0
33711,-12,16,1,0,0
33712,8,20,1,0,0
33713,22,4,1,0,0
33714,14,-16,1,0,0
33715,-8,-18,1,0,0
33716,-17,1,1,0,0
33717,-3,15,1,0,0
33718,10,6,1,0,0
33719,7,-5,1,0,0
33720,-1,-3,1,0,0
33721,0,0,1,0,0
33722,0,0,1,0,0
33723,0,0,1,0,0
33724,0,0,1,0,0
33725,0,0,1,0,0
33726,0,0,1,0,0
33727,0,0,1,0,0
33728,0,0,1,0,0
33729,0,0,1,0,0
33730,0,0,1,0,0
33731,0,0,1,0,0
33732,0,0,1,0,0
33733,0,0,1,0,0
33734,0,0,1,0,0
33735,0,0,1,0,0
33736,0,0,1,0,0
33737,0,0,1,0,0
33738,0,0,1,0,0
33739,0,0,1,0,0
33740,0,0,1,0,0
33741,0,0,1,0,0
33742,0,0,1,0,0
33743,0,0,1,0,0
33744,0,0,1,0,0
33745,0,0,1,0,0
33746,0,0,1,0,0
33747,0,0,1,0,0
33748,0,0,1,0,0
33749,0,0,1,0,0
33750,0,0,1,0,0
33751,0,0,1,0,0
33752,0,0,1,0,0
33753,0,0,1,0,0
33754,0,0,1,0,0
33755,0,0,1,0,0
33756,0,0,1,0,0
33757,0,0,1,0,0
33758,0,0,1,0,0
33759,0,0,1,0,0
33760,0,0,1,0,0
33761,0,0,1,0,0
33762,0,0,1,0,0
33763,0,0,1,0,0
33764,0,0,1,0,0
33765,0,0,1,0,0
33766,0,0,1,0,0
33767,0,0,1,0,0
33768,0,0,1,0,0
33769,0,0,1,0,0
33770,0,0,1,0,0
33771,0,0,1,0,0
33772,0,0,1,0,0
33773,0,0,1,0,0
33774,0,0,1,0,0
33775,0,0,1,0,0
33776,0,0,1,0,0
33777,0,0,1,0,0
33778,0,0,1,0,0
33779,0,0,1,0,0
33780,0,0,1,0,0
33781,0,0,1,0,0
33782,0,0,1,0,0
33783,0,0,1,0,0
33784,0,0,1,0,0
33785,0,0,1,0,0
33786,0,0,1,0,0
33787,0,0,1,0,0
33788,0,0,1,0,0
33789,0,0,1,0,0
33790,0,0,1,0,0
33791,0,0,1,0,0
33792,0,0,1,0,0
33793,1,-1,1,0,0
33794,2,-4,1,0,0
33795,-6,-6,1,0,0
33796,-9,5,1,0,0
33797,4,14,1,0,0
33798,18,0,1,0,0
33799,9,-19,1,0,0
33800,-13,-17,1,0,0
33801,-21,3,1,0,0
33802,-7,19,1,0,0
33803,13,15,1,0,0
33804,21,-3,1,0,0
33805,12,-18,1,0,0
33806,-6,-22,1,0,0
33807,-19,-11,1,0,0
33808,-21,5,1,0,0
33809,-11,17,1,0,0
33810,4,20,1,0,0
33811,15,15,1,0,0
33812,21,3,1,0,0
33813,20,-8,1,0,0
33814,13,-17,1,0,0
33815,5,-21,1,0,0
33816,-4,-22,1,0,0
33817,-11,-19,1,0,0
33818,-16,-14,1,0,0
33819,-19,-9,1,0,0
33820,-21,-5,1,0,0
33821,-21,-1,1,0,0
33822,-21,3,1,0,0
33823,-20,4,1,0,0
33824,-18,4,1,0,0
33825,-14,4,1,0,0
33826,-11,3,1,0,0
33827,-7,1,1,0,0
33828,-3,-1,1,0,0
33829,-1,-1,1,0,0
33830,0,0,1,0,0
33831,1,1,1,0,0
33832,3,1,1,0,0
33833,7,-1,1,0,0
33834,11,-3,1,0,0
33835,14,-4,1,0,0
33836,18,-4,1,0,0
33837,20,-4,1,0,0
33838,21,-3,1,0,0
33839,21,1,1,0,0
33840,21,5,1,0,0
33841,19,9,1,0,0
33842,16,14,1,0,0
33843,11,19,1,0,0
33844,4,22,1,0,0
33845,-5,21,1,0,0
33846,-13,17,1,0,0
33847,-20,8,1,0,0
33848,-21,-3,1,0,0
33849,-15,-15,1,0,0
33850,-4,-20,1,0,0
33851,11,-17,1,0,0
33852,21,-5,1,0,0
33853,19,11,1,0,0
33854,6,22,1,0,0
33855,-12,18,1,0,0
33856,-21,3,1,0,0
33857,-13,-15,1,0,0
33858,7,-19,1,0,0
33859,21,-3,1,0,0
33860,13,17,1,0,0
33861,-9,19,1,0,0
33862,-18,0,1,0,0
33863,-4,-14,1,0,0
33864,9,-5,1,0,0
33865,6,6,1,0,0
33866,-2,4,1,0,0
33867,-1,1,1,0,0
33868,0,0,1,0,0
33869,0,0,1,0,0
33870,3,-1,1,0,0
33871,5,7,1,0,0
33872,-6,10,1,0,0
33873,-15,-3,1,0,0
33874,-1,-17,1,0,0
33875,18,-8,1,0,0
33876,16,14,1,0,0
33877,-4,22,1,0,0
33878,-20,8,1,0,0
33879,-16,-12,1,0,0
33880,2,-20,1,0,0
33881,17,-11,1,0,0
33882,21,7,1,0,0
33883,10,20,1,0,0
33884,-6,22,1,0,0
33885,-18,12,1,0,0
33886,-21,-3,1,0,0
33887,-15,-15,1,0,0
33888,-4,-20,1,0,0
33889,7,-19,1,0,0
33890,16,-12,1,0,0
33891,20,-4,1,0,0
33892,21,5,1,0,0
33893,18,12,1,0,0
33894,13,17,1,0,0
33895,8,20,1,0,0
33896,4,22,1,0,0
33897,0,22,1,0,0
33898,-4,22,1,0,0
33899,-5,21,1,0,0
33900,-5,19,1,0,0
33901,-5,15,1,0,0
33902,-4,12,1,0,0
33903,-2,8,1,0,0
33904,0,4,1,0,0
33905,0,2,1,0,0
33906,0,0,1,0,0
33907,-2,0,1,0,0
33908,-4,0,1,0,0
33909,-8,-2,1,0,0
33910,-12,-4,1,0,0
33911,-15,-5,1,0,0
33912,-19,-5,1,0,0
33913,-21,-5,1,0,0
33914,-22,-4,1,0,0
33915,-22,0,1,0,0
33916,-22,4,1,0,0
33917,-20,8,1,0,0
33918,-17,13,1,0,0
33919,-12,18,1,0,0
33920,-5,21,1,0,0
33921,4,20,1,0,0
33922,12,16,1,0,0
33923,19,7,1,0,0
33924,20,-4,1,0,0
33925,15,-15,1,0,0
33926,3,-21,1,0,0
33927,-12,-18,1,0,0
33928,-22,-6,1,0,0
33929,-20,10,1,0,0
33930,-7,21,1,0,0
33931,11,17,1,0,0
33932,20,2,1,0,0
33933,12,-16,1,0,0
33934,-8,-20,1,0,0
33935,-22,-4,1,0,0
33936,-14,16,1,0,0
33937,8,18,1,0,0
33938,17,-1,1,0,0
33939,3,-15,1,0,0
33940,-10,-6,1,0,0
33941,-7,5,1,0,0
33942,1,3,1,0,0
33943,0,0,1,0,0
33944,0,0,1,0,0
33945,0,0,1,0,0
33946,0,0,1,0,0
33947,0,0,1,0,0
33948,0,0,1,0,0
33949,0,0,1,0,0
33950,0,0,1,0,0
33951,0,0,1,0,0
33952,0,0,1,0,0
33953,0,0,1,0,0
33954,0,0,1,0,0
33955,-1,-1,1,0,0
33956,-4,-2,1,0,0
33957,-6,6,1,0,0
33958,5,9,1,0,0
33959,14,-4,1,0,0
33960,0,-18,1,0,0
33961,-19,-9,1,0,0
33962,-17,13,1,0,0
33963,3,21,1,0,0
33964,19,7,1,0,0
33965,15,-13,1,0,0
33966,-3,-21,1,0,0
33967,-18,-12,1,0,0
33968,-22,6,1,0,0
33969,-11,19,1,0,0
33970,5,21,1,0,0
33971,17,11,1,0,0
33972,20,-4,1,0,0
33973,15,-15,1,0,0
33974,3,-21,1,0,0
33975,-8,-20,1,0,0
33976,-17,-13,1,0,0
33977,-21,-5,1,0,0
33978,-22,4,1,0,0
33979,-19,11,1,0,0
33980,-14,16,1,0,0
33981,-9,19,1,0,0
33982,-5,21,1,0,0
33983,-1,21,1,0,0
33984,3,21,1,0,0
33985,4,20,1,0,0
33986,4,18,1,0,0
33987,4,14,1,0,0
33988,3,11,1,0,0
33989,1,7,1,0,0
33990,-1,3,1,0,0
33991,-1,1,1,0,0
33992,0,0,1,0,0
33993,1,-1,1,0,0
33994,1,-3,1,0,0
33995,-1,-7,1,0,0
33996,-3,-11,1,0,0
33997,-4,-14,1,0,0
33998,-4,-18,1,0,0
33999,-4,-20,1,0,0
34000,-3,-21,1,0,0
34001,1,-21,1,0,0
34002,5,-21,1,0,0
34003,9,-19,1,0,0
34004,14,-16,1,0,0
34005,19,-11,1,0,0
34006,22,-4,1,0,0
34007,21,5,1,0,0
34008,17,13,1,0,0
34009,8,20,1,0,0
34010,-3,21,1,0,0
34011,-15,15,1,0,0
34012,-20,4,1,0,0
34013,-17,-11,1,0,0
34014,-5,-21,1,0,0
34015,11,-19,1,0,0
34016,22,-6,1,0,0
34017,18,12,1,0,0
34018,3,21,1,0,0
34019,-15,13,1,0,0
34020,-19,-7,1,0,0
34021,-3,-21,1,0,0
34022,17,-13,1,0,0
34023,19,9,1,0,0
34024,0,18,1,0,0
34025,-14,4,1,0,0
34026,-5,-9,1,0,0
34027,6,-6,1,0,0
34028,4,2,1,0,0
34029,1,1,1,0,0
34030,0,0,1,0,0
34031,0,0,1,0,0
34032,3,-1,1,0,0
34033,5,7,1,0,0
34034,-6,10,1,0,0
34035,-15,-3,1,0,0
34036,-1,-17,1,0,0
34037,18,-8,1,0,0
34038,16,14,1,0,0
34039,-4,22,1,0,0
34040,-20,8,1,0,0
34041,-16,-12,1,0,0
34042,2,-20,1,0,0
34043,17,-11,1,0,0
34044,21,7,1,0,0
34045,10,20,1,0,0
34046,-6,22,1,0,0
34047,-18,12,1,0,0
34048,-21,-3,1,0,0
34049,-15,-15,1,0,0
34050,-4,-20,1,0,0
34051,7,-19,1,0,0
34052,16,-12,1,0,0
34053,20,-4,1,0,0
34054,21,5,1,0,0
34055,18,12,1,0,0
34056,13,17,1,0,0
34057,8,20,1,0,0
34058,4,22,1,0,0
34059,0,22,1,0,0
34060,-4,22,1,0,0
34061,-5,21,1,0,0
34062,-5,19,1,0,0
34063,-5,15,1,0,0
34064,-4,12,1,0,0
34065,-2,8,1,0,0
34066,0,4,1,0,0
34067,0,2,1,0,0
34068,0,0,1,0,0
34069,0,-2,1,0,0
34070,0,-4,1,0,0
34071,2,-8,1,0,0
34072,4,-12,1,0,0
34073,5,-15,1,0,0
34074,5,-19,1,0,0
34075,5,-21,1,0,0
34076,4,-22,1,0,0
34077,0,-22,1,0,0
34078,-4,-22,1,0,0
34079,-8,-20,1,0,0
34080,-13,-17,1,0,0
34081,-18,-12,1,0,0
34082,-21,-5,1,0,0
34083,-20,4,1,0,0
34084,-16,12,1,0,0
34085,-7,19,1,0,0
34086,4,20,1,0,0
34087,15,15,1,0,0
34088,21,3,1,0,0
34089,18,-12,1,0,0
34090,6,-22,1,0,0
34091,-10,-20,1,0,0
34092,-21,-7,1,0,0
34093,-17,11,1,0,0
34094,-2,20,1,0,0
34095,16,12,1,0,0
34096,20,-8,1,0,0
34097,4,-22,1,0,0
34098,-16,-14,1,0,0
34099,-18,8,1,0,0
34100,1,17,1,0,0
34101,15,3,1,0,0
34102,6,-10,1,0,0
34103,-5,-7,1,0,0
34104,-3,1,1,0,0
34105,0,0,1,0,0
34106,0,0,1,0,0
34107,0,0,1,0,0
34108,0,0,1,0,0
34109,0,0,1,0,0
34110,0,0,1,0,0
34111,0,0,1,0,0
34112,0,0,1,0,0
34113,0,0,1,0,0
34114,0,0,1,0,0
34115,0,0,1,0,0
34116,0,0,1,0,0
34117,0,0,1,0,0
34118,0,0,1,0,0
34119,0,0,1,0,0
34120,0,0,1,0,0
34121,0,0,1,0,0
34122,0,0,1,0,0
34123,0,0,1,0,0
34124,0,0,1,0,0
34125,0,0,1,0,0
34126,0,0,1,0,0
34127,0,0,1,0,0
34128,0,0,1,0,0
34129,0,0,1,0,0
34130,0,0,1,0,0
34131,0,0,1,0,0
34132,0,0,1,0,0
34133,0,0,1,0,0
34134,0,0,1,0,0
34135,0,0,1,0,0
34136,0,0,1,0,0
34137,0,0,1,0,0
34138,0,0,1,0,0
34139,0,0,1,0,0
34140,0,0,1,0,0
34141,0,0,1,0,0
34142,0,0,1,0,0
34143,0,0,1,0,0
34144,0,0,1,0,0
34145,0,0,1,0,0
34146,0,0,1,0,0
34147,0,0,1,0,0
34148,0,0,1,0,0
34149,0,0,1,0,0
34150,0,0,1,0,0
34151,0,0,1,0,0
34152,0,0,1,0,0
34153,0,0,1,0,0
34154,0,0,1,0,0
34155,0,0,1,0,0
34156,0,0,1,0,0
34157,0,0,1,0,0
34158,0,0,1,0,0
34159,0,0,1,0,0
34160,0,0,1,0,0
34161,0,0,1,0,0
34162,0,0,1,0,0
34163,0,0,1,0,0
34164,0,0,1,0,0
34165,0,0,1,0,0
34166,0,0,1,0,0
34167,0,0,1,0,0
34168,0,0,1,0,0
34169,0,0,1,0,0
34170,0,0,1,0,0
34171,0,0,1,0,0
34172,0,0,1,0,0
34173,0,0,1,0,0
34174,0,0,1,0,0
34175,0,0,1,0,0
34176,0,0,1,0,0
34177,-1,1,1,0,0
34178,-2,4,1,0,0
34179,6,6,1,0,0
34180,9,-5,1,0,0
34181,-4,-14,1,0,0
34182,-18,0,1,0,0
34183,-9,19,1,0,0
34184,13,17,1,0,0
34185,21,-3,1,0,0
34186,7,-19,1,0,0
34187,-13,-15,1,0,0
34188,-21,3,1,0,0
34189,-12,18,1,0,0
34190,6,22,1,0,0
34191,19,11,1,0,0
34192,21,-5,1,0,0
34193,11,-17,1,0,0
34194,-4,-20,1,0,0
34195,-15,-15,1,0,0
34196,-21,-3,1,0,0
34197,-20,8,1,0,0
34198,-13,17,1,0,0
34199,-5,21,1,0,0
34200,4,22,1,0,0
34201,11,19,1,0,0
34202,16,14,1,0,0
34203,19,9,1,0,0
34204,21,5,1,0,0
34205,21,1,1,0,0
34206,21,-3,1,0,0
34207,20,-4,1,0,0
34208,18,-4,1,0,0
34209,14,-4,1,0,0
34210,11,-3,1,0,0
34211,7,-1,1,0,0
34212,3,1,1,0,0
34213,1,1,1,0,0
34214,0,0,1,0,0
34215,-1,-1,1,0,0
34216,-3,-1,1,0,0
34217,-7,1,1,0,0
34218,-11,3,1,0,0
34219,-14,4,1,0,0
34220,-18,4,1,0,0
34221,-20,4,1,0,0
34222,-21,3,1,0,0
34223,-21,-1,1,0,0
34224,-21,-5,1,0,0
34225,-19,-9,1,0,0
34226,-16,-14,1,0,0
34227,-11,-19,1,0,0
34228,-4,-22,1,0,0
34229,5,-21,1,0,0
34230,13,-17,1,0,0
34231,20,-8,1,0,0
34232,21,3,1,0,0
34233,15,15,1,0,0
34234,4,20,1,0,0
34235,-11,17,1,0,0
34236,-21,5,1,0,0
34237,-19,-11,1,0,0
34238,-6,-22,1,0,0
34239,12,-18,1,0,0
34240,21,-3,1,0,0
34241,13,15,1,0,0
34242,-7,19,1,0,0
34243,-21,3,1,0,0
34244,-13,-17,1,0,0
34245,9,-19,1,0,0
34246,18,0,1,0,0
34247,4,14,1,0,0
34248,-9,5,1,0,0
34249,-6,-6,1,0,0
34250,2,-4,1,0,0
34251,1,-1,1,0,0
34252,0,0,1,0,0
34253,0,0,1,0,0
34254,1,3,1,0,0
34255,-7,5,1,0,0
34256,-10,-6,1,0,0
34257,3,-15,1,0,0
34258,17,-1,1,0,0
34259,8,18,1,0,0
34260,-14,16,1,0,0
34261,-22,-4,1,0,0
34262,-8,-20,1,0,0
34263,12,-16,1,0,0
34264,20,2,1,0,0
34265,11,17,1,0,0
34266,-7,21,1,0,0
34267,-20,10,1,0,0
34268,-22,-6,1,0,0
34269,-12,-18,1,0,0
34270,3,-21,1,0,0
34271,15,-15,1,0,0
34272,20,-4,1,0,0
34273,19,7,1,0,0
34274,12,16,1,0,0
34275,4,20,1,0,0
34276,-5,21,1,0,0
34277,-12,18,1,0,0
34278,-17,13,1,0,0
34279,-20,8,1,0,0
34280,-22,4,1,0,0
34281,-22,0,1,0,0
34282,-22,-4,1,0,0
34283,-21,-5,1,0,0
34284,-19,-5,1,0,0
34285,-15,-5,1,0,0
34286,-12,-4,1,0,0
34287,-8,-2,1,0,0
34288,-4,0,1,0,0
34289,-2,0,1,0,0
34290,0,0,1,0,0
34291,0,2,1,0,0
34292,0,4,1,0,0
34293,-2,8,1,0,0
34294,-4,12,1,0,0
34295,-5,15,1,0,0
34296,-5,19,1,0,0
34297,-5,21,1,0,0
34298,-4,22,1,0,0
34299,0,22,1,0,0
34300,4,22,1,0,0
34301,8,20,1,0,0
34302,13,17,1,0,0
34303,18,12,1,0,0
34304,21,5,1,0,0
34305,20,-4,1,0,0
34306,16,-12,1,0,0
34307,7,-19,1,0,0
34308,-4,-20,1,0,0
34309,-15,-15,1,0,0
34310,-21,-3,1,0,0
34311,-18,12,1,0,0
34312,-6,22,1,0,0
34313,10,20,1,0,0
34314,21,7,1,0,0
34315,17,-11,1,0,0
34316,2,-20,1,0,0
34317,-16,-12,1,0,0
34318,-20,8,1,0,0
34319,-4,22,1,0,0
34320,16,14,1,0,0
34321,18,-8,1,0,0
34322,-1,-17,1,0,0
34323,-15,-3,1,0,0
34324,-6,10,1,0,0
34325,5,7,1,0,0
34326,3,-1,1,0,0
34327,0,0,1,0,0
34328,0,0,1,0,0
34329,0,0,1,0,0
34330,0,0,1,0,0
34331,0,0,1,0,0
34332,0,0,1,0,0
34333,0,0,1,0,0
34334,0,0,1,0,0
34335,0,0,1,0,0
34336,0,0,1,0,0
34337,0,0,1,0,0
34338,0,0,1,0,0
34339,-1,-1,1,0,0
34340,-4,-2,1,0,0
34341,-6,6,1,0,0
34342,5,9,1,0,0
34343,14,-4,1,0,0
34344,0,-18,1,0,0
34345,-19,-9,1,0,0
34346,-17,13,1,0,0
34347,3,21,1,0,0
34348,19,7,1,0,0
34349,15,-13,1,0,0
34350,-3,-21,1,0,0
34351,-18,-12,1,0,0
34352,-22,6,1,0,0
34353,-11,19,1,0,0
34354,5,21,1,0,0
34355,17,11,1,0,0
34356,20,-4,1,0,0
34357,15,-15,1,0,0
34358,3,-21,1,0,0
34359,-8,-20,1,0,0
34360,-17,-13,1,0,0
34361,-21,-5,1,0,0
34362,-22,4,1,0,0
34363,-19,11,1,0,0
34364,-14,16,1,0,0
34365,-9,19,1,0,0
34366,-5,21,1,0,0
34367,-1,21,1,0,0
34368,3,21,1,0,0
34369,4,20,1,0,0
34370,4,18,1,0,0
34371,4,14,1,0,0
34372,3,11,1,0,0
34373,1,7,1,0,0
34374,-1,3,1,0,0
34375,-1,1,1,0,0
34376,0,0,1,0,0
34377,1,-1,1,0,0
34378,1,-3,1,0,0
34379,-1,-7,1,0,0
34380,-3,-11,1,0,0
34381,-4,-14,1,0,0
34382,-4,-18,1,0,0
34383,-4,-20,1,0,0
34384,-3,-21,1,0,0
34385,1,-21,1,0,0
34386,5,-21,1,0,0
34387,9,-19,1,0,0
34388,14,-16,1,0,0
34389,19,-11,1,0,0
34390,22,-4,1,0,0
34391,21,5,1,0,0
34392,17,13,1,0,0
34393,8,20,1,0,0
34394,-3,21,1,0,0
34395,-15,15,1,0,0
34396,-20,4,1,0,0
34397,-17,-11,1,0,0
34398,-5,-21,1,0,0
34399,11,-19,1,0,0
34400,22,-6,1,0,0
34401,18,12,1,0,0
34402,3,21,1,0,0
34403,-15,13,1,0,0
34404,-19,-7,1,0,0
34405,-3,-21,1,0,0
34406,17,-13,1,0,0
34407,19,9,1,0,0
34408,0,18,1,0,0
34409,-14,4,1,0,0
34410,-5,-9,1,0,0
34411,6,-6,1,0,0
34412,4,2,1,0,0
34413,1,1,1,0,0
34414,0,0,1,0,0
34415,0,0,1,0,0
34416,3,-1,1,0,0
34417,5,7,1,0,0
34418,-6,10,1,0,0
34419,-15,-3,1,0,0
34420,-1,-17,1,0,0
34421,18,-8,1,0,0
34422,16,14,1,0,0
34423,-4,22,1,0,0
34424,-20,8,1,0,0
34425,-16,-12,1,0,0
34426,2,-20,1,0,0
34427,17,-11,1,0,0
34428,21,7,1,0,0
34429,10,20,1,0,0
34430,-6,22,1,0,0
34431,-18,12,1,0,0
34432,-21,-3,1,0,0
34433,-15,-15,1,0,0
34434,-4,-20,1,0,0
34435,7,-19,1,0,0
34436,16,-12,1,0,0
34437,20,-4,1,0,0
34438,21,5,1,0,0
34439,18,12,1,0,0
34440,13,17,1,0,0
34441,8,20,1,0,0
34442,4,22,1,0,0
34443,0,22,1,0,0
34444,-4,22,1,0,0
34445,-5,21,1,0,0
34446,-5,19,1,0,0
34447,-5,15,1,0,0
34448,-4,12,1,0,0
34449,-2,8,1,0,0
34450,0,4,1,0,0
34451,0,2,1,0,0
34452,0,0,1,0,0
34453,0,-2,1,0,0
34454,0,-4,1,0,0
34455,2,-8,1,0,0
34456,4,-12,1,0,0
34457,5,-15,1,0,0
34458,5,-19,1,0,0
34459,5,-21,1,0,0
34460,4,-22,1,0,0
34461,0,-22,1,0,0
34462,-4,-22,1,0,0
34463,-8,-20,1,0,0
34464,-13,-17,1,0,0
34465,-18,-12,1,0,0
34466,-21,-5,1,0,0
34467,-20,4,1,0,0
34468,-16,12,1,0,0
34469,-7,19,1,0,0
34470,4,20,1,0,0
34471,15,15,1,0,0
34472,21,3,1,0,0
34473,18,-12,1,0,0
34474,6,-22,1,0,0
34475,-10,-20,1,0,0
34476,-21,-7,1,0,0
34477,-17,11,1,0,0
34478,-2,20,1,0,0
34479,16,12,1,0,0
34480,20,-8,1,0,0
34481,4,-22,1,0,0
34482,-16,-14,1,0,0
34483,-18,8,1,0,0
34484,1,17,1,0,0
34485,15,3,1,0,0
34486,6,-10,1,0,0
34487,-5,-7,1,0,0
34488,-3,1,1,0,0
34489,0,0,1,0,0
34490,0,0,1,0,0
34491,0,0,1,0,0
34492,0,0,1,0,0
34493,0,0,1,0,0
34494,0,0,1,0,0
34495,0,0,1,0,0
34496,0,0,1,0,0
34497,0,0,1,0,0
34498,0,0,1,0,0
34499,0,0,1,0,0
34500,0,0,1,0,0
34501,0,0,1,0,0
34502,0,0,1,0,0
34503,0,0,1,0,0
34504,0,0,1,0,0
34505,0,0,1,0,0
34506,0,0,1,0,0
34507,0,0,1,0,0
34508,0,0,1,0,0
34509,0,0,1,0,0
34510,0,0,1,0,0
34511,0,0,1,0,0
34512,0,0,1,0,0
34513,0,0,1,0,0
34514,0,0,1,0,0
34515,0,0,1,0,0
34516,0,0,1,0,0
34517,0,0,1,0,0
34518,0,0,1,0,0
34519,0,0,1,0,0
34520,0,0,1,0,0
34521,0,0,1,0,0
34522,0,0,1,0,0
34523,0,0,1,0,0
34524,0,0,1,0,0
34525,0,0,1,0,0
34526,0,0,1,0,0
34527,0,0,1,0,0
34528,0,0,1,0,0
34529,0,0,1,0,0
34530,0,0,1,0,0
34531,0,0,1,0,0
34532,0,0,1,0,0
34533,0,0,1,0,0
34534,0,0,1,0,0
34535,0,0,1,0,0
34536,0,0,1,0,0
34537,0,0,1,0,0
34538,0,0,1,0,0
34539,0,0,1,0,0
34540,0,0,1,0,0
34541,0,0,1,0,0
34542,0,0,1,0,0
34543,0,0,1,0,0
34544,0,0,1,0,0
34545,0,0,1,0,0
34546,0,0,1,0,0
34547,0,0,1,0,0
34548,0,0,1,0,0
34549,0,0,1,0,0
34550,0,0,1,0,0
34551,0,0,1,0,0
34552,0,0,1,0,0
34553,0,0,1,0,0
34554,0,0,1,0,0
34555,0,0,1,0,0
34556,0,0,1,0,0
34557,0,0,1,0,0
34558,0,0,1,0,0
34559,0,0,1,0,0
34560,0,0,1,0,0
34561,1,1,1,0,0
34562,4,2,1,0,0
34563,6,-6,1,0,0
34564,-5,-9,1,0,0
34565,-14,4,1,0,0
34566,0,18,1,0,0
34567,19,9,1,0,0
34568,17,-13,1,0,0
34569,-3,-21,1,0,0
34570,-19,-7,1,0,0
34571,-15,13,1,0,0
34572,3,21,1,0,0
34573,18,12,1,0,0
34574,22,-6,1,0,0
34575,11,-19,1,0,0
34576,-5,-21,1,0,0
34577,-17,-11,1,0,0
34578,-20,4,1,0,0
34579,-15,15,1,0,0
34580,-3,21,1,0,0
34581,8,20,1,0,0
34582,17,13,1,0,0
34583,21,5,1,0,0
34584,22,-4,1,0,0
34585,19,-11,1,0,0
34586,14,-16,1,0,0
34587,9,-19,1,0,0
34588,5,-21,1,0,0
34589,1,-21,1,0,0
34590,-3,-21,1,0,0
34591,-4,-20,1,0,0
34592,-4,-18,1,0,0
34593,-4,-14,1,0,0
34594,-3,-11,1,0,0
34595,-1,-7,1,0,0
34596,1,-3,1,0,0
34597,1,-1,1,0,0
34598,0,0,1,0,0
34599,-1,1,1,0,0
34600,-1,3,1,0,0
34601,1,7,1,0,0
34602,3,11,1,0,0
34603,4,14,1,0,0
34604,4,18,1,0,0
34605,4,20,1,0,0
34606,3,21,1,0,0
34607,-1,21,1,0,0
34608,-5,21,1,0,0
34609,-9,19,1,0,0
34610,-14,16,1,0,0
34611,-19,11,1,0,0
34612,-22,4,1,0,0
34613,-21,-5,1,0,0
34614,-17,-13,1,0,0
34615,-8,-20,1,0,0
34616,3,-21,1,0,0
34617,15,-15,1,0,0
34618,20,-4,1,0,0
34619,17,11,1,0,0
34620,5,21,1,0,0
34621,-11,19,1,0,0
34622,-22,6,1,0,0
34623,-18,-12,1,0,0
34624,-3,-21,1,0,0
34625,15,-13,1,0,0
34626,19,7,1,0,0
34627,3,21,1,0,0
34628,-17,13,1,0,0
34629,-19,-9,1,0,0
34630,0,-18,1,0,0
34631,14,-4,1,0,0
34632,5,9,1,0,0
34633,-6,6,1,0,0
34634,-4,-2,1,0,0
34635,-1,-1,1,0,0
34636,0,0,1,0,0
34637,0,0,1,0,0
34638,-1,-3,1,0,0
34639,7,-5,1,0,0
34640,10,6,1,0,0
34641,-3,15,1,0,0
34642,-17,1,1,0,0
34643,-8,-18,1,0,0
34644,14,-16,1,0,0
34645,22,4,1,0,0
34646,8,20,1,0,0
34647,-12,16,1,0,0
34648,-20,-2,1,0,0
34649,-11,-17,1,0,0
34650,7,-21,1,0,0
34651,20,-10,1,0,0
34652,22,6,1,0,0
34653,12,18,1,0,0
34654,-3,21,1,0,0
34655,-15,15,1,0,0
34656,-20,4,1,0,0
34657,-19,-7,1,0,0
34658,-12,-16,1,0,0
34659,-4,-20,1,0,0
34660,5,-21,1,0,0
34661,12,-18,1,0,0
34662,17,-13,1,0,0
34663,20,-8,1,0,0
34664,22,-4,1,0,0
34665,22,0,1,0,0
34666,22,4,1,0,0
34667,21,5,1,0,0
34668,19,5,1,0,0
34669,15,5,1,0,0
34670,12,4,1,0,0
34671,8,2,1,0,0
34672,4,0,1,0,0
34673,2,0,1,0,0
34674,0,0,1,0,0
34675,0,-2,1,0,0
34676,0,-4,1,0,0
34677,2,-8,1,0,0
34678,4,-12,1,0,0
34679,5,-15,1,0,0
34680,5,-19,1,0,0
34681,5,-21,1,0,0
34682,4,-22,1,0,0
34683,0,-22,1,0,0
34684,-4,-22,1,0,0
34685,-8,-20,1,0,0
34686,-13,-17,1,0,0
34687,-18,-12,1,0,0
34688,-21,-5,1,0,0
34689,-20,4,1,0,0
34690,-16,12,1,0,0
34691,-7,19,1,0,0
34692,4,20,1,0,0
34693,15,15,1,0,0
34694,21,3,1,0,0
34695,18,-12,1,0,0
34696,6,-22,1,0,0
34697,-10,-20,1,0,0
34698,-21,-7,1,0,0
34699,-17,11,1,0,0
34700,-2,20,1,0,0
34701,16,12,1,0,0
34702,20,-8,1,0,0
34703,4,-22,1,0,0
34704,-16,-14,1,0,0
34705,-18,8,1,0,0
34706,1,17,1,0,0
34707,15,3,1,0,0
34708,6,-10,1,0,0
34709,-5,-7,1,0,0
34710,-3,1,1,0,0
34711,0,0,1,0,0
34712,0,0,1,0,0
34713,0,0,1,0,0
34714,0,0,1,0,0
34715,0,0,1,0,0
34716,0,0,1,0,0
34717,0,0,1,0,0
34718,0,0,1,0,0
34719,0,0,1,0,0
34720,0,0,1,0,0
34721,0,0,1,0,0
34722,0,0,1,0,0
34723,-1,-1,1,0,0
34724,-4,-2,1,0,0
34725,-6,6,1,0,0
34726,5,9,1,0,0
34727,14,-4,1,0,0
34728,0,-18,1,0,0
34729,-19,-9,1,0,0
34730,-17,13,1,0,0
34731,3,21,1,0,0
34732,19,7,1,0,0
34733,15,-13,1,0,0
34734,-3,-21,1,0,0
34735,-18,-12,1,0,0
34736,-22,6,1,0,0
34737,-11,19,1,0,0
34738,5,21,1,0,0
34739,17,11,1,0,0
34740,20,-4,1,0,0
34741,15,-15,1,0,0
34742,3,-21,1,0,0
34743,-8,-20,1,0,0
34744,-17,-13,1,0,0
34745,-21,-5,1,0,0
34746,-22,4,1,0,0
34747,-19,11,1,0,0
34748,-14,16,1,0,0
34749,-9,19,1,0,0
34750,-5,21,1,0,0
34751,-1,21,1,0,0
34752,3,21,1,0,0
34753,4,20,1,0,0
34754,4,18,1,0,0
34755,4,14,1,0,0
34756,3,11,1,0,0
34757,1,7,1,0,0
34758,-1,3,1,0,0
34759,-1,1,1,0,0
34760,0,0,1,0,0
34761,1,-1,1,0,0
34762,1,-3,1,0,0
34763,-1,-7,1,0,0
34764,-3,-11,1,0,0
34765,-4,-14,1,0,0
34766,-4,-18,1,0,0
34767,-4,-20,1,0,0
34768,-3,-21,1,0,0
34769,1,-21,1,0,0
34770,5,-21,1,0,0
34771,9,-19,1,0,0
34772,14,-16,1,0,0
34773,19,-11,1,0,0
34774,22,-4,1,0,0
34775,21,5,1,0,0
34776,17,13,1,0,0
34777,8,20,1,0,0
34778,-3,21,1,0,0
34779,-15,15,1,0,0
34780,-20,4,1,0,0
34781,-17,-11,1,0,0
34782,-5,-21,1,0,0
34783,11,-19,1,0,0
34784,22,-6,1,0,0
34785,18,12,1,0,0
34786,3,21,1,0,0
34787,-15,13,1,0,0
34788,-19,-7,1,0,0
34789,-3,-21,1,0,0
34790,17,-13,1,0,0
34791,19,9,1,0,0
34792,0,18,1,0,0
34793,-14,4,1,0,0
34794,-5,-9,1,0,0
34795,6,-6,1,0,0
34796,4,2,1,0,0
34797,1,1,1,0,0
34798,0,0,1,0,0
34799,0,0,1,0,0
34800,-1,-3,1,0,0
34801,7,-5,1,0,0
34802,10,6,1,0,0
34803,-3,15,1,0,0
34804,-17,1,1,0,0
34805,-8,-18,1,0,0
34806,14,-16,1,0,0
34807,22,4,1,0,0
34808,8,20,1,0,0
34809,-12,16,1,0,0
34810,-20,-2,1,0,0
34811,-11,-17,1,0,0
34812,7,-21,1,0,0
34813,20,-10,1,0,0
34814,22,6,1,0,0
34815,12,18,1,0,0
34816,-3,21,1,0,0
34817,-15,15,1,0,0
34818,-20,4,1,0,0
34819,-19,-7,1,0,0
34820,-12,-16,1,0,0
34821,-4,-20,1,0,0
34822,5,-21,1,0,0
34823,12,-18,1,0,0
34824,17,-13,1,0,0
34825,20,-8,1,0,0
34826,22,-4,1,0,0
34827,22,0,1,0,0
34828,22,4,1,0,0
34829,21,5,1,0,0
34830,19,5,1,0,0
34831,15,5,1,0,0
34832,12,4,1,0,0
34833,8,2,1,0,0
34834,4,0,1,0,0
34835,2,0,1,0,0
34836,0,0,1,0,0
34837,2,0,1,0,0
34838,4,0,1,0,0
34839,8,2,1,0,0
34840,12,4,1,0,0
34841,15,5,1,0,0
34842,19,5,1,0,0
34843,21,5,1,0,0
34844,22,4,1,0,0
34845,22,0,1,0,0
34846,22,-4,1,0,0
34847,20,-8,1,0,0
34848,17,-13,1,0,0
34849,12,-18,1,0,0
34850,5,-21,1,0,0
34851,-4,-20,1,0,0
34852,-12,-16,1,0,0
34853,-19,-7,1,0,0
34854,-20,4,1,0,0
34855,-15,15,1,0,0
34856,-3,21,1,0,0
34857,12,18,1,0,0
34858,22,6,1,0,0
34859,20,-10,1,0,0
34860,7,-21,1,0,0
34861,-11,-17,1,0,0
34862,-20,-2,1,0,0
34863,-12,16,1,0,0
34864,8,20,1,0,0
34865,22,4,1,0,0
34866,14,-16,1,0,0
34867,-8,-18,1,0,0
34868,-17,1,1,0,0
34869,-3,15,1,0,0
34870,10,6,1,0,0
34871,7,-5,1,0,0
34872,-1,-3,1,0,0
34873,0,0,1,0,0
34874,0,0,1,0,0
34875,0,0,1,0,0
34876,0,0,1,0,0
34877,0,0,1,0,0
34878,0,0,1,0,0
34879,0,0,1,0,0
34880,0,0,1,0,0
34881,0,0,1,0,0
34882,0,0,1,0,0
34883,0,0,1,0,0
34884,0,0,1,0,0
34885,0,0,1,0,0
34886,0,0,1,0,0
34887,0,0,1,0,0
34888,0,0,1,0,0
34889,0,0,1,0,0
34890,0,0,1,0,0
34891,0,0,1,0,0
34892,0,0,1,0,0
34893,0,0,1,0,0
34894,0,0,1,0,0
34895,0,0,1,0,0
34896,0,0,1,0,0
34897,0,0,1,0,0
34898,0,0,1,0,0
34899,0,0,1,0,0
34900,0,0,1,0,0
34901,0,0,1,0,0
34902,0,0,1,0,0
34903,0,0,1,0,0
34904,0,0,1,0,0
34905,0,0,1,0,0
34906,0,0,1,0,0
34907,0,0,1,0,0
34908,0,0,1,0,0
34909,0,0,1,0,0
34910,0,0,1,0,0
34911,0,0,1,0,0
34912,0,0,1,0,0
34913,0,0,1,0,0
34914,0,0,1,0,0
34915,0,0,1,0,0
34916,0,0,1,0,0
34917,0,0,1,0,0
34918,0,0,1,0,0
34919,0,0,1,0,0
34920,0,0,1,0,0
34921,0,0,1,0,0
34922,0,0,1,0,0
34923,0,0,1,0,0
34924,0,0,1,0,0
34925,0,0,1,0,0
34926,0,0,1,0,0
34927,0,0,1,0,0
34928,0,0,1,0,0
34929,0,0,1,0,0
34930,0,0,1,0,0
34931,0,0,1,0,0
34932,0,0,1,0,0
34933,0,0,1,0,0
34934,0,0,1,0,0
34935,0,0,1,0,0
34936,0,0,1,0,0
34937,0,0,1,0,0
34938,0,0,1,0,0
34939,0,0,1,0,0
34940,0,0,1,0,0
34941,0,0,1,0,0
34942,0,0,1,0,0
34943,0,0,1,0,0
34944,0,0,1,0,0
34945,1,1,1,0,0
34946,4,2,1,0,0
34947,6,-6,1,0,0
34948,-5,-9,1,0,0
34949,-14,4,1,0,0
34950,0,18,1,0,0
34951,19,9,1,0,0
34952,17,-13,1,0,0
34953,-3,-21,1,0,0
34954,-19,-7,1,0,0
34955,-15,13,1,0,0
34956,3,21,1,0,0
34957,18,12,1,0,0
34958,22,-6,1,0,0
34959,11,-19,1,0,0
34960,-5,-21,1,0,0
34961,-17,-11,1,0,0
34962,-20,4,1,0,0
34963,-15,15,1,0,0
34964,-3,21,1,0,0
34965,8,20,1,0,0
34966,17,13,1,0,0
34967,21,5,1,0,0
34968,22,-4,1,0,0
34969,19,-11,1,0,0
34970,14,-16,1,0,0
34971,9,-19,1,0,0
34972,5,-21,1,0,0
34973,1,-21,1,0,0
34974,-3,-21,1,0,0
34975,-4,-20,1,0,0
34976,-4,-18,1,0,0
34977,-4,-14,1,0,0
34978,-3,-11,1,0,0
34979,-1,-7,1,0,0
34980,1,-3,1,0,0
34981,1,-1,1,0,0
34982,0,0,1,0,0
34983,-1,1,1,0,0
34984,-1,3,1,0,0
34985,1,7,1,0,0
34986,3,11,1,0,0
34987,4,14,1,0,0
34988,4,18,1,0,0
34989,4,20,1,0,0
34990,3,21,1,0,0
34991,-1,21,1,0,0
34992,-5,21,1,0,0
34993,-9,19,1,0,0
34994,-14,16,1,0,0
34995,-19,11,1,0,0
34996,-22,4,1,0,0
34997,-21,-5,1,0,0
34998,-17,-13,1,0,0
34999,-8,-20,1,0,0
35000,3,-21,1,0,0
35001,15,-15,1,0,0
35002,20,-4,1,0,0
35003,17,11,1,0,0
35004,5,21,1,0,0
35005,-11,19,1,0,0
35006,-22,6,1,0,0
35007,-18,-12,1,0,0
35008,-3,-21,1,0,0
35009,15,-13,1,0,0
35010,19,7,1,0,0
35011,3,21,1,0,0
35012,-17,13,1,0,0
35013,-19,-9,1,0,0
35014,0,-18,1,0,0
35015,14,-4,1,0,0
35016,5,9,1,0,0
35017,-6,6,1,0,0
35018,-4,-2,1,0,0
35019,-1,-1,1,0,0
35020,0,0,1,0,0
35021,0,0,1,0,0
35022,-1,-3,1,0,0
35023,7,-5,1,0,0
35024,10,6,1,0,0
35025,-3,15,1,0,0
35026,-17,1,1,0,0
35027,-8,-18,1,0,0
35028,14,-16,1,0,0
35029,22,4,1,0,0
35030,8,20,1,0,0
35031,-12,16,1,0,0
35032,-20,-2,1,0,0
35033,-11,-17,1,0,0
35034,7,-21,1,0,0
35035,20,-10,1,0,0
35036,22,6,1,0,0
35037,12,18,1,0,0
35038,-3,21,1,0,0
35039,-15,15,1,0,0
35040,-20,4,1,0,0
35041,-19,-7,1,0,0
35042,-12,-16,1,0,0
35043,-4,-20,1,0,0
35044,5,-21,1,0,0
35045,12,-18,1,0,0
35046,17,-13,1,0,0
35047,20,-8,1,0,0
35048,22,-4,1,0,0
35049,22,0,1,0,0
35050,22,4,1,0,0
35051,21,5,1,0,0
35052,19,5,1,0,0
35053,15,5,1,0,0
35054,12,4,1,0,0
35055,8,2,1,0,0
35056,4,0,1,0,0
35057,2,0,1,0,0
35058,0,0,1,0,0
35059,-2,0,1,0,0
35060,-4,0,1,0,0
35061,-8,-2,1,0,0
35062,-12,-4,1,0,0
35063,-15,-5,1,0,0
35064,-19,-5,1,0,0
35065,-21,-5,1,0,0
35066,-22,-4,1,0,0
35067,-22,0,1,0,0
35068,-22,4,1,0,0
35069,-20,8,1,0,0
35070,-17,13,1,0,0
35071,-12,18,1,0,0
35072,-5,21,1,0,0
35073,4,20,1,0,0
35074,12,16,1,0,0
35075,19,7,1,0,0
35076,20,-4,1,0,0
35077,15,-15,1,0,0
35078,3,-21,1,0,0
35079,-12,-18,1,0,0
35080,-22,-6,1,0,0
35081,-20,10,1,0,0
35082,-7,21,1,0,0
35083,11,17,1,0,0
35084,20,2,1,0,0
35085,12,-16,1,0,0
35086,-8,-20,1,0,0
35087,-22,-4,1,0,0
35088,-14,16,1,0,0
35089,8,18,1,0,0
35090,17,-1,1,0,0
35091,3,-15,1,0,0
35092,-10,-6,1,0,0
35093,-7,5,1,0,0
35094,1,3,1,0,0
35095,0,0,1,0,0
35096,0,0,1,0,0
35097,0,0,1,0,0
35098,0,0,1,0,0
35099,0,0,1,0,0
35100,0,0,1,0,0
35101,0,0,1,0,0
35102,0,0,1,0,0
35103,0,0,1,0,0
35104,0,0,1,0,0
35105,0,0,1,0,0
35106,0,0,1,0,0
35107,-1,1,1,0,0
35108,-2,4,1,0,0
35109,6,6,1,0,0
35110,9,-5,1,0,0
35111,-4,-14,1,0,0
35112,-18,0,1,0,0
35113,-9,19,1,0,0
35114,13,17,1,0,0
35115,21,-3,1,0,0
35116,7,-19,1,0,0
35117,-13,-15,1,0,0
35118,-21,3,1,0,0
35119,-12,18,1,0,0
35120,6,22,1,0,0
35121,19,11,1,0,0
35122,21,-5,1,0,0
35123,11,-17,1,0,0
35124,-4,-20,1,0,0
35125,-15,-15,1,0,0
35126,-21,-3,1,0,0
35127,-20,8,1,0,0
35128,-13,17,1,0,0
35129,-5,21,1,0,0
35130,4,22,1,0,0
35131,11,19,1,0,0
35132,16,14,1,0,0
35133,19,9,1,0,0
35134,21,5,1,0,0
35135,21,1,1,0,0
35136,21,-3,1,0,0
35137,20,-4,1,0,0
35138,18,-4,1,0,0
35139,14,-4,1,0,0
35140,11,-3,1,0,0
35141,7,-1,1,0,0
35142,3,1,1,0,0
35143,1,1,1,0,0
35144,0,0,1,0,0
35145,-1,-1,1,0,0
35146,-3,-1,1,0,0
35147,-7,1,1,0,0
35148,-11,3,1,0,0
35149,-14,4,1,0,0
35150,-18,4,1,0,0
35151,-20,4,1,0,0
35152,-21,3,1,0,0
35153,-21,-1,1,0,0
35154,-21,-5,1,0,0
35155,-19,-9,1,0,0
35156,-16,-14,1,0,0
35157,-11,-19,1,0,0
35158,-4,-22,1,0,0
35159,5,-21,1,0,0
35160,13,-17,1,0,0
35161,20,-8,1,0,0
35162,21,3,1,0,0
35163,15,15,1,0,0
35164,4,20,1,0,0
35165,-11,17,1,0,0
35166,-21,5,1,0,0
35167,-19,-11,1,0,0
35168,-6,-22,1,0,0
35169,12,-18,1,0,0
35170,21,-3,1,0,0
35171,13,15,1,0,0
35172,-7,19,1,0,0
35173,-21,3,1,0,0
35174,-13,-17,1,0,0
35175,9,-19,1,0,0
35176,18,0,1,0,0
35177,4,14,1,0,0
35178,-9,5,1,0,0
35179,-6,-6,1,0,0
35180,2,-4,1,0,0
35181,1,-1,1,0,0
35182,0,0,1,0,0
35183,0,0,1,0,0
35184,1,3,1,0,0
35185,-7,5,1,0,0
35186,-10,-6,1,0,0
35187,3,-15,1,0,0
35188,17,-1,1,0,0
35189,8,18,1,0,0
35190,-14,16,1,0,0
35191,-22,-4,1,0,0
35192,-8,-20,1,0,0
35193,12,-16,1,0,0
35194,20,2,1,0,0
35195,11,17,1,0,0
35196,-7,21,1,0,0
35197,-20,10,1,0,0
35198,-22,-6,1,0,0
35199,-12,-18,1,0,0
35200,3,-21,1,0,0
35201,15,-15,1,0,0
35202,20,-4,1,0,0
35203,19,7,1,0,0
35204,12,16,1,0,0
35205,4,20,1,0,0
35206,-5,21,1,0,0
35207,-12,18,1,0,0
35208,-17,13,1,0,0
35209,-20,8,1,0,0
35210,-22,4,1,0,0
35211,-22,0,1,0,0
35212,-22,-4,1,0,0
35213,-21,-5,1,0,0
35214,-19,-5,1,0,0
35215,-15,-5,1,0,0
35216,-12,-4,1,0,0
35217,-8,-2,1,0,0
35218,-4,0,1,0,0
35219,-2,0,1,0,0
35220,0,0,1,0,0
35221,-2,0,1,0,0
35222,-4,0,1,0,0
35223,-8,-2,1,0,0
35224,-12,-4,1,0,0
35225,-15,-5,1,0,0
35226,-19,-5,1,0,0
35227,-21,-5,1,0,0
35228,-22,-4,1,0,0
35229,-22,0,1,0,0
35230,-22,4,1,0,0
35231,-20,8,1,0,0
35232,-17,13,1,0,0
35233,-12,18,1,0,0
35234,-5,21,1,0,0
35235,4,20,1,0,0
35236,12,16,1,0,0
35237,19,7,1,0,0
35238,20,-4,1,0,0
35239,15,-15,1,0,0
35240,3,-21,1,0,0
35241,-12,-18,1,0,0
35242,-22,-6,1,0,0
35243,-20,10,1,0,0
35244,-7,21,1,0,0
35245,11,17,1,0,0
35246,20,2,1,0,0
35247,12,-16,1,0,0
35248,-8,-20,1,0,0
35249,-22,-4,1,0,0
35250,-14,16,1,0,0
35251,8,18,1,0,0
35252,17,-1,1,0,0
35253,3,-15,1,0,0
35254,-10,-6,1,0,0
35255,-7,5,1,0,0
35256,1,3,1,0,0
35257,0,0,1,0,0
35258,0,0,1,0,0
35259,0,0,1,0,0
35260,0,0,1,0,0
35261,0,0,1,0,0
35262,0,0,1,0,0
35263,0,0,1,0,0
35264,0,0,1,0,0
35265,0,0,1,0,0
35266,0,0,1,0,0
35267,0,0,1,0,0
35268,0,0,1,0,0
35269,0,0,1,0,0
35270,0,0,1,0,0
35271,0,0,1,0,0
35272,0,0,1,0,0
35273,0,0,1,0,0
35274,0,0,1,0,0
35275,0,0,1,0,0
35276,0,0,1,0,0
35277,0,0,1,0,0
35278,0,0,1,0,0
35279,0,0,1,0,0
35280,0,0,1,0,0
35281,0,0,1,0,0
35282,0,0,1,0,0
35283,0,0,1,0,0
35284,0,0,1,0,0
35285,0,0,1,0,0
35286,0,0,1,0,0
35287,0,0,1,0,0
35288,0,0,1,0,0
35289,0,0,1,0,0
35290,0,0,1,0,0
35291,0,0,1,0,0
35292,0,0,1,0,0
35293,0,0,1,0,0
35294,0,0,1,0,0
35295,0,0,1,0,0
35296,0,0,1,0,0
35297,0,0,1,0,0
35298,0,0,1,0,0
35299,0,0,1,0,0
35300,0,0,1,0,0
35301,0,0,1,0,0
35302,0,0,1,0,0
35303,0,0,1,0,0
35304,0,0,1,0,0
35305,0,0,1,0,0
35306,0,0,1,0,0
35307,0,0,1,0,0
35308,0,0,1,0,0
35309,0,0,1,0,0
35310,0,0,1,0,0
35311,0,0,1,0,0
35312,0,0,1,0,0
35313,0,0,1,0,0
35314,0,0,1,0,0
35315,0,0,1,0,0
35316,0,0,1,0,0
35317,0,0,1,0,0
35318,0,0,1,0,0
35319,0,0,1,0,0
35320,0,0,1,0,0
35321,0,0,1,0,0
35322,0,0,1,0,0
35323,0,0,1,0,0
35324,0,0,1,0,0
35325,0,0,1,0,0
35326,0,0,1,0,0
35327,0,0,1,1,0
done_after_cycles=38273
captured_samples=35328
overflow_seen=0
RESULT=PASS_BASIC_COMPLETION
